Date,Class,Transaction Category,Debit,Credit
08/03/2026,2006,Subject to Tax,,257.87
08/03/2026,2006,Non-Taxable Sales,,3505.37
08/03/2026,2006,3rd Party Tax Exempt,,21.6
08/03/2026,2006,Register Audit,254,
08/03/2026,2006,Sales Tax,,18.45
08/03/2026,2006,In-Store Credit Card,1956.73,
08/03/2026,2006,Payout,46.98,
08/03/2026,2006,Online Credit card,758.79,
08/03/2026,2006,Online Gift Card,20,
08/03/2026,2006,Online Credit Card Tips,,26.1
08/03/2026,2006,In-Store Credit Card Tips,,102.63
08/03/2026,2006,Online Gift Card Tips,,2
08/03/2026,2006,Gift Card,58.2,
08/03/2026,2006,3rd Party - DoorDash,563.23,
08/03/2026,2006,3rd Party - GrubHub,21.12,
08/03/2026,2006,3rd Party - UberEats,255.21,
08/03/2026,2006,Cash Over/Short Adjustment,,0.24
08/03/2026,2016,Subject to Tax,,109.8
08/03/2026,2016,Non-Taxable Sales,,3207.29
08/03/2026,2016,3rd Party Tax Exempt,,14.88
08/03/2026,2016,Sales Tax,,7.42
08/03/2026,2016,In-Store Credit Card,1651.8,
08/03/2026,2016,Online Credit card,880.52,
08/03/2026,2016,Online Credit Card Tips,,16
08/03/2026,2016,In-Store Credit Card Tips,,100.87
08/03/2026,2016,Gift Card,77.48,
08/03/2026,2016,3rd Party - DoorDash,264.73,
08/03/2026,2016,3rd Party - GrubHub,33.72,
08/03/2026,2016,3rd Party - UberEats,21.12,
08/03/2026,2016,Cash Over/Short Adjustment,0.89,
08/03/2026,2016,Register Audit Adjustment,526,
08/03/2026,2017,Subject to Tax,,174.19
08/03/2026,2017,Non-Taxable Sales,,3338.59
08/03/2026,2017,3rd Party Tax Exempt,,22.2
08/03/2026,2017,Register Audit,72,
08/03/2026,2017,Sales Tax,,12.08
08/03/2026,2017,In-Store Credit Card,1912.49,
08/03/2026,2017,Payout,40,
08/03/2026,2017,Online Credit card,1039.17,
08/03/2026,2017,Online Credit Card Tips,,28
08/03/2026,2017,In-Store Credit Card Tips,,141.43
08/03/2026,2017,3rd Party - DoorDash,530.38,
08/03/2026,2017,3rd Party - GrubHub,12.84,
08/03/2026,2017,3rd Party - UberEats,110.44,
08/03/2026,2017,Cash Over/Short Adjustment,,0.83
08/03/2026,2020,Subject to Tax,,355.49
08/03/2026,2020,Non-Taxable Sales,,2551.57
08/03/2026,2020,3rd Party Tax Exempt,,11.4
08/03/2026,2020,Register Audit,502,
08/03/2026,2020,Sales Tax,,25.47
08/03/2026,2020,In-Store Credit Card,1304.29,
08/03/2026,2020,Online Credit card,701.23,
08/03/2026,2020,Online Gift Card,10.45,
08/03/2026,2020,Online Credit Card Tips,,24
08/03/2026,2020,In-Store Credit Card Tips,,89.93
08/03/2026,2020,Gift Card,29.45,
08/03/2026,2020,3rd Party - DoorDash,410.6,
08/03/2026,2020,3rd Party - GrubHub,60.12,
08/03/2026,2020,3rd Party - UberEats,39.24,
08/03/2026,2020,Cash Over/Short Adjustment,0.48,
08/03/2026,2023,Subject to Tax,,150.3
08/03/2026,2023,Non-Taxable Sales,,3675.38
08/03/2026,2023,3rd Party Tax Exempt,,25.68
08/03/2026,2023,Register Audit,171,
08/03/2026,2023,Sales Tax,,10.78
08/03/2026,2023,In-Store Credit Card,1757.86,
08/03/2026,2023,Online Credit card,1165.12,
08/03/2026,2023,Online Gift Card,18,
08/03/2026,2023,Online Credit Card Tips,,47
08/03/2026,2023,In-Store Credit Card Tips,,117.4
08/03/2026,2023,Gift Card,52.85,
08/03/2026,2023,3rd Party - DoorDash,615.89,
08/03/2026,2023,3rd Party - UberEats,245.77,
08/03/2026,2023,Cash Over/Short Adjustment,0.05,
08/03/2026,2024,Subject to Tax,,140.14
08/03/2026,2024,Non-Taxable Sales,,3272.16
08/03/2026,2024,3rd Party Tax Exempt,,25.3
08/03/2026,2024,Register Audit,95.4,
08/03/2026,2024,Sales Tax,,11.27
08/03/2026,2024,In-Store Credit Card,1761.22,
08/03/2026,2024,Online Credit card,1122.76,
08/03/2026,2024,Online Gift Card,28.7,
08/03/2026,2024,Online Credit Card Tips,,23.2
08/03/2026,2024,In-Store Credit Card Tips,,118.87
08/03/2026,2024,Online Gift Card Tips,,1.15
08/03/2026,2024,Gift Card,89.54,
08/03/2026,2024,3rd Party - DoorDash,332.32,
08/03/2026,2024,3rd Party - UberEats,162.15,
08/03/2026,2047,Subject to Tax,,198.42
08/03/2026,2047,Non-Taxable Sales,,2894.51
08/03/2026,2047,3rd Party Tax Exempt,,10.78
08/03/2026,2047,Register Audit,206,
08/03/2026,2047,Sales Tax,,13.42
08/03/2026,2047,In-Store Credit Card,1430.38,
08/03/2026,2047,Payout,7.55,
08/03/2026,2047,Online Credit card,909.28,
08/03/2026,2047,Online Credit Card Tips,,16
08/03/2026,2047,In-Store Credit Card Tips,,63.57
08/03/2026,2047,Gift Card,24,
08/03/2026,2047,3rd Party - DoorDash,619.81,
08/03/2026,2047,Cash Over/Short Adjustment,,0.32
08/03/2026,4003,Subject to Tax,,4471.28
08/03/2026,4003,Register Audit,428,
08/03/2026,4003,Sales Tax,,435.9
08/03/2026,4003,In-Store Credit Card,2492.51,
08/03/2026,4003,Online Credit card,1301.62,
08/03/2026,4003,Online Credit Card Tips,,58.76
08/03/2026,4003,In-Store Credit Card Tips,,162.47
08/03/2026,4003,Gift Card,38.94,
08/03/2026,4003,3rd Party - DoorDash,636.92,
08/03/2026,4003,3rd Party - UberEats,230.11,
08/03/2026,4003,Cash Over/Short Adjustment,0.31,
08/03/2026,4004,Subject to Tax,,4165.82
08/03/2026,4004,Register Audit,110,
08/03/2026,4004,Sales Tax,,406.15
08/03/2026,4004,In-Store Credit Card,2016.03,
08/03/2026,4004,Online Credit card,1363.65,
08/03/2026,4004,Online Credit Card Tips,,35
08/03/2026,4004,In-Store Credit Card Tips,,118.75
08/03/2026,4004,Gift Card,46.7,
08/03/2026,4004,3rd Party - DoorDash,555,
08/03/2026,4004,3rd Party - UberEats,631.85,
08/03/2026,4004,Cash Over/Short Adjustment,0.49,
08/03/2026,4004,Register Audit Adjustment,2,
08/03/2026,4005,Subject to Tax,,3672.78
08/03/2026,4005,Register Audit,432,
08/03/2026,4005,Sales Tax,,358.11
08/03/2026,4005,In-Store Credit Card,2843.63,
08/03/2026,4005,Online Credit card,473.23,
08/03/2026,4005,In-Store Credit Card Tips,,238.86
08/03/2026,4005,Gift Card,52.13,
08/03/2026,4005,3rd Party - DoorDash,249.18,
08/03/2026,4005,3rd Party - UberEats,218.95,
08/03/2026,4005,Cash Over/Short Adjustment,0.63,
08/03/2026,4008,Subject to Tax,,2750.87
08/03/2026,4008,Register Audit,224,
08/03/2026,4008,Sales Tax,,268.21
08/03/2026,4008,In-Store Credit Card,1864.23,
08/03/2026,4008,Online Credit card,723.97,
08/03/2026,4008,Online Gift Card,8.63,
08/03/2026,4008,Online Credit Card Tips,,23.19
08/03/2026,4008,In-Store Credit Card Tips,,117.16
08/03/2026,4008,3rd Party - DoorDash,197.77,
08/03/2026,4008,3rd Party - UberEats,141,
08/03/2026,4008,Cash Over/Short Adjustment,,0.17
08/03/2026,4009,Subject to Tax,,2753.64
08/03/2026,4009,Register Audit,236,
08/03/2026,4009,Sales Tax,,268.45
08/03/2026,4009,In-Store Credit Card,1776.68,
08/03/2026,4009,Payout,22.37,
08/03/2026,4009,Online Credit card,605.51,
08/03/2026,4009,Online Credit Card Tips,,11
08/03/2026,4009,In-Store Credit Card Tips,,91.62
08/03/2026,4009,Gift Card,20.53,
08/03/2026,4009,3rd Party - DoorDash,326.85,
08/03/2026,4009,3rd Party - UberEats,148.48,
08/03/2026,4009,Cash Over/Short Adjustment,,0.2
08/03/2026,4010,Subject to Tax,,2610.07
08/03/2026,4010,Register Audit,238,
08/03/2026,4010,Sales Tax,,254.49
08/03/2026,4010,In-Store Credit Card,1646.58,
08/03/2026,4010,Payout,40,
08/03/2026,4010,Online Credit card,619.79,
08/03/2026,4010,In-Store Credit Card Tips,,120.28
08/03/2026,4010,3rd Party - DoorDash,163.53,
08/03/2026,4010,3rd Party - GrubHub,31.06,
08/03/2026,4010,3rd Party - UberEats,245.81,
08/03/2026,4010,Cash Over/Short Adjustment,0.07,
08/03/2026,4015,Subject to Tax,,3253.7
08/03/2026,4015,Register Audit,262,
08/03/2026,4015,Sales Tax,,317.22
08/03/2026,4015,In-Store Credit Card,1875.21,
08/03/2026,4015,Online Credit card,991.28,
08/03/2026,4015,Online Credit Card Tips,,24
08/03/2026,4015,In-Store Credit Card Tips,,137.49
08/03/2026,4015,3rd Party - DoorDash,456.16,
08/03/2026,4015,3rd Party - UberEats,148.05,
08/03/2026,4015,Cash Over/Short Adjustment,,0.29
08/03/2026,4021,Subject to Tax,,3987.48
08/03/2026,4021,Register Audit,317,
08/03/2026,4021,Sales Tax,,388.78
08/03/2026,4021,In-Store Credit Card,2318.07,
08/03/2026,4021,Online Credit card,1406.11,
08/03/2026,4021,Online Gift Card,28.7,
08/03/2026,4021,Online Credit Card Tips,,80.04
08/03/2026,4021,In-Store Credit Card Tips,,150.84
08/03/2026,4021,Gift Card,23.65,
08/03/2026,4021,3rd Party - DoorDash,196.48,
08/03/2026,4021,3rd Party - UberEats,316.57,
08/03/2026,4021,Cash Over/Short Adjustment,0.56,
08/03/2026,4025,Subject to Tax,,3234.51
08/03/2026,4025,Register Audit,203,
08/03/2026,4025,Sales Tax,,315.41
08/03/2026,4025,In-Store Credit Card,2001.02,
08/03/2026,4025,Online Credit card,745.84,
08/03/2026,4025,Online Credit Card Tips,,22.03
08/03/2026,4025,In-Store Credit Card Tips,,113.93
08/03/2026,4025,Gift Card,74.88,
08/03/2026,4025,3rd Party - DoorDash,451.95,
08/03/2026,4025,3rd Party - UberEats,209.71,
08/03/2026,4025,Cash Over/Short Adjustment,,0.52
08/03/2026,4027,Subject to Tax,,5008.2
08/03/2026,4027,Sales Tax,,488.24
08/03/2026,4027,In-Store Credit Card,2243.67,
08/03/2026,4027,Online Credit card,1714.3,
08/03/2026,4027,In-Store Credit Card Tips,,133.44
08/03/2026,4027,Gift Card,16.06,
08/03/2026,4027,3rd Party - DoorDash,762.45,
08/03/2026,4027,3rd Party - UberEats,569.05,
08/03/2026,4027,Cash Over/Short Adjustment,0.35,
08/03/2026,4027,Register Audit Adjustment,324,
08/03/2026,4034,Subject to Tax,,3631.47
08/03/2026,4034,Register Audit,478,
08/03/2026,4034,Sales Tax,,354.15
08/03/2026,4034,In-Store Credit Card,2327.67,
08/03/2026,4034,Online Credit card,629.21,
08/03/2026,4034,Online Credit Card Tips,,18
08/03/2026,4034,In-Store Credit Card Tips,,134.19
08/03/2026,4034,Gift Card,15.81,
08/03/2026,4034,3rd Party - DoorDash,309.19,
08/03/2026,4034,3rd Party - UberEats,378.03,
08/03/2026,4034,Cash Over/Short Adjustment,,0.1
08/03/2026,4036,Subject to Tax,,3838.77
08/03/2026,4036,Register Audit,420,
08/03/2026,4036,Sales Tax,,374.26
08/03/2026,4036,In-Store Credit Card,2082.4,
08/03/2026,4036,Online Credit card,1009.61,
08/03/2026,4036,Online Gift Card,13.83,
08/03/2026,4036,Online Credit Card Tips,,29
08/03/2026,4036,In-Store Credit Card Tips,,123.59
08/03/2026,4036,3rd Party - DoorDash,522.41,
08/03/2026,4036,3rd Party - UberEats,316.53,
08/03/2026,4036,Cash Over/Short Adjustment,0.84,
08/03/2026,4042,Subject to Tax,,4592.14
08/03/2026,4042,Sales Tax,,447.66
08/03/2026,4042,In-Store Credit Card,2320.69,
08/03/2026,4042,Online Credit card,1142.85,
08/03/2026,4042,Online Gift Card,19,
08/03/2026,4042,Online Credit Card Tips,,25
08/03/2026,4042,In-Store Credit Card Tips,,120.02
08/03/2026,4042,3rd Party - DoorDash,1091.89,
08/03/2026,4042,3rd Party - GrubHub,16.58,
08/03/2026,4042,3rd Party - UberEats,255.16,
08/03/2026,4042,Cash Over/Short Adjustment,0.65,
08/03/2026,4042,Register Audit Adjustment,338,
08/03/2026,4052,Subject to Tax,,5160.83
08/03/2026,4052,Register Audit,788,
08/03/2026,4052,Sales Tax,,503.14
08/03/2026,4052,In-Store Credit Card,2971.41,
08/03/2026,4052,Payout,18.87,
08/03/2026,4052,Online Credit card,1505.29,
08/03/2026,4052,Online Gift Card,13.74,
08/03/2026,4052,Online Credit Card Tips,,49.55
08/03/2026,4052,In-Store Credit Card Tips,,208.65
08/03/2026,4052,Online Gift Card Tips,,2
08/03/2026,4052,Gift Card,29.91,
08/03/2026,4052,3rd Party - DoorDash,549.07,
08/03/2026,4052,3rd Party - UberEats,48.59,
08/03/2026,4052,Cash Over/Short Adjustment,,0.71
08/03/2026,4061,Subject to Tax,,3268.85
08/03/2026,4061,Register Audit,177,
08/03/2026,4061,Sales Tax,,318.66
08/03/2026,4061,In-Store Credit Card,2155.98,
08/03/2026,4061,Online Credit card,795.46,
08/03/2026,4061,Online Credit Card Tips,,17
08/03/2026,4061,In-Store Credit Card Tips,,114.32
08/03/2026,4061,Gift Card,10,
08/03/2026,4061,3rd Party - DoorDash,318.23,
08/03/2026,4061,3rd Party - GrubHub,20.66,
08/03/2026,4061,3rd Party - UberEats,221.79,
08/03/2026,4061,Cash Over/Short Adjustment,,0.26
08/03/2026,4074,Subject to Tax,,2432.91
08/03/2026,4074,Register Audit,206,
08/03/2026,4074,Sales Tax,,237.19
08/03/2026,4074,In-Store Credit Card,1359.39,
08/03/2026,4074,Payout,19.52,
08/03/2026,4074,Online Credit card,774.59,
08/03/2026,4074,Online Credit Card Tips,,21
08/03/2026,4074,In-Store Credit Card Tips,,83.65
08/03/2026,4074,Gift Card,10,
08/03/2026,4074,3rd Party - DoorDash,260.73,
08/03/2026,4074,3rd Party - GrubHub,15.53,
08/03/2026,4074,3rd Party - UberEats,129.22,
08/03/2026,4074,Cash Over/Short Adjustment,,0.23
08/03/2026,5042,Subject to Tax,,2894.7
08/03/2026,5042,3rd Party Tax Exempt,,567.62
08/03/2026,5042,Register Audit,280,
08/03/2026,5042,Sales Tax,,200.11
08/03/2026,5042,In-Store Credit Card,1924.89,
08/03/2026,5042,Online Credit card,988.78,
08/03/2026,5042,Online Gift Card,11.45,
08/03/2026,5042,Online Credit Card Tips,,33
08/03/2026,5042,In-Store Credit Card Tips,,124.28
08/03/2026,5042,Gift Card,47.37,
08/03/2026,5042,3rd Party - DoorDash,267.8,
08/03/2026,5042,3rd Party - UberEats,299.82,
08/03/2026,5042,Cash Over/Short Adjustment,,0.4
08/03/2026,5043,Subject to Tax,,4399.45
08/03/2026,5043,Non-Taxable Sales,,11
08/03/2026,5043,3rd Party Tax Exempt,,1273.93
08/03/2026,5043,Register Audit,501,
08/03/2026,5043,Sales Tax,,302.32
08/03/2026,5043,In-Store Credit Card,3178.79,
08/03/2026,5043,Online Credit card,1237.76,
08/03/2026,5043,Online Gift Card,18.52,
08/03/2026,5043,Online Credit Card Tips,,51
08/03/2026,5043,In-Store Credit Card Tips,,172.59
08/03/2026,5043,3rd Party - DoorDash,705.45,
08/03/2026,5043,3rd Party - GrubHub,15.11,
08/03/2026,5043,3rd Party - UberEats,553.37,
08/03/2026,5043,Cash Over/Short Adjustment,0.29,
08/03/2026,5049,Subject to Tax,,2638.5
08/03/2026,5049,Non-Taxable Sales,,16.5
08/03/2026,5049,3rd Party Tax Exempt,,823.3
08/03/2026,5049,Register Audit,476,
08/03/2026,5049,Sales Tax,,213.65
08/03/2026,5049,In-Store Credit Card,1928.86,
08/03/2026,5049,Online Credit card,570.94,
08/03/2026,5049,Online Gift Card,11.86,
08/03/2026,5049,Online Credit Card Tips,,15.44
08/03/2026,5049,In-Store Credit Card Tips,,103.31
08/03/2026,5049,3rd Party - DoorDash,735.82,
08/03/2026,5049,3rd Party - UberEats,87.48,
08/03/2026,5049,Cash Over/Short Adjustment,,0.26
08/03/2026,5051,Subject to Tax,,3172.55
08/03/2026,5051,Non-Taxable Sales,,20
08/03/2026,5051,3rd Party Tax Exempt,,1071.15
08/03/2026,5051,Register Audit,209,
08/03/2026,5051,Sales Tax,,216.94
08/03/2026,5051,In-Store Credit Card,2002.61,
08/03/2026,5051,Online Credit card,1318.69,
08/03/2026,5051,Online Credit Card Tips,,21
08/03/2026,5051,In-Store Credit Card Tips,,110.25
08/03/2026,5051,Gift Card,10.59,
08/03/2026,5051,3rd Party - DoorDash,674.21,
08/03/2026,5051,3rd Party - GrubHub,73.5,
08/03/2026,5051,3rd Party - UberEats,323.44,
08/03/2026,5051,Cash Over/Short Adjustment,,0.15
08/03/2026,5057,Subject to Tax,,3810.85
08/03/2026,5057,Non-Taxable Sales,,5
08/03/2026,5057,3rd Party Tax Exempt,,488.29
08/03/2026,5057,Register Audit,496,
08/03/2026,5057,Sales Tax,,302.94
08/03/2026,5057,In-Store Credit Card,2905.59,
08/03/2026,5057,Online Credit card,865.82,
08/03/2026,5057,Online Credit Card Tips,,27
08/03/2026,5057,In-Store Credit Card Tips,,175.08
08/03/2026,5057,Gift Card,54.01,
08/03/2026,5057,3rd Party - DoorDash,200.22,
08/03/2026,5057,3rd Party - GrubHub,22.85,
08/03/2026,5057,3rd Party - UberEats,265.22,
08/03/2026,5057,Cash Over/Short Adjustment,,0.55
08/03/2026,5059,Subject to Tax,,2853.65
08/03/2026,5059,Non-Taxable Sales,,22
08/03/2026,5059,3rd Party Tax Exempt,,376.21
08/03/2026,5059,Register Audit,331,
08/03/2026,5059,Sales Tax,,195.9
08/03/2026,5059,In-Store Credit Card,1862.03,
08/03/2026,5059,Online Credit card,972.8,
08/03/2026,5059,Online Gift Card,11.45,
08/03/2026,5059,Online Credit Card Tips,,30
08/03/2026,5059,In-Store Credit Card Tips,,107.4
08/03/2026,5059,Gift Card,31.77,
08/03/2026,5059,3rd Party - DoorDash,261.08,
08/03/2026,5059,3rd Party - UberEats,115.13,
08/03/2026,5059,Cash Over/Short Adjustment,,0.1
08/03/2026,5062,Subject to Tax,,2578.06
08/03/2026,5062,Non-Taxable Sales,,5.5
08/03/2026,5062,3rd Party Tax Exempt,,304.78
08/03/2026,5062,Sales Tax,,178.39
08/03/2026,5062,In-Store Credit Card,1978.03,
08/03/2026,5062,Online Credit card,687.14,
08/03/2026,5062,Online Credit Card Tips,,32
08/03/2026,5062,In-Store Credit Card Tips,,118.71
08/03/2026,5062,Gift Card,12.2,
08/03/2026,5062,Gift Card Sold,,25
08/03/2026,5062,3rd Party - DoorDash,251.65,
08/03/2026,5062,3rd Party - UberEats,53.13,
08/03/2026,5062,Cash Over/Short Adjustment,0.29,
08/03/2026,5062,Register Audit Adjustment,260,
08/03/2026,5101,Subject to Tax,,2362.8
08/03/2026,5101,3rd Party Tax Exempt,,556.66
08/03/2026,5101,Register Audit,205,
08/03/2026,5101,Sales Tax,,160.93
08/03/2026,5101,In-Store Credit Card,1509.78,
08/03/2026,5101,Online Credit card,854.83,
08/03/2026,5101,Online Credit Card Tips,,21
08/03/2026,5101,In-Store Credit Card Tips,,79.11
08/03/2026,5101,Gift Card,54.8,
08/03/2026,5101,3rd Party - DoorDash,328.26,
08/03/2026,5101,3rd Party - UberEats,228.4,
08/03/2026,5101,Cash Over/Short Adjustment,,0.57
08/03/2026,5112,Subject to Tax,,2561.3
08/03/2026,5112,Non-Taxable Sales,,28
08/03/2026,5112,3rd Party Tax Exempt,,466.69
08/03/2026,5112,Register Audit,351,
08/03/2026,5112,Sales Tax,,202
08/03/2026,5112,In-Store Credit Card,1504.74,
08/03/2026,5112,Online Credit card,1065.3,
08/03/2026,5112,Online Credit Card Tips,,30
08/03/2026,5112,In-Store Credit Card Tips,,99.54
08/03/2026,5112,3rd Party - DoorDash,406.22,
08/03/2026,5112,3rd Party - UberEats,60.47,
08/03/2026,5112,Cash Over/Short Adjustment,,0.2
08/03/2026,5127,Subject to Tax,,3541.05
08/03/2026,5127,Non-Taxable Sales,,19.5
08/03/2026,5127,3rd Party Tax Exempt,,125.69
08/03/2026,5127,Register Audit,655,
08/03/2026,5127,Sales Tax,,279.06
08/03/2026,5127,In-Store Credit Card,2321.52,
08/03/2026,5127,Payout,36.21,
08/03/2026,5127,Online Credit card,1008.67,
08/03/2026,5127,Online Credit Card Tips,,35
08/03/2026,5127,In-Store Credit Card Tips,,165.92
08/03/2026,5127,Gift Card,19.01,
08/03/2026,5127,3rd Party - DoorDash,91.97,
08/03/2026,5127,3rd Party - UberEats,33.72,
08/03/2026,5127,Cash Over/Short Adjustment,0.12,
08/03/2026,6021,Subject to Tax,,2944.01
08/03/2026,6021,Non-Taxable Sales,,20
08/03/2026,6021,3rd Party Tax Exempt,,128.99
08/03/2026,6021,Register Audit,163,
08/03/2026,6021,Sales Tax,,279.75
08/03/2026,6021,In-Store Credit Card,1634.93,
08/03/2026,6021,Online Credit card,980.18,
08/03/2026,6021,Online Credit Card Tips,,22
08/03/2026,6021,In-Store Credit Card Tips,,101.29
08/03/2026,6021,Gift Card,20.67,
08/03/2026,6021,3rd Party - DoorDash,523.13,
08/03/2026,6021,3rd Party - GrubHub,45.92,
08/03/2026,6021,3rd Party - UberEats,128.99,
08/03/2026,6021,Cash Over/Short Adjustment,,0.78
08/03/2026,6026,Subject to Tax,,3529
08/03/2026,6026,Non-Taxable Sales,,51
08/03/2026,6026,3rd Party Tax Exempt,,146.73
08/03/2026,6026,Sales Tax,,211.67
08/03/2026,6026,In-Store Credit Card,1702.51,
08/03/2026,6026,Online Credit card,1314.4,
08/03/2026,6026,Online Gift Card,49.22,
08/03/2026,6026,Online Credit Card Tips,,37
08/03/2026,6026,In-Store Credit Card Tips,,101.02
08/03/2026,6026,Gift Card,40,
08/03/2026,6026,3rd Party - DoorDash,615.67,
08/03/2026,6026,3rd Party - GrubHub,39.54,
08/03/2026,6026,3rd Party - UberEats,146.73,
08/03/2026,6026,Cash Over/Short Adjustment,0.35,
08/03/2026,6026,Register Audit Adjustment,168,
08/03/2026,6032,Subject to Tax,,4074
08/03/2026,6032,Non-Taxable Sales,,20.5
08/03/2026,6032,3rd Party Tax Exempt,,69.22
08/03/2026,6032,Sales Tax,,244.46
08/03/2026,6032,In-Store Credit Card,2215.15,
08/03/2026,6032,Online Credit card,1299,
08/03/2026,6032,Online Credit Card Tips,,42
08/03/2026,6032,In-Store Credit Card Tips,,122.07
08/03/2026,6032,3rd Party - DoorDash,789.21,
08/03/2026,6032,3rd Party - GrubHub,71.67,
08/03/2026,6032,3rd Party - UberEats,69.22,
08/03/2026,6032,Register Audit Adjustment,128,
08/03/2026,6037,Subject to Tax,,2879.84
08/03/2026,6037,Non-Taxable Sales,,5
08/03/2026,6037,Register Audit,199,
08/03/2026,6037,Sales Tax,,316.94
08/03/2026,6037,In-Store Credit Card,2068.21,
08/03/2026,6037,Online Credit card,920.2,
08/03/2026,6037,Online Gift Card,20.2,
08/03/2026,6037,Online Credit Card Tips,,34
08/03/2026,6037,In-Store Credit Card Tips,,141.17
08/03/2026,6037,3rd Party - GrubHub,27.76,
08/03/2026,6037,3rd Party - UberEats,141.94,
08/03/2026,6037,Cash Over/Short Adjustment,,0.36
08/03/2026,6039,Subject to Tax,,3573.06
08/03/2026,6039,Non-Taxable Sales,,16.5
08/03/2026,6039,3rd Party Tax Exempt,,225.36
08/03/2026,6039,Sales Tax,,214.38
08/03/2026,6039,In-Store Credit Card,2014.61,
08/03/2026,6039,Online Credit card,1428.33,
08/03/2026,6039,Online Gift Card,20,
08/03/2026,6039,Online Credit Card Tips,,32
08/03/2026,6039,In-Store Credit Card Tips,,118.85
08/03/2026,6039,3rd Party - DoorDash,342.88,
08/03/2026,6039,3rd Party - GrubHub,13.29,
08/03/2026,6039,3rd Party - UberEats,225.36,
08/03/2026,6039,Cash Over/Short Adjustment,0.68,
08/03/2026,6039,Register Audit Adjustment,135,
08/03/2026,6044,Subject to Tax,,3371.48
08/03/2026,6044,Non-Taxable Sales,,15.5
08/03/2026,6044,3rd Party Tax Exempt,,42.36
08/03/2026,6044,Tax Exempt,,430.2
08/03/2026,6044,Sales Tax,,380.93
08/03/2026,6044,In-Store Credit Card,2278.5,
08/03/2026,6044,Online Credit card,1225.73,
08/03/2026,6044,Online Credit Card Tips,,28.59
08/03/2026,6044,In-Store Credit Card Tips,,103.48
08/03/2026,6044,Gift Card,50,
08/03/2026,6044,3rd Party - DoorDash,341.05,
08/03/2026,6044,3rd Party - UberEats,42.36,
08/03/2026,6044,Cash Over/Short Adjustment,0.9,
08/03/2026,6044,Register Audit Adjustment,434,
08/03/2026,6065,Subject to Tax,,2790.48
08/03/2026,6065,Non-Taxable Sales,,10
08/03/2026,6065,3rd Party Tax Exempt,,71.69
08/03/2026,6065,Sales Tax,,279.2
08/03/2026,6065,In-Store Credit Card,1787.15,
08/03/2026,6065,Online Credit card,969.12,
08/03/2026,6065,Online Gift Card,11.77,
08/03/2026,6065,Online Credit Card Tips,,38.53
08/03/2026,6065,In-Store Credit Card Tips,,90.83
08/03/2026,6065,3rd Party - DoorDash,181.6,
08/03/2026,6065,3rd Party - GrubHub,13.85,
08/03/2026,6065,3rd Party - UberEats,71.69,
08/03/2026,6065,Cash Over/Short Adjustment,0.55,
08/03/2026,6065,Register Audit Adjustment,245,
08/03/2026,6067,Subject to Tax,,2478.68
08/03/2026,6067,Non-Taxable Sales,,11
08/03/2026,6067,3rd Party Tax Exempt,,64.08
08/03/2026,6067,Sales Tax,,280.19
08/03/2026,6067,In-Store Credit Card,1404.65,
08/03/2026,6067,Online Credit card,1073.64,
08/03/2026,6067,Online Credit Card Tips,,35.77
08/03/2026,6067,In-Store Credit Card Tips,,110.24
08/03/2026,6067,Gift Card,11.02,
08/03/2026,6067,3rd Party - DoorDash,175,
08/03/2026,6067,3rd Party - UberEats,64.08,
08/03/2026,6067,Cash Over/Short Adjustment,0.57,
08/03/2026,6067,Register Audit Adjustment,251,
08/03/2026,6072,Subject to Tax,,4341.86
08/03/2026,6072,Non-Taxable Sales,,25.5
08/03/2026,6072,3rd Party Tax Exempt,,104.25
08/03/2026,6072,Register Audit,499,
08/03/2026,6072,Sales Tax,,512.39
08/03/2026,6072,In-Store Credit Card,2430.16,
08/03/2026,6072,Payout,10.31,
08/03/2026,6072,Online Credit card,1330.24,
08/03/2026,6072,Online Gift Card,20.34,
08/03/2026,6072,Online Credit Card Tips,,44
08/03/2026,6072,In-Store Credit Card Tips,,143.93
08/03/2026,6072,Gift Card,25,
08/03/2026,6072,3rd Party - DoorDash,753.51,
08/03/2026,6072,3rd Party - UberEats,104.25,
08/03/2026,6072,Cash Over/Short Adjustment,,0.88
08/03/2026,6074,Subject to Tax,,3017.25
08/03/2026,6074,Non-Taxable Sales,,11
08/03/2026,6074,3rd Party Tax Exempt,,134.93
08/03/2026,6074,Sales Tax,,271.59
08/03/2026,6074,In-Store Credit Card,2205.43,
08/03/2026,6074,Online Credit card,944.35,
08/03/2026,6074,Online Gift Card,25,
08/03/2026,6074,Online Credit Card Tips,,25
08/03/2026,6074,In-Store Credit Card Tips,,134.99
08/03/2026,6074,3rd Party - GrubHub,43.17,
08/03/2026,6074,3rd Party - UberEats,134.93,
08/03/2026,6074,Cash Over/Short Adjustment,0.88,
08/03/2026,6074,Register Audit Adjustment,241,
08/03/2026,6076,Subject to Tax,,2117.16
08/03/2026,6076,Non-Taxable Sales,,10
08/03/2026,6076,3rd Party Tax Exempt,,170.08
08/03/2026,6076,Sales Tax,,190.52
08/03/2026,6076,In-Store Credit Card,1306.27,
08/03/2026,6076,Payout,2,
08/03/2026,6076,Online Credit card,643.42,
08/03/2026,6076,Online Credit Card Tips,,24
08/03/2026,6076,In-Store Credit Card Tips,,87.76
08/03/2026,6076,Gift Card,1,
08/03/2026,6076,3rd Party - DoorDash,300.48,
08/03/2026,6076,3rd Party - UberEats,170.08,
08/03/2026,6076,Cash Over/Short Adjustment,0.27,
08/03/2026,6076,Register Audit Adjustment,176,
08/03/2026,6083,Subject to Tax,,3111.4
08/03/2026,6083,Non-Taxable Sales,,5
08/03/2026,6083,3rd Party Tax Exempt,,91.19
08/03/2026,6083,Tax Exempt,,1043
08/03/2026,6083,Register Audit,150.9,
08/03/2026,6083,Sales Tax,,279.98
08/03/2026,6083,In-Store Credit Card,2861.38,
08/03/2026,6083,Online Credit card,1157.78,
08/03/2026,6083,Online Credit Card Tips,,44
08/03/2026,6083,In-Store Credit Card Tips,,119.6
08/03/2026,6083,Gift Card,19.84,
08/03/2026,6083,3rd Party - DoorDash,224.88,
08/03/2026,6083,3rd Party - GrubHub,188.24,
08/03/2026,6083,3rd Party - UberEats,91.19,
08/03/2026,6083,Cash Over/Short Adjustment,,0.04
08/03/2026,6088,Subject to Tax,,2727.88
08/03/2026,6088,Non-Taxable Sales,,10.5
08/03/2026,6088,3rd Party Tax Exempt,,244.11
08/03/2026,6088,Register Audit,124,
08/03/2026,6088,Sales Tax,,272.95
08/03/2026,6088,In-Store Credit Card,1475.89,
08/03/2026,6088,Online Credit card,1127.94,
08/03/2026,6088,Online Credit Card Tips,,31
08/03/2026,6088,In-Store Credit Card Tips,,83.18
08/03/2026,6088,Gift Card,8.2,
08/03/2026,6088,3rd Party - DoorDash,348.92,
08/03/2026,6088,3rd Party - GrubHub,39.86,
08/03/2026,6088,3rd Party - UberEats,244.11,
08/03/2026,6088,Cash Over/Short Adjustment,0.7,
08/03/2026,6093,Subject to Tax,,2366.66
08/03/2026,6093,Non-Taxable Sales,,5
08/03/2026,6093,Register Audit,448,
08/03/2026,6093,Sales Tax,,267.48
08/03/2026,6093,In-Store Credit Card,1291.61,
08/03/2026,6093,Online Credit card,738.68,
08/03/2026,6093,Online Credit Card Tips,,17
08/03/2026,6093,In-Store Credit Card Tips,,85.91
08/03/2026,6093,3rd Party - DoorDash,264.14,
08/03/2026,6093,Cash Over/Short Adjustment,,0.38
08/03/2026,6094,Subject to Tax,,1819.06
08/03/2026,6094,Non-Taxable Sales,,5
08/03/2026,6094,3rd Party Tax Exempt,,75.12
08/03/2026,6094,Sales Tax,,182.03
08/03/2026,6094,In-Store Credit Card,1063.25,
08/03/2026,6094,Online Credit card,744.55,
08/03/2026,6094,Online Credit Card Tips,,38
08/03/2026,6094,In-Store Credit Card Tips,,68.98
08/03/2026,6094,3rd Party - DoorDash,199.89,
08/03/2026,6094,3rd Party - UberEats,75.12,
08/03/2026,6094,Cash Over/Short Adjustment,0.38,
08/03/2026,6094,Register Audit Adjustment,105,
08/03/2026,6102,Subject to Tax,,2598.04
08/03/2026,6102,Non-Taxable Sales,,40.5
08/03/2026,6102,Sales Tax,,259.93
08/03/2026,6102,In-Store Credit Card,1501.43,
08/03/2026,6102,Online Credit card,863.27,
08/03/2026,6102,Online Credit Card Tips,,7
08/03/2026,6102,In-Store Credit Card Tips,,95.19
08/03/2026,6102,Gift Card,18.36,
08/03/2026,6102,3rd Party - DoorDash,253.04,
08/03/2026,6102,3rd Party - GrubHub,28.24,
08/03/2026,6102,3rd Party - UberEats,164.75,
08/03/2026,6102,Cash Over/Short Adjustment,0.57,
08/03/2026,6102,Register Audit Adjustment,171,
08/03/2026,7024,Subject to Tax,,3996.18
08/03/2026,7024,3rd Party Tax Exempt,,700.99
08/03/2026,7024,Sales Tax,,343.26
08/03/2026,7024,In-Store Credit Card,2074.65,
08/03/2026,7024,Payout,9.15,
08/03/2026,7024,Online Credit card,1673.49,
08/03/2026,7024,Online Gift Card,25,
08/03/2026,7024,Online Credit Card Tips,,57
08/03/2026,7024,In-Store Credit Card Tips,,128.62
08/03/2026,7024,3rd Party - DoorDash,541.59,
08/03/2026,7024,3rd Party - GrubHub,95.15,
08/03/2026,7024,3rd Party - UberEats,64.25,
08/03/2026,7024,Cash Over/Short Adjustment,0.77,
08/03/2026,7024,Register Audit Adjustment,742,
08/03/2026,7032,Subject to Tax,,2799
08/03/2026,7032,3rd Party Tax Exempt,,551.83
08/03/2026,7032,Sales Tax,,240.26
08/03/2026,7032,In-Store Credit Card,1405.74,
08/03/2026,7032,Payout,125.07,
08/03/2026,7032,Online Credit card,1140.23,
08/03/2026,7032,Online Credit Card Tips,,23.5
08/03/2026,7032,In-Store Credit Card Tips,,56.12
08/03/2026,7032,3rd Party - DoorDash,451.4,
08/03/2026,7032,3rd Party - UberEats,100.43,
08/03/2026,7032,Cash Over/Short Adjustment,0.84,
08/03/2026,7032,Register Audit Adjustment,447,
08/03/2026,7039,Subject to Tax,,1649.7
08/03/2026,7039,3rd Party Tax Exempt,,288.4
08/03/2026,7039,Sales Tax,,142.57
08/03/2026,7039,In-Store Credit Card,1164.34,
08/03/2026,7039,Online Credit card,472.34,
08/03/2026,7039,Online Gift Card,17.79,
08/03/2026,7039,Online Credit Card Tips,,10.52
08/03/2026,7039,In-Store Credit Card Tips,,101.63
08/03/2026,7039,Gift Card,18.48,
08/03/2026,7039,3rd Party - DoorDash,288.4,
08/03/2026,7039,Cash Over/Short Adjustment,0.47,
08/03/2026,7039,Register Audit Adjustment,231,
08/03/2026,7049,Subject to Tax,,2833.6
08/03/2026,7049,3rd Party Tax Exempt,,518.46
08/03/2026,7049,Sales Tax,,247.21
08/03/2026,7049,In-Store Credit Card,2237.14,
08/03/2026,7049,Online Credit card,732.01,
08/03/2026,7049,Online Gift Card,8.1,
08/03/2026,7049,Online Credit Card Tips,,46
08/03/2026,7049,In-Store Credit Card Tips,,158.72
08/03/2026,7049,Online Gift Card Tips,,1
08/03/2026,7049,Gift Card,19.04,
08/03/2026,7049,3rd Party - DoorDash,285.39,
08/03/2026,7049,3rd Party - GrubHub,14.15,
08/03/2026,7049,3rd Party - UberEats,218.92,
08/03/2026,7049,Cash Over/Short Adjustment,0.24,
08/03/2026,7049,Register Audit Adjustment,290,
08/03/2026,7066,Subject to Tax,,2167.84
08/03/2026,7066,3rd Party Tax Exempt,,281.8
08/03/2026,7066,Sales Tax,,188.3
08/03/2026,7066,In-Store Credit Card,1316.1,
08/03/2026,7066,Online Credit card,594.32,
08/03/2026,7066,Online Gift Card,10,
08/03/2026,7066,Online Credit Card Tips,,13
08/03/2026,7066,In-Store Credit Card Tips,,105.34
08/03/2026,7066,3rd Party - DoorDash,281.8,
08/03/2026,7066,Cash Over/Short Adjustment,0.43,
08/03/2026,7066,Register Audit Adjustment,554,
08/03/2026,13026,Subject to Tax,,2229.01
08/03/2026,13026,Non-Taxable Sales,,18.08
08/03/2026,13026,3rd Party Tax Exempt,,784.56
08/03/2026,13026,Register Audit,145,
08/03/2026,13026,Sales Tax,,167.3
08/03/2026,13026,In-Store Credit Card,1593.36,
08/03/2026,13026,Online Credit card,702.18,
08/03/2026,13026,Online Credit Card Tips,,16
08/03/2026,13026,In-Store Credit Card Tips,,79.85
08/03/2026,13026,Gift Card,61.49,
08/03/2026,13026,3rd Party - DoorDash,444.42,
08/03/2026,13026,3rd Party - UberEats,347.88,
08/03/2026,13026,Cash Over/Short Adjustment,0.47,
08/03/2026,13062,Subject to Tax,,2338.35
08/03/2026,13062,Non-Taxable Sales,,36.85
08/03/2026,13062,3rd Party Tax Exempt,,474.17
08/03/2026,13062,Sales Tax,,163.76
08/03/2026,13062,In-Store Credit Card,1387.99,
08/03/2026,13062,Online Credit card,894.61,
08/03/2026,13062,Online Gift Card,10,
08/03/2026,13062,Online Credit Card Tips,,18
08/03/2026,13062,In-Store Credit Card Tips,,68.81
08/03/2026,13062,Online Gift Card Tips,,2
08/03/2026,13062,Gift Card,30.65,
08/03/2026,13062,3rd Party - DoorDash,230.63,
08/03/2026,13062,3rd Party - UberEats,257.34,
08/03/2026,13062,Cash Over/Short Adjustment,0.72,
08/03/2026,13062,Register Audit Adjustment,290,
08/03/2026,13082,Subject to Tax,,2351.62
08/03/2026,13082,Non-Taxable Sales,,39.32
08/03/2026,13082,3rd Party Tax Exempt,,330.61
08/03/2026,13082,Register Audit,288,
08/03/2026,13082,Sales Tax,,164.58
08/03/2026,13082,In-Store Credit Card,1763.29,
08/03/2026,13082,Online Credit card,583.55,
08/03/2026,13082,Online Credit Card Tips,,28
08/03/2026,13082,In-Store Credit Card Tips,,132.87
08/03/2026,13082,3rd Party - DoorDash,302.47,
08/03/2026,13082,3rd Party - GrubHub,62.06,
08/03/2026,13082,3rd Party - UberEats,48.48,
08/03/2026,13082,Cash Over/Short Adjustment,,0.85
08/03/2026,13106,Subject to Tax,,1564.72
08/03/2026,13106,Non-Taxable Sales,,13.06
08/03/2026,13106,3rd Party Tax Exempt,,307.64
08/03/2026,13106,Sales Tax,,117.42
08/03/2026,13106,In-Store Credit Card,1116.22,
08/03/2026,13106,Online Credit card,459.22,
08/03/2026,13106,Online Credit Card Tips,,22
08/03/2026,13106,In-Store Credit Card Tips,,82
08/03/2026,13106,3rd Party - DoorDash,216.81,
08/03/2026,13106,3rd Party - GrubHub,26.57,
08/03/2026,13106,3rd Party - UberEats,98.15,
08/03/2026,13106,Cash Over/Short Adjustment,0.87,
08/03/2026,13106,Register Audit Adjustment,189,
08/03/2026,13116,Subject to Tax,,2543.66
08/03/2026,13116,Non-Taxable Sales,,89.37
08/03/2026,13116,3rd Party Tax Exempt,,619.26
08/03/2026,13116,Sales Tax,,178.05
08/03/2026,13116,In-Store Credit Card,1460.33,
08/03/2026,13116,Online Credit card,1095.13,
08/03/2026,13116,In-Store Credit Card Tips,,72.75
08/03/2026,13116,Gift Card,38.34,
08/03/2026,13116,Gift Card Sold,,20
08/03/2026,13116,3rd Party - DoorDash,444.25,
08/03/2026,13116,3rd Party - UberEats,181.49,
08/03/2026,13116,Cash Over/Short Adjustment,0.55,
08/03/2026,13116,Register Audit Adjustment,303,
08/03/2026,13138,Subject to Tax,,2042.89
08/03/2026,13138,Non-Taxable Sales,,12.84
08/03/2026,13138,3rd Party Tax Exempt,,344.67
08/03/2026,13138,Register Audit,351,
08/03/2026,13138,Sales Tax,,143.01
08/03/2026,13138,In-Store Credit Card,1538.04,
08/03/2026,13138,Online Credit card,364.35,
08/03/2026,13138,Online Credit Card Tips,,18
08/03/2026,13138,In-Store Credit Card Tips,,93.39
08/03/2026,13138,Gift Card,23.22,
08/03/2026,13138,3rd Party - DoorDash,272.49,
08/03/2026,13138,3rd Party - GrubHub,32.09,
08/03/2026,13138,3rd Party - UberEats,74.22,
08/03/2026,13138,Cash Over/Short Adjustment,,0.61
08/03/2026,13148,Subject to Tax,,4256.07
08/03/2026,13148,Non-Taxable Sales,,30.95
08/03/2026,13148,3rd Party Tax Exempt,,391.62
08/03/2026,13148,Sales Tax,,276.75
08/03/2026,13148,In-Store Credit Card,2352.17,
08/03/2026,13148,Online Credit card,2130.53,
08/03/2026,13148,Online Credit Card Tips,,77.2
08/03/2026,13148,In-Store Credit Card Tips,,159.56
08/03/2026,13148,Gift Card,19.96,
08/03/2026,13148,3rd Party - DoorDash,215.65,
08/03/2026,13148,3rd Party - UberEats,181.67,
08/03/2026,13148,Cash Over/Short Adjustment,0.17,
08/03/2026,13148,Register Audit Adjustment,292,
08/03/2026,13160,Subject to Tax,,2782.61
08/03/2026,13160,Non-Taxable Sales,,24.94
08/03/2026,13160,3rd Party Tax Exempt,,302.08
08/03/2026,13160,Register Audit,606,
08/03/2026,13160,Sales Tax,,194.83
08/03/2026,13160,In-Store Credit Card,1665.17,
08/03/2026,13160,Online Credit card,743.33,
08/03/2026,13160,Online Credit Card Tips,,26
08/03/2026,13160,In-Store Credit Card Tips,,94.92
08/03/2026,13160,Gift Card,63.24,
08/03/2026,13160,3rd Party - DoorDash,258.83,
08/03/2026,13160,3rd Party - GrubHub,40.13,
08/03/2026,13160,3rd Party - UberEats,48.95,
08/03/2026,13160,Cash Over/Short Adjustment,,0.27
08/03/2026,13162,Subject to Tax,,3249.45
08/03/2026,13162,Non-Taxable Sales,,7.98
08/03/2026,13162,3rd Party Tax Exempt,,575.49
08/03/2026,13162,Sales Tax,,227.38
08/03/2026,13162,In-Store Credit Card,2209.23,
08/03/2026,13162,Payout,102.58,
08/03/2026,13162,Online Credit card,1106.01,
08/03/2026,13162,Online Gift Card,65.59,
08/03/2026,13162,Online Credit Card Tips,,47
08/03/2026,13162,In-Store Credit Card Tips,,119.1
08/03/2026,13162,Gift Card,6.36,
08/03/2026,13162,3rd Party - DoorDash,417.83,
08/03/2026,13162,3rd Party - UberEats,162.94,
08/03/2026,13162,Cash Over/Short Adjustment,0.86,
08/03/2026,13162,Register Audit Adjustment,155,
08/03/2026,13219,Subject to Tax,,2811.8
08/03/2026,13219,Non-Taxable Sales,,12.2
08/03/2026,13219,3rd Party Tax Exempt,,381.72
08/03/2026,13219,Sales Tax,,196.86
08/03/2026,13219,In-Store Credit Card,1759.31,
08/03/2026,13219,Online Credit card,930.58,
08/03/2026,13219,Online Credit Card Tips,,35
08/03/2026,13219,In-Store Credit Card Tips,,125.36
08/03/2026,13219,Gift Card,19.69,
08/03/2026,13219,3rd Party - DoorDash,306.16,
08/03/2026,13219,3rd Party - GrubHub,17.34,
08/03/2026,13219,3rd Party - UberEats,75.56,
08/03/2026,13219,Cash Over/Short Adjustment,0.3,
08/03/2026,13219,Register Audit Adjustment,454,
08/03/2026,37001,Subject to Tax,,4787.71
08/03/2026,37001,Non-Taxable Sales,,604.09
08/03/2026,37001,Sales Tax,,407.04
08/03/2026,37001,In-Store Credit Card,2638.86,
08/03/2026,37001,Online Credit card,1787.52,
08/03/2026,37001,Online Gift Card,10.55,
08/03/2026,37001,Online Credit Card Tips,,63
08/03/2026,37001,In-Store Credit Card Tips,,159.5
08/03/2026,37001,Gift Card,28.56,
08/03/2026,37001,3rd Party - DoorDash,703.72,
08/03/2026,37001,3rd Party - UberEats,80.26,
08/03/2026,37001,Cash Over/Short Adjustment,0.87,
08/03/2026,37001,Register Audit Adjustment,771,
08/03/2026,37002,Subject to Tax,,3581.19
08/03/2026,37002,Non-Taxable Sales,,410.56
08/03/2026,37002,Sales Tax,,304.42
08/03/2026,37002,In-Store Credit Card,1600.94,
08/03/2026,37002,Online Credit card,1583,
08/03/2026,37002,Online Credit Card Tips,,32.75
08/03/2026,37002,In-Store Credit Card Tips,,88.58
08/03/2026,37002,3rd Party - DoorDash,599.94,
08/03/2026,37002,3rd Party - GrubHub,181.83,
08/03/2026,37002,3rd Party - UberEats,83.12,
08/03/2026,37002,Cash Over/Short Adjustment,0.67,
08/03/2026,37002,Register Audit Adjustment,368,
08/03/2026,37004,Subject to Tax,,1846.36
08/03/2026,37004,Non-Taxable Sales,,251.4
08/03/2026,37004,Register Audit,189,
08/03/2026,37004,Sales Tax,,156.97
08/03/2026,37004,In-Store Credit Card,1305.95,
08/03/2026,37004,Online Credit card,599.04,
08/03/2026,37004,Online Gift Card,29.49,
08/03/2026,37004,Online Credit Card Tips,,15.15
08/03/2026,37004,In-Store Credit Card Tips,,99.05
08/03/2026,37004,Online Gift Card Tips,,1
08/03/2026,37004,Gift Card,11.23,
08/03/2026,37004,3rd Party - DoorDash,224.64,
08/03/2026,37004,3rd Party - GrubHub,13.93,
08/03/2026,37004,Cash Over/Short Adjustment,,0.35
08/03/2026,37004,Register Audit Adjustment,,3
08/03/2026,37006,Subject to Tax,,4063.34
08/03/2026,37006,Non-Taxable Sales,,598.47
08/03/2026,37006,Sales Tax,,345.38
08/03/2026,37006,In-Store Credit Card,2464.74,
08/03/2026,37006,Online Credit card,1436.76,
08/03/2026,37006,Online Gift Card,30.56,
08/03/2026,37006,Online Credit Card Tips,,52.62
08/03/2026,37006,In-Store Credit Card Tips,,170.62
08/03/2026,37006,Online Gift Card Tips,,3
08/03/2026,37006,Gift Card,57.94,
08/03/2026,37006,3rd Party - DoorDash,524.02,
08/03/2026,37006,3rd Party - UberEats,94.98,
08/03/2026,37006,Cash Over/Short Adjustment,0.43,
08/03/2026,37006,Register Audit Adjustment,624,
08/03/2026,37007,Subject to Tax,,5364.56
08/03/2026,37007,Non-Taxable Sales,,665.06
08/03/2026,37007,Sales Tax,,456.1
08/03/2026,37007,In-Store Credit Card,2340.85,
08/03/2026,37007,Payout,25.99,
08/03/2026,37007,Online Credit card,2285.53,
08/03/2026,37007,Online Gift Card,19.75,
08/03/2026,37007,Online Credit Card Tips,,45
08/03/2026,37007,In-Store Credit Card Tips,,126.24
08/03/2026,37007,3rd Party - DoorDash,1215.91,
08/03/2026,37007,3rd Party - GrubHub,118.11,
08/03/2026,37007,3rd Party - UberEats,309.15,
08/03/2026,37007,Cash Over/Short Adjustment,0.67,
08/03/2026,37007,Register Audit Adjustment,341,
08/03/2026,37009,Subject to Tax,,3728.07
08/03/2026,37009,Non-Taxable Sales,,342.92
08/03/2026,37009,Sales Tax,,316.92
08/03/2026,37009,In-Store Credit Card,1595.52,
08/03/2026,37009,Online Credit card,1859.04,
08/03/2026,37009,Online Gift Card,10,
08/03/2026,37009,Online Credit Card Tips,,53.31
08/03/2026,37009,In-Store Credit Card Tips,,132.73
08/03/2026,37009,Gift Card,32.52,
08/03/2026,37009,3rd Party - DoorDash,708.3,
08/03/2026,37009,3rd Party - UberEats,101.99,
08/03/2026,37009,Cash Over/Short Adjustment,0.58,
08/03/2026,37009,Register Audit Adjustment,266,
08/03/2026,37010,Subject to Tax,,6646.11
08/03/2026,37010,Non-Taxable Sales,,821.8
08/03/2026,37010,Register Audit,887,
08/03/2026,37010,Sales Tax,,565.03
08/03/2026,37010,In-Store Credit Card,4187.19,
08/03/2026,37010,Online Credit card,2719.65,
08/03/2026,37010,Online Credit Card Tips,,117
08/03/2026,37010,In-Store Credit Card Tips,,295.16
08/03/2026,37010,Gift Card,32.91,
08/03/2026,37010,Gift Card Sold,,50
08/03/2026,37010,3rd Party - DoorDash,542.71,
08/03/2026,37010,3rd Party - UberEats,122.62,
08/03/2026,37010,Cash Over/Short Adjustment,0.02,
08/03/2026,37010,Register Audit Adjustment,3,
08/03/2026,37013,Subject to Tax,,2600.11
08/03/2026,37013,Non-Taxable Sales,,345.35
08/03/2026,37013,Register Audit,453,
08/03/2026,37013,Sales Tax,,221.11
08/03/2026,37013,In-Store Credit Card,1616.4,
08/03/2026,37013,Payout,143.52,
08/03/2026,37013,Online Credit card,933.87,
08/03/2026,37013,Online Credit Card Tips,,35.31
08/03/2026,37013,In-Store Credit Card Tips,,128.26
08/03/2026,37013,3rd Party - DoorDash,183.58,
08/03/2026,37013,Cash Over/Short Adjustment,,0.23
08/03/2026,37014,Subject to Tax,,2991.8
08/03/2026,37014,Non-Taxable Sales,,367.41
08/03/2026,37014,Register Audit,336,
08/03/2026,37014,Sales Tax,,254.37
08/03/2026,37014,In-Store Credit Card,1599.25,
08/03/2026,37014,Online Credit card,1278.7,
08/03/2026,37014,Online Credit Card Tips,,39
08/03/2026,37014,In-Store Credit Card Tips,,93.79
08/03/2026,37014,Gift Card,15.04,
08/03/2026,37014,Gift Card Sold,,25
08/03/2026,37014,3rd Party - DoorDash,458.57,
08/03/2026,37014,3rd Party - UberEats,81.94,
08/03/2026,37014,Cash Over/Short Adjustment,0.87,
08/03/2026,37014,Register Audit Adjustment,1,
08/03/2026,37016,Subject to Tax,,3152.27
08/03/2026,37016,Non-Taxable Sales,,392.12
08/03/2026,37016,Register Audit,690,
08/03/2026,37016,Sales Tax,,268.04
08/03/2026,37016,In-Store Credit Card,2459.71,
08/03/2026,37016,Payout,18,
08/03/2026,37016,Online Credit card,686.79,
08/03/2026,37016,Online Credit Card Tips,,26
08/03/2026,37016,In-Store Credit Card Tips,,164.91
08/03/2026,37016,Gift Card,19.81,
08/03/2026,37016,3rd Party - DoorDash,116.74,
08/03/2026,37016,3rd Party - GrubHub,11.78,
08/03/2026,37016,Cash Over/Short Adjustment,0.51,
08/03/2026,37020,Subject to Tax,,2025.97
08/03/2026,37020,Non-Taxable Sales,,234.83
08/03/2026,37020,Register Audit,186,
08/03/2026,37020,Sales Tax,,172.27
08/03/2026,37020,In-Store Credit Card,1124.02,
08/03/2026,37020,Online Credit card,953.99,
08/03/2026,37020,Online Credit Card Tips,,34.5
08/03/2026,37020,In-Store Credit Card Tips,,62.17
08/03/2026,37020,3rd Party - DoorDash,265.52,
08/03/2026,37020,Cash Over/Short Adjustment,0.21,
08/03/2026,49001,Subject to Tax,,3985.55
08/03/2026,49001,3rd Party Tax Exempt,,1059.03
08/03/2026,49001,Sales Tax,,318.74
08/03/2026,49001,In-Store Credit Card,2403.39,
08/03/2026,49001,Online Credit card,1604.14,
08/03/2026,49001,Online Credit Card Tips,,56.74
08/03/2026,49001,In-Store Credit Card Tips,,138.79
08/03/2026,49001,Gift Card,35.31,
08/03/2026,49001,3rd Party - DoorDash,945.63,
08/03/2026,49001,3rd Party - GrubHub,8.34,
08/03/2026,49001,3rd Party - UberEats,105.06,
08/03/2026,49001,Cash Over/Short Adjustment,0.98,
08/03/2026,49001,Register Audit Adjustment,456,
08/03/2026,49002,Subject to Tax,,3229.95
08/03/2026,49002,3rd Party Tax Exempt,,360.73
08/03/2026,49002,Sales Tax,,258.56
08/03/2026,49002,In-Store Credit Card,1915.35,
08/03/2026,49002,Payout,13.63,
08/03/2026,49002,Online Credit card,1030.91,
08/03/2026,49002,Online Gift Card,21.06,
08/03/2026,49002,Online Credit Card Tips,,22
08/03/2026,49002,In-Store Credit Card Tips,,103.07
08/03/2026,49002,Gift Card,10,
08/03/2026,49002,3rd Party - DoorDash,339.85,
08/03/2026,49002,3rd Party - UberEats,20.88,
08/03/2026,49002,Cash Over/Short Adjustment,0.63,
08/03/2026,49002,Register Audit Adjustment,622,
08/03/2026,49003,Subject to Tax,,3181.78
08/03/2026,49003,3rd Party Tax Exempt,,247.85
08/03/2026,49003,Sales Tax,,254.38
08/03/2026,49003,In-Store Credit Card,2325.79,
08/03/2026,49003,Online Credit card,841.23,
08/03/2026,49003,Online Credit Card Tips,,27
08/03/2026,49003,In-Store Credit Card Tips,,187.36
08/03/2026,49003,3rd Party - DoorDash,196.16,
08/03/2026,49003,3rd Party - UberEats,51.69,
08/03/2026,49003,Cash Over/Short Adjustment,0.5,
08/03/2026,49003,Register Audit Adjustment,483,
08/03/2026,49004,Subject to Tax,,3772
08/03/2026,49004,3rd Party Tax Exempt,,816
08/03/2026,49004,Sales Tax,,301.64
08/03/2026,49004,In-Store Credit Card,2416.35,
08/03/2026,49004,Online Credit card,1418.01,
08/03/2026,49004,Online Gift Card,30.4,
08/03/2026,49004,Online Credit Card Tips,,49.99
08/03/2026,49004,In-Store Credit Card Tips,,149.89
08/03/2026,49004,Online Gift Card Tips,,1
08/03/2026,49004,Gift Card,25,
08/03/2026,49004,3rd Party - DoorDash,672.13,
08/03/2026,49004,3rd Party - UberEats,143.87,
08/03/2026,49004,Cash Over/Short Adjustment,0.76,
08/03/2026,49004,Register Audit Adjustment,384,
08/03/2026,49005,Subject to Tax,,3625.4
08/03/2026,49005,3rd Party Tax Exempt,,542.98
08/03/2026,49005,Tax Exempt,,358.5
08/03/2026,49005,Sales Tax,,290.25
08/03/2026,49005,In-Store Credit Card,2764.65,
08/03/2026,49005,Payout,38.15,
08/03/2026,49005,Online Credit card,1185.31,
08/03/2026,49005,Online Credit Card Tips,,41
08/03/2026,49005,In-Store Credit Card Tips,,204.91
08/03/2026,49005,3rd Party - DoorDash,423.29,
08/03/2026,49005,3rd Party - UberEats,119.69,
08/03/2026,49005,Cash Over/Short Adjustment,0.95,
08/03/2026,49005,Register Audit Adjustment,531,
08/03/2026,49006,Subject to Tax,,5465.8
08/03/2026,49006,3rd Party Tax Exempt,,803.91
08/03/2026,49006,Register Audit,718,
08/03/2026,49006,Sales Tax,,436.96
08/03/2026,49006,In-Store Credit Card,3526.49,
08/03/2026,49006,Online Credit card,1870.83,
08/03/2026,49006,Online Gift Card,3.62,
08/03/2026,49006,Online Credit Card Tips,,85.34
08/03/2026,49006,In-Store Credit Card Tips,,193.15
08/03/2026,49006,Gift Card,60.17,
08/03/2026,49006,3rd Party - DoorDash,636.03,
08/03/2026,49006,3rd Party - UberEats,167.88,
08/03/2026,49006,Cash Over/Short Adjustment,0.14,
08/03/2026,49006,Register Audit Adjustment,2,
08/03/2026,49007,Subject to Tax,,2615.6
08/03/2026,49007,3rd Party Tax Exempt,,124.04
08/03/2026,49007,Register Audit,249.5,
08/03/2026,49007,Sales Tax,,208.54
08/03/2026,49007,In-Store Credit Card,1383.45,
08/03/2026,49007,Online Credit card,1261.32,
08/03/2026,49007,Online Gift Card,34.72,
08/03/2026,49007,Online Credit Card Tips,,41
08/03/2026,49007,In-Store Credit Card Tips,,94.92
08/03/2026,49007,Gift Card,31.09,
08/03/2026,49007,3rd Party - UberEats,124.04,
08/03/2026,49007,Cash Over/Short Adjustment,,0.02
08/03/2026,49008,Subject to Tax,,2998
08/03/2026,49008,3rd Party Tax Exempt,,688.88
08/03/2026,49008,Sales Tax,,239.29
08/03/2026,49008,In-Store Credit Card,1508.35,
08/03/2026,49008,Payout,29.44,
08/03/2026,49008,Online Credit card,1359.61,
08/03/2026,49008,Online Gift Card,19.86,
08/03/2026,49008,Online Credit Card Tips,,41
08/03/2026,49008,In-Store Credit Card Tips,,79.73
08/03/2026,49008,3rd Party - DoorDash,655.04,
08/03/2026,49008,3rd Party - UberEats,33.84,
08/03/2026,49008,Cash Over/Short Adjustment,0.76,
08/03/2026,49008,Register Audit Adjustment,440,
08/03/2026,49009,Subject to Tax,,4739.65
08/03/2026,49009,3rd Party Tax Exempt,,507.62
08/03/2026,49009,Sales Tax,,378.94
08/03/2026,49009,In-Store Credit Card,2857.59,
08/03/2026,49009,Payout,47.52,
08/03/2026,49009,Online Credit card,1607.53,
08/03/2026,49009,Online Credit Card Tips,,38.28
08/03/2026,49009,In-Store Credit Card Tips,,148.72
08/03/2026,49009,Gift Card,95.74,
08/03/2026,49009,3rd Party - DoorDash,493.7,
08/03/2026,49009,3rd Party - UberEats,13.92,
08/03/2026,49009,Cash Over/Short Adjustment,0.21,
08/03/2026,49009,Register Audit Adjustment,697,
08/03/2026,49010,Subject to Tax,,2682.18
08/03/2026,49010,3rd Party Tax Exempt,,821.17
08/03/2026,49010,Sales Tax,,214.58
08/03/2026,49010,In-Store Credit Card,1590.04,
08/03/2026,49010,Online Credit card,1220.55,
08/03/2026,49010,Online Gift Card,16.55,
08/03/2026,49010,Online Credit Card Tips,,50.39
08/03/2026,49010,In-Store Credit Card Tips,,125.68
08/03/2026,49010,Online Gift Card Tips,,1
08/03/2026,49010,Gift Card,16.31,
08/03/2026,49010,3rd Party - DoorDash,684.67,
08/03/2026,49010,3rd Party - UberEats,136.5,
08/03/2026,49010,Cash Over/Short Adjustment,0.38,
08/03/2026,49010,Register Audit Adjustment,230,
08/03/2026,49011,Subject to Tax,,4688.8
08/03/2026,49011,3rd Party Tax Exempt,,307.4
08/03/2026,49011,Tax Exempt,,1440.05
08/03/2026,49011,Register Audit,2176,
08/03/2026,49011,Sales Tax,,374.69
08/03/2026,49011,In-Store Credit Card,2266.6,
08/03/2026,49011,Online Credit card,2194.73,
08/03/2026,49011,Online Gift Card,59.77,
08/03/2026,49011,Online Credit Card Tips,,81.34
08/03/2026,49011,In-Store Credit Card Tips,,150.8
08/03/2026,49011,Online Gift Card Tips,,1
08/03/2026,49011,Gift Card,38.67,
08/03/2026,49011,3rd Party - DoorDash,244.6,
08/03/2026,49011,3rd Party - GrubHub,30.22,
08/03/2026,49011,3rd Party - UberEats,32.58,
08/03/2026,49011,Cash Over/Short Adjustment,0.91,
08/04/2026,2006,Subject to Tax,,231.36
08/04/2026,2006,Non-Taxable Sales,,3749.4
08/04/2026,2006,3rd Party Tax Exempt,,15.36
08/04/2026,2006,Register Audit,98,
08/04/2026,2006,Sales Tax,,16.47
08/04/2026,2006,In-Store Credit Card,2150.95,
08/04/2026,2006,Payout,68.06,
08/04/2026,2006,Online Credit card,1294.7,
08/04/2026,2006,Online Gift Card,10.7,
08/04/2026,2006,Online Credit Card Tips,,36
08/04/2026,2006,In-Store Credit Card Tips,,107.07
08/04/2026,2006,Gift Card,22,
08/04/2026,2006,3rd Party - DoorDash,282.08,
08/04/2026,2006,3rd Party - GrubHub,65.62,
08/04/2026,2006,3rd Party - UberEats,163.62,
08/04/2026,2006,Cash Over/Short Adjustment,,0.07
08/04/2026,2016,Subject to Tax,,173.83
08/04/2026,2016,Non-Taxable Sales,,3618.03
08/04/2026,2016,3rd Party Tax Exempt,,14.88
08/04/2026,2016,Sales Tax,,11.47
08/04/2026,2016,In-Store Credit Card,1820.55,
08/04/2026,2016,Payout,43.2,
08/04/2026,2016,Online Credit card,1254.13,
08/04/2026,2016,Online Gift Card,21.3,
08/04/2026,2016,Online Credit Card Tips,,35.8
08/04/2026,2016,In-Store Credit Card Tips,,107.35
08/04/2026,2016,Online Gift Card Tips,,5
08/04/2026,2016,Gift Card,17.39,
08/04/2026,2016,3rd Party - DoorDash,340.06,
08/04/2026,2016,3rd Party - GrubHub,66.84,
08/04/2026,2016,3rd Party - UberEats,74.74,
08/04/2026,2016,Cash Over/Short Adjustment,0.15,
08/04/2026,2016,Register Audit Adjustment,328,
08/04/2026,2017,Subject to Tax,,159.58
08/04/2026,2017,Non-Taxable Sales,,3362.86
08/04/2026,2017,3rd Party Tax Exempt,,14.52
08/04/2026,2017,Register Audit,166,
08/04/2026,2017,Sales Tax,,11.41
08/04/2026,2017,In-Store Credit Card,2027.95,
08/04/2026,2017,Online Credit card,1024.53,
08/04/2026,2017,Online Credit Card Tips,,42.3
08/04/2026,2017,In-Store Credit Card Tips,,142.35
08/04/2026,2017,Gift Card,57.7,
08/04/2026,2017,3rd Party - DoorDash,384.72,
08/04/2026,2017,3rd Party - GrubHub,11.51,
08/04/2026,2017,3rd Party - UberEats,60.46,
08/04/2026,2017,Cash Over/Short Adjustment,0.15,
08/04/2026,2020,Subject to Tax,,322.84
08/04/2026,2020,Non-Taxable Sales,,2855.91
08/04/2026,2020,3rd Party Tax Exempt,,18.24
08/04/2026,2020,Register Audit,321,
08/04/2026,2020,Sales Tax,,22.77
08/04/2026,2020,In-Store Credit Card,1658.26,
08/04/2026,2020,Payout,27,
08/04/2026,2020,Online Credit card,808.55,
08/04/2026,2020,Online Gift Card,100.12,
08/04/2026,2020,Online Credit Card Tips,,25.7
08/04/2026,2020,In-Store Credit Card Tips,,96.31
08/04/2026,2020,Online Gift Card Tips,,1
08/04/2026,2020,Gift Card,13.76,
08/04/2026,2020,3rd Party - DoorDash,395.31,
08/04/2026,2020,3rd Party - UberEats,18.53,
08/04/2026,2020,Cash Over/Short Adjustment,0.24,
08/04/2026,2023,Subject to Tax,,202.44
08/04/2026,2023,Non-Taxable Sales,,3559.15
08/04/2026,2023,3rd Party Tax Exempt,,17.88
08/04/2026,2023,Register Audit,187,
08/04/2026,2023,Sales Tax,,13.84
08/04/2026,2023,In-Store Credit Card,1916.46,
08/04/2026,2023,Online Credit card,1187.99,
08/04/2026,2023,Online Gift Card,62.11,
08/04/2026,2023,Online Credit Card Tips,,31
08/04/2026,2023,In-Store Credit Card Tips,,125.79
08/04/2026,2023,Gift Card,30.15,
08/04/2026,2023,3rd Party - DoorDash,328.84,
08/04/2026,2023,3rd Party - GrubHub,46.2,
08/04/2026,2023,3rd Party - UberEats,190.81,
08/04/2026,2023,Cash Over/Short Adjustment,0.54,
08/04/2026,2024,Subject to Tax,,172.72
08/04/2026,2024,Non-Taxable Sales,,2919.26
08/04/2026,2024,3rd Party Tax Exempt,,26.04
08/04/2026,2024,Register Audit,244,
08/04/2026,2024,Sales Tax,,12.83
08/04/2026,2024,In-Store Credit Card,1572.06,
08/04/2026,2024,Online Credit card,993.46,
08/04/2026,2024,Online Gift Card,16.4,
08/04/2026,2024,Online Credit Card Tips,,40.78
08/04/2026,2024,In-Store Credit Card Tips,,103.77
08/04/2026,2024,Gift Card,19.3,
08/04/2026,2024,3rd Party - DoorDash,290.41,
08/04/2026,2024,3rd Party - GrubHub,72.34,
08/04/2026,2024,3rd Party - UberEats,68.1,
08/04/2026,2024,Cash Over/Short Adjustment,,0.67
08/04/2026,2047,Subject to Tax,,120.9
08/04/2026,2047,Non-Taxable Sales,,2598.21
08/04/2026,2047,Register Audit,288,
08/04/2026,2047,Sales Tax,,8.51
08/04/2026,2047,In-Store Credit Card,1632.97,
08/04/2026,2047,Payout,36.38,
08/04/2026,2047,Online Credit card,404.86,
08/04/2026,2047,Online Gift Card,20.7,
08/04/2026,2047,Online Credit Card Tips,,14
08/04/2026,2047,In-Store Credit Card Tips,,92.53
08/04/2026,2047,Online Gift Card Tips,,2
08/04/2026,2047,Gift Card,53.21,
08/04/2026,2047,3rd Party - DoorDash,287.38,
08/04/2026,2047,3rd Party - GrubHub,24.11,
08/04/2026,2047,3rd Party - UberEats,88.32,
08/04/2026,2047,Cash Over/Short Adjustment,0.22,
08/04/2026,4003,Subject to Tax,,4392.76
08/04/2026,4003,Register Audit,233,
08/04/2026,4003,Sales Tax,,428.26
08/04/2026,4003,In-Store Credit Card,3182.53,
08/04/2026,4003,Online Credit card,1039.97,
08/04/2026,4003,Online Gift Card,29.27,
08/04/2026,4003,Online Credit Card Tips,,37
08/04/2026,4003,In-Store Credit Card Tips,,235.35
08/04/2026,4003,Online Gift Card Tips,,2
08/04/2026,4003,Gift Card,23.4,
08/04/2026,4003,Gift Card Sold,,50
08/04/2026,4003,3rd Party - DoorDash,460.17,
08/04/2026,4003,3rd Party - GrubHub,27.82,
08/04/2026,4003,3rd Party - UberEats,148.24,
08/04/2026,4003,Cash Over/Short Adjustment,0.97,
08/04/2026,4004,Subject to Tax,,4141.28
08/04/2026,4004,Register Audit,128,
08/04/2026,4004,Sales Tax,,403.76
08/04/2026,4004,In-Store Credit Card,2283.31,
08/04/2026,4004,Payout,33.7,
08/04/2026,4004,Online Credit card,810.41,
08/04/2026,4004,Online Gift Card,8.49,
08/04/2026,4004,Online Credit Card Tips,,8
08/04/2026,4004,In-Store Credit Card Tips,,159.16
08/04/2026,4004,Gift Card Sold,,33.5
08/04/2026,4004,3rd Party - DoorDash,949.73,
08/04/2026,4004,3rd Party - GrubHub,30.69,
08/04/2026,4004,3rd Party - UberEats,502.34,
08/04/2026,4004,Cash Over/Short Adjustment,,0.97
08/04/2026,4005,Subject to Tax,,4385.82
08/04/2026,4005,Register Audit,438,
08/04/2026,4005,Sales Tax,,427.57
08/04/2026,4005,In-Store Credit Card,3284.01,
08/04/2026,4005,Online Credit card,810.98,
08/04/2026,4005,Online Gift Card,8.92,
08/04/2026,4005,In-Store Credit Card Tips,,234.73
08/04/2026,4005,Gift Card,26.91,
08/04/2026,4005,3rd Party - DoorDash,218.02,
08/04/2026,4005,3rd Party - UberEats,260.83,
08/04/2026,4005,Cash Over/Short Adjustment,0.45,
08/04/2026,4008,Subject to Tax,,2805.09
08/04/2026,4008,Register Audit,308,
08/04/2026,4008,Sales Tax,,273.31
08/04/2026,4008,In-Store Credit Card,1663,
08/04/2026,4008,Online Credit card,719.73,
08/04/2026,4008,Online Credit Card Tips,,17.16
08/04/2026,4008,In-Store Credit Card Tips,,105.01
08/04/2026,4008,Gift Card,38.96,
08/04/2026,4008,3rd Party - DoorDash,244.37,
08/04/2026,4008,3rd Party - UberEats,226.97,
08/04/2026,4008,Cash Over/Short Adjustment,,0.46
08/04/2026,4009,Subject to Tax,,2714.67
08/04/2026,4009,Register Audit,289,
08/04/2026,4009,Sales Tax,,264.63
08/04/2026,4009,In-Store Credit Card,1636.32,
08/04/2026,4009,Payout,10,
08/04/2026,4009,Online Credit card,308.35,
08/04/2026,4009,Online Credit Card Tips,,10
08/04/2026,4009,In-Store Credit Card Tips,,77.07
08/04/2026,4009,Gift Card,13.26,
08/04/2026,4009,3rd Party - DoorDash,440.77,
08/04/2026,4009,3rd Party - GrubHub,13.04,
08/04/2026,4009,3rd Party - UberEats,365.7,
08/04/2026,4009,Cash Over/Short Adjustment,,0.07
08/04/2026,4010,Subject to Tax,,2543.49
08/04/2026,4010,Register Audit,178,
08/04/2026,4010,Sales Tax,,247.93
08/04/2026,4010,In-Store Credit Card,1827.97,
08/04/2026,4010,Online Credit card,373.17,
08/04/2026,4010,Online Gift Card,50,
08/04/2026,4010,In-Store Credit Card Tips,,127.24
08/04/2026,4010,Gift Card,11.52,
08/04/2026,4010,3rd Party - DoorDash,306.56,
08/04/2026,4010,3rd Party - GrubHub,31.01,
08/04/2026,4010,3rd Party - UberEats,140.15,
08/04/2026,4010,Cash Over/Short Adjustment,0.28,
08/04/2026,4015,Subject to Tax,,3318.04
08/04/2026,4015,Register Audit,347,
08/04/2026,4015,Sales Tax,,323.44
08/04/2026,4015,In-Store Credit Card,1990.95,
08/04/2026,4015,Online Credit card,929.4,
08/04/2026,4015,Online Gift Card,10.87,
08/04/2026,4015,Online Credit Card Tips,,26
08/04/2026,4015,In-Store Credit Card Tips,,141.86
08/04/2026,4015,Gift Card,11.74,
08/04/2026,4015,3rd Party - DoorDash,477.57,
08/04/2026,4015,3rd Party - UberEats,42.74,
08/04/2026,4015,Cash Over/Short Adjustment,,0.93
08/04/2026,4021,Subject to Tax,,3479.99
08/04/2026,4021,Register Audit,211,
08/04/2026,4021,Sales Tax,,339.24
08/04/2026,4021,In-Store Credit Card,1829.64,
08/04/2026,4021,Online Credit card,1283.24,
08/04/2026,4021,Online Credit Card Tips,,43
08/04/2026,4021,In-Store Credit Card Tips,,109.9
08/04/2026,4021,3rd Party - DoorDash,367.34,
08/04/2026,4021,3rd Party - GrubHub,67.08,
08/04/2026,4021,3rd Party - UberEats,213.3,
08/04/2026,4021,Cash Over/Short Adjustment,0.53,
08/04/2026,4025,Subject to Tax,,2906.71
08/04/2026,4025,Register Audit,228,
08/04/2026,4025,Sales Tax,,283.36
08/04/2026,4025,In-Store Credit Card,1644.97,
08/04/2026,4025,Online Credit card,665.29,
08/04/2026,4025,Online Credit Card Tips,,22.6
08/04/2026,4025,In-Store Credit Card Tips,,89.91
08/04/2026,4025,Gift Card,40.33,
08/04/2026,4025,3rd Party - DoorDash,490.33,
08/04/2026,4025,3rd Party - GrubHub,15.28,
08/04/2026,4025,3rd Party - UberEats,219.02,
08/04/2026,4025,Cash Over/Short Adjustment,,0.64
08/04/2026,4027,Subject to Tax,,4023.96
08/04/2026,4027,Sales Tax,,392.25
08/04/2026,4027,In-Store Credit Card,1977.61,
08/04/2026,4027,Online Credit card,1065.55,
08/04/2026,4027,In-Store Credit Card Tips,,130.99
08/04/2026,4027,Gift Card,8.45,
08/04/2026,4027,3rd Party - DoorDash,564.43,
08/04/2026,4027,3rd Party - UberEats,589.85,
08/04/2026,4027,Cash Over/Short Adjustment,0.31,
08/04/2026,4027,Register Audit Adjustment,341,
08/04/2026,4034,Subject to Tax,,3313.06
08/04/2026,4034,Register Audit,206,
08/04/2026,4034,Sales Tax,,322.99
08/04/2026,4034,In-Store Credit Card,1642.27,
08/04/2026,4034,Online Credit card,1044.96,
08/04/2026,4034,Online Gift Card,33.1,
08/04/2026,4034,Online Credit Card Tips,,17
08/04/2026,4034,In-Store Credit Card Tips,,83.72
08/04/2026,4034,Gift Card,7.66,
08/04/2026,4034,3rd Party - DoorDash,500.97,
08/04/2026,4034,3rd Party - UberEats,302.63,
08/04/2026,4034,Cash Over/Short Adjustment,,0.82
08/04/2026,4036,Subject to Tax,,4550.34
08/04/2026,4036,Register Audit,398,
08/04/2026,4036,Sales Tax,,443.64
08/04/2026,4036,In-Store Credit Card,2456.58,
08/04/2026,4036,Payout,7.76,
08/04/2026,4036,Online Credit card,1309.76,
08/04/2026,4036,Online Credit Card Tips,,44.62
08/04/2026,4036,In-Store Credit Card Tips,,129.3
08/04/2026,4036,Gift Card,22.51,
08/04/2026,4036,3rd Party - DoorDash,449.86,
08/04/2026,4036,3rd Party - UberEats,523.22,
08/04/2026,4036,Cash Over/Short Adjustment,0.21,
08/04/2026,4042,Subject to Tax,,4933.8
08/04/2026,4042,Sales Tax,,481.08
08/04/2026,4042,In-Store Credit Card,2577.1,
08/04/2026,4042,Payout,60,
08/04/2026,4042,Online Credit card,1320.24,
08/04/2026,4042,Online Gift Card,8.26,
08/04/2026,4042,Online Credit Card Tips,,30.86
08/04/2026,4042,In-Store Credit Card Tips,,131.77
08/04/2026,4042,Gift Card,30.27,
08/04/2026,4042,3rd Party - DoorDash,1286.51,
08/04/2026,4042,3rd Party - GrubHub,28.25,
08/04/2026,4042,3rd Party - UberEats,145.95,
08/04/2026,4042,Cash Over/Short Adjustment,0.93,
08/04/2026,4042,Register Audit Adjustment,120,
08/04/2026,4052,Subject to Tax,,4413.17
08/04/2026,4052,Register Audit,694,
08/04/2026,4052,Sales Tax,,430.31
08/04/2026,4052,In-Store Credit Card,2494.15,
08/04/2026,4052,Payout,108.62,
08/04/2026,4052,Online Credit card,1007.67,
08/04/2026,4052,Online Credit Card Tips,,21
08/04/2026,4052,In-Store Credit Card Tips,,177.46
08/04/2026,4052,Gift Card,48.07,
08/04/2026,4052,3rd Party - DoorDash,617.81,
08/04/2026,4052,3rd Party - UberEats,70.39,
08/04/2026,4052,Cash Over/Short Adjustment,0.23,
08/04/2026,4052,Register Audit Adjustment,1,
08/04/2026,4061,Subject to Tax,,3685.06
08/04/2026,4061,Register Audit,410,
08/04/2026,4061,Sales Tax,,359.29
08/04/2026,4061,In-Store Credit Card,2046.24,
08/04/2026,4061,Payout,56.16,
08/04/2026,4061,Online Credit card,1016.71,
08/04/2026,4061,Online Gift Card,35.67,
08/04/2026,4061,Online Credit Card Tips,,32.72
08/04/2026,4061,In-Store Credit Card Tips,,135.39
08/04/2026,4061,Gift Card,24.25,
08/04/2026,4061,3rd Party - DoorDash,465.71,
08/04/2026,4061,3rd Party - UberEats,158.44,
08/04/2026,4061,Cash Over/Short Adjustment,,0.72
08/04/2026,4074,Subject to Tax,,3501.45
08/04/2026,4074,Register Audit,170,
08/04/2026,4074,Sales Tax,,341.44
08/04/2026,4074,In-Store Credit Card,2064.99,
08/04/2026,4074,Online Credit card,1195.1,
08/04/2026,4074,Online Gift Card,43.49,
08/04/2026,4074,Online Credit Card Tips,,47.17
08/04/2026,4074,In-Store Credit Card Tips,,141.89
08/04/2026,4074,3rd Party - DoorDash,498.53,
08/04/2026,4074,3rd Party - UberEats,59.94,
08/04/2026,4074,Cash Over/Short Adjustment,,0.1
08/04/2026,5042,Subject to Tax,,2621.9
08/04/2026,5042,Non-Taxable Sales,,15.5
08/04/2026,5042,3rd Party Tax Exempt,,741.54
08/04/2026,5042,Register Audit,239,
08/04/2026,5042,Sales Tax,,180.51
08/04/2026,5042,In-Store Credit Card,1747.31,
08/04/2026,5042,Payout,6.94,
08/04/2026,5042,Online Credit card,1018.16,
08/04/2026,5042,Online Credit Card Tips,,51
08/04/2026,5042,In-Store Credit Card Tips,,153.5
08/04/2026,5042,Gift Card,11.96,
08/04/2026,5042,3rd Party - DoorDash,281.67,
08/04/2026,5042,3rd Party - UberEats,459.87,
08/04/2026,5042,Cash Over/Short Adjustment,,0.96
08/04/2026,5043,Subject to Tax,,4688.95
08/04/2026,5043,Non-Taxable Sales,,46.5
08/04/2026,5043,3rd Party Tax Exempt,,946.2
08/04/2026,5043,Register Audit,833,
08/04/2026,5043,Sales Tax,,321.12
08/04/2026,5043,In-Store Credit Card,2839.46,
08/04/2026,5043,Online Credit card,1631.28,
08/04/2026,5043,Online Credit Card Tips,,64
08/04/2026,5043,In-Store Credit Card Tips,,182.44
08/04/2026,5043,3rd Party - DoorDash,390.72,
08/04/2026,5043,3rd Party - GrubHub,143.63,
08/04/2026,5043,3rd Party - UberEats,411.85,
08/04/2026,5043,Cash Over/Short Adjustment,,0.73
08/04/2026,5049,Subject to Tax,,2503.94
08/04/2026,5049,Non-Taxable Sales,,5.5
08/04/2026,5049,3rd Party Tax Exempt,,408.82
08/04/2026,5049,Register Audit,590,
08/04/2026,5049,Sales Tax,,204.63
08/04/2026,5049,In-Store Credit Card,1440.7,
08/04/2026,5049,Online Credit card,755.5,
08/04/2026,5049,Online Credit Card Tips,,20
08/04/2026,5049,In-Store Credit Card Tips,,72.04
08/04/2026,5049,Gift Card,20,
08/04/2026,5049,3rd Party - DoorDash,374.8,
08/04/2026,5049,3rd Party - UberEats,34.02,
08/04/2026,5049,Cash Over/Short Adjustment,,0.09
08/04/2026,5051,Subject to Tax,,2270.45
08/04/2026,5051,Non-Taxable Sales,,16
08/04/2026,5051,3rd Party Tax Exempt,,661.51
08/04/2026,5051,Register Audit,196,
08/04/2026,5051,Sales Tax,,156.97
08/04/2026,5051,In-Store Credit Card,1799.09,
08/04/2026,5051,Payout,12.84,
08/04/2026,5051,Online Credit card,544.46,
08/04/2026,5051,Online Credit Card Tips,,11
08/04/2026,5051,In-Store Credit Card Tips,,131.7
08/04/2026,5051,Gift Card,34.57,
08/04/2026,5051,3rd Party - DoorDash,291.71,
08/04/2026,5051,3rd Party - UberEats,369.8,
08/04/2026,5051,Cash Over/Short Adjustment,,0.84
08/04/2026,5057,Subject to Tax,,3094
08/04/2026,5057,Non-Taxable Sales,,13.5
08/04/2026,5057,3rd Party Tax Exempt,,494.28
08/04/2026,5057,Register Audit,468,
08/04/2026,5057,Sales Tax,,244.35
08/04/2026,5057,In-Store Credit Card,1979.9,
08/04/2026,5057,Online Credit card,1035.39,
08/04/2026,5057,Online Gift Card,19.66,
08/04/2026,5057,Online Credit Card Tips,,37
08/04/2026,5057,In-Store Credit Card Tips,,128.89
08/04/2026,5057,Gift Card,15,
08/04/2026,5057,3rd Party - DoorDash,340.75,
08/04/2026,5057,3rd Party - UberEats,153.53,
08/04/2026,5057,Cash Over/Short Adjustment,,0.21
08/04/2026,5059,Subject to Tax,,2129.55
08/04/2026,5059,Non-Taxable Sales,,11
08/04/2026,5059,3rd Party Tax Exempt,,274.46
08/04/2026,5059,Register Audit,290,
08/04/2026,5059,Sales Tax,,147.11
08/04/2026,5059,In-Store Credit Card,1587.73,
08/04/2026,5059,Online Credit card,495.17,
08/04/2026,5059,Online Credit Card Tips,,10
08/04/2026,5059,In-Store Credit Card Tips,,100.16
08/04/2026,5059,Gift Card,25,
08/04/2026,5059,3rd Party - DoorDash,163.49,
08/04/2026,5059,3rd Party - GrubHub,25.68,
08/04/2026,5059,3rd Party - UberEats,85.29,
08/04/2026,5059,Cash Over/Short Adjustment,,0.08
08/04/2026,5062,Subject to Tax,,2531.98
08/04/2026,5062,Non-Taxable Sales,,5
08/04/2026,5062,3rd Party Tax Exempt,,260.64
08/04/2026,5062,Sales Tax,,174.91
08/04/2026,5062,In-Store Credit Card,1764.08,
08/04/2026,5062,Online Credit card,939.21,
08/04/2026,5062,Online Credit Card Tips,,17
08/04/2026,5062,In-Store Credit Card Tips,,147.8
08/04/2026,5062,3rd Party - DoorDash,229.11,
08/04/2026,5062,3rd Party - UberEats,31.53,
08/04/2026,5062,Cash Over/Short Adjustment,0.4,
08/04/2026,5062,Register Audit Adjustment,173,
08/04/2026,5101,Subject to Tax,,2151.95
08/04/2026,5101,3rd Party Tax Exempt,,317
08/04/2026,5101,Register Audit,289,
08/04/2026,5101,Sales Tax,,149.03
08/04/2026,5101,In-Store Credit Card,1547.99,
08/04/2026,5101,Online Credit card,543.99,
08/04/2026,5101,Online Credit Card Tips,,22
08/04/2026,5101,In-Store Credit Card Tips,,75.88
08/04/2026,5101,Gift Card,18.14,
08/04/2026,5101,3rd Party - DoorDash,307.76,
08/04/2026,5101,3rd Party - UberEats,9.24,
08/04/2026,5101,Cash Over/Short Adjustment,,0.26
08/04/2026,5112,Subject to Tax,,2524.45
08/04/2026,5112,Non-Taxable Sales,,13
08/04/2026,5112,3rd Party Tax Exempt,,354
08/04/2026,5112,Register Audit,299,
08/04/2026,5112,Sales Tax,,200.34
08/04/2026,5112,In-Store Credit Card,1821.35,
08/04/2026,5112,Online Credit card,735.72,
08/04/2026,5112,Online Gift Card,19.66,
08/04/2026,5112,Online Credit Card Tips,,26
08/04/2026,5112,In-Store Credit Card Tips,,118.67
08/04/2026,5112,Gift Card,7.18,
08/04/2026,5112,3rd Party - DoorDash,236.34,
08/04/2026,5112,3rd Party - UberEats,117.66,
08/04/2026,5112,Cash Over/Short Adjustment,,0.45
08/04/2026,5127,Subject to Tax,,3745.15
08/04/2026,5127,3rd Party Tax Exempt,,120.05
08/04/2026,5127,Register Audit,595,
08/04/2026,5127,Sales Tax,,295.11
08/04/2026,5127,In-Store Credit Card,2415.15,
08/04/2026,5127,Online Credit card,1232.11,
08/04/2026,5127,Online Gift Card,25,
08/04/2026,5127,Online Credit Card Tips,,50.94
08/04/2026,5127,In-Store Credit Card Tips,,198.23
08/04/2026,5127,Online Gift Card Tips,,3
08/04/2026,5127,Gift Card,25,
08/04/2026,5127,3rd Party - DoorDash,99.01,
08/04/2026,5127,3rd Party - UberEats,21.04,
08/04/2026,5127,Cash Over/Short Adjustment,0.17,
08/04/2026,6021,Subject to Tax,,3293.6
08/04/2026,6021,Non-Taxable Sales,,38.5
08/04/2026,6021,3rd Party Tax Exempt,,97.75
08/04/2026,6021,Register Audit,167,
08/04/2026,6021,Sales Tax,,312.96
08/04/2026,6021,In-Store Credit Card,1814.07,
08/04/2026,6021,Online Credit card,1140.48,
08/04/2026,6021,Online Gift Card,9.26,
08/04/2026,6021,Online Credit Card Tips,,21
08/04/2026,6021,In-Store Credit Card Tips,,121.92
08/04/2026,6021,Gift Card,33.62,
08/04/2026,6021,3rd Party - DoorDash,517.17,
08/04/2026,6021,3rd Party - GrubHub,106.6,
08/04/2026,6021,3rd Party - UberEats,97.75,
08/04/2026,6021,Cash Over/Short Adjustment,,0.22
08/04/2026,6026,Subject to Tax,,3686.75
08/04/2026,6026,Non-Taxable Sales,,36
08/04/2026,6026,3rd Party Tax Exempt,,48.76
08/04/2026,6026,Register Audit,180,
08/04/2026,6026,Sales Tax,,221.16
08/04/2026,6026,In-Store Credit Card,1508.75,
08/04/2026,6026,Online Credit card,1986.89,
08/04/2026,6026,Online Gift Card,13.66,
08/04/2026,6026,Online Credit Card Tips,,53.47
08/04/2026,6026,In-Store Credit Card Tips,,83.82
08/04/2026,6026,Gift Card,41.13,
08/04/2026,6026,3rd Party - DoorDash,317.89,
08/04/2026,6026,3rd Party - GrubHub,32.37,
08/04/2026,6026,3rd Party - UberEats,48.76,
08/04/2026,6026,Cash Over/Short Adjustment,0.51,
08/04/2026,6032,Subject to Tax,,3921.2
08/04/2026,6032,Non-Taxable Sales,,22
08/04/2026,6032,3rd Party Tax Exempt,,342.56
08/04/2026,6032,Register Audit,172,
08/04/2026,6032,Sales Tax,,235.29
08/04/2026,6032,In-Store Credit Card,1873.52,
08/04/2026,6032,Online Credit card,1766.83,
08/04/2026,6032,Online Credit Card Tips,,52
08/04/2026,6032,In-Store Credit Card Tips,,122.6
08/04/2026,6032,Gift Card,12.11,
08/04/2026,6032,3rd Party - DoorDash,528.55,
08/04/2026,6032,3rd Party - UberEats,342.56,
08/04/2026,6032,Cash Over/Short Adjustment,0.08,
08/04/2026,6037,Subject to Tax,,3788.04
08/04/2026,6037,Register Audit,187,
08/04/2026,6037,Sales Tax,,416.79
08/04/2026,6037,In-Store Credit Card,2938.09,
08/04/2026,6037,Payout,12.71,
08/04/2026,6037,Online Credit card,1207.67,
08/04/2026,6037,Online Credit Card Tips,,45
08/04/2026,6037,In-Store Credit Card Tips,,142.52
08/04/2026,6037,Gift Card,35.98,
08/04/2026,6037,3rd Party - UberEats,24.24,
08/04/2026,6037,Cash Over/Short Adjustment,,0.63
08/04/2026,6039,Subject to Tax,,3234.89
08/04/2026,6039,Non-Taxable Sales,,31
08/04/2026,6039,3rd Party Tax Exempt,,101.64
08/04/2026,6039,Sales Tax,,194.04
08/04/2026,6039,In-Store Credit Card,1999.2,
08/04/2026,6039,Payout,25.42,
08/04/2026,6039,Online Credit card,1145.14,
08/04/2026,6039,Online Gift Card,25,
08/04/2026,6039,Online Credit Card Tips,,41
08/04/2026,6039,In-Store Credit Card Tips,,110.74
08/04/2026,6039,Gift Card,77.84,
08/04/2026,6039,3rd Party - DoorDash,254.97,
08/04/2026,6039,3rd Party - UberEats,101.64,
08/04/2026,6039,Cash Over/Short Adjustment,0.1,
08/04/2026,6039,Register Audit Adjustment,84,
08/04/2026,6044,Subject to Tax,,3346.7
08/04/2026,6044,Sales Tax,,378.26
08/04/2026,6044,In-Store Credit Card,1733.77,
08/04/2026,6044,Payout,34,
08/04/2026,6044,Online Credit card,833.41,
08/04/2026,6044,Online Credit Card Tips,,21
08/04/2026,6044,In-Store Credit Card Tips,,104.01
08/04/2026,6044,Gift Card,49.25,
08/04/2026,6044,3rd Party - DoorDash,566.13,
08/04/2026,6044,Cash Over/Short Adjustment,0.41,
08/04/2026,6044,Register Audit Adjustment,633,
08/04/2026,6065,Subject to Tax,,2730.18
08/04/2026,6065,Non-Taxable Sales,,10
08/04/2026,6065,3rd Party Tax Exempt,,100.16
08/04/2026,6065,Sales Tax,,273.19
08/04/2026,6065,In-Store Credit Card,1703.66,
08/04/2026,6065,Online Credit card,868.67,
08/04/2026,6065,Online Credit Card Tips,,28
08/04/2026,6065,In-Store Credit Card Tips,,104.51
08/04/2026,6065,Gift Card,5.9,
08/04/2026,6065,3rd Party - DoorDash,305.16,
08/04/2026,6065,3rd Party - GrubHub,73.44,
08/04/2026,6065,3rd Party - UberEats,100.16,
08/04/2026,6065,Cash Over/Short Adjustment,0.05,
08/04/2026,6065,Register Audit Adjustment,189,
08/04/2026,6067,Subject to Tax,,3045.23
08/04/2026,6067,Non-Taxable Sales,,5
08/04/2026,6067,3rd Party Tax Exempt,,16.08
08/04/2026,6067,Sales Tax,,344.19
08/04/2026,6067,In-Store Credit Card,1966.83,
08/04/2026,6067,Payout,35,
08/04/2026,6067,Online Credit card,824.85,
08/04/2026,6067,Online Credit Card Tips,,26
08/04/2026,6067,In-Store Credit Card Tips,,146.46
08/04/2026,6067,Gift Card,31.22,
08/04/2026,6067,Gift Card Sold,,20
08/04/2026,6067,3rd Party - DoorDash,360.27,
08/04/2026,6067,3rd Party - UberEats,16.08,
08/04/2026,6067,Cash Over/Short Adjustment,0.71,
08/04/2026,6067,Register Audit Adjustment,368,
08/04/2026,6072,Subject to Tax,,5827.67
08/04/2026,6072,Non-Taxable Sales,,11
08/04/2026,6072,3rd Party Tax Exempt,,64.98
08/04/2026,6072,Register Audit,528,
08/04/2026,6072,Sales Tax,,687.73
08/04/2026,6072,In-Store Credit Card,3944.66,
08/04/2026,6072,Payout,30,
08/04/2026,6072,Online Credit card,1543.89,
08/04/2026,6072,Online Credit Card Tips,,40.9
08/04/2026,6072,In-Store Credit Card Tips,,158.01
08/04/2026,6072,Gift Card,47.12,
08/04/2026,6072,Gift Card Sold,,30
08/04/2026,6072,3rd Party - DoorDash,645.11,
08/04/2026,6072,3rd Party - GrubHub,16.9,
08/04/2026,6072,3rd Party - UberEats,64.98,
08/04/2026,6072,Cash Over/Short Adjustment,,0.37
08/04/2026,6074,Subject to Tax,,2348.25
08/04/2026,6074,Non-Taxable Sales,,10
08/04/2026,6074,3rd Party Tax Exempt,,25.38
08/04/2026,6074,Sales Tax,,211.39
08/04/2026,6074,In-Store Credit Card,1735.64,
08/04/2026,6074,Online Credit card,719.32,
08/04/2026,6074,Online Credit Card Tips,,17.42
08/04/2026,6074,In-Store Credit Card Tips,,116.81
08/04/2026,6074,Gift Card,51.78,
08/04/2026,6074,3rd Party - GrubHub,28.45,
08/04/2026,6074,3rd Party - UberEats,25.38,
08/04/2026,6074,Cash Over/Short Adjustment,0.68,
08/04/2026,6074,Register Audit Adjustment,168,
08/04/2026,6076,Subject to Tax,,1849.35
08/04/2026,6076,3rd Party Tax Exempt,,54.24
08/04/2026,6076,Sales Tax,,166.38
08/04/2026,6076,In-Store Credit Card,1100.99,
08/04/2026,6076,Payout,7.4,
08/04/2026,6076,Online Credit card,540.14,
08/04/2026,6076,Online Gift Card,10,
08/04/2026,6076,Online Credit Card Tips,,22
08/04/2026,6076,In-Store Credit Card Tips,,64.93
08/04/2026,6076,3rd Party - DoorDash,253.81,
08/04/2026,6076,3rd Party - UberEats,54.24,
08/04/2026,6076,Cash Over/Short Adjustment,0.32,
08/04/2026,6076,Register Audit Adjustment,190,
08/04/2026,6083,Subject to Tax,,3060.28
08/04/2026,6083,Non-Taxable Sales,,19
08/04/2026,6083,3rd Party Tax Exempt,,126.42
08/04/2026,6083,Register Audit,115,
08/04/2026,6083,Sales Tax,,275.48
08/04/2026,6083,In-Store Credit Card,1859.19,
08/04/2026,6083,Online Credit card,1279.43,
08/04/2026,6083,Online Credit Card Tips,,36.5
08/04/2026,6083,In-Store Credit Card Tips,,108.27
08/04/2026,6083,Gift Card,4.51,
08/04/2026,6083,3rd Party - DoorDash,223.28,
08/04/2026,6083,3rd Party - GrubHub,17.66,
08/04/2026,6083,3rd Party - UberEats,126.42,
08/04/2026,6083,Cash Over/Short Adjustment,0.46,
08/04/2026,6088,Subject to Tax,,3418.02
08/04/2026,6088,Non-Taxable Sales,,10
08/04/2026,6088,3rd Party Tax Exempt,,102.64
08/04/2026,6088,Register Audit,307,
08/04/2026,6088,Sales Tax,,341.96
08/04/2026,6088,In-Store Credit Card,1828.22,
08/04/2026,6088,Online Credit card,1439.04,
08/04/2026,6088,Online Credit Card Tips,,52
08/04/2026,6088,In-Store Credit Card Tips,,121.77
08/04/2026,6088,3rd Party - DoorDash,369.19,
08/04/2026,6088,3rd Party - UberEats,102.64,
08/04/2026,6088,Cash Over/Short Adjustment,0.3,
08/04/2026,6093,Subject to Tax,,2614.06
08/04/2026,6093,Non-Taxable Sales,,5
08/04/2026,6093,Register Audit,245,
08/04/2026,6093,Sales Tax,,295.49
08/04/2026,6093,In-Store Credit Card,1607.84,
08/04/2026,6093,Online Credit card,1025.53,
08/04/2026,6093,Online Credit Card Tips,,31
08/04/2026,6093,In-Store Credit Card Tips,,107.89
08/04/2026,6093,Gift Card,35.14,
08/04/2026,6093,3rd Party - DoorDash,140.7,
08/04/2026,6093,Cash Over/Short Adjustment,,0.77
08/04/2026,6094,Subject to Tax,,2003.22
08/04/2026,6094,Non-Taxable Sales,,10
08/04/2026,6094,3rd Party Tax Exempt,,83.16
08/04/2026,6094,Sales Tax,,200.48
08/04/2026,6094,In-Store Credit Card,1458.66,
08/04/2026,6094,Online Credit card,623.86,
08/04/2026,6094,Online Credit Card Tips,,25
08/04/2026,6094,In-Store Credit Card Tips,,102.04
08/04/2026,6094,3rd Party - DoorDash,180.99,
08/04/2026,6094,3rd Party - UberEats,83.16,
08/04/2026,6094,Cash Over/Short Adjustment,0.23,
08/04/2026,6094,Register Audit Adjustment,77,
08/04/2026,6102,Subject to Tax,,2697.01
08/04/2026,6102,Non-Taxable Sales,,20
08/04/2026,6102,Sales Tax,,269.85
08/04/2026,6102,In-Store Credit Card,1787.85,
08/04/2026,6102,Payout,140.45,
08/04/2026,6102,Online Credit card,661.63,
08/04/2026,6102,Online Gift Card,20.15,
08/04/2026,6102,Online Credit Card Tips,,6
08/04/2026,6102,In-Store Credit Card Tips,,95.87
08/04/2026,6102,Gift Card,15.24,
08/04/2026,6102,3rd Party - DoorDash,167.03,
08/04/2026,6102,3rd Party - GrubHub,18.21,
08/04/2026,6102,3rd Party - UberEats,93.54,
08/04/2026,6102,Cash Over/Short Adjustment,0.63,
08/04/2026,6102,Register Audit Adjustment,184,
08/04/2026,7024,Subject to Tax,,3656.55
08/04/2026,7024,3rd Party Tax Exempt,,782.05
08/04/2026,7024,Sales Tax,,315.07
08/04/2026,7024,In-Store Credit Card,2250.22,
08/04/2026,7024,Online Credit card,1344.01,
08/04/2026,7024,Online Credit Card Tips,,27
08/04/2026,7024,In-Store Credit Card Tips,,137.58
08/04/2026,7024,Gift Card,58.02,
08/04/2026,7024,3rd Party - DoorDash,402.42,
08/04/2026,7024,3rd Party - UberEats,379.63,
08/04/2026,7024,Cash Over/Short Adjustment,0.95,
08/04/2026,7024,Register Audit Adjustment,483,
08/04/2026,7032,Subject to Tax,,2982.3
08/04/2026,7032,3rd Party Tax Exempt,,435.77
08/04/2026,7032,Sales Tax,,260.98
08/04/2026,7032,In-Store Credit Card,1982.14,
08/04/2026,7032,Online Credit card,723.06,
08/04/2026,7032,Online Credit Card Tips,,27
08/04/2026,7032,In-Store Credit Card Tips,,97.83
08/04/2026,7032,Gift Card,20,
08/04/2026,7032,3rd Party - DoorDash,353.84,
08/04/2026,7032,3rd Party - UberEats,81.93,
08/04/2026,7032,Cash Over/Short Adjustment,0.91,
08/04/2026,7032,Register Audit Adjustment,642,
08/04/2026,7039,Subject to Tax,,2174.45
08/04/2026,7039,3rd Party Tax Exempt,,539.17
08/04/2026,7039,Sales Tax,,187.88
08/04/2026,7039,In-Store Credit Card,1352.42,
08/04/2026,7039,Online Credit card,690.66,
08/04/2026,7039,Online Gift Card,55.96,
08/04/2026,7039,Online Credit Card Tips,,18.71
08/04/2026,7039,In-Store Credit Card Tips,,97.72
08/04/2026,7039,Online Gift Card Tips,,3
08/04/2026,7039,3rd Party - DoorDash,442.01,
08/04/2026,7039,3rd Party - GrubHub,12.9,
08/04/2026,7039,3rd Party - UberEats,84.26,
08/04/2026,7039,Cash Over/Short Adjustment,0.72,
08/04/2026,7039,Register Audit Adjustment,382,
08/04/2026,7049,Subject to Tax,,4408.8
08/04/2026,7049,3rd Party Tax Exempt,,845.9
08/04/2026,7049,Sales Tax,,377.93
08/04/2026,7049,In-Store Credit Card,2648.08,
08/04/2026,7049,Payout,133.06,
08/04/2026,7049,Online Credit card,1798.59,
08/04/2026,7049,Online Gift Card,13.38,
08/04/2026,7049,Online Credit Card Tips,,75.5
08/04/2026,7049,In-Store Credit Card Tips,,169.63
08/04/2026,7049,Online Gift Card Tips,,2
08/04/2026,7049,3rd Party - DoorDash,720.94,
08/04/2026,7049,3rd Party - UberEats,124.96,
08/04/2026,7049,Cash Over/Short Adjustment,0.75,
08/04/2026,7049,Register Audit Adjustment,440,
08/04/2026,7066,Subject to Tax,,2440.9
08/04/2026,7066,3rd Party Tax Exempt,,244.4
08/04/2026,7066,Sales Tax,,213.79
08/04/2026,7066,In-Store Credit Card,1671.2,
08/04/2026,7066,Online Credit card,551.8,
08/04/2026,7066,Online Credit Card Tips,,21
08/04/2026,7066,In-Store Credit Card Tips,,84.09
08/04/2026,7066,3rd Party - DoorDash,218.49,
08/04/2026,7066,3rd Party - UberEats,25.91,
08/04/2026,7066,Cash Over/Short Adjustment,0.03,
08/04/2026,7066,Register Audit Adjustment,537,
08/04/2026,13026,Subject to Tax,,2596.5
08/04/2026,13026,Non-Taxable Sales,,78.1
08/04/2026,13026,3rd Party Tax Exempt,,730.68
08/04/2026,13026,Register Audit,225,
08/04/2026,13026,Sales Tax,,194.86
08/04/2026,13026,In-Store Credit Card,1647.09,
08/04/2026,13026,Online Credit card,1046.11,
08/04/2026,13026,Online Gift Card,25,
08/04/2026,13026,Online Credit Card Tips,,21
08/04/2026,13026,In-Store Credit Card Tips,,71.64
08/04/2026,13026,3rd Party - DoorDash,381.77,
08/04/2026,13026,3rd Party - UberEats,367.21,
08/04/2026,13026,Cash Over/Short Adjustment,0.6,
08/04/2026,13062,Subject to Tax,,2682.86
08/04/2026,13062,Non-Taxable Sales,,20.9
08/04/2026,13062,3rd Party Tax Exempt,,592.01
08/04/2026,13062,Sales Tax,,187.9
08/04/2026,13062,In-Store Credit Card,1680.82,
08/04/2026,13062,Online Credit card,1011.94,
08/04/2026,13062,Online Credit Card Tips,,24
08/04/2026,13062,In-Store Credit Card Tips,,109.1
08/04/2026,13062,Gift Card,22.63,
08/04/2026,13062,3rd Party - DoorDash,308.41,
08/04/2026,13062,3rd Party - GrubHub,17.78,
08/04/2026,13062,3rd Party - UberEats,295,
08/04/2026,13062,Cash Over/Short Adjustment,0.19,
08/04/2026,13062,Register Audit Adjustment,280,
08/04/2026,13082,Subject to Tax,,1949.57
08/04/2026,13082,Non-Taxable Sales,,15.42
08/04/2026,13082,3rd Party Tax Exempt,,292.44
08/04/2026,13082,Register Audit,402,
08/04/2026,13082,Sales Tax,,136.45
08/04/2026,13082,In-Store Credit Card,1222.72,
08/04/2026,13082,Online Credit card,535.97,
08/04/2026,13082,Online Credit Card Tips,,9
08/04/2026,13082,In-Store Credit Card Tips,,87.51
08/04/2026,13082,Gift Card,28.46,
08/04/2026,13082,3rd Party - DoorDash,234.32,
08/04/2026,13082,3rd Party - UberEats,67.06,
08/04/2026,13082,Cash Over/Short Adjustment,,0.14
08/04/2026,13106,Subject to Tax,,1537.95
08/04/2026,13106,Non-Taxable Sales,,28.32
08/04/2026,13106,3rd Party Tax Exempt,,750.33
08/04/2026,13106,Sales Tax,,115.4
08/04/2026,13106,In-Store Credit Card,1037.86,
08/04/2026,13106,Online Credit card,577.02,
08/04/2026,13106,Online Credit Card Tips,,24.69
08/04/2026,13106,In-Store Credit Card Tips,,88.72
08/04/2026,13106,3rd Party - DoorDash,704.63,
08/04/2026,13106,3rd Party - UberEats,71.32,
08/04/2026,13106,Cash Over/Short Adjustment,0.58,
08/04/2026,13106,Register Audit Adjustment,154,
08/04/2026,13116,Subject to Tax,,2507.63
08/04/2026,13116,Non-Taxable Sales,,30.09
08/04/2026,13116,3rd Party Tax Exempt,,1253.33
08/04/2026,13116,Sales Tax,,175.58
08/04/2026,13116,In-Store Credit Card,1380,
08/04/2026,13116,Online Credit card,1017.04,
08/04/2026,13116,Online Gift Card,5,
08/04/2026,13116,In-Store Credit Card Tips,,76.84
08/04/2026,13116,Gift Card Sold,,15
08/04/2026,13116,3rd Party - DoorDash,958.86,
08/04/2026,13116,3rd Party - GrubHub,63.66,
08/04/2026,13116,3rd Party - UberEats,314.39,
08/04/2026,13116,Cash Over/Short Adjustment,0.52,
08/04/2026,13116,Register Audit Adjustment,319,
08/04/2026,13138,Subject to Tax,,2048.04
08/04/2026,13138,Non-Taxable Sales,,32.88
08/04/2026,13138,3rd Party Tax Exempt,,437.53
08/04/2026,13138,Register Audit,424,
08/04/2026,13138,Sales Tax,,143.36
08/04/2026,13138,In-Store Credit Card,1421.46,
08/04/2026,13138,Online Credit card,466.78,
08/04/2026,13138,Online Credit Card Tips,,30
08/04/2026,13138,In-Store Credit Card Tips,,95.98
08/04/2026,13138,3rd Party - DoorDash,333.45,
08/04/2026,13138,3rd Party - GrubHub,13.74,
08/04/2026,13138,3rd Party - UberEats,128.86,
08/04/2026,13138,Cash Over/Short Adjustment,,0.5
08/04/2026,13148,Subject to Tax,,3722.92
08/04/2026,13148,Non-Taxable Sales,,9.07
08/04/2026,13148,3rd Party Tax Exempt,,460.06
08/04/2026,13148,Sales Tax,,241.99
08/04/2026,13148,In-Store Credit Card,2718.29,
08/04/2026,13148,Payout,26.1,
08/04/2026,13148,Online Credit card,1093.02,
08/04/2026,13148,Online Gift Card,14.46,
08/04/2026,13148,Online Credit Card Tips,,36
08/04/2026,13148,In-Store Credit Card Tips,,194.67
08/04/2026,13148,Gift Card,15,
08/04/2026,13148,3rd Party - DoorDash,362.99,
08/04/2026,13148,3rd Party - UberEats,97.07,
08/04/2026,13148,Cash Over/Short Adjustment,0.78,
08/04/2026,13148,Register Audit Adjustment,337,
08/04/2026,13160,Subject to Tax,,2903.62
08/04/2026,13160,Non-Taxable Sales,,2.04
08/04/2026,13160,3rd Party Tax Exempt,,285.79
08/04/2026,13160,Register Audit,515.01,
08/04/2026,13160,Sales Tax,,203.26
08/04/2026,13160,In-Store Credit Card,1644.72,
08/04/2026,13160,Online Credit card,1006.16,
08/04/2026,13160,Online Credit Card Tips,,33
08/04/2026,13160,In-Store Credit Card Tips,,122.66
08/04/2026,13160,Gift Card,46.08,
08/04/2026,13160,3rd Party - DoorDash,287.83,
08/04/2026,13160,3rd Party - GrubHub,51.22,
08/04/2026,13160,Cash Over/Short Adjustment,,0.65
08/04/2026,13162,Subject to Tax,,2804.01
08/04/2026,13162,Non-Taxable Sales,,11.84
08/04/2026,13162,3rd Party Tax Exempt,,713.9
08/04/2026,13162,Sales Tax,,196.27
08/04/2026,13162,In-Store Credit Card,1964.17,
08/04/2026,13162,Online Credit card,777.31,
08/04/2026,13162,Online Gift Card,21.77,
08/04/2026,13162,Online Credit Card Tips,,21.15
08/04/2026,13162,In-Store Credit Card Tips,,107.65
08/04/2026,13162,Gift Card,9.58,
08/04/2026,13162,3rd Party - DoorDash,569.75,
08/04/2026,13162,3rd Party - UberEats,144.15,
08/04/2026,13162,Cash Over/Short Adjustment,0.09,
08/04/2026,13162,Register Audit Adjustment,368,
08/04/2026,13219,Subject to Tax,,3052.56
08/04/2026,13219,Non-Taxable Sales,,25.15
08/04/2026,13219,3rd Party Tax Exempt,,415
08/04/2026,13219,Sales Tax,,213.72
08/04/2026,13219,In-Store Credit Card,1878.81,
08/04/2026,13219,Online Credit card,1008.33,
08/04/2026,13219,Online Credit Card Tips,,54
08/04/2026,13219,In-Store Credit Card Tips,,118.24
08/04/2026,13219,Gift Card,11.45,
08/04/2026,13219,3rd Party - DoorDash,411.64,
08/04/2026,13219,3rd Party - GrubHub,13.74,
08/04/2026,13219,3rd Party - UberEats,11.88,
08/04/2026,13219,Cash Over/Short Adjustment,0.82,
08/04/2026,13219,Register Audit Adjustment,542,
08/04/2026,37001,Subject to Tax,,5646.79
08/04/2026,37001,Non-Taxable Sales,,581.42
08/04/2026,37001,Sales Tax,,480.05
08/04/2026,37001,In-Store Credit Card,2842.51,
08/04/2026,37001,Payout,13.05,
08/04/2026,37001,Online Credit card,2425.72,
08/04/2026,37001,Online Gift Card,23.75,
08/04/2026,37001,Online Credit Card Tips,,45.15
08/04/2026,37001,In-Store Credit Card Tips,,174.98
08/04/2026,37001,Gift Card,16.24,
08/04/2026,37001,Gift Card Sold,,40
08/04/2026,37001,3rd Party - DoorDash,823.88,
08/04/2026,37001,Cash Over/Short Adjustment,0.24,
08/04/2026,37001,Register Audit Adjustment,823,
08/04/2026,37002,Subject to Tax,,4639.19
08/04/2026,37002,Non-Taxable Sales,,675.99
08/04/2026,37002,Sales Tax,,394.37
08/04/2026,37002,In-Store Credit Card,2165.92,
08/04/2026,37002,Online Credit card,1904.92,
08/04/2026,37002,Online Gift Card,39.73,
08/04/2026,37002,Online Credit Card Tips,,53.17
08/04/2026,37002,In-Store Credit Card Tips,,155.95
08/04/2026,37002,3rd Party - DoorDash,1219.07,
08/04/2026,37002,3rd Party - GrubHub,74.01,
08/04/2026,37002,3rd Party - UberEats,31.14,
08/04/2026,37002,Cash Over/Short Adjustment,0.88,
08/04/2026,37002,Register Audit Adjustment,483,
08/04/2026,37004,Subject to Tax,,2433.97
08/04/2026,37004,Non-Taxable Sales,,290.17
08/04/2026,37004,Register Audit,203,
08/04/2026,37004,Sales Tax,,206.86
08/04/2026,37004,In-Store Credit Card,1795.85,
08/04/2026,37004,Payout,33,
08/04/2026,37004,Online Credit card,881.11,
08/04/2026,37004,Online Credit Card Tips,,24.25
08/04/2026,37004,In-Store Credit Card Tips,,144.23
08/04/2026,37004,Gift Card,28.7,
08/04/2026,37004,3rd Party - DoorDash,118.4,
08/04/2026,37004,3rd Party - UberEats,39.64,
08/04/2026,37004,Cash Over/Short Adjustment,,0.22
08/04/2026,37006,Subject to Tax,,3788.21
08/04/2026,37006,Non-Taxable Sales,,523.49
08/04/2026,37006,Sales Tax,,322.03
08/04/2026,37006,In-Store Credit Card,2239.37,
08/04/2026,37006,Online Credit card,1548.7,
08/04/2026,37006,Online Gift Card,25,
08/04/2026,37006,Online Credit Card Tips,,60
08/04/2026,37006,In-Store Credit Card Tips,,161.18
08/04/2026,37006,Gift Card,155.96,
08/04/2026,37006,3rd Party - DoorDash,325.13,
08/04/2026,37006,3rd Party - UberEats,131.48,
08/04/2026,37006,Cash Over/Short Adjustment,0.27,
08/04/2026,37006,Register Audit Adjustment,429,
08/04/2026,37007,Subject to Tax,,6030.1
08/04/2026,37007,Non-Taxable Sales,,625.43
08/04/2026,37007,Sales Tax,,512.54
08/04/2026,37007,In-Store Credit Card,2705.17,
08/04/2026,37007,Online Credit card,2567.66,
08/04/2026,37007,Online Credit Card Tips,,52
08/04/2026,37007,In-Store Credit Card Tips,,149.87
08/04/2026,37007,Gift Card,13.51,
08/04/2026,37007,3rd Party - DoorDash,1253.03,
08/04/2026,37007,3rd Party - GrubHub,81.71,
08/04/2026,37007,3rd Party - UberEats,177.84,
08/04/2026,37007,Cash Over/Short Adjustment,0.02,
08/04/2026,37007,Register Audit Adjustment,571,
08/04/2026,37009,Subject to Tax,,3975.74
08/04/2026,37009,Non-Taxable Sales,,432.27
08/04/2026,37009,Register Audit,551,
08/04/2026,37009,Sales Tax,,338.02
08/04/2026,37009,In-Store Credit Card,1696.3,
08/04/2026,37009,Online Credit card,1480.35,
08/04/2026,37009,Online Credit Card Tips,,28
08/04/2026,37009,In-Store Credit Card Tips,,123.54
08/04/2026,37009,Gift Card,3.1,
08/04/2026,37009,3rd Party - DoorDash,1109.58,
08/04/2026,37009,3rd Party - UberEats,56.44,
08/04/2026,37009,Cash Over/Short Adjustment,0.8,
08/04/2026,37010,Subject to Tax,,7037.14
08/04/2026,37010,Non-Taxable Sales,,793.01
08/04/2026,37010,Register Audit,937,
08/04/2026,37010,Sales Tax,,598.31
08/04/2026,37010,In-Store Credit Card,3888.82,
08/04/2026,37010,Online Credit card,3119.31,
08/04/2026,37010,Online Gift Card,10,
08/04/2026,37010,Online Credit Card Tips,,105.17
08/04/2026,37010,In-Store Credit Card Tips,,309.29
08/04/2026,37010,Online Gift Card Tips,,4.5
08/04/2026,37010,Gift Card,70.04,
08/04/2026,37010,3rd Party - DoorDash,694.56,
08/04/2026,37010,3rd Party - UberEats,126.95,
08/04/2026,37010,Cash Over/Short Adjustment,0.74,
08/04/2026,37013,Subject to Tax,,3438.8
08/04/2026,37013,Non-Taxable Sales,,434.74
08/04/2026,37013,Register Audit,813,
08/04/2026,37013,Sales Tax,,292.36
08/04/2026,37013,In-Store Credit Card,1984.47,
08/04/2026,37013,Online Credit card,1397.61,
08/04/2026,37013,Online Credit Card Tips,,64.49
08/04/2026,37013,In-Store Credit Card Tips,,154.42
08/04/2026,37013,3rd Party - DoorDash,190.57,
08/04/2026,37013,Cash Over/Short Adjustment,,0.84
08/04/2026,37014,Subject to Tax,,3336.94
08/04/2026,37014,Non-Taxable Sales,,447.81
08/04/2026,37014,Register Audit,258,
08/04/2026,37014,Sales Tax,,283.69
08/04/2026,37014,In-Store Credit Card,1680.97,
08/04/2026,37014,Online Credit card,1251.34,
08/04/2026,37014,Online Credit Card Tips,,27
08/04/2026,37014,In-Store Credit Card Tips,,112.5
08/04/2026,37014,Gift Card,23.06,
08/04/2026,37014,3rd Party - DoorDash,818.18,
08/04/2026,37014,3rd Party - GrubHub,33.65,
08/04/2026,37014,3rd Party - UberEats,26.22,
08/04/2026,37014,Cash Over/Short Adjustment,0.52,
08/04/2026,37014,Register Audit Adjustment,116,
08/04/2026,37016,Subject to Tax,,2794.9
08/04/2026,37016,Non-Taxable Sales,,369.83
08/04/2026,37016,Register Audit,542,
08/04/2026,37016,Sales Tax,,237.62
08/04/2026,37016,In-Store Credit Card,1815.66,
08/04/2026,37016,Payout,24.07,
08/04/2026,37016,Online Credit card,1146.54,
08/04/2026,37016,Online Credit Card Tips,,55
08/04/2026,37016,In-Store Credit Card Tips,,106.4
08/04/2026,37016,3rd Party - DoorDash,50.19,
08/04/2026,37016,Cash Over/Short Adjustment,,0.36
08/04/2026,37016,Register Audit Adjustment,,14
08/04/2026,37020,Subject to Tax,,3159.61
08/04/2026,37020,Non-Taxable Sales,,301.74
08/04/2026,37020,Register Audit,475,
08/04/2026,37020,Sales Tax,,268.59
08/04/2026,37020,In-Store Credit Card,1503.07,
08/04/2026,37020,Online Credit card,1709.35,
08/04/2026,37020,Online Credit Card Tips,,60
08/04/2026,37020,In-Store Credit Card Tips,,109.75
08/04/2026,37020,Gift Card,23.16,
08/04/2026,37020,3rd Party - DoorDash,184.02,
08/04/2026,37020,Cash Over/Short Adjustment,0.09,
08/04/2026,37020,Register Audit Adjustment,5,
08/04/2026,49001,Subject to Tax,,4382.45
08/04/2026,49001,3rd Party Tax Exempt,,1271.5
08/04/2026,49001,Sales Tax,,350.12
08/04/2026,49001,In-Store Credit Card,2565.16,
08/04/2026,49001,Online Credit card,1963.73,
08/04/2026,49001,Online Gift Card,20.47,
08/04/2026,49001,Online Credit Card Tips,,85.08
08/04/2026,49001,In-Store Credit Card Tips,,125.72
08/04/2026,49001,Gift Card,58.73,
08/04/2026,49001,Gift Card Sold,,25
08/04/2026,49001,3rd Party - DoorDash,1000.59,
08/04/2026,49001,3rd Party - GrubHub,96.95,
08/04/2026,49001,3rd Party - UberEats,173.96,
08/04/2026,49001,Cash Over/Short Adjustment,0.28,
08/04/2026,49001,Register Audit Adjustment,360,
08/04/2026,49002,Subject to Tax,,3813.25
08/04/2026,49002,3rd Party Tax Exempt,,389.95
08/04/2026,49002,Sales Tax,,304.99
08/04/2026,49002,In-Store Credit Card,2421.63,
08/04/2026,49002,Online Credit card,1524.15,
08/04/2026,49002,Online Gift Card,51.35,
08/04/2026,49002,Online Credit Card Tips,,57
08/04/2026,49002,In-Store Credit Card Tips,,164.11
08/04/2026,49002,Online Gift Card Tips,,1
08/04/2026,49002,3rd Party - DoorDash,377.11,
08/04/2026,49002,3rd Party - UberEats,12.84,
08/04/2026,49002,Cash Over/Short Adjustment,0.22,
08/04/2026,49002,Register Audit Adjustment,343,
08/04/2026,49003,Subject to Tax,,3720.91
08/04/2026,49003,3rd Party Tax Exempt,,164.15
08/04/2026,49003,Sales Tax,,297.7
08/04/2026,49003,In-Store Credit Card,2373.98,
08/04/2026,49003,Payout,7.47,
08/04/2026,49003,Online Credit card,1484.31,
08/04/2026,49003,Online Credit Card Tips,,65
08/04/2026,49003,In-Store Credit Card Tips,,149.18
08/04/2026,49003,3rd Party - DoorDash,164.15,
08/04/2026,49003,Cash Over/Short Adjustment,0.03,
08/04/2026,49003,Register Audit Adjustment,367,
08/04/2026,49004,Subject to Tax,,3927.65
08/04/2026,49004,3rd Party Tax Exempt,,662.88
08/04/2026,49004,Register Audit,458,
08/04/2026,49004,Sales Tax,,314.09
08/04/2026,49004,In-Store Credit Card,1833.58,
08/04/2026,49004,Online Credit card,1997.92,
08/04/2026,49004,Online Credit Card Tips,,46
08/04/2026,49004,In-Store Credit Card Tips,,111.1
08/04/2026,49004,Gift Card,109.07,
08/04/2026,49004,3rd Party - DoorDash,565.51,
08/04/2026,49004,3rd Party - UberEats,97.37,
08/04/2026,49004,Cash Over/Short Adjustment,0.27,
08/04/2026,49005,Subject to Tax,,3957.95
08/04/2026,49005,3rd Party Tax Exempt,,598.05
08/04/2026,49005,Sales Tax,,316.75
08/04/2026,49005,In-Store Credit Card,2361.61,
08/04/2026,49005,Payout,18.86,
08/04/2026,49005,Online Credit card,1433.68,
08/04/2026,49005,Online Gift Card,21.33,
08/04/2026,49005,Online Credit Card Tips,,57
08/04/2026,49005,In-Store Credit Card Tips,,171.3
08/04/2026,49005,Gift Card,43.96,
08/04/2026,49005,Gift Card Sold,,50
08/04/2026,49005,3rd Party - DoorDash,517,
08/04/2026,49005,3rd Party - UberEats,81.05,
08/04/2026,49005,Cash Over/Short Adjustment,0.56,
08/04/2026,49005,Register Audit Adjustment,673,
08/04/2026,49006,Subject to Tax,,5173.5
08/04/2026,49006,3rd Party Tax Exempt,,729.98
08/04/2026,49006,Register Audit,480,
08/04/2026,49006,Sales Tax,,412.87
08/04/2026,49006,In-Store Credit Card,3388.16,
08/04/2026,49006,Payout,259.66,
08/04/2026,49006,Online Credit card,1652.85,
08/04/2026,49006,Online Gift Card,20,
08/04/2026,49006,Online Credit Card Tips,,33.49
08/04/2026,49006,In-Store Credit Card Tips,,243.22
08/04/2026,49006,Gift Card,36.56,
08/04/2026,49006,3rd Party - DoorDash,644.42,
08/04/2026,49006,3rd Party - UberEats,85.56,
08/04/2026,49006,Cash Over/Short Adjustment,,0.34
08/04/2026,49007,Subject to Tax,,2271.95
08/04/2026,49007,3rd Party Tax Exempt,,98.09
08/04/2026,49007,Register Audit,241.93,
08/04/2026,49007,Sales Tax,,181.22
08/04/2026,49007,In-Store Credit Card,1031.18,
08/04/2026,49007,Online Credit card,1239.14,
08/04/2026,49007,Online Credit Card Tips,,37
08/04/2026,49007,In-Store Credit Card Tips,,57.08
08/04/2026,49007,Gift Card,35,
08/04/2026,49007,3rd Party - UberEats,98.09,
08/04/2026,49008,Subject to Tax,,3901.05
08/04/2026,49008,3rd Party Tax Exempt,,748.3
08/04/2026,49008,Sales Tax,,311.94
08/04/2026,49008,In-Store Credit Card,2267.41,
08/04/2026,49008,Online Credit card,1397.54,
08/04/2026,49008,Online Credit Card Tips,,34.87
08/04/2026,49008,In-Store Credit Card Tips,,142.96
08/04/2026,49008,Gift Card,138.58,
08/04/2026,49008,3rd Party - DoorDash,722.62,
08/04/2026,49008,3rd Party - UberEats,25.68,
08/04/2026,49008,Cash Over/Short Adjustment,0.29,
08/04/2026,49008,Register Audit Adjustment,587,
08/04/2026,49009,Subject to Tax,,4148.65
08/04/2026,49009,3rd Party Tax Exempt,,591.3
08/04/2026,49009,Register Audit,558,
08/04/2026,49009,Sales Tax,,331.79
08/04/2026,49009,In-Store Credit Card,2409.09,
08/04/2026,49009,Online Credit card,1622.64,
08/04/2026,49009,Online Credit Card Tips,,58
08/04/2026,49009,In-Store Credit Card Tips,,125.11
08/04/2026,49009,Gift Card,73.27,
08/04/2026,49009,3rd Party - DoorDash,535.02,
08/04/2026,49009,3rd Party - UberEats,56.28,
08/04/2026,49009,Cash Over/Short Adjustment,,0.42
08/04/2026,49009,Register Audit Adjustment,,508
08/04/2026,49010,Subject to Tax,,2990.7
08/04/2026,49010,3rd Party Tax Exempt,,348.29
08/04/2026,49010,Sales Tax,,239.35
08/04/2026,49010,In-Store Credit Card,1920.82,
08/04/2026,49010,Online Credit card,1242.7,
08/04/2026,49010,Online Credit Card Tips,,55
08/04/2026,49010,In-Store Credit Card Tips,,157.74
08/04/2026,49010,Gift Card,11.23,
08/04/2026,49010,3rd Party - DoorDash,299.27,
08/04/2026,49010,3rd Party - GrubHub,39.78,
08/04/2026,49010,3rd Party - UberEats,9.24,
08/04/2026,49010,Cash Over/Short Adjustment,0.04,
08/04/2026,49010,Register Audit Adjustment,268,
08/04/2026,49011,Subject to Tax,,5278.3
08/04/2026,49011,3rd Party Tax Exempt,,486.34
08/04/2026,49011,Register Audit,1122,
08/04/2026,49011,Sales Tax,,422.48
08/04/2026,49011,In-Store Credit Card,2226.45,
08/04/2026,49011,Online Credit card,2576.65,
08/04/2026,49011,Online Credit Card Tips,,101.59
08/04/2026,49011,In-Store Credit Card Tips,,139.39
08/04/2026,49011,Gift Card,15.82,
08/04/2026,49011,3rd Party - DoorDash,473.5,
08/04/2026,49011,3rd Party - UberEats,12.84,
08/04/2026,49011,Cash Over/Short Adjustment,0.84,
08/05/2026,2006,Subject to Tax,,259.28
08/05/2026,2006,Non-Taxable Sales,,3294.68
08/05/2026,2006,3rd Party Tax Exempt,,11.16
08/05/2026,2006,Register Audit,342,
08/05/2026,2006,Sales Tax,,18.26
08/05/2026,2006,In-Store Credit Card,2084.52,
08/05/2026,2006,Online Credit card,861.35,
08/05/2026,2006,Online Credit Card Tips,,26.5
08/05/2026,2006,In-Store Credit Card Tips,,157.63
08/05/2026,2006,Gift Card,32.5,
08/05/2026,2006,3rd Party - DoorDash,343.79,
08/05/2026,2006,3rd Party - GrubHub,11.21,
08/05/2026,2006,3rd Party - UberEats,91.92,
08/05/2026,2006,Cash Over/Short Adjustment,0.22,
08/05/2026,2016,Subject to Tax,,130.56
08/05/2026,2016,Non-Taxable Sales,,3633.8
08/05/2026,2016,3rd Party Tax Exempt,,3.72
08/05/2026,2016,Register Audit,417,
08/05/2026,2016,Sales Tax,,8.83
08/05/2026,2016,In-Store Credit Card,1857.88,
08/05/2026,2016,Online Credit card,1201.82,
08/05/2026,2016,Online Gift Card,45.2,
08/05/2026,2016,Online Credit Card Tips,,37
08/05/2026,2016,In-Store Credit Card Tips,,122.22
08/05/2026,2016,Gift Card,14.76,
08/05/2026,2016,3rd Party - DoorDash,352.1,
08/05/2026,2016,3rd Party - UberEats,46.66,
08/05/2026,2016,Cash Over/Short Adjustment,0.71,
08/05/2026,2017,Subject to Tax,,216.48
08/05/2026,2017,Non-Taxable Sales,,3004.71
08/05/2026,2017,3rd Party Tax Exempt,,7.08
08/05/2026,2017,Register Audit,121,
08/05/2026,2017,Sales Tax,,14.62
08/05/2026,2017,In-Store Credit Card,1794.71,
08/05/2026,2017,Payout,37.8,
08/05/2026,2017,Online Credit card,951.17,
08/05/2026,2017,Online Gift Card,25,
08/05/2026,2017,Online Credit Card Tips,,19
08/05/2026,2017,In-Store Credit Card Tips,,118.43
08/05/2026,2017,Online Gift Card Tips,,2
08/05/2026,2017,Gift Card,10,
08/05/2026,2017,3rd Party - DoorDash,366.53,
08/05/2026,2017,3rd Party - UberEats,75.99,
08/05/2026,2017,Cash Over/Short Adjustment,0.12,
08/05/2026,2020,Subject to Tax,,323.16
08/05/2026,2020,Non-Taxable Sales,,3494.97
08/05/2026,2020,3rd Party Tax Exempt,,23.98
08/05/2026,2020,Register Audit,278,
08/05/2026,2020,Sales Tax,,22.75
08/05/2026,2020,In-Store Credit Card,1772.63,
08/05/2026,2020,Payout,122.16,
08/05/2026,2020,Online Credit card,1106.49,
08/05/2026,2020,Online Gift Card,20,
08/05/2026,2020,Online Credit Card Tips,,17
08/05/2026,2020,In-Store Credit Card Tips,,121.3
08/05/2026,2020,Online Gift Card Tips,,5
08/05/2026,2020,Gift Card,13.6,
08/05/2026,2020,3rd Party - DoorDash,633.11,
08/05/2026,2020,3rd Party - GrubHub,12.84,
08/05/2026,2020,3rd Party - UberEats,49.61,
08/05/2026,2020,Cash Over/Short Adjustment,,0.28
08/05/2026,2023,Subject to Tax,,205.72
08/05/2026,2023,Non-Taxable Sales,,3482.22
08/05/2026,2023,3rd Party Tax Exempt,,11.16
08/05/2026,2023,Register Audit,92,
08/05/2026,2023,Sales Tax,,14.48
08/05/2026,2023,In-Store Credit Card,1916.78,
08/05/2026,2023,Payout,49.67,
08/05/2026,2023,Online Credit card,1185.8,
08/05/2026,2023,Online Gift Card,22.01,
08/05/2026,2023,Online Credit Card Tips,,29
08/05/2026,2023,In-Store Credit Card Tips,,115.83
08/05/2026,2023,Gift Card,7.7,
08/05/2026,2023,3rd Party - DoorDash,488.15,
08/05/2026,2023,3rd Party - UberEats,96.5,
08/05/2026,2023,Cash Over/Short Adjustment,,0.2
08/05/2026,2024,Subject to Tax,,214.87
08/05/2026,2024,Non-Taxable Sales,,2847.2
08/05/2026,2024,3rd Party Tax Exempt,,29.14
08/05/2026,2024,Register Audit,85,
08/05/2026,2024,Sales Tax,,16.94
08/05/2026,2024,In-Store Credit Card,1833.56,
08/05/2026,2024,Payout,53.7,
08/05/2026,2024,Online Credit card,778.49,
08/05/2026,2024,Online Credit Card Tips,,12
08/05/2026,2024,In-Store Credit Card Tips,,114.46
08/05/2026,2024,Gift Card,29.45,
08/05/2026,2024,3rd Party - DoorDash,399.64,
08/05/2026,2024,3rd Party - GrubHub,24.11,
08/05/2026,2024,3rd Party - UberEats,30.88,
08/05/2026,2024,Cash Over/Short Adjustment,,0.22
08/05/2026,2047,Subject to Tax,,173.17
08/05/2026,2047,Non-Taxable Sales,,3373.35
08/05/2026,2047,3rd Party Tax Exempt,,18.6
08/05/2026,2047,Register Audit,373,
08/05/2026,2047,Sales Tax,,12.14
08/05/2026,2047,In-Store Credit Card,1372.83,
08/05/2026,2047,Online Credit card,1292.71,
08/05/2026,2047,Online Gift Card,19.75,
08/05/2026,2047,Online Credit Card Tips,,18
08/05/2026,2047,In-Store Credit Card Tips,,72.01
08/05/2026,2047,Gift Card,16.8,
08/05/2026,2047,3rd Party - DoorDash,450.47,
08/05/2026,2047,3rd Party - UberEats,141.22,
08/05/2026,2047,Cash Over/Short Adjustment,0.49,
08/05/2026,4003,Subject to Tax,,5125.73
08/05/2026,4003,Register Audit,383,
08/05/2026,4003,Sales Tax,,499.78
08/05/2026,4003,In-Store Credit Card,2773.82,
08/05/2026,4003,Online Credit card,1272.17,
08/05/2026,4003,Online Credit Card Tips,,36
08/05/2026,4003,In-Store Credit Card Tips,,171.44
08/05/2026,4003,Gift Card,24.02,
08/05/2026,4003,3rd Party - DoorDash,923.02,
08/05/2026,4003,3rd Party - UberEats,457.78,
08/05/2026,4003,Cash Over/Short Adjustment,,0.86
08/05/2026,4004,Subject to Tax,,4760.11
08/05/2026,4004,Register Audit,205,
08/05/2026,4004,Sales Tax,,464.11
08/05/2026,4004,In-Store Credit Card,2198.47,
08/05/2026,4004,Online Credit card,1407.05,
08/05/2026,4004,Online Gift Card,24.64,
08/05/2026,4004,Online Credit Card Tips,,30
08/05/2026,4004,In-Store Credit Card Tips,,137.86
08/05/2026,4004,Gift Card,42.47,
08/05/2026,4004,Gift Card Sold,,30
08/05/2026,4004,3rd Party - DoorDash,685.91,
08/05/2026,4004,3rd Party - GrubHub,53.14,
08/05/2026,4004,3rd Party - UberEats,805.51,
08/05/2026,4004,Cash Over/Short Adjustment,,0.11
08/05/2026,4005,Subject to Tax,,4697.72
08/05/2026,4005,Register Audit,570,
08/05/2026,4005,Sales Tax,,458.03
08/05/2026,4005,In-Store Credit Card,3347.03,
08/05/2026,4005,Payout,1.85,
08/05/2026,4005,Online Credit card,809.52,
08/05/2026,4005,Online Gift Card,39.97,
08/05/2026,4005,In-Store Credit Card Tips,,231.21
08/05/2026,4005,Gift Card,28.76,
08/05/2026,4005,3rd Party - DoorDash,394.51,
08/05/2026,4005,3rd Party - UberEats,194.93,
08/05/2026,4005,Cash Over/Short Adjustment,0.39,
08/05/2026,4008,Subject to Tax,,3785.01
08/05/2026,4008,Register Audit,329,
08/05/2026,4008,Sales Tax,,369.05
08/05/2026,4008,In-Store Credit Card,1910.41,
08/05/2026,4008,Online Credit card,1266.51,
08/05/2026,4008,Online Gift Card,10,
08/05/2026,4008,Online Credit Card Tips,,36
08/05/2026,4008,In-Store Credit Card Tips,,112.92
08/05/2026,4008,Gift Card,50.2,
08/05/2026,4008,3rd Party - DoorDash,389.01,
08/05/2026,4008,3rd Party - GrubHub,15.53,
08/05/2026,4008,3rd Party - UberEats,332.95,
08/05/2026,4008,Cash Over/Short Adjustment,,0.63
08/05/2026,4009,Subject to Tax,,3302.75
08/05/2026,4009,Register Audit,252,
08/05/2026,4009,Sales Tax,,322.04
08/05/2026,4009,In-Store Credit Card,1756.35,
08/05/2026,4009,Online Credit card,835.45,
08/05/2026,4009,Online Credit Card Tips,,5
08/05/2026,4009,In-Store Credit Card Tips,,80.45
08/05/2026,4009,Gift Card,19.97,
08/05/2026,4009,3rd Party - DoorDash,404.46,
08/05/2026,4009,3rd Party - GrubHub,23.97,
08/05/2026,4009,3rd Party - UberEats,417.46,
08/05/2026,4009,Cash Over/Short Adjustment,0.58,
08/05/2026,4010,Subject to Tax,,2969.63
08/05/2026,4010,Register Audit,189,
08/05/2026,4010,Sales Tax,,289.62
08/05/2026,4010,In-Store Credit Card,1985.9,
08/05/2026,4010,Payout,20,
08/05/2026,4010,Online Credit card,601.71,
08/05/2026,4010,In-Store Credit Card Tips,,138.2
08/05/2026,4010,Gift Card,9.16,
08/05/2026,4010,3rd Party - DoorDash,188.43,
08/05/2026,4010,3rd Party - UberEats,402.84,
08/05/2026,4010,Cash Over/Short Adjustment,0.41,
08/05/2026,4015,Subject to Tax,,3374.17
08/05/2026,4015,Register Audit,336,
08/05/2026,4015,Sales Tax,,329.02
08/05/2026,4015,In-Store Credit Card,1893.73,
08/05/2026,4015,Online Credit card,1133.42,
08/05/2026,4015,Online Credit Card Tips,,29.05
08/05/2026,4015,In-Store Credit Card Tips,,131.69
08/05/2026,4015,Gift Card,30.01,
08/05/2026,4015,3rd Party - DoorDash,305.35,
08/05/2026,4015,3rd Party - UberEats,165.21,
08/05/2026,4015,Cash Over/Short Adjustment,0.21,
08/05/2026,4021,Subject to Tax,,3601.01
08/05/2026,4021,Register Audit,209,
08/05/2026,4021,Sales Tax,,350.95
08/05/2026,4021,In-Store Credit Card,1969.52,
08/05/2026,4021,Online Credit card,1009.6,
08/05/2026,4021,Online Gift Card,15.3,
08/05/2026,4021,Online Credit Card Tips,,11
08/05/2026,4021,In-Store Credit Card Tips,,141.74
08/05/2026,4021,Gift Card,8.26,
08/05/2026,4021,3rd Party - DoorDash,409.89,
08/05/2026,4021,3rd Party - UberEats,484.94,
08/05/2026,4021,Cash Over/Short Adjustment,,0.81
08/05/2026,4021,Register Audit Adjustment,,1
08/05/2026,4025,Subject to Tax,,4195.29
08/05/2026,4025,Register Audit,282,
08/05/2026,4025,Sales Tax,,409.02
08/05/2026,4025,In-Store Credit Card,2229.35,
08/05/2026,4025,Online Credit card,1232.37,
08/05/2026,4025,Online Gift Card,35.44,
08/05/2026,4025,Online Credit Card Tips,,16
08/05/2026,4025,In-Store Credit Card Tips,,135.65
08/05/2026,4025,Online Gift Card Tips,,3
08/05/2026,4025,Gift Card,23.21,
08/05/2026,4025,3rd Party - DoorDash,501.25,
08/05/2026,4025,3rd Party - GrubHub,40.48,
08/05/2026,4025,3rd Party - UberEats,414.52,
08/05/2026,4025,Cash Over/Short Adjustment,0.34,
08/05/2026,4027,Subject to Tax,,4612.5
08/05/2026,4027,Sales Tax,,449.63
08/05/2026,4027,In-Store Credit Card,2561.63,
08/05/2026,4027,Online Credit card,963.39,
08/05/2026,4027,In-Store Credit Card Tips,,135.81
08/05/2026,4027,Gift Card,29.97,
08/05/2026,4027,3rd Party - DoorDash,783.93,
08/05/2026,4027,3rd Party - GrubHub,54.98,
08/05/2026,4027,3rd Party - UberEats,421.34,
08/05/2026,4027,Cash Over/Short Adjustment,0.7,
08/05/2026,4027,Register Audit Adjustment,382,
08/05/2026,4034,Subject to Tax,,3159.36
08/05/2026,4034,Tax Exempt,,14.3
08/05/2026,4034,Register Audit,266,
08/05/2026,4034,Sales Tax,,308.03
08/05/2026,4034,In-Store Credit Card,1587.69,
08/05/2026,4034,Online Credit card,1046.27,
08/05/2026,4034,Online Credit Card Tips,,25
08/05/2026,4034,In-Store Credit Card Tips,,94.86
08/05/2026,4034,3rd Party - DoorDash,462.4,
08/05/2026,4034,3rd Party - GrubHub,115.35,
08/05/2026,4034,3rd Party - UberEats,124.43,
08/05/2026,4034,Cash Over/Short Adjustment,,0.59
08/05/2026,4036,Subject to Tax,,5487.84
08/05/2026,4036,Register Audit,378,
08/05/2026,4036,Sales Tax,,534.92
08/05/2026,4036,In-Store Credit Card,2811.94,
08/05/2026,4036,Payout,2.76,
08/05/2026,4036,Online Credit card,1298.91,
08/05/2026,4036,Online Gift Card,20,
08/05/2026,4036,Online Credit Card Tips,,12
08/05/2026,4036,In-Store Credit Card Tips,,174.89
08/05/2026,4036,3rd Party - DoorDash,845.32,
08/05/2026,4036,3rd Party - UberEats,852.88,
08/05/2026,4036,Cash Over/Short Adjustment,,0.16
08/05/2026,4042,Subject to Tax,,5246.48
08/05/2026,4042,Sales Tax,,511.5
08/05/2026,4042,In-Store Credit Card,2480.73,
08/05/2026,4042,Online Credit card,1937.21,
08/05/2026,4042,Online Gift Card,18.7,
08/05/2026,4042,Online Credit Card Tips,,44
08/05/2026,4042,In-Store Credit Card Tips,,147.34
08/05/2026,4042,Online Gift Card Tips,,1
08/05/2026,4042,3rd Party - DoorDash,1061.1,
08/05/2026,4042,3rd Party - UberEats,150.59,
08/05/2026,4042,Cash Over/Short Adjustment,0.99,
08/05/2026,4042,Register Audit Adjustment,301,
08/05/2026,4052,Subject to Tax,,4893.04
08/05/2026,4052,Register Audit,752,
08/05/2026,4052,Sales Tax,,476.99
08/05/2026,4052,In-Store Credit Card,2660.83,
08/05/2026,4052,Payout,60.52,
08/05/2026,4052,Online Credit card,1543.33,
08/05/2026,4052,Online Gift Card,9.82,
08/05/2026,4052,Online Credit Card Tips,,36
08/05/2026,4052,In-Store Credit Card Tips,,157.95
08/05/2026,4052,Gift Card,64.9,
08/05/2026,4052,3rd Party - DoorDash,443.83,
08/05/2026,4052,3rd Party - UberEats,28.96,
08/05/2026,4052,Cash Over/Short Adjustment,,0.21
08/05/2026,4061,Subject to Tax,,3206.2
08/05/2026,4061,Register Audit,376,
08/05/2026,4061,Sales Tax,,312.65
08/05/2026,4061,In-Store Credit Card,1836.16,
08/05/2026,4061,Online Credit card,1033.14,
08/05/2026,4061,Online Gift Card,15,
08/05/2026,4061,Online Credit Card Tips,,30
08/05/2026,4061,In-Store Credit Card Tips,,114.11
08/05/2026,4061,Online Gift Card Tips,,0.07
08/05/2026,4061,Gift Card,25,
08/05/2026,4061,3rd Party - DoorDash,350.06,
08/05/2026,4061,3rd Party - UberEats,28.18,
08/05/2026,4061,Cash Over/Short Adjustment,,0.51
08/05/2026,4074,Subject to Tax,,2783.1
08/05/2026,4074,Register Audit,179,
08/05/2026,4074,Sales Tax,,271.43
08/05/2026,4074,In-Store Credit Card,1681.84,
08/05/2026,4074,Online Credit card,694.36,
08/05/2026,4074,Online Credit Card Tips,,21.36
08/05/2026,4074,In-Store Credit Card Tips,,100.47
08/05/2026,4074,3rd Party - DoorDash,406.11,
08/05/2026,4074,3rd Party - UberEats,215.37,
08/05/2026,4074,Cash Over/Short Adjustment,,0.32
08/05/2026,5042,Subject to Tax,,3269.5
08/05/2026,5042,3rd Party Tax Exempt,,450.21
08/05/2026,5042,Register Audit,394,
08/05/2026,5042,Sales Tax,,225.15
08/05/2026,5042,In-Store Credit Card,1794.92,
08/05/2026,5042,Online Credit card,1515.42,
08/05/2026,5042,Online Credit Card Tips,,86
08/05/2026,5042,In-Store Credit Card Tips,,123.01
08/05/2026,5042,3rd Party - DoorDash,257.15,
08/05/2026,5042,3rd Party - UberEats,193.06,
08/05/2026,5042,Cash Over/Short Adjustment,,0.68
08/05/2026,5043,Subject to Tax,,5191.65
08/05/2026,5043,Non-Taxable Sales,,25
08/05/2026,5043,3rd Party Tax Exempt,,1275.45
08/05/2026,5043,Register Audit,694,
08/05/2026,5043,Sales Tax,,357.84
08/05/2026,5043,In-Store Credit Card,3195.42,
08/05/2026,5043,Payout,6.42,
08/05/2026,5043,Online Credit card,1891.57,
08/05/2026,5043,Online Gift Card,21.03,
08/05/2026,5043,Online Credit Card Tips,,60.74
08/05/2026,5043,In-Store Credit Card Tips,,193.64
08/05/2026,5043,Gift Card,20,
08/05/2026,5043,3rd Party - DoorDash,791.1,
08/05/2026,5043,3rd Party - UberEats,484.35,
08/05/2026,5043,Cash Over/Short Adjustment,0.58,
08/05/2026,5049,Subject to Tax,,4364.1
08/05/2026,5049,Non-Taxable Sales,,15
08/05/2026,5049,3rd Party Tax Exempt,,395.8
08/05/2026,5049,Register Audit,335,
08/05/2026,5049,Sales Tax,,354.82
08/05/2026,5049,In-Store Credit Card,3614.49,
08/05/2026,5049,Online Credit card,919.97,
08/05/2026,5049,Online Gift Card,25,
08/05/2026,5049,Online Credit Card Tips,,19
08/05/2026,5049,In-Store Credit Card Tips,,140.69
08/05/2026,5049,3rd Party - DoorDash,338.14,
08/05/2026,5049,3rd Party - UberEats,57.66,
08/05/2026,5049,Cash Over/Short Adjustment,,0.85
08/05/2026,5051,Subject to Tax,,3397.05
08/05/2026,5051,Non-Taxable Sales,,55.5
08/05/2026,5051,3rd Party Tax Exempt,,996.77
08/05/2026,5051,Register Audit,234,
08/05/2026,5051,Sales Tax,,234.23
08/05/2026,5051,In-Store Credit Card,2124.49,
08/05/2026,5051,Online Credit card,1471.64,
08/05/2026,5051,Online Credit Card Tips,,28
08/05/2026,5051,In-Store Credit Card Tips,,104.71
08/05/2026,5051,3rd Party - DoorDash,665,
08/05/2026,5051,3rd Party - UberEats,331.77,
08/05/2026,5051,Cash Over/Short Adjustment,,0.64
08/05/2026,5051,Register Audit Adjustment,,10
08/05/2026,5057,Subject to Tax,,3176.45
08/05/2026,5057,Non-Taxable Sales,,19
08/05/2026,5057,3rd Party Tax Exempt,,537.13
08/05/2026,5057,Register Audit,327,
08/05/2026,5057,Sales Tax,,252.07
08/05/2026,5057,In-Store Credit Card,2393.1,
08/05/2026,5057,Payout,10.99,
08/05/2026,5057,Online Credit card,871.63,
08/05/2026,5057,Online Gift Card,25,
08/05/2026,5057,Online Credit Card Tips,,29.14
08/05/2026,5057,In-Store Credit Card Tips,,174.69
08/05/2026,5057,Gift Card,23.76,
08/05/2026,5057,3rd Party - DoorDash,229.55,
08/05/2026,5057,3rd Party - UberEats,307.58,
08/05/2026,5057,Cash Over/Short Adjustment,,0.13
08/05/2026,5059,Subject to Tax,,2463.35
08/05/2026,5059,Non-Taxable Sales,,6
08/05/2026,5059,3rd Party Tax Exempt,,362.53
08/05/2026,5059,Sales Tax,,170.96
08/05/2026,5059,In-Store Credit Card,1995.88,
08/05/2026,5059,Online Credit card,575.91,
08/05/2026,5059,Online Credit Card Tips,,21
08/05/2026,5059,In-Store Credit Card Tips,,111.66
08/05/2026,5059,Gift Card,13.21,
08/05/2026,5059,3rd Party - DoorDash,328.81,
08/05/2026,5059,3rd Party - UberEats,33.72,
08/05/2026,5059,Cash Over/Short Adjustment,0.97,
08/05/2026,5059,Register Audit Adjustment,187,
08/05/2026,5062,Subject to Tax,,2331.3
08/05/2026,5062,Non-Taxable Sales,,30.5
08/05/2026,5062,3rd Party Tax Exempt,,489.51
08/05/2026,5062,Sales Tax,,161.51
08/05/2026,5062,In-Store Credit Card,1901.54,
08/05/2026,5062,Online Credit card,520.49,
08/05/2026,5062,Online Gift Card,22.76,
08/05/2026,5062,Online Credit Card Tips,,15
08/05/2026,5062,In-Store Credit Card Tips,,128.25
08/05/2026,5062,Gift Card,17.18,
08/05/2026,5062,3rd Party - DoorDash,363.72,
08/05/2026,5062,3rd Party - UberEats,125.79,
08/05/2026,5062,Cash Over/Short Adjustment,0.59,
08/05/2026,5062,Register Audit Adjustment,204,
08/05/2026,5101,Subject to Tax,,2742.9
08/05/2026,5101,Non-Taxable Sales,,8
08/05/2026,5101,3rd Party Tax Exempt,,362.95
08/05/2026,5101,Register Audit,250,
08/05/2026,5101,Sales Tax,,189.6
08/05/2026,5101,In-Store Credit Card,1941.68,
08/05/2026,5101,Payout,50.9,
08/05/2026,5101,Online Credit card,811.48,
08/05/2026,5101,Online Credit Card Tips,,25
08/05/2026,5101,In-Store Credit Card Tips,,112.99
08/05/2026,5101,Gift Card,25,
08/05/2026,5101,3rd Party - DoorDash,195.31,
08/05/2026,5101,3rd Party - GrubHub,12.84,
08/05/2026,5101,3rd Party - UberEats,154.8,
08/05/2026,5101,Cash Over/Short Adjustment,,0.57
08/05/2026,5112,Subject to Tax,,2102.5
08/05/2026,5112,Non-Taxable Sales,,16
08/05/2026,5112,3rd Party Tax Exempt,,562.8
08/05/2026,5112,Register Audit,267,
08/05/2026,5112,Sales Tax,,166.38
08/05/2026,5112,In-Store Credit Card,1175.21,
08/05/2026,5112,Payout,39.67,
08/05/2026,5112,Online Credit card,896.67,
08/05/2026,5112,Online Gift Card,12.69,
08/05/2026,5112,Online Credit Card Tips,,29
08/05/2026,5112,In-Store Credit Card Tips,,74.87
08/05/2026,5112,Online Gift Card Tips,,2
08/05/2026,5112,3rd Party - DoorDash,534.97,
08/05/2026,5112,3rd Party - UberEats,27.83,
08/05/2026,5112,Cash Over/Short Adjustment,,0.49
08/05/2026,5127,Subject to Tax,,3197.55
08/05/2026,5127,3rd Party Tax Exempt,,148.47
08/05/2026,5127,Register Audit,245,
08/05/2026,5127,Sales Tax,,251.63
08/05/2026,5127,In-Store Credit Card,2165.57,
08/05/2026,5127,Online Credit card,1209.48,
08/05/2026,5127,Online Credit Card Tips,,42
08/05/2026,5127,In-Store Credit Card Tips,,138.68
08/05/2026,5127,Gift Card,10,
08/05/2026,5127,3rd Party - DoorDash,121.41,
08/05/2026,5127,3rd Party - UberEats,27.06,
08/05/2026,5127,Cash Over/Short Adjustment,,0.19
08/05/2026,6021,Subject to Tax,,3491.96
08/05/2026,6021,Non-Taxable Sales,,36
08/05/2026,6021,3rd Party Tax Exempt,,25.68
08/05/2026,6021,Register Audit,263,
08/05/2026,6021,Sales Tax,,331.74
08/05/2026,6021,In-Store Credit Card,2091.07,
08/05/2026,6021,Payout,5.3,
08/05/2026,6021,Online Credit card,854.09,
08/05/2026,6021,Online Gift Card,14.9,
08/05/2026,6021,Online Credit Card Tips,,22.01
08/05/2026,6021,In-Store Credit Card Tips,,144.59
08/05/2026,6021,Gift Card,84.95,
08/05/2026,6021,3rd Party - DoorDash,658.2,
08/05/2026,6021,3rd Party - GrubHub,55.58,
08/05/2026,6021,3rd Party - UberEats,25.68,
08/05/2026,6021,Cash Over/Short Adjustment,,0.79
08/05/2026,6026,Subject to Tax,,2477.78
08/05/2026,6026,Non-Taxable Sales,,15
08/05/2026,6026,3rd Party Tax Exempt,,274.83
08/05/2026,6026,Register Audit,36,
08/05/2026,6026,Sales Tax,,148.7
08/05/2026,6026,In-Store Credit Card,1582.62,
08/05/2026,6026,Payout,72.2,
08/05/2026,6026,Online Credit card,593.99,
08/05/2026,6026,Online Credit Card Tips,,18.67
08/05/2026,6026,In-Store Credit Card Tips,,100.04
08/05/2026,6026,3rd Party - DoorDash,380.01,
08/05/2026,6026,3rd Party - GrubHub,94.49,
08/05/2026,6026,3rd Party - UberEats,274.83,
08/05/2026,6026,Cash Over/Short Adjustment,0.88,
08/05/2026,6032,Subject to Tax,,3845.19
08/05/2026,6032,Non-Taxable Sales,,38.5
08/05/2026,6032,3rd Party Tax Exempt,,134.93
08/05/2026,6032,Sales Tax,,230.77
08/05/2026,6032,In-Store Credit Card,2292.44,
08/05/2026,6032,Online Credit card,1159.58,
08/05/2026,6032,Online Gift Card,4.98,
08/05/2026,6032,Online Credit Card Tips,,18.84
08/05/2026,6032,In-Store Credit Card Tips,,161.2
08/05/2026,6032,Gift Card,11.08,
08/05/2026,6032,3rd Party - DoorDash,603.58,
08/05/2026,6032,3rd Party - GrubHub,71.28,
08/05/2026,6032,3rd Party - UberEats,134.93,
08/05/2026,6032,Cash Over/Short Adjustment,0.56,
08/05/2026,6032,Register Audit Adjustment,151,
08/05/2026,6037,Subject to Tax,,2714.7
08/05/2026,6037,Non-Taxable Sales,,10
08/05/2026,6037,Register Audit,316,
08/05/2026,6037,Sales Tax,,298.72
08/05/2026,6037,In-Store Credit Card,1740.92,
08/05/2026,6037,Payout,5.56,
08/05/2026,6037,Online Credit card,1073.83,
08/05/2026,6037,Online Gift Card,5.22,
08/05/2026,6037,Online Credit Card Tips,,45
08/05/2026,6037,In-Store Credit Card Tips,,125.42
08/05/2026,6037,Gift Card,10,
08/05/2026,6037,3rd Party - UberEats,41.95,
08/05/2026,6037,Cash Over/Short Adjustment,0.36,
08/05/2026,6039,Subject to Tax,,3149.73
08/05/2026,6039,Non-Taxable Sales,,13.5
08/05/2026,6039,3rd Party Tax Exempt,,309.53
08/05/2026,6039,Sales Tax,,188.97
08/05/2026,6039,In-Store Credit Card,1948.42,
08/05/2026,6039,Online Credit card,1004.58,
08/05/2026,6039,Online Credit Card Tips,,28
08/05/2026,6039,In-Store Credit Card Tips,,185.49
08/05/2026,6039,3rd Party - DoorDash,509.66,
08/05/2026,6039,3rd Party - GrubHub,35.1,
08/05/2026,6039,3rd Party - UberEats,309.53,
08/05/2026,6039,Cash Over/Short Adjustment,0.93,
08/05/2026,6039,Register Audit Adjustment,67,
08/05/2026,6044,Subject to Tax,,3322.01
08/05/2026,6044,Non-Taxable Sales,,16
08/05/2026,6044,Tax Exempt,,89.1
08/05/2026,6044,Sales Tax,,375.43
08/05/2026,6044,In-Store Credit Card,2015.49,
08/05/2026,6044,Online Credit card,1027.79,
08/05/2026,6044,Online Credit Card Tips,,33
08/05/2026,6044,In-Store Credit Card Tips,,102.2
08/05/2026,6044,Gift Card,25.92,
08/05/2026,6044,3rd Party - DoorDash,415.38,
08/05/2026,6044,Cash Over/Short Adjustment,0.16,
08/05/2026,6044,Register Audit Adjustment,453,
08/05/2026,6065,Subject to Tax,,2394.87
08/05/2026,6065,Non-Taxable Sales,,25
08/05/2026,6065,3rd Party Tax Exempt,,115.06
08/05/2026,6065,Sales Tax,,239.6
08/05/2026,6065,In-Store Credit Card,1267.59,
08/05/2026,6065,Online Credit card,1008.64,
08/05/2026,6065,Online Credit Card Tips,,25.9
08/05/2026,6065,In-Store Credit Card Tips,,91.48
08/05/2026,6065,3rd Party - DoorDash,153.19,
08/05/2026,6065,3rd Party - GrubHub,26.45,
08/05/2026,6065,3rd Party - UberEats,115.06,
08/05/2026,6065,Cash Over/Short Adjustment,0.98,
08/05/2026,6065,Register Audit Adjustment,320,
08/05/2026,6067,Subject to Tax,,3510.88
08/05/2026,6067,Non-Taxable Sales,,15
08/05/2026,6067,3rd Party Tax Exempt,,45.47
08/05/2026,6067,Sales Tax,,396.69
08/05/2026,6067,In-Store Credit Card,2065.35,
08/05/2026,6067,Online Credit card,1477.78,
08/05/2026,6067,Online Gift Card,25,
08/05/2026,6067,Online Credit Card Tips,,35
08/05/2026,6067,In-Store Credit Card Tips,,161.64
08/05/2026,6067,Online Gift Card Tips,,5
08/05/2026,6067,Gift Card,27.5,
08/05/2026,6067,3rd Party - DoorDash,330.13,
08/05/2026,6067,3rd Party - GrubHub,22.44,
08/05/2026,6067,3rd Party - UberEats,45.47,
08/05/2026,6067,Cash Over/Short Adjustment,0.01,
08/05/2026,6067,Register Audit Adjustment,176,
08/05/2026,6072,Subject to Tax,,4881.33
08/05/2026,6072,Non-Taxable Sales,,44
08/05/2026,6072,3rd Party Tax Exempt,,227.82
08/05/2026,6072,Register Audit,612,
08/05/2026,6072,Sales Tax,,575.99
08/05/2026,6072,In-Store Credit Card,3016.47,
08/05/2026,6072,Payout,51.9,
08/05/2026,6072,Online Credit card,1035.93,
08/05/2026,6072,Online Credit Card Tips,,17
08/05/2026,6072,In-Store Credit Card Tips,,168.01
08/05/2026,6072,3rd Party - DoorDash,906.58,
08/05/2026,6072,3rd Party - GrubHub,64.38,
08/05/2026,6072,3rd Party - UberEats,227.82,
08/05/2026,6072,Cash Over/Short Adjustment,,0.93
08/05/2026,6074,Subject to Tax,,2906.65
08/05/2026,6074,Non-Taxable Sales,,16.5
08/05/2026,6074,3rd Party Tax Exempt,,65.22
08/05/2026,6074,Sales Tax,,261.56
08/05/2026,6074,In-Store Credit Card,1913.25,
08/05/2026,6074,Online Credit card,1066.27,
08/05/2026,6074,Online Gift Card,19.19,
08/05/2026,6074,Online Credit Card Tips,,39
08/05/2026,6074,In-Store Credit Card Tips,,133.67
08/05/2026,6074,Gift Card,35,
08/05/2026,6074,3rd Party - UberEats,65.22,
08/05/2026,6074,Cash Over/Short Adjustment,0.67,
08/05/2026,6074,Register Audit Adjustment,323,
08/05/2026,6076,Subject to Tax,,1999.73
08/05/2026,6076,3rd Party Tax Exempt,,261.17
08/05/2026,6076,Sales Tax,,180.01
08/05/2026,6076,In-Store Credit Card,1175.61,
08/05/2026,6076,Online Credit card,518.5,
08/05/2026,6076,Online Credit Card Tips,,9
08/05/2026,6076,In-Store Credit Card Tips,,56.67
08/05/2026,6076,Gift Card,15,
08/05/2026,6076,3rd Party - DoorDash,370.82,
08/05/2026,6076,3rd Party - UberEats,261.17,
08/05/2026,6076,Cash Over/Short Adjustment,0.48,
08/05/2026,6076,Register Audit Adjustment,165,
08/05/2026,6083,Subject to Tax,,3189.72
08/05/2026,6083,Non-Taxable Sales,,43.5
08/05/2026,6083,3rd Party Tax Exempt,,85.32
08/05/2026,6083,Register Audit,138,
08/05/2026,6083,Sales Tax,,287.08
08/05/2026,6083,In-Store Credit Card,1912.35,
08/05/2026,6083,Online Credit card,1473.15,
08/05/2026,6083,Online Credit Card Tips,,33.4
08/05/2026,6083,In-Store Credit Card Tips,,124.05
08/05/2026,6083,Gift Card,13.34,
08/05/2026,6083,3rd Party - DoorDash,48.77,
08/05/2026,6083,3rd Party - GrubHub,92.47,
08/05/2026,6083,3rd Party - UberEats,85.32,
08/05/2026,6083,Cash Over/Short Adjustment,,0.33
08/05/2026,6088,Subject to Tax,,2949.86
08/05/2026,6088,Non-Taxable Sales,,15.5
08/05/2026,6088,3rd Party Tax Exempt,,169.58
08/05/2026,6088,Register Audit,246,
08/05/2026,6088,Sales Tax,,295.14
08/05/2026,6088,In-Store Credit Card,1726.02,
08/05/2026,6088,Online Credit card,1107.29,
08/05/2026,6088,Online Credit Card Tips,,31.86
08/05/2026,6088,In-Store Credit Card Tips,,95.35
08/05/2026,6088,Gift Card,8.2,
08/05/2026,6088,3rd Party - DoorDash,300.03,
08/05/2026,6088,3rd Party - UberEats,169.58,
08/05/2026,6088,Cash Over/Short Adjustment,0.17,
08/05/2026,6093,Subject to Tax,,2569.63
08/05/2026,6093,Register Audit,296,
08/05/2026,6093,Sales Tax,,290.42
08/05/2026,6093,In-Store Credit Card,1287.92,
08/05/2026,6093,Online Credit card,1163.15,
08/05/2026,6093,Online Credit Card Tips,,43
08/05/2026,6093,In-Store Credit Card Tips,,93.28
08/05/2026,6093,Gift Card,21.91,
08/05/2026,6093,3rd Party - DoorDash,227.51,
08/05/2026,6093,Cash Over/Short Adjustment,,0.16
08/05/2026,6094,Subject to Tax,,1205.34
08/05/2026,6094,Non-Taxable Sales,,5.5
08/05/2026,6094,3rd Party Tax Exempt,,211.58
08/05/2026,6094,Register Audit,65,
08/05/2026,6094,Sales Tax,,120.58
08/05/2026,6094,In-Store Credit Card,822.48,
08/05/2026,6094,Payout,41,
08/05/2026,6094,Online Credit card,308.81,
08/05/2026,6094,Online Credit Card Tips,,6
08/05/2026,6094,In-Store Credit Card Tips,,59.03
08/05/2026,6094,3rd Party - DoorDash,128.24,
08/05/2026,6094,3rd Party - GrubHub,30.16,
08/05/2026,6094,3rd Party - UberEats,211.58,
08/05/2026,6094,Cash Over/Short Adjustment,0.76,
08/05/2026,6102,Subject to Tax,,3361.88
08/05/2026,6102,Non-Taxable Sales,,25
08/05/2026,6102,Sales Tax,,336.36
08/05/2026,6102,In-Store Credit Card,1584.29,
08/05/2026,6102,Online Credit card,1568.98,
08/05/2026,6102,Online Credit Card Tips,,157.35
08/05/2026,6102,In-Store Credit Card Tips,,90.79
08/05/2026,6102,Gift Card,34.11,
08/05/2026,6102,3rd Party - DoorDash,320.2,
08/05/2026,6102,3rd Party - GrubHub,73.78,
08/05/2026,6102,3rd Party - UberEats,174.47,
08/05/2026,6102,Cash Over/Short Adjustment,0.55,
08/05/2026,6102,Register Audit Adjustment,215,
08/05/2026,7024,Subject to Tax,,3552.85
08/05/2026,7024,3rd Party Tax Exempt,,745
08/05/2026,7024,Sales Tax,,307.49
08/05/2026,7024,In-Store Credit Card,2456.67,
08/05/2026,7024,Payout,182.96,
08/05/2026,7024,Online Credit card,1153.73,
08/05/2026,7024,Online Gift Card,2.03,
08/05/2026,7024,Online Credit Card Tips,,38
08/05/2026,7024,In-Store Credit Card Tips,,195.71
08/05/2026,7024,3rd Party - DoorDash,657.78,
08/05/2026,7024,3rd Party - GrubHub,22.62,
08/05/2026,7024,3rd Party - UberEats,64.6,
08/05/2026,7024,Cash Over/Short Adjustment,0.66,
08/05/2026,7024,Register Audit Adjustment,298,
08/05/2026,7032,Subject to Tax,,3089.25
08/05/2026,7032,3rd Party Tax Exempt,,583.71
08/05/2026,7032,Sales Tax,,261.93
08/05/2026,7032,In-Store Credit Card,1640.67,
08/05/2026,7032,Online Credit card,1411.23,
08/05/2026,7032,Online Gift Card,14.2,
08/05/2026,7032,Online Credit Card Tips,,17
08/05/2026,7032,In-Store Credit Card Tips,,89.95
08/05/2026,7032,Gift Card,11.66,
08/05/2026,7032,3rd Party - DoorDash,583.71,
08/05/2026,7032,Cash Over/Short Adjustment,0.37,
08/05/2026,7032,Register Audit Adjustment,380,
08/05/2026,7039,Subject to Tax,,2670.45
08/05/2026,7039,3rd Party Tax Exempt,,376.91
08/05/2026,7039,Sales Tax,,230.65
08/05/2026,7039,In-Store Credit Card,1637.43,
08/05/2026,7039,Payout,14.82,
08/05/2026,7039,Online Credit card,887.04,
08/05/2026,7039,Online Credit Card Tips,,28
08/05/2026,7039,In-Store Credit Card Tips,,106.27
08/05/2026,7039,Gift Card,18.91,
08/05/2026,7039,Gift Card Sold,,25
08/05/2026,7039,3rd Party - DoorDash,248.98,
08/05/2026,7039,3rd Party - GrubHub,73.23,
08/05/2026,7039,3rd Party - UberEats,54.7,
08/05/2026,7039,Cash Over/Short Adjustment,0.17,
08/05/2026,7039,Register Audit Adjustment,502,
08/05/2026,7049,Subject to Tax,,4171.3
08/05/2026,7049,3rd Party Tax Exempt,,535.61
08/05/2026,7049,Sales Tax,,357.15
08/05/2026,7049,In-Store Credit Card,2615.34,
08/05/2026,7049,Online Credit card,1767.15,
08/05/2026,7049,Online Credit Card Tips,,75
08/05/2026,7049,In-Store Credit Card Tips,,131.96
08/05/2026,7049,Gift Card,20.33,
08/05/2026,7049,3rd Party - DoorDash,444.04,
08/05/2026,7049,3rd Party - GrubHub,20.88,
08/05/2026,7049,3rd Party - UberEats,70.69,
08/05/2026,7049,Cash Over/Short Adjustment,0.59,
08/05/2026,7049,Register Audit Adjustment,332,
08/05/2026,7066,Subject to Tax,,2808.6
08/05/2026,7066,3rd Party Tax Exempt,,338.36
08/05/2026,7066,Sales Tax,,241.74
08/05/2026,7066,In-Store Credit Card,1654.36,
08/05/2026,7066,Payout,341.25,
08/05/2026,7066,Online Credit card,1065.43,
08/05/2026,7066,Online Gift Card,15.63,
08/05/2026,7066,Online Credit Card Tips,,28
08/05/2026,7066,In-Store Credit Card Tips,,100.46
08/05/2026,7066,Gift Card,11.66,
08/05/2026,7066,3rd Party - DoorDash,338.36,
08/05/2026,7066,Cash Over/Short Adjustment,0.47,
08/05/2026,7066,Register Audit Adjustment,90,
08/05/2026,13026,Subject to Tax,,2738.13
08/05/2026,13026,Non-Taxable Sales,,49.48
08/05/2026,13026,3rd Party Tax Exempt,,738.46
08/05/2026,13026,Register Audit,286,
08/05/2026,13026,Sales Tax,,205.46
08/05/2026,13026,In-Store Credit Card,1826.72,
08/05/2026,13026,Online Credit card,895.98,
08/05/2026,13026,Online Gift Card,12.09,
08/05/2026,13026,Online Credit Card Tips,,25
08/05/2026,13026,In-Store Credit Card Tips,,106.2
08/05/2026,13026,Gift Card,53.17,
08/05/2026,13026,3rd Party - DoorDash,532.52,
08/05/2026,13026,3rd Party - GrubHub,25.14,
08/05/2026,13026,3rd Party - UberEats,230.72,
08/05/2026,13026,Cash Over/Short Adjustment,0.39,
08/05/2026,13062,Subject to Tax,,2785.12
08/05/2026,13062,Non-Taxable Sales,,14.53
08/05/2026,13062,3rd Party Tax Exempt,,381.04
08/05/2026,13062,Sales Tax,,194.98
08/05/2026,13062,In-Store Credit Card,1923.02,
08/05/2026,13062,Online Credit card,877.73,
08/05/2026,13062,Online Credit Card Tips,,13
08/05/2026,13062,In-Store Credit Card Tips,,123.15
08/05/2026,13062,Gift Card,20.42,
08/05/2026,13062,3rd Party - DoorDash,333.01,
08/05/2026,13062,3rd Party - UberEats,57.81,
08/05/2026,13062,Cash Over/Short Adjustment,0.38,
08/05/2026,13062,Register Audit Adjustment,288,
08/05/2026,13082,Subject to Tax,,2660.49
08/05/2026,13082,Non-Taxable Sales,,32.48
08/05/2026,13082,3rd Party Tax Exempt,,440.88
08/05/2026,13082,Register Audit,487,
08/05/2026,13082,Sales Tax,,186.26
08/05/2026,13082,In-Store Credit Card,1655.8,
08/05/2026,13082,Online Credit card,830.39,
08/05/2026,13082,Online Credit Card Tips,,26
08/05/2026,13082,In-Store Credit Card Tips,,127.46
08/05/2026,13082,Gift Card,10,
08/05/2026,13082,3rd Party - DoorDash,451.86,
08/05/2026,13082,3rd Party - GrubHub,39.1,
08/05/2026,13082,Cash Over/Short Adjustment,,0.58
08/05/2026,13106,Subject to Tax,,1406.34
08/05/2026,13106,Non-Taxable Sales,,21.22
08/05/2026,13106,3rd Party Tax Exempt,,241.39
08/05/2026,13106,Sales Tax,,105.52
08/05/2026,13106,In-Store Credit Card,1079.27,
08/05/2026,13106,Online Credit card,318.19,
08/05/2026,13106,Online Credit Card Tips,,6
08/05/2026,13106,In-Store Credit Card Tips,,80.06
08/05/2026,13106,3rd Party - DoorDash,194.01,
08/05/2026,13106,3rd Party - GrubHub,13.8,
08/05/2026,13106,3rd Party - UberEats,59.45,
08/05/2026,13106,Cash Over/Short Adjustment,0.81,
08/05/2026,13106,Register Audit Adjustment,195,
08/05/2026,13116,Subject to Tax,,2537.22
08/05/2026,13116,Non-Taxable Sales,,10.58
08/05/2026,13116,3rd Party Tax Exempt,,774.16
08/05/2026,13116,Sales Tax,,177.63
08/05/2026,13116,In-Store Credit Card,1556.3,
08/05/2026,13116,Online Credit card,958.12,
08/05/2026,13116,In-Store Credit Card Tips,,79.2
08/05/2026,13116,Gift Card,39.01,
08/05/2026,13116,3rd Party - DoorDash,620.17,
08/05/2026,13116,3rd Party - UberEats,159.69,
08/05/2026,13116,Cash Over/Short Adjustment,0.5,
08/05/2026,13116,Register Audit Adjustment,245,
08/05/2026,13138,Subject to Tax,,2265.09
08/05/2026,13138,Non-Taxable Sales,,9.82
08/05/2026,13138,3rd Party Tax Exempt,,159.58
08/05/2026,13138,Register Audit,550.09,
08/05/2026,13138,Sales Tax,,158.61
08/05/2026,13138,In-Store Credit Card,1289.67,
08/05/2026,13138,Online Credit card,635.73,
08/05/2026,13138,Online Credit Card Tips,,24.53
08/05/2026,13138,In-Store Credit Card Tips,,79.23
08/05/2026,13138,Gift Card,19.47,
08/05/2026,13138,3rd Party - DoorDash,163.66,
08/05/2026,13138,3rd Party - GrubHub,37.49,
08/05/2026,13138,Cash Over/Short Adjustment,0.75,
08/05/2026,13148,Subject to Tax,,3253.71
08/05/2026,13148,Non-Taxable Sales,,33.12
08/05/2026,13148,3rd Party Tax Exempt,,452.86
08/05/2026,13148,Sales Tax,,211.52
08/05/2026,13148,In-Store Credit Card,2077.34,
08/05/2026,13148,Payout,17.4,
08/05/2026,13148,Online Credit card,1297.28,
08/05/2026,13148,Online Credit Card Tips,,52
08/05/2026,13148,In-Store Credit Card Tips,,138.65
08/05/2026,13148,Gift Card,15.17,
08/05/2026,13148,3rd Party - DoorDash,354.02,
08/05/2026,13148,3rd Party - UberEats,117.14,
08/05/2026,13148,Cash Over/Short Adjustment,0.51,
08/05/2026,13148,Register Audit Adjustment,263,
08/05/2026,13160,Subject to Tax,,2615.57
08/05/2026,13160,Non-Taxable Sales,,19.33
08/05/2026,13160,3rd Party Tax Exempt,,471.92
08/05/2026,13160,Register Audit,441.96,
08/05/2026,13160,Sales Tax,,183.11
08/05/2026,13160,In-Store Credit Card,1845.94,
08/05/2026,13160,Online Credit card,636.4,
08/05/2026,13160,Online Credit Card Tips,,12
08/05/2026,13160,In-Store Credit Card Tips,,136.38
08/05/2026,13160,Gift Card,37.31,
08/05/2026,13160,Gift Card Sold,,10
08/05/2026,13160,3rd Party - DoorDash,446.24,
08/05/2026,13160,3rd Party - GrubHub,15.14,
08/05/2026,13160,3rd Party - UberEats,25.68,
08/05/2026,13160,Cash Over/Short Adjustment,,0.36
08/05/2026,13162,Subject to Tax,,2893.6
08/05/2026,13162,Non-Taxable Sales,,22.62
08/05/2026,13162,3rd Party Tax Exempt,,767.4
08/05/2026,13162,Sales Tax,,202.62
08/05/2026,13162,In-Store Credit Card,2073.33,
08/05/2026,13162,Online Credit card,768.21,
08/05/2026,13162,Online Credit Card Tips,,20
08/05/2026,13162,In-Store Credit Card Tips,,122.2
08/05/2026,13162,3rd Party - DoorDash,416.76,
08/05/2026,13162,3rd Party - GrubHub,48.2,
08/05/2026,13162,3rd Party - UberEats,368.16,
08/05/2026,13162,Cash Over/Short Adjustment,0.78,
08/05/2026,13162,Register Audit Adjustment,353,
08/05/2026,13219,Subject to Tax,,3027.79
08/05/2026,13219,Non-Taxable Sales,,23.35
08/05/2026,13219,3rd Party Tax Exempt,,386.01
08/05/2026,13219,Register Audit,547,
08/05/2026,13219,Sales Tax,,211.96
08/05/2026,13219,In-Store Credit Card,1934.96,
08/05/2026,13219,Online Credit card,873.58,
08/05/2026,13219,Online Credit Card Tips,,28
08/05/2026,13219,In-Store Credit Card Tips,,114.14
08/05/2026,13219,Gift Card,14.38,
08/05/2026,13219,3rd Party - DoorDash,292.47,
08/05/2026,13219,3rd Party - GrubHub,21.87,
08/05/2026,13219,3rd Party - UberEats,107.76,
08/05/2026,13219,Cash Over/Short Adjustment,,0.77
08/05/2026,37001,Subject to Tax,,4563.83
08/05/2026,37001,Non-Taxable Sales,,575.45
08/05/2026,37001,Register Audit,757.97,
08/05/2026,37001,Sales Tax,,387.93
08/05/2026,37001,In-Store Credit Card,2917.94,
08/05/2026,37001,Payout,27.49,
08/05/2026,37001,Online Credit card,1722.96,
08/05/2026,37001,Online Credit Card Tips,,67.79
08/05/2026,37001,In-Store Credit Card Tips,,193.92
08/05/2026,37001,Gift Card,24.94,
08/05/2026,37001,3rd Party - DoorDash,344.88,
08/05/2026,37001,Cash Over/Short Adjustment,,0.26
08/05/2026,37001,Register Audit Adjustment,,7
08/05/2026,37002,Subject to Tax,,4137.3
08/05/2026,37002,Non-Taxable Sales,,488.99
08/05/2026,37002,Sales Tax,,351.74
08/05/2026,37002,In-Store Credit Card,1938.98,
08/05/2026,37002,Online Credit card,1537.61,
08/05/2026,37002,Online Gift Card,10.61,
08/05/2026,37002,Online Credit Card Tips,,33
08/05/2026,37002,In-Store Credit Card Tips,,110.2
08/05/2026,37002,Online Gift Card Tips,,2
08/05/2026,37002,Gift Card,24.82,
08/05/2026,37002,3rd Party - DoorDash,1015.99,
08/05/2026,37002,3rd Party - UberEats,51.75,
08/05/2026,37002,Cash Over/Short Adjustment,0.47,
08/05/2026,37002,Register Audit Adjustment,543,
08/05/2026,37004,Subject to Tax,,2354.48
08/05/2026,37004,Non-Taxable Sales,,244.39
08/05/2026,37004,Register Audit,426,
08/05/2026,37004,Sales Tax,,200.16
08/05/2026,37004,In-Store Credit Card,1266.68,
08/05/2026,37004,Online Credit card,1083.36,
08/05/2026,37004,Online Gift Card,8.66,
08/05/2026,37004,Online Credit Card Tips,,41.39
08/05/2026,37004,In-Store Credit Card Tips,,83.59
08/05/2026,37004,Gift Card,9.2,
08/05/2026,37004,3rd Party - DoorDash,136.56,
08/05/2026,37004,Cash Over/Short Adjustment,,0.45
08/05/2026,37004,Register Audit Adjustment,,6
08/05/2026,37006,Subject to Tax,,3507.16
08/05/2026,37006,Non-Taxable Sales,,507.69
08/05/2026,37006,Sales Tax,,298.13
08/05/2026,37006,In-Store Credit Card,1709.28,
08/05/2026,37006,Online Credit card,1536.96,
08/05/2026,37006,Online Gift Card,47.36,
08/05/2026,37006,Online Credit Card Tips,,40
08/05/2026,37006,In-Store Credit Card Tips,,104.88
08/05/2026,37006,Online Gift Card Tips,,1
08/05/2026,37006,Gift Card,25,
08/05/2026,37006,3rd Party - DoorDash,529.8,
08/05/2026,37006,3rd Party - UberEats,22,
08/05/2026,37006,Cash Over/Short Adjustment,0.46,
08/05/2026,37006,Register Audit Adjustment,588,
08/05/2026,37007,Subject to Tax,,6141.72
08/05/2026,37007,Non-Taxable Sales,,739.86
08/05/2026,37007,Sales Tax,,522.15
08/05/2026,37007,In-Store Credit Card,2750,
08/05/2026,37007,Online Credit card,2218.22,
08/05/2026,37007,Online Gift Card,59.29,
08/05/2026,37007,Online Credit Card Tips,,50.12
08/05/2026,37007,In-Store Credit Card Tips,,124.02
08/05/2026,37007,3rd Party - DoorDash,1619.85,
08/05/2026,37007,3rd Party - GrubHub,44.06,
08/05/2026,37007,3rd Party - UberEats,395.22,
08/05/2026,37007,Cash Over/Short Adjustment,0.23,
08/05/2026,37007,Register Audit Adjustment,491,
08/05/2026,37009,Subject to Tax,,4013.68
08/05/2026,37009,Non-Taxable Sales,,490.42
08/05/2026,37009,Register Audit,287,
08/05/2026,37009,Sales Tax,,341.2
08/05/2026,37009,In-Store Credit Card,1809.48,
08/05/2026,37009,Online Credit card,1794.9,
08/05/2026,37009,Online Gift Card,12.61,
08/05/2026,37009,Online Credit Card Tips,,66
08/05/2026,37009,In-Store Credit Card Tips,,132.82
08/05/2026,37009,Online Gift Card Tips,,1
08/05/2026,37009,Gift Card,37.16,
08/05/2026,37009,3rd Party - DoorDash,1021.12,
08/05/2026,37009,3rd Party - UberEats,40.5,
08/05/2026,37009,Cash Over/Short Adjustment,0.35,
08/05/2026,37009,Register Audit Adjustment,42,
08/05/2026,37010,Subject to Tax,,6159.91
08/05/2026,37010,Non-Taxable Sales,,698.65
08/05/2026,37010,Register Audit,906,
08/05/2026,37010,Sales Tax,,523.62
08/05/2026,37010,In-Store Credit Card,3248.76,
08/05/2026,37010,Online Credit card,2982.59,
08/05/2026,37010,Online Credit Card Tips,,128
08/05/2026,37010,In-Store Credit Card Tips,,220.16
08/05/2026,37010,Gift Card,73.29,
08/05/2026,37010,3rd Party - DoorDash,480.09,
08/05/2026,37010,3rd Party - UberEats,40.35,
08/05/2026,37010,Cash Over/Short Adjustment,,0.74
08/05/2026,37013,Subject to Tax,,3308.1
08/05/2026,37013,Non-Taxable Sales,,338.63
08/05/2026,37013,Register Audit,480,
08/05/2026,37013,Sales Tax,,281.25
08/05/2026,37013,In-Store Credit Card,1904.81,
08/05/2026,37013,Online Credit card,1433.99,
08/05/2026,37013,Online Credit Card Tips,,53
08/05/2026,37013,In-Store Credit Card Tips,,116.98
08/05/2026,37013,Gift Card,41.92,
08/05/2026,37013,3rd Party - DoorDash,208.09,
08/05/2026,37013,3rd Party - UberEats,20.12,
08/05/2026,37013,Cash Over/Short Adjustment,0.03,
08/05/2026,37013,Register Audit Adjustment,9,
08/05/2026,37014,Subject to Tax,,3553.09
08/05/2026,37014,Non-Taxable Sales,,439.84
08/05/2026,37014,Register Audit,597,
08/05/2026,37014,Sales Tax,,302.03
08/05/2026,37014,In-Store Credit Card,2069.81,
08/05/2026,37014,Online Credit card,1218.44,
08/05/2026,37014,Online Gift Card,19.75,
08/05/2026,37014,Online Credit Card Tips,,52.59
08/05/2026,37014,In-Store Credit Card Tips,,153.48
08/05/2026,37014,Gift Card,11.61,
08/05/2026,37014,Gift Card Sold,,20
08/05/2026,37014,3rd Party - DoorDash,466.53,
08/05/2026,37014,3rd Party - GrubHub,93.51,
08/05/2026,37014,3rd Party - UberEats,46.27,
08/05/2026,37014,Cash Over/Short Adjustment,,0.89
08/05/2026,37014,Register Audit Adjustment,,1
08/05/2026,37016,Subject to Tax,,3740.95
08/05/2026,37016,Non-Taxable Sales,,421.5
08/05/2026,37016,Register Audit,483,
08/05/2026,37016,Sales Tax,,318.03
08/05/2026,37016,In-Store Credit Card,2350.78,
08/05/2026,37016,Payout,81.61,
08/05/2026,37016,Online Credit card,1330.25,
08/05/2026,37016,Online Gift Card,20,
08/05/2026,37016,Online Credit Card Tips,,62
08/05/2026,37016,In-Store Credit Card Tips,,146.38
08/05/2026,37016,Online Gift Card Tips,,5
08/05/2026,37016,3rd Party - DoorDash,238.99,
08/05/2026,37016,Cash Over/Short Adjustment,0.23,
08/05/2026,37016,Register Audit Adjustment,189,
08/05/2026,37020,Subject to Tax,,2664.39
08/05/2026,37020,Non-Taxable Sales,,311.21
08/05/2026,37020,Sales Tax,,226.54
08/05/2026,37020,In-Store Credit Card,1355.11,
08/05/2026,37020,Online Credit card,1225.55,
08/05/2026,37020,Online Credit Card Tips,,30
08/05/2026,37020,In-Store Credit Card Tips,,78.08
08/05/2026,37020,Gift Card,12.64,
08/05/2026,37020,3rd Party - DoorDash,159.65,
08/05/2026,37020,Cash Over/Short Adjustment,0.27,
08/05/2026,37020,Register Audit Adjustment,557,
08/05/2026,49001,Subject to Tax,,5175.15
08/05/2026,49001,3rd Party Tax Exempt,,1188.84
08/05/2026,49001,Sales Tax,,413.94
08/05/2026,49001,In-Store Credit Card,2658.97,
08/05/2026,49001,Online Credit card,2467.28,
08/05/2026,49001,Online Gift Card,9.77,
08/05/2026,49001,Online Credit Card Tips,,78
08/05/2026,49001,In-Store Credit Card Tips,,147.3
08/05/2026,49001,Gift Card,9.31,
08/05/2026,49001,3rd Party - DoorDash,1107.32,
08/05/2026,49001,3rd Party - GrubHub,42.96,
08/05/2026,49001,3rd Party - UberEats,38.56,
08/05/2026,49001,Cash Over/Short Adjustment,0.06,
08/05/2026,49001,Register Audit Adjustment,669,
08/05/2026,49002,Subject to Tax,,3811.35
08/05/2026,49002,3rd Party Tax Exempt,,570.25
08/05/2026,49002,Sales Tax,,305.07
08/05/2026,49002,In-Store Credit Card,2478.51,
08/05/2026,49002,Payout,7.15,
08/05/2026,49002,Online Credit card,1546.42,
08/05/2026,49002,Online Credit Card Tips,,36.35
08/05/2026,49002,In-Store Credit Card Tips,,172.37
08/05/2026,49002,3rd Party - DoorDash,553.63,
08/05/2026,49002,3rd Party - UberEats,16.62,
08/05/2026,49002,Cash Over/Short Adjustment,0.06,
08/05/2026,49002,Register Audit Adjustment,293,
08/05/2026,49003,Subject to Tax,,4286.5
08/05/2026,49003,3rd Party Tax Exempt,,312.06
08/05/2026,49003,Sales Tax,,342.91
08/05/2026,49003,In-Store Credit Card,2625.64,
08/05/2026,49003,Online Credit card,1682.52,
08/05/2026,49003,Online Gift Card,15,
08/05/2026,49003,Online Credit Card Tips,,61.5
08/05/2026,49003,In-Store Credit Card Tips,,166.52
08/05/2026,49003,Gift Card,11.56,
08/05/2026,49003,3rd Party - DoorDash,281.23,
08/05/2026,49003,3rd Party - UberEats,30.83,
08/05/2026,49003,Cash Over/Short Adjustment,0.71,
08/05/2026,49003,Register Audit Adjustment,522,
08/05/2026,49004,Subject to Tax,,3967.4
08/05/2026,49004,3rd Party Tax Exempt,,999.49
08/05/2026,49004,Sales Tax,,316.9
08/05/2026,49004,In-Store Credit Card,2167.6,
08/05/2026,49004,Payout,25.61,
08/05/2026,49004,Online Credit card,1515.57,
08/05/2026,49004,Online Credit Card Tips,,63.1
08/05/2026,49004,In-Store Credit Card Tips,,125.81
08/05/2026,49004,Gift Card,23.11,
08/05/2026,49004,3rd Party - DoorDash,870.51,
08/05/2026,49004,3rd Party - UberEats,128.98,
08/05/2026,49004,Cash Over/Short Adjustment,0.32,
08/05/2026,49004,Register Audit Adjustment,741,
08/05/2026,49005,Subject to Tax,,4690.8
08/05/2026,49005,3rd Party Tax Exempt,,430.14
08/05/2026,49005,Sales Tax,,375.34
08/05/2026,49005,In-Store Credit Card,2112.37,
08/05/2026,49005,Online Credit card,2382.11,
08/05/2026,49005,Online Gift Card,39.31,
08/05/2026,49005,Online Credit Card Tips,,63
08/05/2026,49005,In-Store Credit Card Tips,,131.22
08/05/2026,49005,Gift Card,14.47,
08/05/2026,49005,3rd Party - DoorDash,430.14,
08/05/2026,49005,Cash Over/Short Adjustment,0.1,
08/05/2026,49005,Register Audit Adjustment,712,
08/05/2026,49006,Subject to Tax,,5706.2
08/05/2026,49006,3rd Party Tax Exempt,,1007.72
08/05/2026,49006,Sales Tax,,456.39
08/05/2026,49006,In-Store Credit Card,2783.29,
08/05/2026,49006,Online Credit card,2525.99,
08/05/2026,49006,Online Gift Card,17.6,
08/05/2026,49006,Online Credit Card Tips,,79.88
08/05/2026,49006,In-Store Credit Card Tips,,174.82
08/05/2026,49006,Gift Card,62.06,
08/05/2026,49006,3rd Party - DoorDash,894.7,
08/05/2026,49006,3rd Party - GrubHub,12.84,
08/05/2026,49006,3rd Party - UberEats,100.18,
08/05/2026,49006,Cash Over/Short Adjustment,0.35,
08/05/2026,49006,Register Audit Adjustment,1028,
08/05/2026,49007,Subject to Tax,,2794.4
08/05/2026,49007,3rd Party Tax Exempt,,151.8
08/05/2026,49007,Register Audit,324.96,
08/05/2026,49007,Sales Tax,,222.53
08/05/2026,49007,In-Store Credit Card,1375.1,
08/05/2026,49007,Online Credit card,1399.42,
08/05/2026,49007,Online Credit Card Tips,,47
08/05/2026,49007,In-Store Credit Card Tips,,90.79
08/05/2026,49007,Gift Card,80.24,
08/05/2026,49007,Gift Card Sold,,25
08/05/2026,49007,3rd Party - UberEats,151.8,
08/05/2026,49008,Subject to Tax,,3396.85
08/05/2026,49008,3rd Party Tax Exempt,,667.57
08/05/2026,49008,Sales Tax,,271.32
08/05/2026,49008,In-Store Credit Card,1763.88,
08/05/2026,49008,Payout,3.15,
08/05/2026,49008,Online Credit card,1496.28,
08/05/2026,49008,Online Credit Card Tips,,32
08/05/2026,49008,In-Store Credit Card Tips,,103.3
08/05/2026,49008,Gift Card,10.85,
08/05/2026,49008,3rd Party - DoorDash,627.92,
08/05/2026,49008,3rd Party - GrubHub,24.72,
08/05/2026,49008,3rd Party - UberEats,14.93,
08/05/2026,49008,Cash Over/Short Adjustment,0.31,
08/05/2026,49008,Register Audit Adjustment,529,
08/05/2026,49009,Subject to Tax,,4558.5
08/05/2026,49009,3rd Party Tax Exempt,,634.79
08/05/2026,49009,Register Audit,524,
08/05/2026,49009,Sales Tax,,364.79
08/05/2026,49009,In-Store Credit Card,2886.28,
08/05/2026,49009,Payout,3.54,
08/05/2026,49009,Online Credit card,1704.31,
08/05/2026,49009,Online Credit Card Tips,,32
08/05/2026,49009,In-Store Credit Card Tips,,191.13
08/05/2026,49009,Gift Card,27.8,
08/05/2026,49009,3rd Party - DoorDash,634.79,
08/05/2026,49009,Cash Over/Short Adjustment,,0.8
08/05/2026,49009,Register Audit Adjustment,,10
08/05/2026,49010,Subject to Tax,,3650.47
08/05/2026,49010,3rd Party Tax Exempt,,355.19
08/05/2026,49010,Sales Tax,,292.1
08/05/2026,49010,In-Store Credit Card,2459.66,
08/05/2026,49010,Payout,20.03,
08/05/2026,49010,Online Credit card,1523.75,
08/05/2026,49010,Online Gift Card,11.83,
08/05/2026,49010,Online Credit Card Tips,,57
08/05/2026,49010,In-Store Credit Card Tips,,174.44
08/05/2026,49010,Gift Card,20.51,
08/05/2026,49010,3rd Party - DoorDash,325.2,
08/05/2026,49010,3rd Party - GrubHub,14.88,
08/05/2026,49010,3rd Party - UberEats,15.11,
08/05/2026,49010,Cash Over/Short Adjustment,0.23,
08/05/2026,49010,Register Audit Adjustment,138,
08/05/2026,49011,Subject to Tax,,4657.35
08/05/2026,49011,3rd Party Tax Exempt,,260.4
08/05/2026,49011,Register Audit,810,
08/05/2026,49011,Sales Tax,,371.96
08/05/2026,49011,In-Store Credit Card,2126.82,
08/05/2026,49011,Online Credit card,2234.69,
08/05/2026,49011,Online Gift Card,10.23,
08/05/2026,49011,Online Credit Card Tips,,88
08/05/2026,49011,In-Store Credit Card Tips,,141.13
08/05/2026,49011,Gift Card,76.61,
08/05/2026,49011,3rd Party - DoorDash,245.22,
08/05/2026,49011,3rd Party - UberEats,15.18,
08/05/2026,49011,Cash Over/Short Adjustment,0.09,
