Date,Class,Transaction Category,Debit,Credit
07/20/2026,2006,Subject to Tax,,108.08
07/20/2026,2006,Non-Taxable Sales,,3041.87
07/20/2026,2006,3rd Party Tax Exempt,,34.2
07/20/2026,2006,Register Audit,42,
07/20/2026,2006,Sales Tax,,7.73
07/20/2026,2006,In-Store Credit Card,1318.89,
07/20/2026,2006,Payout,98.5,
07/20/2026,2006,Online Credit card,991.36,
07/20/2026,2006,Online Gift Card,42.05,
07/20/2026,2006,Online Credit Card Tips,,32.85
07/20/2026,2006,In-Store Credit Card Tips,,72.24
07/20/2026,2006,Online Gift Card Tips,,1
07/20/2026,2006,3rd Party - DoorDash,571.88,
07/20/2026,2006,3rd Party - GrubHub,64.91,
07/20/2026,2006,3rd Party - UberEats,169.07,
07/20/2026,2006,Cash Over/Short Adjustment,,0.69
07/20/2026,2016,Subject to Tax,,119.93
07/20/2026,2016,Non-Taxable Sales,,3051.53
07/20/2026,2016,3rd Party Tax Exempt,,29.76
07/20/2026,2016,Register Audit,307,
07/20/2026,2016,Sales Tax,,8.11
07/20/2026,2016,In-Store Credit Card,1793.16,
07/20/2026,2016,Online Credit card,831.43,
07/20/2026,2016,Online Credit Card Tips,,26
07/20/2026,2016,In-Store Credit Card Tips,,103.18
07/20/2026,2016,Gift Card,27.4,
07/20/2026,2016,3rd Party - DoorDash,360.69,
07/20/2026,2016,3rd Party - GrubHub,18.83,
07/20/2026,2020,Subject to Tax,,345.96
07/20/2026,2020,Non-Taxable Sales,,3357.29
07/20/2026,2020,3rd Party Tax Exempt,,26.28
07/20/2026,2020,Register Audit,496,
07/20/2026,2020,Sales Tax,,25.07
07/20/2026,2020,In-Store Credit Card,1736.82,
07/20/2026,2020,Online Credit card,1130.39,
07/20/2026,2020,Online Gift Card,60,
07/20/2026,2020,Online Credit Card Tips,,29
07/20/2026,2020,In-Store Credit Card Tips,,106.45
07/20/2026,2020,Online Gift Card Tips,,2
07/20/2026,2020,Gift Card,69.2,
07/20/2026,2020,3rd Party - DoorDash,354.17,
07/20/2026,2020,3rd Party - GrubHub,45.88,
07/20/2026,2020,Cash Over/Short Adjustment,,0.41
07/20/2026,2023,Subject to Tax,,174.08
07/20/2026,2023,Non-Taxable Sales,,3447.38
07/20/2026,2023,3rd Party Tax Exempt,,14.52
07/20/2026,2023,Sales Tax,,11.56
07/20/2026,2023,In-Store Credit Card,1828.28,
07/20/2026,2023,Payout,26.98,
07/20/2026,2023,Online Credit card,958.47,
07/20/2026,2023,Online Gift Card,22.01,
07/20/2026,2023,Online Credit Card Tips,,22.28
07/20/2026,2023,In-Store Credit Card Tips,,104.31
07/20/2026,2023,3rd Party - DoorDash,457.83,
07/20/2026,2023,3rd Party - UberEats,237.75,
07/20/2026,2023,Cash Over/Short Adjustment,0.81,
07/20/2026,2023,Register Audit Adjustment,242,
07/20/2026,2024,Subject to Tax,,173.5
07/20/2026,2024,Non-Taxable Sales,,2980.88
07/20/2026,2024,3rd Party Tax Exempt,,14.88
07/20/2026,2024,Register Audit,161.23,
07/20/2026,2024,Sales Tax,,13.25
07/20/2026,2024,In-Store Credit Card,1885.72,
07/20/2026,2024,Online Credit card,795.52,
07/20/2026,2024,Online Credit Card Tips,,13
07/20/2026,2024,In-Store Credit Card Tips,,112.67
07/20/2026,2024,Gift Card,8.35,
07/20/2026,2024,3rd Party - DoorDash,371.16,
07/20/2026,2024,3rd Party - GrubHub,12.84,
07/20/2026,2024,3rd Party - UberEats,73.36,
07/20/2026,2047,Subject to Tax,,124.02
07/20/2026,2047,Non-Taxable Sales,,3087.96
07/20/2026,2047,3rd Party Tax Exempt,,25.32
07/20/2026,2047,Register Audit,295,
07/20/2026,2047,Sales Tax,,8.93
07/20/2026,2047,In-Store Credit Card,1367.42,
07/20/2026,2047,Online Credit card,1204.7,
07/20/2026,2047,Online Credit Card Tips,,25
07/20/2026,2047,In-Store Credit Card Tips,,62.52
07/20/2026,2047,3rd Party - DoorDash,465.7,
07/20/2026,2047,Cash Over/Short Adjustment,0.93,
07/20/2026,4003,Subject to Tax,,3859.9
07/20/2026,4003,Register Audit,297.6,
07/20/2026,4003,Sales Tax,,376.29
07/20/2026,4003,In-Store Credit Card,1895.88,
07/20/2026,4003,Online Credit card,1225.23,
07/20/2026,4003,Online Credit Card Tips,,15
07/20/2026,4003,In-Store Credit Card Tips,,153.43
07/20/2026,4003,Gift Card,52.11,
07/20/2026,4003,3rd Party - DoorDash,623.19,
07/20/2026,4003,3rd Party - UberEats,309.14,
07/20/2026,4003,Cash Over/Short Adjustment,0.47,
07/20/2026,4003,Register Audit Adjustment,1,
07/20/2026,4004,Subject to Tax,,3991.73
07/20/2026,4004,Sales Tax,,389.15
07/20/2026,4004,In-Store Credit Card,1760.97,
07/20/2026,4004,Online Credit card,569.87,
07/20/2026,4004,Online Credit Card Tips,,9
07/20/2026,4004,In-Store Credit Card Tips,,96.98
07/20/2026,4004,3rd Party - DoorDash,1135.31,
07/20/2026,4004,3rd Party - UberEats,867.37,
07/20/2026,4004,Cash Over/Short Adjustment,0.34,
07/20/2026,4004,Register Audit Adjustment,153,
07/20/2026,4005,Subject to Tax,,4026.91
07/20/2026,4005,Register Audit,204,
07/20/2026,4005,Sales Tax,,392.68
07/20/2026,4005,In-Store Credit Card,2700,
07/20/2026,4005,Online Credit card,1003.63,
07/20/2026,4005,In-Store Credit Card Tips,,191.57
07/20/2026,4005,Gift Card,35.99,
07/20/2026,4005,3rd Party - DoorDash,426.7,
07/20/2026,4005,3rd Party - GrubHub,14.09,
07/20/2026,4005,3rd Party - UberEats,225.97,
07/20/2026,4005,Cash Over/Short Adjustment,0.78,
07/20/2026,4008,Subject to Tax,,3012.63
07/20/2026,4008,Register Audit,259,
07/20/2026,4008,Sales Tax,,293.74
07/20/2026,4008,In-Store Credit Card,2060.39,
07/20/2026,4008,Online Credit card,672.6,
07/20/2026,4008,Online Credit Card Tips,,17.12
07/20/2026,4008,In-Store Credit Card Tips,,115.27
07/20/2026,4008,Gift Card,22.82,
07/20/2026,4008,3rd Party - DoorDash,252.45,
07/20/2026,4008,3rd Party - UberEats,171.74,
07/20/2026,4008,Cash Over/Short Adjustment,,0.24
07/20/2026,4009,Subject to Tax,,2586.53
07/20/2026,4009,Register Audit,395,
07/20/2026,4009,Sales Tax,,252.15
07/20/2026,4009,In-Store Credit Card,2055.29,
07/20/2026,4009,Payout,8.77,
07/20/2026,4009,Online Credit card,134.81,
07/20/2026,4009,Online Credit Card Tips,,3
07/20/2026,4009,In-Store Credit Card Tips,,85.74
07/20/2026,4009,Gift Card,9.82,
07/20/2026,4009,3rd Party - DoorDash,28.18,
07/20/2026,4009,3rd Party - UberEats,296.31,
07/20/2026,4009,Cash Over/Short Adjustment,,0.76
07/20/2026,4010,Subject to Tax,,2722.4
07/20/2026,4010,Register Audit,265,
07/20/2026,4010,Sales Tax,,265.41
07/20/2026,4010,In-Store Credit Card,1792.25,
07/20/2026,4010,Online Credit card,516.97,
07/20/2026,4010,In-Store Credit Card Tips,,151.23
07/20/2026,4010,Gift Card,34.24,
07/20/2026,4010,3rd Party - DoorDash,142.53,
07/20/2026,4010,3rd Party - GrubHub,25.88,
07/20/2026,4010,3rd Party - UberEats,292.2,
07/20/2026,4010,Cash Over/Short Adjustment,0.97,
07/20/2026,4010,Register Audit Adjustment,69,
07/20/2026,4015,Subject to Tax,,3633.84
07/20/2026,4015,Register Audit,287,
07/20/2026,4015,Sales Tax,,354.26
07/20/2026,4015,In-Store Credit Card,2200,
07/20/2026,4015,Online Credit card,812.93,
07/20/2026,4015,Online Credit Card Tips,,33
07/20/2026,4015,In-Store Credit Card Tips,,149.11
07/20/2026,4015,Gift Card,19.32,
07/20/2026,4015,3rd Party - DoorDash,629.23,
07/20/2026,4015,3rd Party - UberEats,225.92,
07/20/2026,4015,Cash Over/Short Adjustment,,0.19
07/20/2026,4015,Register Audit Adjustment,,4
07/20/2026,4021,Subject to Tax,,3993.64
07/20/2026,4021,Register Audit,433,
07/20/2026,4021,Sales Tax,,389.39
07/20/2026,4021,In-Store Credit Card,2676.51,
07/20/2026,4021,Online Credit card,974.32,
07/20/2026,4021,Online Gift Card,19.97,
07/20/2026,4021,Online Credit Card Tips,,43.41
07/20/2026,4021,In-Store Credit Card Tips,,193.51
07/20/2026,4021,Gift Card,37.71,
07/20/2026,4021,3rd Party - DoorDash,225.18,
07/20/2026,4021,3rd Party - UberEats,253.1,
07/20/2026,4021,Cash Over/Short Adjustment,0.16,
07/20/2026,4025,Subject to Tax,,3644
07/20/2026,4025,Register Audit,275,
07/20/2026,4025,Sales Tax,,355.33
07/20/2026,4025,In-Store Credit Card,1757.36,
07/20/2026,4025,Online Credit card,1303.97,
07/20/2026,4025,Online Credit Card Tips,,33
07/20/2026,4025,In-Store Credit Card Tips,,114.02
07/20/2026,4025,Gift Card,37.37,
07/20/2026,4025,3rd Party - DoorDash,424.63,
07/20/2026,4025,3rd Party - GrubHub,85.92,
07/20/2026,4025,3rd Party - UberEats,262.99,
07/20/2026,4025,Cash Over/Short Adjustment,,0.89
07/20/2026,4027,Subject to Tax,,4115.23
07/20/2026,4027,Sales Tax,,401.21
07/20/2026,4027,In-Store Credit Card,2244.48,
07/20/2026,4027,Online Credit card,1196.79,
07/20/2026,4027,In-Store Credit Card Tips,,121.55
07/20/2026,4027,Gift Card,15.8,
07/20/2026,4027,3rd Party - DoorDash,453.07,
07/20/2026,4027,3rd Party - UberEats,477.78,
07/20/2026,4027,Cash Over/Short Adjustment,0.07,
07/20/2026,4027,Register Audit Adjustment,250,
07/20/2026,4034,Subject to Tax,,3581.01
07/20/2026,4034,Register Audit,260,
07/20/2026,4034,Sales Tax,,348.98
07/20/2026,4034,In-Store Credit Card,2463.83,
07/20/2026,4034,Payout,30.68,
07/20/2026,4034,Online Credit card,941.07,
07/20/2026,4034,Online Gift Card,25,
07/20/2026,4034,Online Credit Card Tips,,23
07/20/2026,4034,In-Store Credit Card Tips,,145.24
07/20/2026,4034,Online Gift Card Tips,,2
07/20/2026,4034,Gift Card,35,
07/20/2026,4034,3rd Party - DoorDash,345.34,
07/20/2026,4034,Cash Over/Short Adjustment,,0.69
07/20/2026,4036,Subject to Tax,,4206.89
07/20/2026,4036,Register Audit,240,
07/20/2026,4036,Sales Tax,,410.11
07/20/2026,4036,In-Store Credit Card,2299.63,
07/20/2026,4036,Online Credit card,1361.74,
07/20/2026,4036,Online Gift Card,20.42,
07/20/2026,4036,Online Credit Card Tips,,41
07/20/2026,4036,In-Store Credit Card Tips,,153.18
07/20/2026,4036,Gift Card,36.17,
07/20/2026,4036,3rd Party - DoorDash,566.56,
07/20/2026,4036,3rd Party - GrubHub,16,
07/20/2026,4036,3rd Party - UberEats,270.34,
07/20/2026,4036,Cash Over/Short Adjustment,0.32,
07/20/2026,4042,Subject to Tax,,4649.82
07/20/2026,4042,Sales Tax,,453.45
07/20/2026,4042,In-Store Credit Card,2197.94,
07/20/2026,4042,Payout,10,
07/20/2026,4042,Online Credit card,2128.02,
07/20/2026,4042,Online Gift Card,14.95,
07/20/2026,4042,Online Credit Card Tips,,53
07/20/2026,4042,In-Store Credit Card Tips,,199.82
07/20/2026,4042,Online Gift Card Tips,,2
07/20/2026,4042,Gift Card,14.12,
07/20/2026,4042,3rd Party - DoorDash,651.91,
07/20/2026,4042,3rd Party - UberEats,76.09,
07/20/2026,4042,Cash Over/Short Adjustment,0.06,
07/20/2026,4042,Register Audit Adjustment,265,
07/20/2026,4052,Subject to Tax,,5420.4
07/20/2026,4052,Register Audit,961,
07/20/2026,4052,Sales Tax,,528.4
07/20/2026,4052,In-Store Credit Card,2800.59,
07/20/2026,4052,Payout,16.38,
07/20/2026,4052,Online Credit card,1804.67,
07/20/2026,4052,Online Credit Card Tips,,55
07/20/2026,4052,In-Store Credit Card Tips,,144.17
07/20/2026,4052,Gift Card,23.21,
07/20/2026,4052,3rd Party - DoorDash,497.44,
07/20/2026,4052,3rd Party - UberEats,44.97,
07/20/2026,4052,Cash Over/Short Adjustment,,0.29
07/20/2026,4061,Subject to Tax,,3981.94
07/20/2026,4061,Sales Tax,,388.24
07/20/2026,4061,In-Store Credit Card,2256.16,
07/20/2026,4061,Payout,8.2,
07/20/2026,4061,Online Credit card,1328.28,
07/20/2026,4061,Online Credit Card Tips,,41.68
07/20/2026,4061,In-Store Credit Card Tips,,85.55
07/20/2026,4061,Gift Card Sold,,30
07/20/2026,4061,3rd Party - DoorDash,527.22,
07/20/2026,4061,3rd Party - UberEats,244.32,
07/20/2026,4061,Cash Over/Short Adjustment,0.23,
07/20/2026,4061,Register Audit Adjustment,163,
07/20/2026,4074,Subject to Tax,,2584.28
07/20/2026,4074,Register Audit,35,
07/20/2026,4074,Sales Tax,,251.96
07/20/2026,4074,In-Store Credit Card,1749.59,
07/20/2026,4074,Online Credit card,880.89,
07/20/2026,4074,Online Credit Card Tips,,23
07/20/2026,4074,In-Store Credit Card Tips,,141.74
07/20/2026,4074,3rd Party - DoorDash,157.18,
07/20/2026,4074,3rd Party - UberEats,178.53,
07/20/2026,4074,Cash Over/Short Adjustment,,0.21
07/20/2026,5042,Subject to Tax,,3459.85
07/20/2026,5042,Non-Taxable Sales,,10.5
07/20/2026,5042,3rd Party Tax Exempt,,333.39
07/20/2026,5042,Register Audit,348,
07/20/2026,5042,Sales Tax,,237.39
07/20/2026,5042,In-Store Credit Card,2003.81,
07/20/2026,5042,Payout,13.37,
07/20/2026,5042,Online Credit card,1520.51,
07/20/2026,5042,Online Gift Card,6.78,
07/20/2026,5042,Online Credit Card Tips,,60
07/20/2026,5042,In-Store Credit Card Tips,,124.13
07/20/2026,5042,Gift Card,19.47,
07/20/2026,5042,Gift Card Sold,,20
07/20/2026,5042,3rd Party - DoorDash,186.64,
07/20/2026,5042,3rd Party - UberEats,146.75,
07/20/2026,5042,Cash Over/Short Adjustment,,0.07
07/20/2026,5043,Subject to Tax,,4343.95
07/20/2026,5043,Non-Taxable Sales,,21
07/20/2026,5043,3rd Party Tax Exempt,,1225.88
07/20/2026,5043,Register Audit,538,
07/20/2026,5043,Sales Tax,,294.76
07/20/2026,5043,In-Store Credit Card,2379.75,
07/20/2026,5043,Online Credit card,1932.87,
07/20/2026,5043,Online Credit Card Tips,,68
07/20/2026,5043,In-Store Credit Card Tips,,148.45
07/20/2026,5043,Gift Card,25.2,
07/20/2026,5043,3rd Party - DoorDash,673.98,
07/20/2026,5043,3rd Party - GrubHub,45.22,
07/20/2026,5043,3rd Party - UberEats,506.68,
07/20/2026,5043,Cash Over/Short Adjustment,0.34,
07/20/2026,5049,Subject to Tax,,2402.6
07/20/2026,5049,Non-Taxable Sales,,10
07/20/2026,5049,3rd Party Tax Exempt,,416.71
07/20/2026,5049,Register Audit,502,
07/20/2026,5049,Sales Tax,,197.85
07/20/2026,5049,In-Store Credit Card,1342.22,
07/20/2026,5049,Online Credit card,844.16,
07/20/2026,5049,Online Credit Card Tips,,11
07/20/2026,5049,In-Store Credit Card Tips,,80.12
07/20/2026,5049,Gift Card,13.61,
07/20/2026,5049,3rd Party - DoorDash,396.92,
07/20/2026,5049,3rd Party - UberEats,19.79,
07/20/2026,5049,Cash Over/Short Adjustment,,0.42
07/20/2026,5051,Subject to Tax,,2897.5
07/20/2026,5051,Non-Taxable Sales,,11
07/20/2026,5051,3rd Party Tax Exempt,,416.04
07/20/2026,5051,Register Audit,292,
07/20/2026,5051,Sales Tax,,200.87
07/20/2026,5051,In-Store Credit Card,2133.05,
07/20/2026,5051,Online Credit card,765.83,
07/20/2026,5051,Online Credit Card Tips,,20
07/20/2026,5051,In-Store Credit Card Tips,,130.53
07/20/2026,5051,Gift Card,69.94,
07/20/2026,5051,3rd Party - DoorDash,238.17,
07/20/2026,5051,3rd Party - GrubHub,14.88,
07/20/2026,5051,3rd Party - UberEats,162.99,
07/20/2026,5051,Cash Over/Short Adjustment,,0.92
07/20/2026,5057,Subject to Tax,,4041.7
07/20/2026,5057,Non-Taxable Sales,,13
07/20/2026,5057,3rd Party Tax Exempt,,430.65
07/20/2026,5057,Register Audit,449,
07/20/2026,5057,Sales Tax,,320.79
07/20/2026,5057,In-Store Credit Card,2500.72,
07/20/2026,5057,Online Credit card,1547.97,
07/20/2026,5057,Online Gift Card,10,
07/20/2026,5057,Online Credit Card Tips,,35.77
07/20/2026,5057,In-Store Credit Card Tips,,149.67
07/20/2026,5057,Gift Card,53.3,
07/20/2026,5057,3rd Party - DoorDash,253.77,
07/20/2026,5057,3rd Party - UberEats,176.88,
07/20/2026,5057,Cash Over/Short Adjustment,,0.06
07/20/2026,5059,Subject to Tax,,2908.35
07/20/2026,5059,Non-Taxable Sales,,19.5
07/20/2026,5059,3rd Party Tax Exempt,,499.56
07/20/2026,5059,Sales Tax,,201.45
07/20/2026,5059,In-Store Credit Card,2284.64,
07/20/2026,5059,Payout,47.22,
07/20/2026,5059,Online Credit card,598.4,
07/20/2026,5059,Online Credit Card Tips,,14
07/20/2026,5059,In-Store Credit Card Tips,,117.35
07/20/2026,5059,3rd Party - DoorDash,420.97,
07/20/2026,5059,3rd Party - GrubHub,67.85,
07/20/2026,5059,3rd Party - UberEats,10.74,
07/20/2026,5059,Cash Over/Short Adjustment,0.39,
07/20/2026,5059,Register Audit Adjustment,330,
07/20/2026,5062,Subject to Tax,,2252.41
07/20/2026,5062,Non-Taxable Sales,,11
07/20/2026,5062,3rd Party Tax Exempt,,346.81
07/20/2026,5062,Sales Tax,,155.4
07/20/2026,5062,In-Store Credit Card,1666.53,
07/20/2026,5062,Online Credit card,570.43,
07/20/2026,5062,Online Gift Card,12.45,
07/20/2026,5062,Online Credit Card Tips,,23
07/20/2026,5062,In-Store Credit Card Tips,,121.82
07/20/2026,5062,Online Gift Card Tips,,1
07/20/2026,5062,Gift Card,12.2,
07/20/2026,5062,3rd Party - DoorDash,201.16,
07/20/2026,5062,3rd Party - UberEats,145.65,
07/20/2026,5062,Cash Over/Short Adjustment,0.02,
07/20/2026,5062,Register Audit Adjustment,303,
07/20/2026,5101,Subject to Tax,,2480.25
07/20/2026,5101,Non-Taxable Sales,,5
07/20/2026,5101,3rd Party Tax Exempt,,317.44
07/20/2026,5101,Register Audit,192,
07/20/2026,5101,Sales Tax,,171.9
07/20/2026,5101,In-Store Credit Card,1853.37,
07/20/2026,5101,Online Credit card,716.49,
07/20/2026,5101,Online Gift Card,25,
07/20/2026,5101,Online Credit Card Tips,,13
07/20/2026,5101,In-Store Credit Card Tips,,120.42
07/20/2026,5101,Online Gift Card Tips,,2.57
07/20/2026,5101,Gift Card,7.12,
07/20/2026,5101,3rd Party - DoorDash,289.25,
07/20/2026,5101,3rd Party - GrubHub,28.19,
07/20/2026,5101,Cash Over/Short Adjustment,,0.84
07/20/2026,5112,Subject to Tax,,2560.75
07/20/2026,5112,Non-Taxable Sales,,19
07/20/2026,5112,3rd Party Tax Exempt,,479.55
07/20/2026,5112,Register Audit,191,
07/20/2026,5112,Sales Tax,,200.54
07/20/2026,5112,In-Store Credit Card,1458.58,
07/20/2026,5112,Online Credit card,1261,
07/20/2026,5112,Online Credit Card Tips,,46
07/20/2026,5112,In-Store Credit Card Tips,,84.02
07/20/2026,5112,3rd Party - DoorDash,355.14,
07/20/2026,5112,3rd Party - UberEats,124.41,
07/20/2026,5112,Cash Over/Short Adjustment,,0.27
07/20/2026,5127,Subject to Tax,,3185.2
07/20/2026,5127,3rd Party Tax Exempt,,100.3
07/20/2026,5127,Register Audit,657,
07/20/2026,5127,Sales Tax,,252.61
07/20/2026,5127,In-Store Credit Card,1940.61,
07/20/2026,5127,Online Credit card,1004.15,
07/20/2026,5127,Online Credit Card Tips,,49
07/20/2026,5127,In-Store Credit Card Tips,,124.64
07/20/2026,5127,Gift Card,9.77,
07/20/2026,5127,3rd Party - DoorDash,100.3,
07/20/2026,5127,Cash Over/Short Adjustment,,0.08
07/20/2026,6021,Subject to Tax,,3724.73
07/20/2026,6021,Non-Taxable Sales,,25
07/20/2026,6021,3rd Party Tax Exempt,,225.05
07/20/2026,6021,Register Audit,220,
07/20/2026,6021,Sales Tax,,353.84
07/20/2026,6021,In-Store Credit Card,1967.73,
07/20/2026,6021,Online Credit card,1650.04,
07/20/2026,6021,Online Gift Card,3.42,
07/20/2026,6021,Online Credit Card Tips,,42.01
07/20/2026,6021,In-Store Credit Card Tips,,147.11
07/20/2026,6021,3rd Party - DoorDash,378.99,
07/20/2026,6021,3rd Party - GrubHub,73.17,
07/20/2026,6021,3rd Party - UberEats,225.05,
07/20/2026,6021,Cash Over/Short Adjustment,,0.66
07/20/2026,6026,Subject to Tax,,2719.01
07/20/2026,6026,Non-Taxable Sales,,15
07/20/2026,6026,3rd Party Tax Exempt,,173.37
07/20/2026,6026,Sales Tax,,163.12
07/20/2026,6026,In-Store Credit Card,1869.75,
07/20/2026,6026,Payout,20,
07/20/2026,6026,Online Credit card,720.92,
07/20/2026,6026,Online Gift Card,15,
07/20/2026,6026,Online Credit Card Tips,,17.5
07/20/2026,6026,In-Store Credit Card Tips,,137.66
07/20/2026,6026,Online Gift Card Tips,,1
07/20/2026,6026,Gift Card,10,
07/20/2026,6026,3rd Party - DoorDash,362.03,
07/20/2026,6026,3rd Party - UberEats,173.37,
07/20/2026,6026,Cash Over/Short Adjustment,0.59,
07/20/2026,6026,Register Audit Adjustment,55,
07/20/2026,6032,Subject to Tax,,3467.4
07/20/2026,6032,Non-Taxable Sales,,33.5
07/20/2026,6032,3rd Party Tax Exempt,,195.91
07/20/2026,6032,Sales Tax,,208.02
07/20/2026,6032,In-Store Credit Card,1779.55,
07/20/2026,6032,Online Credit card,1260.29,
07/20/2026,6032,Online Gift Card,18.32,
07/20/2026,6032,Online Credit Card Tips,,49.66
07/20/2026,6032,In-Store Credit Card Tips,,142.77
07/20/2026,6032,Online Gift Card Tips,,2
07/20/2026,6032,3rd Party - DoorDash,476.15,
07/20/2026,6032,3rd Party - GrubHub,74.47,
07/20/2026,6032,3rd Party - UberEats,195.91,
07/20/2026,6032,Cash Over/Short Adjustment,0.57,
07/20/2026,6032,Register Audit Adjustment,294,
07/20/2026,6037,Subject to Tax,,3882.09
07/20/2026,6037,Non-Taxable Sales,,7
07/20/2026,6037,Tax Exempt,,26
07/20/2026,6037,Register Audit,207,
07/20/2026,6037,Sales Tax,,427.21
07/20/2026,6037,In-Store Credit Card,2766.85,
07/20/2026,6037,Payout,25.33,
07/20/2026,6037,Online Credit card,1493.66,
07/20/2026,6037,Online Credit Card Tips,,72
07/20/2026,6037,In-Store Credit Card Tips,,176
07/20/2026,6037,3rd Party - UberEats,97.23,
07/20/2026,6037,Cash Over/Short Adjustment,0.23,
07/20/2026,6039,Subject to Tax,,3059.09
07/20/2026,6039,Non-Taxable Sales,,33
07/20/2026,6039,3rd Party Tax Exempt,,334.55
07/20/2026,6039,Sales Tax,,183.55
07/20/2026,6039,In-Store Credit Card,1690.96,
07/20/2026,6039,Online Credit card,909.68,
07/20/2026,6039,Online Gift Card,11.08,
07/20/2026,6039,Online Credit Card Tips,,31
07/20/2026,6039,In-Store Credit Card Tips,,121.5
07/20/2026,6039,Gift Card,6.48,
07/20/2026,6039,3rd Party - DoorDash,671.18,
07/20/2026,6039,3rd Party - UberEats,334.55,
07/20/2026,6039,Cash Over/Short Adjustment,0.76,
07/20/2026,6039,Register Audit Adjustment,138,
07/20/2026,6044,Subject to Tax,,3379.11
07/20/2026,6044,Non-Taxable Sales,,23
07/20/2026,6044,3rd Party Tax Exempt,,12.84
07/20/2026,6044,Sales Tax,,381.82
07/20/2026,6044,In-Store Credit Card,1628.35,
07/20/2026,6044,Online Credit card,1207.62,
07/20/2026,6044,Online Credit Card Tips,,26.09
07/20/2026,6044,In-Store Credit Card Tips,,84.14
07/20/2026,6044,Gift Card,36.91,
07/20/2026,6044,3rd Party - DoorDash,342.42,
07/20/2026,6044,3rd Party - UberEats,12.84,
07/20/2026,6044,Cash Over/Short Adjustment,0.86,
07/20/2026,6044,Register Audit Adjustment,678,
07/20/2026,6065,Subject to Tax,,2584.11
07/20/2026,6065,Non-Taxable Sales,,5
07/20/2026,6065,3rd Party Tax Exempt,,142.19
07/20/2026,6065,Sales Tax,,258.58
07/20/2026,6065,In-Store Credit Card,1733.78,
07/20/2026,6065,Payout,5.04,
07/20/2026,6065,Online Credit card,776.57,
07/20/2026,6065,Online Gift Card,46.6,
07/20/2026,6065,Online Credit Card Tips,,33
07/20/2026,6065,In-Store Credit Card Tips,,120.94
07/20/2026,6065,Online Gift Card Tips,,1
07/20/2026,6065,Gift Card,20.3,
07/20/2026,6065,3rd Party - DoorDash,210.18,
07/20/2026,6065,3rd Party - GrubHub,23.23,
07/20/2026,6065,3rd Party - UberEats,142.19,
07/20/2026,6065,Cash Over/Short Adjustment,0.93,
07/20/2026,6065,Register Audit Adjustment,186,
07/20/2026,6067,Subject to Tax,,3483.52
07/20/2026,6067,Non-Taxable Sales,,20
07/20/2026,6067,3rd Party Tax Exempt,,47.94
07/20/2026,6067,Sales Tax,,393.68
07/20/2026,6067,In-Store Credit Card,2193.65,
07/20/2026,6067,Payout,31.75,
07/20/2026,6067,Online Credit card,1345.48,
07/20/2026,6067,Online Credit Card Tips,,54
07/20/2026,6067,In-Store Credit Card Tips,,175.69
07/20/2026,6067,Gift Card,41.15,
07/20/2026,6067,3rd Party - DoorDash,225.81,
07/20/2026,6067,3rd Party - UberEats,47.94,
07/20/2026,6067,Cash Over/Short Adjustment,0.05,
07/20/2026,6067,Register Audit Adjustment,289,
07/20/2026,6072,Subject to Tax,,3691.57
07/20/2026,6072,Non-Taxable Sales,,42
07/20/2026,6072,3rd Party Tax Exempt,,206.75
07/20/2026,6072,Register Audit,460,
07/20/2026,6072,Sales Tax,,435.55
07/20/2026,6072,In-Store Credit Card,2055.98,
07/20/2026,6072,Payout,30,
07/20/2026,6072,Online Credit card,1056.22,
07/20/2026,6072,Online Gift Card,12,
07/20/2026,6072,Online Credit Card Tips,,8
07/20/2026,6072,In-Store Credit Card Tips,,108.94
07/20/2026,6072,3rd Party - DoorDash,658.4,
07/20/2026,6072,3rd Party - GrubHub,14.36,
07/20/2026,6072,3rd Party - UberEats,206.75,
07/20/2026,6072,Cash Over/Short Adjustment,,0.9
07/20/2026,6074,Subject to Tax,,2972.56
07/20/2026,6074,Non-Taxable Sales,,31.5
07/20/2026,6074,3rd Party Tax Exempt,,108.41
07/20/2026,6074,Sales Tax,,267.51
07/20/2026,6074,In-Store Credit Card,1937.5,
07/20/2026,6074,Payout,82.82,
07/20/2026,6074,Online Credit card,918.71,
07/20/2026,6074,Online Credit Card Tips,,22
07/20/2026,6074,In-Store Credit Card Tips,,106.23
07/20/2026,6074,Gift Card,87.45,
07/20/2026,6074,3rd Party - GrubHub,102.09,
07/20/2026,6074,3rd Party - UberEats,108.41,
07/20/2026,6074,Cash Over/Short Adjustment,0.23,
07/20/2026,6074,Register Audit Adjustment,271,
07/20/2026,6076,Subject to Tax,,1703.65
07/20/2026,6076,Non-Taxable Sales,,10
07/20/2026,6076,3rd Party Tax Exempt,,63.04
07/20/2026,6076,Sales Tax,,153.26
07/20/2026,6076,In-Store Credit Card,783.31,
07/20/2026,6076,Payout,20.33,
07/20/2026,6076,Online Credit card,612.52,
07/20/2026,6076,Online Credit Card Tips,,19
07/20/2026,6076,In-Store Credit Card Tips,,34.02
07/20/2026,6076,3rd Party - DoorDash,313.09,
07/20/2026,6076,3rd Party - UberEats,63.04,
07/20/2026,6076,Cash Over/Short Adjustment,0.68,
07/20/2026,6076,Register Audit Adjustment,190,
07/20/2026,6083,Subject to Tax,,3317.3
07/20/2026,6083,Non-Taxable Sales,,15
07/20/2026,6083,3rd Party Tax Exempt,,86.98
07/20/2026,6083,Register Audit,310,
07/20/2026,6083,Sales Tax,,298.49
07/20/2026,6083,In-Store Credit Card,1910.49,
07/20/2026,6083,Online Credit card,1107.23,
07/20/2026,6083,Online Gift Card,59.96,
07/20/2026,6083,Online Credit Card Tips,,32
07/20/2026,6083,In-Store Credit Card Tips,,90.56
07/20/2026,6083,Online Gift Card Tips,,1
07/20/2026,6083,Gift Card,19.84,
07/20/2026,6083,3rd Party - DoorDash,346.78,
07/20/2026,6083,3rd Party - UberEats,86.98,
07/20/2026,6083,Cash Over/Short Adjustment,0.05,
07/20/2026,6088,Subject to Tax,,3400.45
07/20/2026,6088,Non-Taxable Sales,,10
07/20/2026,6088,3rd Party Tax Exempt,,229.44
07/20/2026,6088,Register Audit,254,
07/20/2026,6088,Sales Tax,,340.21
07/20/2026,6088,In-Store Credit Card,2285.83,
07/20/2026,6088,Online Credit card,1010.08,
07/20/2026,6088,Online Gift Card,35.42,
07/20/2026,6088,Online Credit Card Tips,,31.86
07/20/2026,6088,In-Store Credit Card Tips,,127.98
07/20/2026,6088,Gift Card,1.72,
07/20/2026,6088,3rd Party - DoorDash,322.78,
07/20/2026,6088,3rd Party - UberEats,229.44,
07/20/2026,6088,Cash Over/Short Adjustment,0.67,
07/20/2026,6093,Subject to Tax,,2554.16
07/20/2026,6093,Non-Taxable Sales,,5
07/20/2026,6093,Register Audit,313,
07/20/2026,6093,Sales Tax,,288.68
07/20/2026,6093,In-Store Credit Card,1793.73,
07/20/2026,6093,Payout,2.95,
07/20/2026,6093,Online Credit card,594.16,
07/20/2026,6093,Online Gift Card,33.66,
07/20/2026,6093,Online Credit Card Tips,,22
07/20/2026,6093,In-Store Credit Card Tips,,129.53
07/20/2026,6093,Gift Card,44.69,
07/20/2026,6093,3rd Party - DoorDash,217.21,
07/20/2026,6093,Cash Over/Short Adjustment,,0.03
07/20/2026,6094,Subject to Tax,,1902.34
07/20/2026,6094,Non-Taxable Sales,,5
07/20/2026,6094,3rd Party Tax Exempt,,91.3
07/20/2026,6094,Register Audit,41,
07/20/2026,6094,Sales Tax,,190.3
07/20/2026,6094,In-Store Credit Card,1228.43,
07/20/2026,6094,Online Credit card,555.88,
07/20/2026,6094,Online Credit Card Tips,,15
07/20/2026,6094,In-Store Credit Card Tips,,66.48
07/20/2026,6094,3rd Party - DoorDash,255.98,
07/20/2026,6094,3rd Party - GrubHub,97.63,
07/20/2026,6094,3rd Party - UberEats,91.3,
07/20/2026,6094,Cash Over/Short Adjustment,0.2,
07/20/2026,6102,Subject to Tax,,2368.33
07/20/2026,6102,Non-Taxable Sales,,25.5
07/20/2026,6102,Sales Tax,,236.94
07/20/2026,6102,In-Store Credit Card,1258.59,
07/20/2026,6102,Online Credit card,734.46,
07/20/2026,6102,Online Credit Card Tips,,16.35
07/20/2026,6102,In-Store Credit Card Tips,,68.25
07/20/2026,6102,3rd Party - DoorDash,478.59,
07/20/2026,6102,3rd Party - GrubHub,44.81,
07/20/2026,6102,3rd Party - UberEats,46.6,
07/20/2026,6102,Cash Over/Short Adjustment,0.32,
07/20/2026,6102,Register Audit Adjustment,152,
07/20/2026,7024,Subject to Tax,,4216.25
07/20/2026,7024,3rd Party Tax Exempt,,724.71
07/20/2026,7024,Sales Tax,,352.96
07/20/2026,7024,In-Store Credit Card,1951.32,
07/20/2026,7024,Online Credit card,2325.3,
07/20/2026,7024,Online Credit Card Tips,,56
07/20/2026,7024,In-Store Credit Card Tips,,124.3
07/20/2026,7024,Gift Card,11.66,
07/20/2026,7024,3rd Party - DoorDash,618.88,
07/20/2026,7024,3rd Party - UberEats,105.83,
07/20/2026,7024,Cash Over/Short Adjustment,0.23,
07/20/2026,7024,Register Audit Adjustment,461,
07/20/2026,7032,Subject to Tax,,2824.1
07/20/2026,7032,3rd Party Tax Exempt,,603.44
07/20/2026,7032,Sales Tax,,244.33
07/20/2026,7032,In-Store Credit Card,1712.08,
07/20/2026,7032,Online Credit card,901.07,
07/20/2026,7032,Online Credit Card Tips,,38
07/20/2026,7032,In-Store Credit Card Tips,,83.95
07/20/2026,7032,Gift Card,21.52,
07/20/2026,7032,3rd Party - DoorDash,540.33,
07/20/2026,7032,3rd Party - UberEats,63.11,
07/20/2026,7032,Cash Over/Short Adjustment,0.71,
07/20/2026,7032,Register Audit Adjustment,555,
07/20/2026,7039,Subject to Tax,,2705.75
07/20/2026,7039,3rd Party Tax Exempt,,388.61
07/20/2026,7039,Sales Tax,,234.37
07/20/2026,7039,In-Store Credit Card,1963.94,
07/20/2026,7039,Payout,175.84,
07/20/2026,7039,Online Credit card,871.47,
07/20/2026,7039,Online Credit Card Tips,,25
07/20/2026,7039,In-Store Credit Card Tips,,128.95
07/20/2026,7039,Gift Card,29.43,
07/20/2026,7039,3rd Party - DoorDash,373.5,
07/20/2026,7039,3rd Party - UberEats,15.11,
07/20/2026,7039,Cash Over/Short Adjustment,0.72,
07/20/2026,7039,Register Audit Adjustment,53,
07/20/2026,7049,Subject to Tax,,4493.75
07/20/2026,7049,3rd Party Tax Exempt,,576.32
07/20/2026,7049,Sales Tax,,387.16
07/20/2026,7049,In-Store Credit Card,2975.33,
07/20/2026,7049,Online Credit card,1686.42,
07/20/2026,7049,Online Gift Card,11.55,
07/20/2026,7049,Online Credit Card Tips,,74.37
07/20/2026,7049,In-Store Credit Card Tips,,193.47
07/20/2026,7049,3rd Party - DoorDash,426.17,
07/20/2026,7049,3rd Party - GrubHub,24.72,
07/20/2026,7049,3rd Party - UberEats,125.43,
07/20/2026,7049,Cash Over/Short Adjustment,0.45,
07/20/2026,7049,Register Audit Adjustment,475,
07/20/2026,7066,Subject to Tax,,2550.15
07/20/2026,7066,3rd Party Tax Exempt,,205.79
07/20/2026,7066,Register Audit,365.03,
07/20/2026,7066,Sales Tax,,222.78
07/20/2026,7066,In-Store Credit Card,1899.37,
07/20/2026,7066,Online Credit card,627.69,
07/20/2026,7066,Online Credit Card Tips,,21.33
07/20/2026,7066,In-Store Credit Card Tips,,109.49
07/20/2026,7066,Gift Card,11.66,
07/20/2026,7066,3rd Party - DoorDash,167.33,
07/20/2026,7066,3rd Party - UberEats,38.46,
07/20/2026,13026,Subject to Tax,,2496.6
07/20/2026,13026,Non-Taxable Sales,,22.41
07/20/2026,13026,3rd Party Tax Exempt,,771.29
07/20/2026,13026,Register Audit,172,
07/20/2026,13026,Sales Tax,,187.24
07/20/2026,13026,In-Store Credit Card,1740.37,
07/20/2026,13026,Online Credit card,849.82,
07/20/2026,13026,Online Gift Card,14.74,
07/20/2026,13026,Online Credit Card Tips,,17
07/20/2026,13026,In-Store Credit Card Tips,,74.58
07/20/2026,13026,Online Gift Card Tips,,2
07/20/2026,13026,Gift Card,11.5,
07/20/2026,13026,3rd Party - DoorDash,556.38,
07/20/2026,13026,3rd Party - UberEats,225.47,
07/20/2026,13026,Cash Over/Short Adjustment,0.84,
07/20/2026,13062,Subject to Tax,,2581.8
07/20/2026,13062,Non-Taxable Sales,,31.66
07/20/2026,13062,3rd Party Tax Exempt,,601.9
07/20/2026,13062,Sales Tax,,180.78
07/20/2026,13062,In-Store Credit Card,1920.25,
07/20/2026,13062,Online Credit card,716.33,
07/20/2026,13062,Online Credit Card Tips,,26
07/20/2026,13062,In-Store Credit Card Tips,,97.79
07/20/2026,13062,Gift Card,17.66,
07/20/2026,13062,3rd Party - DoorDash,556.8,
07/20/2026,13062,3rd Party - UberEats,56.86,
07/20/2026,13062,Cash Over/Short Adjustment,0.03,
07/20/2026,13062,Register Audit Adjustment,252,
07/20/2026,13082,Subject to Tax,,1904.29
07/20/2026,13082,Non-Taxable Sales,,5.94
07/20/2026,13082,3rd Party Tax Exempt,,217.98
07/20/2026,13082,Register Audit,326,
07/20/2026,13082,Sales Tax,,133.3
07/20/2026,13082,In-Store Credit Card,1198.45,
07/20/2026,13082,Online Credit card,560.23,
07/20/2026,13082,Online Credit Card Tips,,21.08
07/20/2026,13082,In-Store Credit Card Tips,,71.2
07/20/2026,13082,Gift Card,33.99,
07/20/2026,13082,3rd Party - DoorDash,163.63,
07/20/2026,13082,3rd Party - GrubHub,13.74,
07/20/2026,13082,3rd Party - UberEats,57.59,
07/20/2026,13082,Cash Over/Short Adjustment,0.16,
07/20/2026,13106,Subject to Tax,,1763.91
07/20/2026,13106,Non-Taxable Sales,,35.43
07/20/2026,13106,3rd Party Tax Exempt,,540.91
07/20/2026,13106,Sales Tax,,132.3
07/20/2026,13106,In-Store Credit Card,1104.52,
07/20/2026,13106,Online Credit card,640.84,
07/20/2026,13106,Online Credit Card Tips,,15
07/20/2026,13106,In-Store Credit Card Tips,,74.2
07/20/2026,13106,3rd Party - DoorDash,422.56,
07/20/2026,13106,3rd Party - GrubHub,41.34,
07/20/2026,13106,3rd Party - UberEats,127.29,
07/20/2026,13106,Cash Over/Short Adjustment,0.2,
07/20/2026,13106,Register Audit Adjustment,225,
07/20/2026,13116,Subject to Tax,,2233.21
07/20/2026,13116,Non-Taxable Sales,,51.89
07/20/2026,13116,3rd Party Tax Exempt,,747.83
07/20/2026,13116,Sales Tax,,156.33
07/20/2026,13116,In-Store Credit Card,1506.12,
07/20/2026,13116,Online Credit card,649.28,
07/20/2026,13116,In-Store Credit Card Tips,,73.8
07/20/2026,13116,Gift Card,20,
07/20/2026,13116,Gift Card Sold,,25
07/20/2026,13116,3rd Party - DoorDash,668.09,
07/20/2026,13116,3rd Party - GrubHub,15.14,
07/20/2026,13116,3rd Party - UberEats,126.24,
07/20/2026,13116,Cash Over/Short Adjustment,0.19,
07/20/2026,13116,Register Audit Adjustment,303,
07/20/2026,13138,Subject to Tax,,2258.95
07/20/2026,13138,Non-Taxable Sales,,13.8
07/20/2026,13138,3rd Party Tax Exempt,,165.93
07/20/2026,13138,Register Audit,457,
07/20/2026,13138,Sales Tax,,158.09
07/20/2026,13138,In-Store Credit Card,1466.81,
07/20/2026,13138,Online Credit card,534.22,
07/20/2026,13138,Online Gift Card,36.68,
07/20/2026,13138,Online Credit Card Tips,,7
07/20/2026,13138,In-Store Credit Card Tips,,80.95
07/20/2026,13138,Online Gift Card Tips,,1
07/20/2026,13138,Gift Card,19.69,
07/20/2026,13138,3rd Party - DoorDash,103.42,
07/20/2026,13138,3rd Party - UberEats,68.21,
07/20/2026,13138,Cash Over/Short Adjustment,,0.31
07/20/2026,13148,Subject to Tax,,3795.96
07/20/2026,13148,Non-Taxable Sales,,32.97
07/20/2026,13148,3rd Party Tax Exempt,,399.89
07/20/2026,13148,Sales Tax,,246.76
07/20/2026,13148,In-Store Credit Card,2136.7,
07/20/2026,13148,Online Credit card,1719.17,
07/20/2026,13148,Online Credit Card Tips,,49
07/20/2026,13148,In-Store Credit Card Tips,,115.56
07/20/2026,13148,Gift Card,24.48,
07/20/2026,13148,3rd Party - DoorDash,319.56,
07/20/2026,13148,3rd Party - UberEats,90.11,
07/20/2026,13148,Cash Over/Short Adjustment,0.12,
07/20/2026,13148,Register Audit Adjustment,350,
07/20/2026,13160,Subject to Tax,,3127.56
07/20/2026,13160,Non-Taxable Sales,,10.69
07/20/2026,13160,3rd Party Tax Exempt,,216.45
07/20/2026,13160,Register Audit,733,
07/20/2026,13160,Sales Tax,,218.89
07/20/2026,13160,In-Store Credit Card,1980.05,
07/20/2026,13160,Online Credit card,688.3,
07/20/2026,13160,Online Gift Card,10,
07/20/2026,13160,Online Credit Card Tips,,27
07/20/2026,13160,In-Store Credit Card Tips,,139.85
07/20/2026,13160,Gift Card,44.71,
07/20/2026,13160,3rd Party - DoorDash,219.69,
07/20/2026,13160,3rd Party - GrubHub,63.94,
07/20/2026,13160,Cash Over/Short Adjustment,0.75,
07/20/2026,13162,Subject to Tax,,2894.66
07/20/2026,13162,Non-Taxable Sales,,24.56
07/20/2026,13162,3rd Party Tax Exempt,,611.11
07/20/2026,13162,Sales Tax,,202.6
07/20/2026,13162,In-Store Credit Card,1800.89,
07/20/2026,13162,Online Credit card,1205.67,
07/20/2026,13162,Online Gift Card,23.17,
07/20/2026,13162,Online Credit Card Tips,,40
07/20/2026,13162,In-Store Credit Card Tips,,117.49
07/20/2026,13162,Online Gift Card Tips,,1
07/20/2026,13162,Gift Card,10.59,
07/20/2026,13162,3rd Party - DoorDash,473.27,
07/20/2026,13162,3rd Party - GrubHub,68.05,
07/20/2026,13162,3rd Party - UberEats,156.14,
07/20/2026,13162,Cash Over/Short Adjustment,0.64,
07/20/2026,13162,Register Audit Adjustment,153,
07/20/2026,13219,Subject to Tax,,2715.15
07/20/2026,13219,Non-Taxable Sales,,30.01
07/20/2026,13219,3rd Party Tax Exempt,,434.84
07/20/2026,13219,Sales Tax,,190.02
07/20/2026,13219,In-Store Credit Card,1706.93,
07/20/2026,13219,Online Credit card,852.44,
07/20/2026,13219,Online Credit Card Tips,,52
07/20/2026,13219,In-Store Credit Card Tips,,108.49
07/20/2026,13219,Gift Card,21.03,
07/20/2026,13219,3rd Party - DoorDash,355.94,
07/20/2026,13219,3rd Party - UberEats,90.66,
07/20/2026,13219,Cash Over/Short Adjustment,0.51,
07/20/2026,13219,Register Audit Adjustment,503,
07/20/2026,37001,Subject to Tax,,5132.51
07/20/2026,37001,Non-Taxable Sales,,675.75
07/20/2026,37001,Register Audit,885.75,
07/20/2026,37001,Sales Tax,,436.33
07/20/2026,37001,In-Store Credit Card,2902.23,
07/20/2026,37001,Online Credit card,1959.27,
07/20/2026,37001,Online Gift Card,26.13,
07/20/2026,37001,Online Credit Card Tips,,74
07/20/2026,37001,In-Store Credit Card Tips,,172.37
07/20/2026,37001,Gift Card,69.8,
07/20/2026,37001,3rd Party - DoorDash,648.34,
07/20/2026,37001,Cash Over/Short Adjustment,,0.56
07/20/2026,37002,Subject to Tax,,3761.43
07/20/2026,37002,Non-Taxable Sales,,470.57
07/20/2026,37002,Sales Tax,,319.74
07/20/2026,37002,In-Store Credit Card,2128.23,
07/20/2026,37002,Online Credit card,1447.42,
07/20/2026,37002,Online Credit Card Tips,,38
07/20/2026,37002,In-Store Credit Card Tips,,138.81
07/20/2026,37002,Gift Card,37.5,
07/20/2026,37002,3rd Party - DoorDash,665.54,
07/20/2026,37002,3rd Party - GrubHub,63.24,
07/20/2026,37002,3rd Party - UberEats,21.35,
07/20/2026,37002,Cash Over/Short Adjustment,0.27,
07/20/2026,37002,Register Audit Adjustment,365,
07/20/2026,37004,Subject to Tax,,2490.92
07/20/2026,37004,Non-Taxable Sales,,224.88
07/20/2026,37004,Register Audit,181,
07/20/2026,37004,Sales Tax,,211.74
07/20/2026,37004,In-Store Credit Card,1267.3,
07/20/2026,37004,Online Credit card,1424.92,
07/20/2026,37004,Online Gift Card,11.61,
07/20/2026,37004,Online Credit Card Tips,,69.01
07/20/2026,37004,In-Store Credit Card Tips,,116.03
07/20/2026,37004,3rd Party - DoorDash,197.31,
07/20/2026,37004,Cash Over/Short Adjustment,0.44,
07/20/2026,37004,Register Audit Adjustment,30,
07/20/2026,37006,Subject to Tax,,4041.49
07/20/2026,37006,Non-Taxable Sales,,455.56
07/20/2026,37006,Sales Tax,,343.52
07/20/2026,37006,In-Store Credit Card,2373.75,
07/20/2026,37006,Online Credit card,1556.17,
07/20/2026,37006,Online Credit Card Tips,,42
07/20/2026,37006,In-Store Credit Card Tips,,161.51
07/20/2026,37006,3rd Party - DoorDash,426.97,
07/20/2026,37006,3rd Party - UberEats,45.87,
07/20/2026,37006,Cash Over/Short Adjustment,0.32,
07/20/2026,37006,Register Audit Adjustment,641,
07/20/2026,37009,Subject to Tax,,3967.94
07/20/2026,37009,Non-Taxable Sales,,437.15
07/20/2026,37009,Register Audit,325,
07/20/2026,37009,Sales Tax,,337.37
07/20/2026,37009,In-Store Credit Card,1900.38,
07/20/2026,37009,Payout,40.48,
07/20/2026,37009,Online Credit card,1585.28,
07/20/2026,37009,Online Credit Card Tips,,63
07/20/2026,37009,In-Store Credit Card Tips,,141.33
07/20/2026,37009,Gift Card,31.89,
07/20/2026,37009,3rd Party - DoorDash,964.89,
07/20/2026,37009,3rd Party - UberEats,98.18,
07/20/2026,37009,Cash Over/Short Adjustment,0.69,
07/20/2026,37010,Subject to Tax,,7582.01
07/20/2026,37010,Non-Taxable Sales,,771.91
07/20/2026,37010,Register Audit,911,
07/20/2026,37010,Sales Tax,,644.59
07/20/2026,37010,In-Store Credit Card,4003.59,
07/20/2026,37010,Online Credit card,3511.85,
07/20/2026,37010,Online Gift Card,31.93,
07/20/2026,37010,Online Credit Card Tips,,146
07/20/2026,37010,In-Store Credit Card Tips,,263.6
07/20/2026,37010,Online Gift Card Tips,,3
07/20/2026,37010,Gift Card,87.45,
07/20/2026,37010,3rd Party - DoorDash,838.33,
07/20/2026,37010,3rd Party - UberEats,13.93,
07/20/2026,37010,Cash Over/Short Adjustment,0.03,
07/20/2026,37010,Register Audit Adjustment,13,
07/20/2026,37013,Subject to Tax,,3188.87
07/20/2026,37013,Non-Taxable Sales,,334.11
07/20/2026,37013,Sales Tax,,271
07/20/2026,37013,In-Store Credit Card,1647.35,
07/20/2026,37013,Online Credit card,1651.93,
07/20/2026,37013,Online Gift Card,39.49,
07/20/2026,37013,Online Credit Card Tips,,80
07/20/2026,37013,In-Store Credit Card Tips,,100.68
07/20/2026,37013,Gift Card,3.37,
07/20/2026,37013,3rd Party - DoorDash,181.37,
07/20/2026,37013,Cash Over/Short Adjustment,0.15,
07/20/2026,37013,Register Audit Adjustment,451,
07/20/2026,37014,Subject to Tax,,3400.13
07/20/2026,37014,Non-Taxable Sales,,501.84
07/20/2026,37014,Register Audit,229,
07/20/2026,37014,Sales Tax,,289.02
07/20/2026,37014,In-Store Credit Card,1882.21,
07/20/2026,37014,Online Credit card,1655.95,
07/20/2026,37014,Online Gift Card,60,
07/20/2026,37014,Online Credit Card Tips,,30
07/20/2026,37014,In-Store Credit Card Tips,,142.35
07/20/2026,37014,Online Gift Card Tips,,2.99
07/20/2026,37014,Gift Card,21.61,
07/20/2026,37014,3rd Party - DoorDash,495.89,
07/20/2026,37014,3rd Party - UberEats,31.57,
07/20/2026,37014,Cash Over/Short Adjustment,,0.9
07/20/2026,37014,Register Audit Adjustment,,9
07/20/2026,37016,Subject to Tax,,2712.32
07/20/2026,37016,Non-Taxable Sales,,306.91
07/20/2026,37016,Register Audit,375.73,
07/20/2026,37016,Sales Tax,,230.56
07/20/2026,37016,In-Store Credit Card,1815.12,
07/20/2026,37016,Payout,3.5,
07/20/2026,37016,Online Credit card,1014.91,
07/20/2026,37016,Online Credit Card Tips,,37
07/20/2026,37016,In-Store Credit Card Tips,,115.42
07/20/2026,37016,3rd Party - DoorDash,192.95,
07/20/2026,37020,Subject to Tax,,2064.06
07/20/2026,37020,Non-Taxable Sales,,280.59
07/20/2026,37020,Register Audit,209.32,
07/20/2026,37020,Sales Tax,,175.48
07/20/2026,37020,In-Store Credit Card,1402.33,
07/20/2026,37020,Online Credit card,1096.32,
07/20/2026,37020,Online Credit Card Tips,,31
07/20/2026,37020,In-Store Credit Card Tips,,90.5
07/20/2026,37020,Gift Card,19.75,
07/20/2026,37020,Gift Card Sold,,225
07/20/2026,37020,3rd Party - DoorDash,139.72,
07/20/2026,37020,Cash Over/Short Adjustment,,0.81
07/20/2026,49001,Subject to Tax,,4418.6
07/20/2026,49001,3rd Party Tax Exempt,,548.48
07/20/2026,49001,Tax Exempt,,38.45
07/20/2026,49001,Sales Tax,,353.3
07/20/2026,49001,In-Store Credit Card,2032.32,
07/20/2026,49001,Payout,7.05,
07/20/2026,49001,Online Credit card,1832.23,
07/20/2026,49001,Online Gift Card,10.77,
07/20/2026,49001,Online Credit Card Tips,,74
07/20/2026,49001,In-Store Credit Card Tips,,138.37
07/20/2026,49001,Online Gift Card Tips,,1
07/20/2026,49001,Gift Card,10.68,
07/20/2026,49001,3rd Party - DoorDash,454.45,
07/20/2026,49001,3rd Party - UberEats,94.03,
07/20/2026,49001,Cash Over/Short Adjustment,0.67,
07/20/2026,49001,Register Audit Adjustment,1130,
07/20/2026,49002,Subject to Tax,,3890.95
07/20/2026,49002,3rd Party Tax Exempt,,540.84
07/20/2026,49002,Register Audit,565.01,
07/20/2026,49002,Sales Tax,,311.03
07/20/2026,49002,In-Store Credit Card,2536.85,
07/20/2026,49002,Online Credit card,1196.64,
07/20/2026,49002,Online Gift Card,25,
07/20/2026,49002,Online Credit Card Tips,,42.28
07/20/2026,49002,In-Store Credit Card Tips,,173.94
07/20/2026,49002,Gift Card,50.37,
07/20/2026,49002,3rd Party - DoorDash,525.96,
07/20/2026,49002,3rd Party - UberEats,14.88,
07/20/2026,49003,Subject to Tax,,3723.33
07/20/2026,49003,3rd Party Tax Exempt,,104.63
07/20/2026,49003,Sales Tax,,297.89
07/20/2026,49003,In-Store Credit Card,2334.72,
07/20/2026,49003,Payout,37.94,
07/20/2026,49003,Online Credit card,1372.9,
07/20/2026,49003,Online Gift Card,14.9,
07/20/2026,49003,Online Credit Card Tips,,57
07/20/2026,49003,In-Store Credit Card Tips,,169.19
07/20/2026,49003,Gift Card,33.43,
07/20/2026,49003,3rd Party - DoorDash,104.63,
07/20/2026,49003,Cash Over/Short Adjustment,0.52,
07/20/2026,49003,Register Audit Adjustment,453,
07/20/2026,49004,Subject to Tax,,4070.4
07/20/2026,49004,3rd Party Tax Exempt,,933.3
07/20/2026,49004,Register Audit,575,
07/20/2026,49004,Sales Tax,,325.71
07/20/2026,49004,In-Store Credit Card,2193.17,
07/20/2026,49004,Payout,22.12,
07/20/2026,49004,Online Credit card,1768.18,
07/20/2026,49004,Online Credit Card Tips,,49.89
07/20/2026,49004,In-Store Credit Card Tips,,124.81
07/20/2026,49004,Gift Card,62.25,
07/20/2026,49004,Gift Card Sold,,50
07/20/2026,49004,3rd Party - DoorDash,811.68,
07/20/2026,49004,3rd Party - UberEats,121.62,
07/20/2026,49004,Cash Over/Short Adjustment,0.09,
07/20/2026,49005,Subject to Tax,,4560.9
07/20/2026,49005,3rd Party Tax Exempt,,422.29
07/20/2026,49005,Sales Tax,,365.07
07/20/2026,49005,In-Store Credit Card,2679.48,
07/20/2026,49005,Online Credit card,1767.49,
07/20/2026,49005,Online Gift Card,22.66,
07/20/2026,49005,Online Credit Card Tips,,72.99
07/20/2026,49005,In-Store Credit Card Tips,,172.43
07/20/2026,49005,Online Gift Card Tips,,2
07/20/2026,49005,Gift Card,1.88,
07/20/2026,49005,3rd Party - DoorDash,422.29,
07/20/2026,49005,Cash Over/Short Adjustment,0.88,
07/20/2026,49005,Register Audit Adjustment,701,
07/20/2026,49006,Subject to Tax,,5021.3
07/20/2026,49006,3rd Party Tax Exempt,,868.4
07/20/2026,49006,Tax Exempt,,10.7
07/20/2026,49006,Register Audit,753,
07/20/2026,49006,Sales Tax,,400.89
07/20/2026,49006,In-Store Credit Card,2886.69,
07/20/2026,49006,Payout,80.06,
07/20/2026,49006,Online Credit card,1861.86,
07/20/2026,49006,Online Gift Card,65.61,
07/20/2026,49006,Online Credit Card Tips,,43.51
07/20/2026,49006,In-Store Credit Card Tips,,173.74
07/20/2026,49006,Online Gift Card Tips,,8.84
07/20/2026,49006,Gift Card,61.1,
07/20/2026,49006,Gift Card Sold,,50
07/20/2026,49006,3rd Party - DoorDash,851.78,
07/20/2026,49006,3rd Party - UberEats,16.62,
07/20/2026,49006,Cash Over/Short Adjustment,0.62,
07/20/2026,49006,Register Audit Adjustment,13,
07/20/2026,49007,Subject to Tax,,2881.25
07/20/2026,49007,3rd Party Tax Exempt,,1255.22
07/20/2026,49007,Register Audit,248.2,
07/20/2026,49007,Sales Tax,,230.14
07/20/2026,49007,In-Store Credit Card,1803.31,
07/20/2026,49007,Online Credit card,1197.32,
07/20/2026,49007,Online Credit Card Tips,,24.75
07/20/2026,49007,In-Store Credit Card Tips,,113.27
07/20/2026,49007,Gift Card,75.65,
07/20/2026,49007,Gift Card Sold,,75
07/20/2026,49007,3rd Party - DoorDash,1074.06,
07/20/2026,49007,3rd Party - GrubHub,54.79,
07/20/2026,49007,3rd Party - UberEats,126.37,
07/20/2026,49007,Payin,,267
07/20/2026,49007,Cash Over/Short Adjustment,,0.07
07/20/2026,49008,Subject to Tax,,3436.75
07/20/2026,49008,3rd Party Tax Exempt,,573.59
07/20/2026,49008,Sales Tax,,274.76
07/20/2026,49008,In-Store Credit Card,2109.76,
07/20/2026,49008,Payout,66.47,
07/20/2026,49008,Online Credit card,1225.31,
07/20/2026,49008,Online Gift Card,30,
07/20/2026,49008,Online Credit Card Tips,,31.7
07/20/2026,49008,In-Store Credit Card Tips,,110.47
07/20/2026,49008,Online Gift Card Tips,,0.57
07/20/2026,49008,3rd Party - DoorDash,488.57,
07/20/2026,49008,3rd Party - UberEats,85.02,
07/20/2026,49008,Cash Over/Short Adjustment,0.71,
07/20/2026,49008,Register Audit Adjustment,422,
07/20/2026,49009,Subject to Tax,,4281
07/20/2026,49009,3rd Party Tax Exempt,,848.47
07/20/2026,49009,Register Audit,499,
07/20/2026,49009,Sales Tax,,342.38
07/20/2026,49009,In-Store Credit Card,2335.87,
07/20/2026,49009,Payout,2.57,
07/20/2026,49009,Online Credit card,1880.85,
07/20/2026,49009,Online Gift Card,25,
07/20/2026,49009,Online Credit Card Tips,,40
07/20/2026,49009,In-Store Credit Card Tips,,104.09
07/20/2026,49009,Online Gift Card Tips,,3.45
07/20/2026,49009,Gift Card,29.27,
07/20/2026,49009,3rd Party - DoorDash,835.63,
07/20/2026,49009,3rd Party - UberEats,12.84,
07/20/2026,49009,Cash Over/Short Adjustment,0.93,
07/20/2026,49010,Subject to Tax,,3814.49
07/20/2026,49010,3rd Party Tax Exempt,,406.07
07/20/2026,49010,Sales Tax,,305.36
07/20/2026,49010,In-Store Credit Card,2098.89,
07/20/2026,49010,Online Credit card,1916.92,
07/20/2026,49010,Online Gift Card,9.77,
07/20/2026,49010,Online Credit Card Tips,,66
07/20/2026,49010,In-Store Credit Card Tips,,150.58
07/20/2026,49010,Gift Card,28.43,
07/20/2026,49010,3rd Party - DoorDash,380.69,
07/20/2026,49010,3rd Party - GrubHub,12.84,
07/20/2026,49010,3rd Party - UberEats,12.54,
07/20/2026,49010,Cash Over/Short Adjustment,0.42,
07/20/2026,49010,Register Audit Adjustment,282,
07/20/2026,49011,Subject to Tax,,4271.25
07/20/2026,49011,3rd Party Tax Exempt,,359.9
07/20/2026,49011,Register Audit,508,
07/20/2026,49011,Sales Tax,,341.76
07/20/2026,49011,In-Store Credit Card,2504.62,
07/20/2026,49011,Online Credit card,1828.94,
07/20/2026,49011,Online Gift Card,15.55,
07/20/2026,49011,Online Credit Card Tips,,63
07/20/2026,49011,In-Store Credit Card Tips,,184.35
07/20/2026,49011,Gift Card,22.85,
07/20/2026,49011,Gift Card Sold,,20
07/20/2026,49011,3rd Party - DoorDash,359.9,
07/20/2026,49011,Cash Over/Short Adjustment,0.4,
07/21/2026,2006,Subject to Tax,,142.36
07/21/2026,2006,Non-Taxable Sales,,3322.24
07/21/2026,2006,3rd Party Tax Exempt,,22.32
07/21/2026,2006,Register Audit,185,
07/21/2026,2006,Sales Tax,,10.14
07/21/2026,2006,In-Store Credit Card,2103.63,
07/21/2026,2006,Online Credit card,588.32,
07/21/2026,2006,Online Gift Card,18.15,
07/21/2026,2006,Online Credit Card Tips,,15
07/21/2026,2006,In-Store Credit Card Tips,,108.58
07/21/2026,2006,Gift Card Sold,,50
07/21/2026,2006,3rd Party - DoorDash,655.31,
07/21/2026,2006,3rd Party - GrubHub,47.45,
07/21/2026,2006,3rd Party - UberEats,73.36,
07/21/2026,2006,Cash Over/Short Adjustment,,0.58
07/21/2026,2016,Subject to Tax,,117.87
07/21/2026,2016,Non-Taxable Sales,,3020.43
07/21/2026,2016,3rd Party Tax Exempt,,11.16
07/21/2026,2016,Register Audit,367,
07/21/2026,2016,Sales Tax,,7.4
07/21/2026,2016,In-Store Credit Card,1387.51,
07/21/2026,2016,Online Credit card,860.43,
07/21/2026,2016,Online Gift Card,30,
07/21/2026,2016,Online Credit Card Tips,,26
07/21/2026,2016,In-Store Credit Card Tips,,56.38
07/21/2026,2016,Gift Card,48.44,
07/21/2026,2016,3rd Party - DoorDash,386.01,
07/21/2026,2016,3rd Party - GrubHub,59.79,
07/21/2026,2016,3rd Party - UberEats,100.31,
07/21/2026,2016,Cash Over/Short Adjustment,,0.25
07/21/2026,2017,Subject to Tax,,126.64
07/21/2026,2017,Non-Taxable Sales,,3107.21
07/21/2026,2017,3rd Party Tax Exempt,,7.08
07/21/2026,2017,Register Audit,153,
07/21/2026,2017,Sales Tax,,8.89
07/21/2026,2017,In-Store Credit Card,1684.9,
07/21/2026,2017,Online Credit card,1004.91,
07/21/2026,2017,Online Credit Card Tips,,52.55
07/21/2026,2017,In-Store Credit Card Tips,,96.14
07/21/2026,2017,Gift Card,56.15,
07/21/2026,2017,3rd Party - DoorDash,463.68,
07/21/2026,2017,3rd Party - UberEats,36.35,
07/21/2026,2017,Cash Over/Short Adjustment,,0.48
07/21/2026,2020,Subject to Tax,,301.15
07/21/2026,2020,Non-Taxable Sales,,3056.6
07/21/2026,2020,3rd Party Tax Exempt,,14.76
07/21/2026,2020,Register Audit,279,
07/21/2026,2020,Sales Tax,,21.85
07/21/2026,2020,In-Store Credit Card,1668.7,
07/21/2026,2020,Online Credit card,1129.39,
07/21/2026,2020,Online Credit Card Tips,,8
07/21/2026,2020,In-Store Credit Card Tips,,89.97
07/21/2026,2020,Gift Card,38,
07/21/2026,2020,3rd Party - DoorDash,315.56,
07/21/2026,2020,3rd Party - UberEats,62.15,
07/21/2026,2020,Cash Over/Short Adjustment,,0.47
07/21/2026,2023,Subject to Tax,,178.85
07/21/2026,2023,Non-Taxable Sales,,3862.05
07/21/2026,2023,3rd Party Tax Exempt,,51
07/21/2026,2023,Sales Tax,,12.45
07/21/2026,2023,In-Store Credit Card,2110.42,
07/21/2026,2023,Online Credit card,768.04,
07/21/2026,2023,Online Gift Card,68.5,
07/21/2026,2023,Online Credit Card Tips,,18.95
07/21/2026,2023,In-Store Credit Card Tips,,124.36
07/21/2026,2023,Gift Card,49.65,
07/21/2026,2023,3rd Party - DoorDash,740.31,
07/21/2026,2023,3rd Party - GrubHub,59.08,
07/21/2026,2023,3rd Party - UberEats,128.12,
07/21/2026,2023,Cash Over/Short Adjustment,0.54,
07/21/2026,2023,Register Audit Adjustment,323,
07/21/2026,2024,Subject to Tax,,262.79
07/21/2026,2024,Non-Taxable Sales,,2807.81
07/21/2026,2024,3rd Party Tax Exempt,,11.16
07/21/2026,2024,Register Audit,146,
07/21/2026,2024,Sales Tax,,20.66
07/21/2026,2024,In-Store Credit Card,1926.21,
07/21/2026,2024,Payout,26.11,
07/21/2026,2024,Online Credit card,683.41,
07/21/2026,2024,Online Gift Card,75.3,
07/21/2026,2024,Online Credit Card Tips,,11
07/21/2026,2024,In-Store Credit Card Tips,,119.28
07/21/2026,2024,Gift Card,20.35,
07/21/2026,2024,3rd Party - DoorDash,308.2,
07/21/2026,2024,3rd Party - GrubHub,47.28,
07/21/2026,2024,Cash Over/Short Adjustment,,0.16
07/21/2026,2047,Subject to Tax,,221
07/21/2026,2047,Non-Taxable Sales,,2519.87
07/21/2026,2047,3rd Party Tax Exempt,,15.12
07/21/2026,2047,Register Audit,248,
07/21/2026,2047,Sales Tax,,15.39
07/21/2026,2047,In-Store Credit Card,1535,
07/21/2026,2047,Online Credit card,528.25,
07/21/2026,2047,Online Gift Card,28.05,
07/21/2026,2047,Online Credit Card Tips,,9
07/21/2026,2047,In-Store Credit Card Tips,,86.01
07/21/2026,2047,Gift Card,20.65,
07/21/2026,2047,3rd Party - DoorDash,453.01,
07/21/2026,2047,3rd Party - GrubHub,15.11,
07/21/2026,2047,3rd Party - UberEats,37.92,
07/21/2026,2047,Cash Over/Short Adjustment,0.4,
07/21/2026,4003,Subject to Tax,,4371.89
07/21/2026,4003,Register Audit,291.77,
07/21/2026,4003,Sales Tax,,426.22
07/21/2026,4003,In-Store Credit Card,2434.18,
07/21/2026,4003,Online Credit card,1092.42,
07/21/2026,4003,Online Credit Card Tips,,34
07/21/2026,4003,In-Store Credit Card Tips,,156.01
07/21/2026,4003,Gift Card,22.83,
07/21/2026,4003,3rd Party - DoorDash,734.27,
07/21/2026,4003,3rd Party - GrubHub,16.25,
07/21/2026,4003,3rd Party - UberEats,399,
07/21/2026,4003,Cash Over/Short Adjustment,,0.6
07/21/2026,4003,Register Audit Adjustment,,2
07/21/2026,4004,Subject to Tax,,4375.33
07/21/2026,4004,Sales Tax,,426.56
07/21/2026,4004,In-Store Credit Card,1928.75,
07/21/2026,4004,Online Credit card,1442.43,
07/21/2026,4004,Online Credit Card Tips,,52.31
07/21/2026,4004,In-Store Credit Card Tips,,110.03
07/21/2026,4004,Gift Card,27.74,
07/21/2026,4004,3rd Party - DoorDash,718.68,
07/21/2026,4004,3rd Party - GrubHub,14.09,
07/21/2026,4004,3rd Party - UberEats,697.78,
07/21/2026,4004,Cash Over/Short Adjustment,0.76,
07/21/2026,4004,Register Audit Adjustment,134,
07/21/2026,4005,Subject to Tax,,4521.58
07/21/2026,4005,Register Audit,303,
07/21/2026,4005,Sales Tax,,440.88
07/21/2026,4005,In-Store Credit Card,3301.55,
07/21/2026,4005,Payout,59.61,
07/21/2026,4005,Online Credit card,707.06,
07/21/2026,4005,Online Gift Card,10.87,
07/21/2026,4005,In-Store Credit Card Tips,,218.76
07/21/2026,4005,Gift Card,14.01,
07/21/2026,4005,3rd Party - DoorDash,361.78,
07/21/2026,4005,3rd Party - GrubHub,40.36,
07/21/2026,4005,3rd Party - UberEats,382.32,
07/21/2026,4005,Cash Over/Short Adjustment,0.66,
07/21/2026,4008,Subject to Tax,,3730.74
07/21/2026,4008,Register Audit,316,
07/21/2026,4008,Sales Tax,,363.74
07/21/2026,4008,In-Store Credit Card,2577.49,
07/21/2026,4008,Online Credit card,959.13,
07/21/2026,4008,Online Credit Card Tips,,28.16
07/21/2026,4008,In-Store Credit Card Tips,,173.68
07/21/2026,4008,Gift Card,20,
07/21/2026,4008,3rd Party - DoorDash,251.58,
07/21/2026,4008,3rd Party - UberEats,173.09,
07/21/2026,4008,Cash Over/Short Adjustment,,0.97
07/21/2026,4009,Subject to Tax,,2705.94
07/21/2026,4009,Register Audit,315,
07/21/2026,4009,Sales Tax,,263.79
07/21/2026,4009,In-Store Credit Card,1404.84,
07/21/2026,4009,Online Credit card,437.74,
07/21/2026,4009,Online Credit Card Tips,,4
07/21/2026,4009,In-Store Credit Card Tips,,73.03
07/21/2026,4009,Gift Card,20.78,
07/21/2026,4009,3rd Party - DoorDash,396.07,
07/21/2026,4009,3rd Party - UberEats,471.76,
07/21/2026,4009,Cash Over/Short Adjustment,0.57,
07/21/2026,4010,Subject to Tax,,3358.82
07/21/2026,4010,Register Audit,288,
07/21/2026,4010,Sales Tax,,327.56
07/21/2026,4010,In-Store Credit Card,1952.11,
07/21/2026,4010,Online Credit card,884.43,
07/21/2026,4010,In-Store Credit Card Tips,,161.21
07/21/2026,4010,3rd Party - DoorDash,523.49,
07/21/2026,4010,3rd Party - GrubHub,56.76,
07/21/2026,4010,3rd Party - UberEats,141.9,
07/21/2026,4010,Cash Over/Short Adjustment,0.9,
07/21/2026,4015,Subject to Tax,,3450.43
07/21/2026,4015,Register Audit,302,
07/21/2026,4015,Sales Tax,,336.4
07/21/2026,4015,In-Store Credit Card,1868.16,
07/21/2026,4015,Online Credit card,1177.59,
07/21/2026,4015,Online Credit Card Tips,,38
07/21/2026,4015,In-Store Credit Card Tips,,132.62
07/21/2026,4015,Gift Card,44.82,
07/21/2026,4015,3rd Party - DoorDash,404.3,
07/21/2026,4015,3rd Party - UberEats,159.99,
07/21/2026,4015,Cash Over/Short Adjustment,0.59,
07/21/2026,4021,Subject to Tax,,3653.55
07/21/2026,4021,Sales Tax,,356.07
07/21/2026,4021,In-Store Credit Card,1904.63,
07/21/2026,4021,Payout,36.11,
07/21/2026,4021,Online Credit card,1018.85,
07/21/2026,4021,Online Credit Card Tips,,18
07/21/2026,4021,In-Store Credit Card Tips,,135.21
07/21/2026,4021,Gift Card,31.88,
07/21/2026,4021,3rd Party - DoorDash,571.66,
07/21/2026,4021,3rd Party - UberEats,319.63,
07/21/2026,4021,Cash Over/Short Adjustment,0.07,
07/21/2026,4021,Register Audit Adjustment,280,
07/21/2026,4025,Subject to Tax,,2940.12
07/21/2026,4025,Register Audit,360,
07/21/2026,4025,Sales Tax,,286.63
07/21/2026,4025,In-Store Credit Card,1679.64,
07/21/2026,4025,Payout,21.26,
07/21/2026,4025,Online Credit card,734.2,
07/21/2026,4025,Online Gift Card,25,
07/21/2026,4025,Online Credit Card Tips,,20.1
07/21/2026,4025,In-Store Credit Card Tips,,119.19
07/21/2026,4025,Online Gift Card Tips,,5.03
07/21/2026,4025,Gift Card,54.35,
07/21/2026,4025,Gift Card Sold,,75
07/21/2026,4025,3rd Party - DoorDash,334.16,
07/21/2026,4025,3rd Party - GrubHub,47.21,
07/21/2026,4025,3rd Party - UberEats,190.93,
07/21/2026,4025,Cash Over/Short Adjustment,,0.68
07/21/2026,4027,Subject to Tax,,4583.35
07/21/2026,4027,Sales Tax,,446.62
07/21/2026,4027,In-Store Credit Card,2422.08,
07/21/2026,4027,Online Credit card,981.7,
07/21/2026,4027,Online Gift Card,3.04,
07/21/2026,4027,In-Store Credit Card Tips,,155.82
07/21/2026,4027,3rd Party - DoorDash,532.13,
07/21/2026,4027,3rd Party - GrubHub,14.41,
07/21/2026,4027,3rd Party - UberEats,696.81,
07/21/2026,4027,Cash Over/Short Adjustment,0.62,
07/21/2026,4027,Register Audit Adjustment,535,
07/21/2026,4034,Subject to Tax,,4355.5
07/21/2026,4034,Sales Tax,,424.63
07/21/2026,4034,In-Store Credit Card,2060.78,
07/21/2026,4034,Payout,69.89,
07/21/2026,4034,Online Credit card,1311.72,
07/21/2026,4034,Online Gift Card,14.13,
07/21/2026,4034,Online Credit Card Tips,,38
07/21/2026,4034,In-Store Credit Card Tips,,123.84
07/21/2026,4034,Gift Card,51.29,
07/21/2026,4034,3rd Party - DoorDash,636.96,
07/21/2026,4034,3rd Party - UberEats,272.07,
07/21/2026,4034,Cash Over/Short Adjustment,0.13,
07/21/2026,4034,Register Audit Adjustment,525,
07/21/2026,4036,Subject to Tax,,4163.25
07/21/2026,4036,Register Audit,425,
07/21/2026,4036,Sales Tax,,405.85
07/21/2026,4036,In-Store Credit Card,2368.89,
07/21/2026,4036,Online Credit card,1116.41,
07/21/2026,4036,Online Credit Card Tips,,55
07/21/2026,4036,In-Store Credit Card Tips,,147.87
07/21/2026,4036,Gift Card,15.15,
07/21/2026,4036,3rd Party - DoorDash,526.88,
07/21/2026,4036,3rd Party - UberEats,319.84,
07/21/2026,4036,Cash Over/Short Adjustment,,0.2
07/21/2026,4042,Subject to Tax,,5056.75
07/21/2026,4042,Sales Tax,,492.96
07/21/2026,4042,In-Store Credit Card,2716.43,
07/21/2026,4042,Online Credit card,1459.61,
07/21/2026,4042,Online Gift Card,23.48,
07/21/2026,4042,Online Credit Card Tips,,50.69
07/21/2026,4042,In-Store Credit Card Tips,,167.51
07/21/2026,4042,Gift Card,35.84,
07/21/2026,4042,3rd Party - DoorDash,1101.39,
07/21/2026,4042,3rd Party - UberEats,58.47,
07/21/2026,4042,Cash Over/Short Adjustment,0.69,
07/21/2026,4042,Register Audit Adjustment,372,
07/21/2026,4052,Subject to Tax,,4570.32
07/21/2026,4052,Register Audit,694,
07/21/2026,4052,Sales Tax,,445.52
07/21/2026,4052,In-Store Credit Card,2327.72,
07/21/2026,4052,Payout,77.75,
07/21/2026,4052,Online Credit card,1483.57,
07/21/2026,4052,Online Credit Card Tips,,44.6
07/21/2026,4052,In-Store Credit Card Tips,,117.06
07/21/2026,4052,Gift Card,86.68,
07/21/2026,4052,3rd Party - DoorDash,369.28,
07/21/2026,4052,3rd Party - UberEats,139.19,
07/21/2026,4052,Cash Over/Short Adjustment,,0.69
07/21/2026,4061,Subject to Tax,,3671.6
07/21/2026,4061,Register Audit,404,
07/21/2026,4061,Sales Tax,,358.04
07/21/2026,4061,In-Store Credit Card,2356.32,
07/21/2026,4061,Online Credit card,1010.77,
07/21/2026,4061,Online Credit Card Tips,,19
07/21/2026,4061,In-Store Credit Card Tips,,156.93
07/21/2026,4061,3rd Party - DoorDash,422.96,
07/21/2026,4061,3rd Party - UberEats,11.92,
07/21/2026,4061,Cash Over/Short Adjustment,,0.4
07/21/2026,4074,Subject to Tax,,2955.25
07/21/2026,4074,Register Audit,177,
07/21/2026,4074,Sales Tax,,288.14
07/21/2026,4074,In-Store Credit Card,2151.13,
07/21/2026,4074,Online Credit card,673.35,
07/21/2026,4074,Online Gift Card,19.97,
07/21/2026,4074,Online Credit Card Tips,,32
07/21/2026,4074,In-Store Credit Card Tips,,176.56
07/21/2026,4074,3rd Party - DoorDash,280.98,
07/21/2026,4074,3rd Party - GrubHub,14.09,
07/21/2026,4074,3rd Party - UberEats,169.7,
07/21/2026,4074,Cash Over/Short Adjustment,,0.27
07/21/2026,4074,Register Audit Adjustment,,34
07/21/2026,5042,Subject to Tax,,3208.45
07/21/2026,5042,Non-Taxable Sales,,15.5
07/21/2026,5042,3rd Party Tax Exempt,,529.46
07/21/2026,5042,Register Audit,378,
07/21/2026,5042,Sales Tax,,222.01
07/21/2026,5042,In-Store Credit Card,2113.53,
07/21/2026,5042,Payout,7.66,
07/21/2026,5042,Online Credit card,1127.55,
07/21/2026,5042,Online Credit Card Tips,,54
07/21/2026,5042,In-Store Credit Card Tips,,153.06
07/21/2026,5042,Gift Card,26.86,
07/21/2026,5042,3rd Party - DoorDash,320.67,
07/21/2026,5042,3rd Party - UberEats,208.79,
07/21/2026,5042,Cash Over/Short Adjustment,,0.58
07/21/2026,5043,Subject to Tax,,4961.4
07/21/2026,5043,Non-Taxable Sales,,98.5
07/21/2026,5043,3rd Party Tax Exempt,,1109.97
07/21/2026,5043,Tax Exempt,,2444.3
07/21/2026,5043,Register Audit,674,
07/21/2026,5043,Sales Tax,,337.72
07/21/2026,5043,In-Store Credit Card,2809.72,
07/21/2026,5043,Online Credit card,2116.25,
07/21/2026,5043,Online Gift Card,5.53,
07/21/2026,5043,Online Credit Card Tips,,50
07/21/2026,5043,In-Store Credit Card Tips,,165.29
07/21/2026,5043,Gift Card,8.24,
07/21/2026,5043,3rd Party - DoorDash,576.44,
07/21/2026,5043,3rd Party - GrubHub,36.96,
07/21/2026,5043,3rd Party - UberEats,496.57,
07/21/2026,5043,Register Audit Adjustment,2,
07/21/2026,5049,Subject to Tax,,2538.95
07/21/2026,5049,Non-Taxable Sales,,26.5
07/21/2026,5049,3rd Party Tax Exempt,,245.82
07/21/2026,5049,Register Audit,402,
07/21/2026,5049,Sales Tax,,208.41
07/21/2026,5049,In-Store Credit Card,1633.49,
07/21/2026,5049,Online Credit card,808.69,
07/21/2026,5049,Online Credit Card Tips,,16
07/21/2026,5049,In-Store Credit Card Tips,,73.38
07/21/2026,5049,Gift Card,19.66,
07/21/2026,5049,3rd Party - DoorDash,224.7,
07/21/2026,5049,3rd Party - UberEats,21.12,
07/21/2026,5049,Cash Over/Short Adjustment,,0.6
07/21/2026,5051,Subject to Tax,,2966.8
07/21/2026,5051,Non-Taxable Sales,,25
07/21/2026,5051,3rd Party Tax Exempt,,805.97
07/21/2026,5051,Register Audit,251,
07/21/2026,5051,Sales Tax,,204.66
07/21/2026,5051,In-Store Credit Card,2316.43,
07/21/2026,5051,Online Credit card,739.25,
07/21/2026,5051,Online Gift Card,18.19,
07/21/2026,5051,Online Credit Card Tips,,26
07/21/2026,5051,In-Store Credit Card Tips,,145.72
07/21/2026,5051,Gift Card,43.87,
07/21/2026,5051,3rd Party - DoorDash,662.85,
07/21/2026,5051,3rd Party - UberEats,143.12,
07/21/2026,5051,Cash Over/Short Adjustment,,0.56
07/21/2026,5057,Subject to Tax,,2722.9
07/21/2026,5057,Non-Taxable Sales,,5
07/21/2026,5057,3rd Party Tax Exempt,,619.12
07/21/2026,5057,Register Audit,369,
07/21/2026,5057,Sales Tax,,216.16
07/21/2026,5057,In-Store Credit Card,1917.59,
07/21/2026,5057,Payout,12.45,
07/21/2026,5057,Online Credit card,795.43,
07/21/2026,5057,Online Credit Card Tips,,25
07/21/2026,5057,In-Store Credit Card Tips,,125.08
07/21/2026,5057,3rd Party - DoorDash,419.79,
07/21/2026,5057,3rd Party - GrubHub,14.15,
07/21/2026,5057,3rd Party - UberEats,185.18,
07/21/2026,5057,Cash Over/Short Adjustment,,0.33
07/21/2026,5059,Subject to Tax,,2508.3
07/21/2026,5059,Non-Taxable Sales,,10
07/21/2026,5059,3rd Party Tax Exempt,,433.94
07/21/2026,5059,Sales Tax,,174.38
07/21/2026,5059,In-Store Credit Card,1999.11,
07/21/2026,5059,Online Credit card,506.12,
07/21/2026,5059,Online Gift Card,11.45,
07/21/2026,5059,Online Credit Card Tips,,18
07/21/2026,5059,In-Store Credit Card Tips,,113.21
07/21/2026,5059,3rd Party - DoorDash,364.59,
07/21/2026,5059,3rd Party - UberEats,69.35,
07/21/2026,5059,Cash Over/Short Adjustment,0.21,
07/21/2026,5059,Register Audit Adjustment,307,
07/21/2026,5062,Subject to Tax,,2266.45
07/21/2026,5062,Non-Taxable Sales,,5
07/21/2026,5062,3rd Party Tax Exempt,,320.83
07/21/2026,5062,Sales Tax,,157.22
07/21/2026,5062,In-Store Credit Card,1834.79,
07/21/2026,5062,Online Credit card,457.63,
07/21/2026,5062,Online Credit Card Tips,,18
07/21/2026,5062,In-Store Credit Card Tips,,127.96
07/21/2026,5062,3rd Party - DoorDash,244.42,
07/21/2026,5062,3rd Party - GrubHub,14.15,
07/21/2026,5062,3rd Party - UberEats,62.26,
07/21/2026,5062,Cash Over/Short Adjustment,0.21,
07/21/2026,5062,Register Audit Adjustment,282,
07/21/2026,5101,Subject to Tax,,2589.25
07/21/2026,5101,Non-Taxable Sales,,5
07/21/2026,5101,3rd Party Tax Exempt,,394.98
07/21/2026,5101,Register Audit,270,
07/21/2026,5101,Sales Tax,,177.49
07/21/2026,5101,In-Store Credit Card,1769.26,
07/21/2026,5101,Online Credit card,861.84,
07/21/2026,5101,Online Credit Card Tips,,24.42
07/21/2026,5101,In-Store Credit Card Tips,,115.83
07/21/2026,5101,Gift Card,11.45,
07/21/2026,5101,3rd Party - DoorDash,336.44,
07/21/2026,5101,3rd Party - UberEats,58.54,
07/21/2026,5101,Cash Over/Short Adjustment,,0.56
07/21/2026,5112,Subject to Tax,,2951.5
07/21/2026,5112,Non-Taxable Sales,,21.5
07/21/2026,5112,3rd Party Tax Exempt,,253.45
07/21/2026,5112,Register Audit,230,
07/21/2026,5112,Sales Tax,,233.81
07/21/2026,5112,In-Store Credit Card,1256.74,
07/21/2026,5112,Online Credit card,1803.23,
07/21/2026,5112,Online Credit Card Tips,,40
07/21/2026,5112,In-Store Credit Card Tips,,66.05
07/21/2026,5112,Gift Card,23.33,
07/21/2026,5112,3rd Party - DoorDash,215.6,
07/21/2026,5112,3rd Party - GrubHub,22.74,
07/21/2026,5112,3rd Party - UberEats,15.11,
07/21/2026,5112,Cash Over/Short Adjustment,,0.44
07/21/2026,5127,Subject to Tax,,3081.9
07/21/2026,5127,Non-Taxable Sales,,14.5
07/21/2026,5127,3rd Party Tax Exempt,,137.85
07/21/2026,5127,Register Audit,377,
07/21/2026,5127,Sales Tax,,242
07/21/2026,5127,In-Store Credit Card,1774.35,
07/21/2026,5127,Online Credit card,1327.1,
07/21/2026,5127,Online Credit Card Tips,,49
07/21/2026,5127,In-Store Credit Card Tips,,136.35
07/21/2026,5127,Gift Card,45.15,
07/21/2026,5127,3rd Party - DoorDash,104.08,
07/21/2026,5127,3rd Party - UberEats,33.77,
07/21/2026,5127,Cash Over/Short Adjustment,0.15,
07/21/2026,6021,Subject to Tax,,3147.15
07/21/2026,6021,Non-Taxable Sales,,28.5
07/21/2026,6021,3rd Party Tax Exempt,,57.34
07/21/2026,6021,Register Audit,130,
07/21/2026,6021,Sales Tax,,298.96
07/21/2026,6021,In-Store Credit Card,1747.12,
07/21/2026,6021,Payout,20,
07/21/2026,6021,Online Credit card,1004.25,
07/21/2026,6021,Online Credit Card Tips,,17
07/21/2026,6021,In-Store Credit Card Tips,,86.64
07/21/2026,6021,Gift Card,13.85,
07/21/2026,6021,3rd Party - DoorDash,663.42,
07/21/2026,6021,3rd Party - UberEats,57.34,
07/21/2026,6021,Cash Over/Short Adjustment,,0.39
07/21/2026,6026,Subject to Tax,,3019.41
07/21/2026,6026,Non-Taxable Sales,,65
07/21/2026,6026,3rd Party Tax Exempt,,141.68
07/21/2026,6026,Register Audit,313,
07/21/2026,6026,Sales Tax,,181.13
07/21/2026,6026,In-Store Credit Card,1607.25,
07/21/2026,6026,Online Credit card,1191.29,
07/21/2026,6026,Online Gift Card,33.8,
07/21/2026,6026,Online Credit Card Tips,,23.51
07/21/2026,6026,In-Store Credit Card Tips,,89.35
07/21/2026,6026,Online Gift Card Tips,,2
07/21/2026,6026,3rd Party - DoorDash,234.41,
07/21/2026,6026,3rd Party - UberEats,141.68,
07/21/2026,6026,Cash Over/Short Adjustment,0.65,
07/21/2026,6032,Subject to Tax,,3075.68
07/21/2026,6032,Non-Taxable Sales,,5.5
07/21/2026,6032,3rd Party Tax Exempt,,143.61
07/21/2026,6032,Register Audit,223,
07/21/2026,6032,Sales Tax,,184.53
07/21/2026,6032,In-Store Credit Card,1712.73,
07/21/2026,6032,Online Credit card,810.47,
07/21/2026,6032,Online Gift Card,5.24,
07/21/2026,6032,Online Credit Card Tips,,40
07/21/2026,6032,In-Store Credit Card Tips,,106.39
07/21/2026,6032,Gift Card,23.09,
07/21/2026,6032,3rd Party - DoorDash,591.01,
07/21/2026,6032,3rd Party - GrubHub,45.91,
07/21/2026,6032,3rd Party - UberEats,143.61,
07/21/2026,6032,Cash Over/Short Adjustment,0.65,
07/21/2026,6037,Subject to Tax,,3599.26
07/21/2026,6037,Non-Taxable Sales,,5
07/21/2026,6037,Register Audit,204,
07/21/2026,6037,Sales Tax,,396.05
07/21/2026,6037,In-Store Credit Card,2634.78,
07/21/2026,6037,Online Credit card,1209.35,
07/21/2026,6037,Online Gift Card,20.2,
07/21/2026,6037,Online Credit Card Tips,,54
07/21/2026,6037,In-Store Credit Card Tips,,184.51
07/21/2026,6037,Gift Card,4.8,
07/21/2026,6037,3rd Party - GrubHub,92.09,
07/21/2026,6037,3rd Party - UberEats,73.79,
07/21/2026,6037,Cash Over/Short Adjustment,,0.19
07/21/2026,6039,Subject to Tax,,3232.81
07/21/2026,6039,Non-Taxable Sales,,18.5
07/21/2026,6039,3rd Party Tax Exempt,,62.27
07/21/2026,6039,Sales Tax,,193.98
07/21/2026,6039,In-Store Credit Card,2081.49,
07/21/2026,6039,Payout,20,
07/21/2026,6039,Online Credit card,926.34,
07/21/2026,6039,Online Gift Card,82.37,
07/21/2026,6039,Online Credit Card Tips,,25
07/21/2026,6039,In-Store Credit Card Tips,,119.5
07/21/2026,6039,Gift Card,4.58,
07/21/2026,6039,3rd Party - DoorDash,300.8,
07/21/2026,6039,3rd Party - GrubHub,23.15,
07/21/2026,6039,3rd Party - UberEats,62.27,
07/21/2026,6039,Cash Over/Short Adjustment,0.06,
07/21/2026,6039,Register Audit Adjustment,151,
07/21/2026,6044,Subject to Tax,,3496.87
07/21/2026,6044,Non-Taxable Sales,,38.5
07/21/2026,6044,Sales Tax,,395.25
07/21/2026,6044,In-Store Credit Card,2031.57,
07/21/2026,6044,Payout,34,
07/21/2026,6044,Online Credit card,1416.87,
07/21/2026,6044,Online Credit Card Tips,,15
07/21/2026,6044,In-Store Credit Card Tips,,95.42
07/21/2026,6044,Gift Card,75.38,
07/21/2026,6044,3rd Party - DoorDash,250.68,
07/21/2026,6044,Cash Over/Short Adjustment,0.54,
07/21/2026,6044,Register Audit Adjustment,232,
07/21/2026,6065,Subject to Tax,,2475.45
07/21/2026,6065,Non-Taxable Sales,,31.5
07/21/2026,6065,3rd Party Tax Exempt,,97.9
07/21/2026,6065,Sales Tax,,247.7
07/21/2026,6065,In-Store Credit Card,1481.21,
07/21/2026,6065,Payout,9.92,
07/21/2026,6065,Online Credit card,974.21,
07/21/2026,6065,Online Credit Card Tips,,38
07/21/2026,6065,In-Store Credit Card Tips,,96.53
07/21/2026,6065,Gift Card,20,
07/21/2026,6065,3rd Party - DoorDash,180.44,
07/21/2026,6065,3rd Party - GrubHub,15.64,
07/21/2026,6065,3rd Party - UberEats,97.9,
07/21/2026,6065,Cash Over/Short Adjustment,0.76,
07/21/2026,6065,Register Audit Adjustment,207,
07/21/2026,6067,Subject to Tax,,2520.05
07/21/2026,6067,Non-Taxable Sales,,7
07/21/2026,6067,3rd Party Tax Exempt,,33.12
07/21/2026,6067,Sales Tax,,284.81
07/21/2026,6067,In-Store Credit Card,1735.15,
07/21/2026,6067,Online Credit card,843.02,
07/21/2026,6067,Online Credit Card Tips,,22
07/21/2026,6067,In-Store Credit Card Tips,,123.08
07/21/2026,6067,Gift Card,72.96,
07/21/2026,6067,3rd Party - DoorDash,90.37,
07/21/2026,6067,3rd Party - UberEats,33.12,
07/21/2026,6067,Cash Over/Short Adjustment,0.44,
07/21/2026,6067,Register Audit Adjustment,215,
07/21/2026,6072,Subject to Tax,,4904.99
07/21/2026,6072,Non-Taxable Sales,,27
07/21/2026,6072,3rd Party Tax Exempt,,43.84
07/21/2026,6072,Register Audit,621,
07/21/2026,6072,Sales Tax,,578.77
07/21/2026,6072,In-Store Credit Card,2204.36,
07/21/2026,6072,Online Credit card,2040.67,
07/21/2026,6072,Online Gift Card,8.61,
07/21/2026,6072,Online Credit Card Tips,,73
07/21/2026,6072,In-Store Credit Card Tips,,138.4
07/21/2026,6072,Gift Card,6.38,
07/21/2026,6072,3rd Party - DoorDash,841.87,
07/21/2026,6072,3rd Party - UberEats,43.84,
07/21/2026,6072,Cash Over/Short Adjustment,,0.73
07/21/2026,6074,Subject to Tax,,2516.84
07/21/2026,6074,Non-Taxable Sales,,28
07/21/2026,6074,3rd Party Tax Exempt,,123.17
07/21/2026,6074,Sales Tax,,226.47
07/21/2026,6074,In-Store Credit Card,1932.07,
07/21/2026,6074,Online Credit card,738.98,
07/21/2026,6074,Online Credit Card Tips,,15.35
07/21/2026,6074,In-Store Credit Card Tips,,112.63
07/21/2026,6074,3rd Party - GrubHub,48.01,
07/21/2026,6074,3rd Party - UberEats,123.17,
07/21/2026,6074,Cash Over/Short Adjustment,0.23,
07/21/2026,6074,Register Audit Adjustment,180,
07/21/2026,6076,Subject to Tax,,1919.82
07/21/2026,6076,Non-Taxable Sales,,11
07/21/2026,6076,3rd Party Tax Exempt,,248.96
07/21/2026,6076,Sales Tax,,172.74
07/21/2026,6076,In-Store Credit Card,1010.36,
07/21/2026,6076,Online Credit card,852.89,
07/21/2026,6076,Online Credit Card Tips,,22
07/21/2026,6076,In-Store Credit Card Tips,,58.94
07/21/2026,6076,Gift Card,26.65,
07/21/2026,6076,3rd Party - DoorDash,186.37,
07/21/2026,6076,3rd Party - UberEats,248.96,
07/21/2026,6076,Cash Over/Short Adjustment,0.23,
07/21/2026,6076,Register Audit Adjustment,108,
07/21/2026,6083,Subject to Tax,,2813.83
07/21/2026,6083,Non-Taxable Sales,,15
07/21/2026,6083,3rd Party Tax Exempt,,131.32
07/21/2026,6083,Register Audit,148,
07/21/2026,6083,Sales Tax,,253.17
07/21/2026,6083,In-Store Credit Card,1315.72,
07/21/2026,6083,Online Credit card,1493.06,
07/21/2026,6083,Online Gift Card,19.96,
07/21/2026,6083,Online Credit Card Tips,,35
07/21/2026,6083,In-Store Credit Card Tips,,52.9
07/21/2026,6083,Online Gift Card Tips,,1
07/21/2026,6083,Gift Card,5.16,
07/21/2026,6083,3rd Party - DoorDash,161.37,
07/21/2026,6083,3rd Party - GrubHub,27.34,
07/21/2026,6083,3rd Party - UberEats,131.32,
07/21/2026,6083,Cash Over/Short Adjustment,0.29,
07/21/2026,6088,Subject to Tax,,2422.78
07/21/2026,6088,Non-Taxable Sales,,5
07/21/2026,6088,3rd Party Tax Exempt,,66.96
07/21/2026,6088,Register Audit,140,
07/21/2026,6088,Sales Tax,,242.49
07/21/2026,6088,In-Store Credit Card,1648.4,
07/21/2026,6088,Online Credit card,848.09,
07/21/2026,6088,Online Credit Card Tips,,33.5
07/21/2026,6088,In-Store Credit Card Tips,,72.33
07/21/2026,6088,Gift Card,33.86,
07/21/2026,6088,3rd Party - DoorDash,105.13,
07/21/2026,6088,3rd Party - UberEats,66.96,
07/21/2026,6088,Cash Over/Short Adjustment,0.62,
07/21/2026,6093,Subject to Tax,,2239.56
07/21/2026,6093,Register Audit,357,
07/21/2026,6093,Sales Tax,,253.12
07/21/2026,6093,In-Store Credit Card,1446.69,
07/21/2026,6093,Online Credit card,744.21,
07/21/2026,6093,Online Credit Card Tips,,35
07/21/2026,6093,In-Store Credit Card Tips,,94.35
07/21/2026,6093,3rd Party - DoorDash,74.75,
07/21/2026,6093,Cash Over/Short Adjustment,,0.62
07/21/2026,6094,Subject to Tax,,1551.08
07/21/2026,6094,Non-Taxable Sales,,10
07/21/2026,6094,3rd Party Tax Exempt,,69.78
07/21/2026,6094,Register Audit,146,
07/21/2026,6094,Sales Tax,,155.23
07/21/2026,6094,In-Store Credit Card,893.94,
07/21/2026,6094,Online Credit card,503.6,
07/21/2026,6094,Online Credit Card Tips,,24.5
07/21/2026,6094,In-Store Credit Card Tips,,67.78
07/21/2026,6094,3rd Party - DoorDash,228.42,
07/21/2026,6094,3rd Party - GrubHub,35.96,
07/21/2026,6094,3rd Party - UberEats,69.78,
07/21/2026,6094,Cash Over/Short Adjustment,0.67,
07/21/2026,6102,Subject to Tax,,2518.76
07/21/2026,6102,Non-Taxable Sales,,16
07/21/2026,6102,Sales Tax,,251.99
07/21/2026,6102,In-Store Credit Card,1464.97,
07/21/2026,6102,Online Credit card,695.43,
07/21/2026,6102,Online Credit Card Tips,,10
07/21/2026,6102,In-Store Credit Card Tips,,94.16
07/21/2026,6102,Gift Card,9.85,
07/21/2026,6102,3rd Party - DoorDash,443.08,
07/21/2026,6102,3rd Party - GrubHub,39.77,
07/21/2026,6102,3rd Party - UberEats,105.23,
07/21/2026,6102,Cash Over/Short Adjustment,0.58,
07/21/2026,6102,Register Audit Adjustment,132,
07/21/2026,7024,Subject to Tax,,3756.7
07/21/2026,7024,3rd Party Tax Exempt,,418.59
07/21/2026,7024,Sales Tax,,323.07
07/21/2026,7024,In-Store Credit Card,2494.42,
07/21/2026,7024,Payout,3.98,
07/21/2026,7024,Online Credit card,1226.14,
07/21/2026,7024,Online Credit Card Tips,,28.03
07/21/2026,7024,In-Store Credit Card Tips,,180.08
07/21/2026,7024,Gift Card,6.03,
07/21/2026,7024,3rd Party - DoorDash,322.24,
07/21/2026,7024,3rd Party - GrubHub,21.6,
07/21/2026,7024,3rd Party - UberEats,74.75,
07/21/2026,7024,Cash Over/Short Adjustment,0.21,
07/21/2026,7024,Register Audit Adjustment,558,
07/21/2026,7032,Subject to Tax,,3229.1
07/21/2026,7032,3rd Party Tax Exempt,,561.01
07/21/2026,7032,Sales Tax,,280.27
07/21/2026,7032,In-Store Credit Card,2082.28,
07/21/2026,7032,Online Credit card,980.08,
07/21/2026,7032,Online Credit Card Tips,,16
07/21/2026,7032,In-Store Credit Card Tips,,105.8
07/21/2026,7032,3rd Party - DoorDash,561.01,
07/21/2026,7032,Cash Over/Short Adjustment,0.81,
07/21/2026,7032,Register Audit Adjustment,568,
07/21/2026,7039,Subject to Tax,,2499.8
07/21/2026,7039,3rd Party Tax Exempt,,399.48
07/21/2026,7039,Sales Tax,,216.54
07/21/2026,7039,In-Store Credit Card,1724.77,
07/21/2026,7039,Payout,178.14,
07/21/2026,7039,Online Credit card,721.39,
07/21/2026,7039,Online Credit Card Tips,,31
07/21/2026,7039,In-Store Credit Card Tips,,115.98
07/21/2026,7039,3rd Party - DoorDash,372.06,
07/21/2026,7039,3rd Party - UberEats,27.42,
07/21/2026,7039,Cash Over/Short Adjustment,0.02,
07/21/2026,7039,Register Audit Adjustment,239,
07/21/2026,7049,Subject to Tax,,4219.1
07/21/2026,7049,3rd Party Tax Exempt,,813.96
07/21/2026,7049,Sales Tax,,366.09
07/21/2026,7049,In-Store Credit Card,3111.63,
07/21/2026,7049,Online Credit card,1308.58,
07/21/2026,7049,Online Gift Card,4.06,
07/21/2026,7049,Online Credit Card Tips,,80.5
07/21/2026,7049,In-Store Credit Card Tips,,227.12
07/21/2026,7049,3rd Party - DoorDash,613.91,
07/21/2026,7049,3rd Party - UberEats,200.05,
07/21/2026,7049,Cash Over/Short Adjustment,0.54,
07/21/2026,7049,Register Audit Adjustment,468,
07/21/2026,7066,Subject to Tax,,2336.6
07/21/2026,7066,3rd Party Tax Exempt,,313.72
07/21/2026,7066,Sales Tax,,205.86
07/21/2026,7066,In-Store Credit Card,1642.98,
07/21/2026,7066,Online Credit card,447.67,
07/21/2026,7066,Online Credit Card Tips,,18
07/21/2026,7066,In-Store Credit Card Tips,,92.68
07/21/2026,7066,Gift Card,106.36,
07/21/2026,7066,Gift Card Sold,,30
07/21/2026,7066,3rd Party - DoorDash,255.34,
07/21/2026,7066,3rd Party - UberEats,58.38,
07/21/2026,7066,Cash Over/Short Adjustment,0.13,
07/21/2026,7066,Register Audit Adjustment,486,
07/21/2026,13026,Subject to Tax,,3017.6
07/21/2026,13026,Non-Taxable Sales,,48.47
07/21/2026,13026,3rd Party Tax Exempt,,746.28
07/21/2026,13026,Register Audit,301,
07/21/2026,13026,Sales Tax,,226.41
07/21/2026,13026,In-Store Credit Card,1894.14,
07/21/2026,13026,Online Credit card,1192.03,
07/21/2026,13026,Online Credit Card Tips,,18.8
07/21/2026,13026,In-Store Credit Card Tips,,110.14
07/21/2026,13026,Gift Card,20.96,
07/21/2026,13026,3rd Party - DoorDash,596.57,
07/21/2026,13026,3rd Party - UberEats,162.31,
07/21/2026,13026,Cash Over/Short Adjustment,0.69,
07/21/2026,13062,Subject to Tax,,2394.36
07/21/2026,13062,Non-Taxable Sales,,36.76
07/21/2026,13062,3rd Party Tax Exempt,,498.75
07/21/2026,13062,Tax Exempt,,3.3
07/21/2026,13062,Sales Tax,,167.63
07/21/2026,13062,In-Store Credit Card,1509.42,
07/21/2026,13062,Online Credit card,894.1,
07/21/2026,13062,Online Credit Card Tips,,29
07/21/2026,13062,In-Store Credit Card Tips,,77.08
07/21/2026,13062,Gift Card,57.69,
07/21/2026,13062,3rd Party - DoorDash,349.03,
07/21/2026,13062,3rd Party - GrubHub,50.34,
07/21/2026,13062,3rd Party - UberEats,160.28,
07/21/2026,13062,Cash Over/Short Adjustment,0.02,
07/21/2026,13062,Register Audit Adjustment,186,
07/21/2026,13082,Subject to Tax,,2534.33
07/21/2026,13082,Non-Taxable Sales,,11.44
07/21/2026,13082,3rd Party Tax Exempt,,245.1
07/21/2026,13082,Register Audit,382,
07/21/2026,13082,Sales Tax,,177.36
07/21/2026,13082,In-Store Credit Card,1135.57,
07/21/2026,13082,Online Credit card,1243.69,
07/21/2026,13082,Online Credit Card Tips,,36
07/21/2026,13082,In-Store Credit Card Tips,,89.59
07/21/2026,13082,Gift Card,49.47,
07/21/2026,13082,3rd Party - DoorDash,183.91,
07/21/2026,13082,3rd Party - GrubHub,34.23,
07/21/2026,13082,3rd Party - UberEats,65.27,
07/21/2026,13082,Cash Over/Short Adjustment,,0.32
07/21/2026,13106,Subject to Tax,,1744.34
07/21/2026,13106,Non-Taxable Sales,,47.12
07/21/2026,13106,3rd Party Tax Exempt,,540.88
07/21/2026,13106,Sales Tax,,130.88
07/21/2026,13106,In-Store Credit Card,1047.37,
07/21/2026,13106,Online Credit card,578.85,
07/21/2026,13106,Online Credit Card Tips,,8
07/21/2026,13106,In-Store Credit Card Tips,,74.2
07/21/2026,13106,Gift Card,106.8,
07/21/2026,13106,3rd Party - DoorDash,390.49,
07/21/2026,13106,3rd Party - GrubHub,39.27,
07/21/2026,13106,3rd Party - UberEats,177.21,
07/21/2026,13106,Cash Over/Short Adjustment,0.43,
07/21/2026,13106,Register Audit Adjustment,205,
07/21/2026,13116,Subject to Tax,,2405.73
07/21/2026,13116,Non-Taxable Sales,,55.03
07/21/2026,13116,3rd Party Tax Exempt,,642.67
07/21/2026,13116,Sales Tax,,168.4
07/21/2026,13116,In-Store Credit Card,1797.96,
07/21/2026,13116,Online Credit card,473.75,
07/21/2026,13116,In-Store Credit Card Tips,,102.99
07/21/2026,13116,Gift Card,68.8,
07/21/2026,13116,3rd Party - DoorDash,486.67,
07/21/2026,13116,3rd Party - GrubHub,35.18,
07/21/2026,13116,3rd Party - UberEats,161.28,
07/21/2026,13116,Cash Over/Short Adjustment,0.18,
07/21/2026,13116,Register Audit Adjustment,351,
07/21/2026,13138,Subject to Tax,,1869
07/21/2026,13138,Non-Taxable Sales,,11.54
07/21/2026,13138,3rd Party Tax Exempt,,142.47
07/21/2026,13138,Register Audit,366,
07/21/2026,13138,Sales Tax,,130.88
07/21/2026,13138,In-Store Credit Card,1301.56,
07/21/2026,13138,Payout,53.5,
07/21/2026,13138,Online Credit card,340.19,
07/21/2026,13138,Online Gift Card,43.98,
07/21/2026,13138,Online Credit Card Tips,,11.72
07/21/2026,13138,In-Store Credit Card Tips,,88.74
07/21/2026,13138,Gift Card,5.15,
07/21/2026,13138,3rd Party - DoorDash,104.02,
07/21/2026,13138,3rd Party - UberEats,40.49,
07/21/2026,13138,Cash Over/Short Adjustment,,0.54
07/21/2026,13148,Subject to Tax,,4406.12
07/21/2026,13148,Non-Taxable Sales,,43.01
07/21/2026,13148,3rd Party Tax Exempt,,421.81
07/21/2026,13148,Sales Tax,,286.48
07/21/2026,13148,In-Store Credit Card,2736.79,
07/21/2026,13148,Payout,17.68,
07/21/2026,13148,Online Credit card,1998.07,
07/21/2026,13148,Online Credit Card Tips,,103
07/21/2026,13148,In-Store Credit Card Tips,,159.29
07/21/2026,13148,Gift Card,1.04,
07/21/2026,13148,3rd Party - DoorDash,347.68,
07/21/2026,13148,3rd Party - UberEats,81.45,
07/21/2026,13148,Register Audit Adjustment,237,
07/21/2026,13162,Subject to Tax,,3397.13
07/21/2026,13162,Non-Taxable Sales,,49.63
07/21/2026,13162,3rd Party Tax Exempt,,734.36
07/21/2026,13162,Sales Tax,,237.88
07/21/2026,13162,In-Store Credit Card,2099.37,
07/21/2026,13162,Payout,9.42,
07/21/2026,13162,Online Credit card,1340.29,
07/21/2026,13162,Online Gift Card,14.35,
07/21/2026,13162,Online Credit Card Tips,,50
07/21/2026,13162,In-Store Credit Card Tips,,132.1
07/21/2026,13162,Gift Card,35.09,
07/21/2026,13162,3rd Party - DoorDash,516.92,
07/21/2026,13162,3rd Party - GrubHub,60.13,
07/21/2026,13162,3rd Party - UberEats,231.66,
07/21/2026,13162,Cash Over/Short Adjustment,0.87,
07/21/2026,13162,Register Audit Adjustment,293,
07/21/2026,13219,Subject to Tax,,2909.58
07/21/2026,13219,Non-Taxable Sales,,22.36
07/21/2026,13219,3rd Party Tax Exempt,,233.75
07/21/2026,13219,Sales Tax,,203.66
07/21/2026,13219,In-Store Credit Card,1615.05,
07/21/2026,13219,Payout,243.45,
07/21/2026,13219,Online Credit card,1236.86,
07/21/2026,13219,Online Credit Card Tips,,58
07/21/2026,13219,In-Store Credit Card Tips,,93.79
07/21/2026,13219,Gift Card,11.45,
07/21/2026,13219,3rd Party - DoorDash,201.19,
07/21/2026,13219,3rd Party - GrubHub,13.74,
07/21/2026,13219,3rd Party - UberEats,32.56,
07/21/2026,13219,Cash Over/Short Adjustment,0.84,
07/21/2026,13219,Register Audit Adjustment,166,
07/21/2026,37001,Subject to Tax,,4345.97
07/21/2026,37001,Non-Taxable Sales,,495.83
07/21/2026,37001,Register Audit,609.35,
07/21/2026,37001,Sales Tax,,369.48
07/21/2026,37001,In-Store Credit Card,2265.91,
07/21/2026,37001,Online Credit card,1787.56,
07/21/2026,37001,Online Gift Card,11.61,
07/21/2026,37001,Online Credit Card Tips,,57
07/21/2026,37001,In-Store Credit Card Tips,,134.7
07/21/2026,37001,Gift Card,46.79,
07/21/2026,37001,3rd Party - DoorDash,495.85,
07/21/2026,37001,3rd Party - UberEats,186.35,
07/21/2026,37001,Cash Over/Short Adjustment,,0.44
07/21/2026,37002,Subject to Tax,,4296.44
07/21/2026,37002,Non-Taxable Sales,,453.64
07/21/2026,37002,Sales Tax,,365.22
07/21/2026,37002,In-Store Credit Card,2126.48,
07/21/2026,37002,Online Credit card,1851.44,
07/21/2026,37002,Online Gift Card,15,
07/21/2026,37002,Online Credit Card Tips,,47.62
07/21/2026,37002,In-Store Credit Card Tips,,160.25
07/21/2026,37002,3rd Party - DoorDash,630.5,
07/21/2026,37002,3rd Party - GrubHub,79.37,
07/21/2026,37002,3rd Party - UberEats,75.39,
07/21/2026,37002,Cash Over/Short Adjustment,0.99,
07/21/2026,37002,Register Audit Adjustment,544,
07/21/2026,37004,Subject to Tax,,1763.31
07/21/2026,37004,Non-Taxable Sales,,231.9
07/21/2026,37004,Register Audit,142,
07/21/2026,37004,Sales Tax,,149.9
07/21/2026,37004,In-Store Credit Card,1216.47,
07/21/2026,37004,Online Credit card,624.99,
07/21/2026,37004,Online Gift Card,15.25,
07/21/2026,37004,Online Credit Card Tips,,27.17
07/21/2026,37004,In-Store Credit Card Tips,,101.37
07/21/2026,37004,Gift Card,14.14,
07/21/2026,37004,3rd Party - DoorDash,239.29,
07/21/2026,37004,3rd Party - GrubHub,12.89,
07/21/2026,37004,3rd Party - UberEats,23.7,
07/21/2026,37004,Cash Over/Short Adjustment,,0.08
07/21/2026,37004,Register Audit Adjustment,,15
07/21/2026,37006,Subject to Tax,,2977.02
07/21/2026,37006,Non-Taxable Sales,,379.68
07/21/2026,37006,Register Audit,425,
07/21/2026,37006,Sales Tax,,253.07
07/21/2026,37006,In-Store Credit Card,1942.07,
07/21/2026,37006,Online Credit card,1083.62,
07/21/2026,37006,Online Gift Card,7.52,
07/21/2026,37006,Online Credit Card Tips,,35
07/21/2026,37006,In-Store Credit Card Tips,,166.98
07/21/2026,37006,3rd Party - DoorDash,356.97,
07/21/2026,37006,Cash Over/Short Adjustment,,0.43
07/21/2026,37006,Register Audit Adjustment,,3
07/21/2026,37007,Subject to Tax,,5182.56
07/21/2026,37007,Non-Taxable Sales,,615.69
07/21/2026,37007,Sales Tax,,440.53
07/21/2026,37007,In-Store Credit Card,2493.09,
07/21/2026,37007,Online Credit card,1876.12,
07/21/2026,37007,Online Credit Card Tips,,31
07/21/2026,37007,In-Store Credit Card Tips,,142.57
07/21/2026,37007,Gift Card,61.71,
07/21/2026,37007,3rd Party - DoorDash,1220.23,
07/21/2026,37007,3rd Party - GrubHub,162.93,
07/21/2026,37007,3rd Party - UberEats,84.7,
07/21/2026,37007,Cash Over/Short Adjustment,0.57,
07/21/2026,37007,Register Audit Adjustment,513,
07/21/2026,37009,Subject to Tax,,3164.17
07/21/2026,37009,Non-Taxable Sales,,319.88
07/21/2026,37009,Register Audit,331,
07/21/2026,37009,Sales Tax,,269
07/21/2026,37009,In-Store Credit Card,1487.59,
07/21/2026,37009,Payout,7.47,
07/21/2026,37009,Online Credit card,1352.9,
07/21/2026,37009,Online Gift Card,25,
07/21/2026,37009,Online Credit Card Tips,,59.26
07/21/2026,37009,In-Store Credit Card Tips,,82.34
07/21/2026,37009,Gift Card,39.89,
07/21/2026,37009,3rd Party - DoorDash,626.99,
07/21/2026,37009,3rd Party - UberEats,23.7,
07/21/2026,37009,Cash Over/Short Adjustment,0.11,
07/21/2026,37010,Subject to Tax,,6163.9
07/21/2026,37010,Non-Taxable Sales,,791.17
07/21/2026,37010,Register Audit,1048,
07/21/2026,37010,Sales Tax,,523.94
07/21/2026,37010,In-Store Credit Card,3577.95,
07/21/2026,37010,Online Credit card,2626.54,
07/21/2026,37010,Online Gift Card,14.94,
07/21/2026,37010,Online Credit Card Tips,,90.49
07/21/2026,37010,In-Store Credit Card Tips,,234.63
07/21/2026,37010,Online Gift Card Tips,,3
07/21/2026,37010,Gift Card,33.14,
07/21/2026,37010,Gift Card Sold,,50
07/21/2026,37010,3rd Party - DoorDash,553.75,
07/21/2026,37010,Cash Over/Short Adjustment,0.81,
07/21/2026,37010,Register Audit Adjustment,2,
07/21/2026,37013,Subject to Tax,,3195.27
07/21/2026,37013,Non-Taxable Sales,,265.55
07/21/2026,37013,Register Audit,623,
07/21/2026,37013,Sales Tax,,271.65
07/21/2026,37013,In-Store Credit Card,1846.55,
07/21/2026,37013,Online Credit card,1337.79,
07/21/2026,37013,Online Credit Card Tips,,58.5
07/21/2026,37013,In-Store Credit Card Tips,,135.6
07/21/2026,37013,3rd Party - DoorDash,71.79,
07/21/2026,37013,Cash Over/Short Adjustment,0.44,
07/21/2026,37013,Register Audit Adjustment,47,
07/21/2026,37014,Subject to Tax,,3108.6
07/21/2026,37014,Non-Taxable Sales,,330.3
07/21/2026,37014,Sales Tax,,264.28
07/21/2026,37014,In-Store Credit Card,1611.31,
07/21/2026,37014,Payout,95.9,
07/21/2026,37014,Online Credit card,1315.22,
07/21/2026,37014,Online Gift Card,22.35,
07/21/2026,37014,Online Credit Card Tips,,84.93
07/21/2026,37014,In-Store Credit Card Tips,,93.36
07/21/2026,37014,3rd Party - DoorDash,540.26,
07/21/2026,37014,3rd Party - GrubHub,13.93,
07/21/2026,37014,Cash Over/Short Adjustment,0.5,
07/21/2026,37014,Register Audit Adjustment,282,
07/21/2026,37016,Subject to Tax,,3006.41
07/21/2026,37016,Non-Taxable Sales,,314.82
07/21/2026,37016,Register Audit,693,
07/21/2026,37016,Sales Tax,,255.58
07/21/2026,37016,In-Store Credit Card,1767.48,
07/21/2026,37016,Online Credit card,1154.72,
07/21/2026,37016,Online Credit Card Tips,,36
07/21/2026,37016,In-Store Credit Card Tips,,108.31
07/21/2026,37016,Gift Card,39.41,
07/21/2026,37016,3rd Party - DoorDash,66.51,
07/21/2026,37020,Subject to Tax,,2746.43
07/21/2026,37020,Non-Taxable Sales,,244.25
07/21/2026,37020,Register Audit,274.37,
07/21/2026,37020,Sales Tax,,233.48
07/21/2026,37020,In-Store Credit Card,1063.67,
07/21/2026,37020,Payout,6.42,
07/21/2026,37020,Online Credit card,1706.63,
07/21/2026,37020,Online Gift Card,73.22,
07/21/2026,37020,Online Credit Card Tips,,60.79
07/21/2026,37020,In-Store Credit Card Tips,,57.64
07/21/2026,37020,Gift Card,40.99,
07/21/2026,37020,3rd Party - DoorDash,160.5,
07/21/2026,37020,3rd Party - UberEats,17.6,
07/21/2026,37020,Cash Over/Short Adjustment,,0.81
07/21/2026,49001,Subject to Tax,,4511.6
07/21/2026,49001,3rd Party Tax Exempt,,547.39
07/21/2026,49001,Sales Tax,,360.78
07/21/2026,49001,In-Store Credit Card,2729.61,
07/21/2026,49001,Online Credit card,1873.88,
07/21/2026,49001,Online Gift Card,19.33,
07/21/2026,49001,Online Credit Card Tips,,78.37
07/21/2026,49001,In-Store Credit Card Tips,,190.58
07/21/2026,49001,Gift Card,8.05,
07/21/2026,49001,Gift Card Sold,,40
07/21/2026,49001,3rd Party - DoorDash,448.3,
07/21/2026,49001,3rd Party - GrubHub,24.72,
07/21/2026,49001,3rd Party - UberEats,74.37,
07/21/2026,49001,Cash Over/Short Adjustment,0.46,
07/21/2026,49001,Register Audit Adjustment,550,
07/21/2026,49002,Subject to Tax,,3262.6
07/21/2026,49002,3rd Party Tax Exempt,,237.53
07/21/2026,49002,Tax Exempt,,126.45
07/21/2026,49002,Sales Tax,,261.21
07/21/2026,49002,In-Store Credit Card,2200.84,
07/21/2026,49002,Payout,10.53,
07/21/2026,49002,Online Credit card,1328.34,
07/21/2026,49002,Online Credit Card Tips,,56.5
07/21/2026,49002,In-Store Credit Card Tips,,143.64
07/21/2026,49002,Gift Card,22.04,
07/21/2026,49002,3rd Party - DoorDash,237.53,
07/21/2026,49002,Cash Over/Short Adjustment,0.65,
07/21/2026,49002,Register Audit Adjustment,288,
07/21/2026,49003,Subject to Tax,,3463.65
07/21/2026,49003,3rd Party Tax Exempt,,277.67
07/21/2026,49003,Sales Tax,,277.05
07/21/2026,49003,In-Store Credit Card,2171.18,
07/21/2026,49003,Online Credit card,1081.47,
07/21/2026,49003,Online Credit Card Tips,,44
07/21/2026,49003,In-Store Credit Card Tips,,137.97
07/21/2026,49003,Gift Card,23.12,
07/21/2026,49003,3rd Party - DoorDash,277.67,
07/21/2026,49003,Cash Over/Short Adjustment,0.9,
07/21/2026,49003,Register Audit Adjustment,646,
07/21/2026,49004,Subject to Tax,,3976.35
07/21/2026,49004,3rd Party Tax Exempt,,556.62
07/21/2026,49004,Tax Exempt,,1504.9
07/21/2026,49004,Sales Tax,,318.01
07/21/2026,49004,In-Store Credit Card,3749.86,
07/21/2026,49004,Online Credit card,1674.19,
07/21/2026,49004,Online Gift Card,13.82,
07/21/2026,49004,Online Credit Card Tips,,42
07/21/2026,49004,In-Store Credit Card Tips,,133.84
07/21/2026,49004,Gift Card,57.84,
07/21/2026,49004,3rd Party - DoorDash,539.23,
07/21/2026,49004,3rd Party - GrubHub,17.39,
07/21/2026,49004,Cash Over/Short Adjustment,0.39,
07/21/2026,49004,Register Audit Adjustment,479,
07/21/2026,49005,Subject to Tax,,3652.55
07/21/2026,49005,3rd Party Tax Exempt,,243.32
07/21/2026,49005,Sales Tax,,292.24
07/21/2026,49005,In-Store Credit Card,1965.95,
07/21/2026,49005,Online Credit card,1282.23,
07/21/2026,49005,Online Gift Card,17.9,
07/21/2026,49005,Online Credit Card Tips,,46
07/21/2026,49005,In-Store Credit Card Tips,,145.26
07/21/2026,49005,Online Gift Card Tips,,3
07/21/2026,49005,Gift Card,25,
07/21/2026,49005,3rd Party - DoorDash,201.39,
07/21/2026,49005,3rd Party - UberEats,41.93,
07/21/2026,49005,Cash Over/Short Adjustment,0.97,
07/21/2026,49005,Register Audit Adjustment,847,
07/21/2026,49006,Subject to Tax,,4628.15
07/21/2026,49006,3rd Party Tax Exempt,,1084.32
07/21/2026,49006,Register Audit,788,
07/21/2026,49006,Sales Tax,,369.68
07/21/2026,49006,In-Store Credit Card,2738.82,
07/21/2026,49006,Online Credit card,1630.84,
07/21/2026,49006,Online Gift Card,32.56,
07/21/2026,49006,Online Credit Card Tips,,51.53
07/21/2026,49006,In-Store Credit Card Tips,,161.01
07/21/2026,49006,Online Gift Card Tips,,1
07/21/2026,49006,Gift Card,48.77,
07/21/2026,49006,Gift Card Sold,,30
07/21/2026,49006,3rd Party - DoorDash,1051.63,
07/21/2026,49006,3rd Party - UberEats,32.69,
07/21/2026,49006,Cash Over/Short Adjustment,,0.75
07/21/2026,49006,Register Audit Adjustment,,31
07/21/2026,49007,Subject to Tax,,2382.1
07/21/2026,49007,3rd Party Tax Exempt,,898.98
07/21/2026,49007,Register Audit,292,
07/21/2026,49007,Sales Tax,,189.95
07/21/2026,49007,In-Store Credit Card,1088.06,
07/21/2026,49007,Online Credit card,1197.02,
07/21/2026,49007,Online Gift Card,52.15,
07/21/2026,49007,Online Credit Card Tips,,29
07/21/2026,49007,In-Store Credit Card Tips,,70.66
07/21/2026,49007,Gift Card,41.41,
07/21/2026,49007,3rd Party - DoorDash,808.63,
07/21/2026,49007,3rd Party - GrubHub,20,
07/21/2026,49007,3rd Party - UberEats,70.35,
07/21/2026,49007,Cash Over/Short Adjustment,,0.47
07/21/2026,49007,Register Audit Adjustment,,186
07/21/2026,49008,Subject to Tax,,3103.5
07/21/2026,49008,3rd Party Tax Exempt,,618.65
07/21/2026,49008,Sales Tax,,247.98
07/21/2026,49008,In-Store Credit Card,1732.79,
07/21/2026,49008,Payout,59.02,
07/21/2026,49008,Online Credit card,1146.12,
07/21/2026,49008,Online Gift Card,9.63,
07/21/2026,49008,Online Credit Card Tips,,26.22
07/21/2026,49008,In-Store Credit Card Tips,,87.86
07/21/2026,49008,Online Gift Card Tips,,3
07/21/2026,49008,Gift Card,80.13,
07/21/2026,49008,Gift Card Sold,,50
07/21/2026,49008,3rd Party - DoorDash,558.6,
07/21/2026,49008,3rd Party - GrubHub,30.3,
07/21/2026,49008,3rd Party - UberEats,29.75,
07/21/2026,49008,Cash Over/Short Adjustment,0.87,
07/21/2026,49008,Register Audit Adjustment,490,
07/21/2026,49009,Subject to Tax,,3806.78
07/21/2026,49009,3rd Party Tax Exempt,,717.5
07/21/2026,49009,Register Audit,470,
07/21/2026,49009,Sales Tax,,304.37
07/21/2026,49009,In-Store Credit Card,2106.49,
07/21/2026,49009,Payout,26.7,
07/21/2026,49009,Online Credit card,1679.04,
07/21/2026,49009,Online Gift Card,10.48,
07/21/2026,49009,Online Credit Card Tips,,41.21
07/21/2026,49009,In-Store Credit Card Tips,,141.12
07/21/2026,49009,Gift Card,41.05,
07/21/2026,49009,3rd Party - DoorDash,705.62,
07/21/2026,49009,3rd Party - UberEats,11.88,
07/21/2026,49009,Cash Over/Short Adjustment,,0.28
07/21/2026,49009,Register Audit Adjustment,,40
07/21/2026,49010,Subject to Tax,,3001.85
07/21/2026,49010,3rd Party Tax Exempt,,459.28
07/21/2026,49010,Sales Tax,,240.37
07/21/2026,49010,In-Store Credit Card,1751.57,
07/21/2026,49010,Online Credit card,1376.1,
07/21/2026,49010,Online Gift Card,22.25,
07/21/2026,49010,Online Credit Card Tips,,59
07/21/2026,49010,In-Store Credit Card Tips,,117.32
07/21/2026,49010,Gift Card,11.39,
07/21/2026,49010,3rd Party - DoorDash,352.72,
07/21/2026,49010,3rd Party - UberEats,106.56,
07/21/2026,49010,Cash Over/Short Adjustment,0.23,
07/21/2026,49010,Register Audit Adjustment,257,
07/21/2026,49011,Subject to Tax,,4185.55
07/21/2026,49011,3rd Party Tax Exempt,,434.25
07/21/2026,49011,Register Audit,524,
07/21/2026,49011,Sales Tax,,334.8
07/21/2026,49011,In-Store Credit Card,2449.29,
07/21/2026,49011,Online Credit card,1722.73,
07/21/2026,49011,Online Gift Card,21.66,
07/21/2026,49011,Online Credit Card Tips,,65
07/21/2026,49011,In-Store Credit Card Tips,,163.09
07/21/2026,49011,Online Gift Card Tips,,2
07/21/2026,49011,Gift Card,32.54,
07/21/2026,49011,3rd Party - DoorDash,434.25,
07/21/2026,49011,Cash Over/Short Adjustment,0.22,
07/22/2026,2006,Subject to Tax,,158.86
07/22/2026,2006,Non-Taxable Sales,,2946.79
07/22/2026,2006,3rd Party Tax Exempt,,11.16
07/22/2026,2006,Register Audit,250,
07/22/2026,2006,Sales Tax,,10.9
07/22/2026,2006,In-Store Credit Card,1928.89,
07/22/2026,2006,Payout,10,
07/22/2026,2006,Online Credit card,678.35,
07/22/2026,2006,Online Credit Card Tips,,18.45
07/22/2026,2006,In-Store Credit Card Tips,,117.37
07/22/2026,2006,Gift Card,16.06,
07/22/2026,2006,3rd Party - DoorDash,245.45,
07/22/2026,2006,3rd Party - GrubHub,15.11,
07/22/2026,2006,3rd Party - UberEats,120.05,
07/22/2026,2006,Cash Over/Short Adjustment,,0.38
07/22/2026,2016,Subject to Tax,,210.38
07/22/2026,2016,Non-Taxable Sales,,3269.8
07/22/2026,2016,3rd Party Tax Exempt,,7.44
07/22/2026,2016,Register Audit,277.61,
07/22/2026,2016,Sales Tax,,14.25
07/22/2026,2016,In-Store Credit Card,1997.64,
07/22/2026,2016,Payout,43.2,
07/22/2026,2016,Online Credit card,884.98,
07/22/2026,2016,Online Gift Card,31.35,
07/22/2026,2016,Online Credit Card Tips,,21
07/22/2026,2016,In-Store Credit Card Tips,,92.28
07/22/2026,2016,Online Gift Card Tips,,0.55
07/22/2026,2016,Gift Card,31.7,
07/22/2026,2016,3rd Party - DoorDash,301.12,
07/22/2026,2016,3rd Party - UberEats,48.1,
07/22/2026,2017,Subject to Tax,,226.34
07/22/2026,2017,Non-Taxable Sales,,3180.5
07/22/2026,2017,3rd Party Tax Exempt,,18.24
07/22/2026,2017,Register Audit,51,
07/22/2026,2017,Sales Tax,,16.7
07/22/2026,2017,In-Store Credit Card,1746.27,
07/22/2026,2017,Payout,40.26,
07/22/2026,2017,Online Credit card,1410.83,
07/22/2026,2017,Online Credit Card Tips,,49.74
07/22/2026,2017,In-Store Credit Card Tips,,127.43
07/22/2026,2017,Gift Card,31.5,
07/22/2026,2017,3rd Party - DoorDash,277.81,
07/22/2026,2017,3rd Party - UberEats,61.77,
07/22/2026,2017,Cash Over/Short Adjustment,,0.49
07/22/2026,2020,Subject to Tax,,282.65
07/22/2026,2020,Non-Taxable Sales,,3784.15
07/22/2026,2020,3rd Party Tax Exempt,,11.4
07/22/2026,2020,Register Audit,481,
07/22/2026,2020,Sales Tax,,20.13
07/22/2026,2020,In-Store Credit Card,1905.29,
07/22/2026,2020,Payout,57,
07/22/2026,2020,Online Credit card,1411.22,
07/22/2026,2020,Online Gift Card,18.85,
07/22/2026,2020,Online Credit Card Tips,,14.6
07/22/2026,2020,In-Store Credit Card Tips,,112.36
07/22/2026,2020,Gift Card,17.4,
07/22/2026,2020,3rd Party - DoorDash,313.16,
07/22/2026,2020,3rd Party - UberEats,21.84,
07/22/2026,2020,Cash Over/Short Adjustment,,0.47
07/22/2026,2023,Subject to Tax,,298.65
07/22/2026,2023,Non-Taxable Sales,,2754.43
07/22/2026,2023,3rd Party Tax Exempt,,18.6
07/22/2026,2023,Register Audit,324,
07/22/2026,2023,Sales Tax,,20.32
07/22/2026,2023,In-Store Credit Card,1390.71,
07/22/2026,2023,Payout,3.28,
07/22/2026,2023,Online Credit card,737.73,
07/22/2026,2023,Online Gift Card,22.01,
07/22/2026,2023,Online Credit Card Tips,,21.77
07/22/2026,2023,In-Store Credit Card Tips,,80.81
07/22/2026,2023,Gift Card,43.6,
07/22/2026,2023,3rd Party - DoorDash,487.81,
07/22/2026,2023,3rd Party - GrubHub,67.14,
07/22/2026,2023,3rd Party - UberEats,118.28,
07/22/2026,2023,Cash Over/Short Adjustment,0.02,
07/22/2026,2024,Subject to Tax,,187.14
07/22/2026,2024,Non-Taxable Sales,,4007.49
07/22/2026,2024,3rd Party Tax Exempt,,3.72
07/22/2026,2024,Register Audit,289,
07/22/2026,2024,Sales Tax,,14.66
07/22/2026,2024,In-Store Credit Card,1801.24,
07/22/2026,2024,Online Credit card,1857.29,
07/22/2026,2024,Online Gift Card,18.85,
07/22/2026,2024,Online Credit Card Tips,,18
07/22/2026,2024,In-Store Credit Card Tips,,92.39
07/22/2026,2024,Gift Card,30.2,
07/22/2026,2024,3rd Party - DoorDash,260.12,
07/22/2026,2024,3rd Party - GrubHub,42.96,
07/22/2026,2024,3rd Party - UberEats,25.68,
07/22/2026,2024,Cash Over/Short Adjustment,,0.94
07/22/2026,2024,Register Audit Adjustment,,1
07/22/2026,2047,Subject to Tax,,102.76
07/22/2026,2047,Non-Taxable Sales,,2866.23
07/22/2026,2047,3rd Party Tax Exempt,,22.2
07/22/2026,2047,Register Audit,200,
07/22/2026,2047,Sales Tax,,7.42
07/22/2026,2047,In-Store Credit Card,1446.22,
07/22/2026,2047,Payout,32.4,
07/22/2026,2047,Online Credit card,754.07,
07/22/2026,2047,Online Gift Card,44.25,
07/22/2026,2047,Online Credit Card Tips,,15.15
07/22/2026,2047,In-Store Credit Card Tips,,67.16
07/22/2026,2047,Gift Card,31.05,
07/22/2026,2047,3rd Party - DoorDash,428.37,
07/22/2026,2047,3rd Party - GrubHub,68.1,
07/22/2026,2047,3rd Party - UberEats,76.73,
07/22/2026,2047,Cash Over/Short Adjustment,,0.27
07/22/2026,4003,Subject to Tax,,3683.71
07/22/2026,4003,Register Audit,189.34,
07/22/2026,4003,Sales Tax,,359.13
07/22/2026,4003,In-Store Credit Card,2070.8,
07/22/2026,4003,Online Credit card,1117.43,
07/22/2026,4003,Online Gift Card,14.82,
07/22/2026,4003,Online Credit Card Tips,,32
07/22/2026,4003,In-Store Credit Card Tips,,133.29
07/22/2026,4003,Gift Card,11.8,
07/22/2026,4003,3rd Party - DoorDash,562.54,
07/22/2026,4003,3rd Party - UberEats,242.14,
07/22/2026,4003,Cash Over/Short Adjustment,,0.74
07/22/2026,4005,Subject to Tax,,5098.57
07/22/2026,4005,Register Audit,275,
07/22/2026,4005,Sales Tax,,497.16
07/22/2026,4005,In-Store Credit Card,2693.96,
07/22/2026,4005,Online Credit card,2064.86,
07/22/2026,4005,Online Gift Card,11.47,
07/22/2026,4005,In-Store Credit Card Tips,,170.24
07/22/2026,4005,Gift Card,22.61,
07/22/2026,4005,3rd Party - DoorDash,376.18,
07/22/2026,4005,3rd Party - UberEats,321.31,
07/22/2026,4005,Cash Over/Short Adjustment,0.58,
07/22/2026,4008,Subject to Tax,,3188.19
07/22/2026,4008,Register Audit,189,
07/22/2026,4008,Sales Tax,,310.81
07/22/2026,4008,In-Store Credit Card,1528.2,
07/22/2026,4008,Online Credit card,1357.49,
07/22/2026,4008,Online Gift Card,31.33,
07/22/2026,4008,Online Credit Card Tips,,20
07/22/2026,4008,In-Store Credit Card Tips,,91.39
07/22/2026,4008,3rd Party - DoorDash,357.53,
07/22/2026,4008,3rd Party - UberEats,147.36,
07/22/2026,4008,Cash Over/Short Adjustment,,0.52
07/22/2026,4009,Subject to Tax,,3324.81
07/22/2026,4009,Register Audit,370,
07/22/2026,4009,Sales Tax,,324.09
07/22/2026,4009,In-Store Credit Card,1895.26,
07/22/2026,4009,Online Credit card,777.77,
07/22/2026,4009,Online Credit Card Tips,,24
07/22/2026,4009,In-Store Credit Card Tips,,104.16
07/22/2026,4009,3rd Party - DoorDash,471.91,
07/22/2026,4009,3rd Party - UberEats,262.63,
07/22/2026,4009,Cash Over/Short Adjustment,,0.51
07/22/2026,4010,Subject to Tax,,2836.03
07/22/2026,4010,Register Audit,117,
07/22/2026,4010,Sales Tax,,276.49
07/22/2026,4010,In-Store Credit Card,1782.46,
07/22/2026,4010,Payout,30,
07/22/2026,4010,Online Credit card,636.28,
07/22/2026,4010,In-Store Credit Card Tips,,129.88
07/22/2026,4010,Gift Card,23.98,
07/22/2026,4010,3rd Party - DoorDash,363.75,
07/22/2026,4010,3rd Party - UberEats,288.41,
07/22/2026,4010,Cash Over/Short Adjustment,0.52,
07/22/2026,4015,Subject to Tax,,3264.44
07/22/2026,4015,Register Audit,391,
07/22/2026,4015,Sales Tax,,318.26
07/22/2026,4015,In-Store Credit Card,1998.28,
07/22/2026,4015,Online Credit card,750.7,
07/22/2026,4015,Online Gift Card,14.33,
07/22/2026,4015,Online Credit Card Tips,,13.01
07/22/2026,4015,In-Store Credit Card Tips,,135.46
07/22/2026,4015,Online Gift Card Tips,,1
07/22/2026,4015,Gift Card,33.16,
07/22/2026,4015,3rd Party - DoorDash,400.29,
07/22/2026,4015,3rd Party - UberEats,144.72,
07/22/2026,4015,Cash Over/Short Adjustment,,0.31
07/22/2026,4021,Subject to Tax,,3832.57
07/22/2026,4021,Register Audit,301,
07/22/2026,4021,Sales Tax,,373.7
07/22/2026,4021,In-Store Credit Card,2001.4,
07/22/2026,4021,Online Credit card,741.39,
07/22/2026,4021,Online Credit Card Tips,,15
07/22/2026,4021,In-Store Credit Card Tips,,152.26
07/22/2026,4021,Gift Card,13.83,
07/22/2026,4021,3rd Party - DoorDash,758.87,
07/22/2026,4021,3rd Party - UberEats,557,
07/22/2026,4021,Cash Over/Short Adjustment,0.04,
07/22/2026,4025,Subject to Tax,,2889.97
07/22/2026,4025,Register Audit,207,
07/22/2026,4025,Sales Tax,,281.76
07/22/2026,4025,In-Store Credit Card,1670.74,
07/22/2026,4025,Online Credit card,1045.97,
07/22/2026,4025,Online Credit Card Tips,,30.35
07/22/2026,4025,In-Store Credit Card Tips,,109.3
07/22/2026,4025,Gift Card,56.71,
07/22/2026,4025,3rd Party - DoorDash,199.34,
07/22/2026,4025,3rd Party - UberEats,132.27,
07/22/2026,4025,Cash Over/Short Adjustment,,0.65
07/22/2026,4027,Subject to Tax,,3796.35
07/22/2026,4027,Register Audit,279,
07/22/2026,4027,Sales Tax,,370.08
07/22/2026,4027,In-Store Credit Card,1740.27,
07/22/2026,4027,Online Credit card,1149.36,
07/22/2026,4027,Online Gift Card,15.8,
07/22/2026,4027,In-Store Credit Card Tips,,93.42
07/22/2026,4027,Gift Card,14.68,
07/22/2026,4027,3rd Party - DoorDash,533,
07/22/2026,4027,3rd Party - GrubHub,20.09,
07/22/2026,4027,3rd Party - UberEats,507.12,
07/22/2026,4027,Cash Over/Short Adjustment,0.53,
07/22/2026,4034,Subject to Tax,,3402.36
07/22/2026,4034,Register Audit,212,
07/22/2026,4034,Sales Tax,,331.7
07/22/2026,4034,In-Store Credit Card,1969.69,
07/22/2026,4034,Payout,71.34,
07/22/2026,4034,Online Credit card,1075.17,
07/22/2026,4034,Online Gift Card,9.6,
07/22/2026,4034,Online Credit Card Tips,,35
07/22/2026,4034,In-Store Credit Card Tips,,117.16
07/22/2026,4034,Gift Card,23.05,
07/22/2026,4034,3rd Party - DoorDash,525.66,
07/22/2026,4034,Cash Over/Short Adjustment,,0.29
07/22/2026,4036,Subject to Tax,,4138.33
07/22/2026,4036,Register Audit,434,
07/22/2026,4036,Sales Tax,,403.5
07/22/2026,4036,In-Store Credit Card,2125.8,
07/22/2026,4036,Online Credit card,1250.6,
07/22/2026,4036,Online Credit Card Tips,,35.06
07/22/2026,4036,In-Store Credit Card Tips,,108.51
07/22/2026,4036,Gift Card,11.12,
07/22/2026,4036,3rd Party - DoorDash,573,
07/22/2026,4036,3rd Party - GrubHub,16.33,
07/22/2026,4036,3rd Party - UberEats,274.15,
07/22/2026,4036,Cash Over/Short Adjustment,0.4,
07/22/2026,4042,Subject to Tax,,4377.64
07/22/2026,4042,Sales Tax,,426.83
07/22/2026,4042,In-Store Credit Card,1878.08,
07/22/2026,4042,Online Credit card,1487.06,
07/22/2026,4042,Online Gift Card,13.83,
07/22/2026,4042,Online Credit Card Tips,,36
07/22/2026,4042,In-Store Credit Card Tips,,112.19
07/22/2026,4042,Gift Card,50.03,
07/22/2026,4042,3rd Party - DoorDash,1240.25,
07/22/2026,4042,3rd Party - GrubHub,53.58,
07/22/2026,4042,3rd Party - UberEats,26.8,
07/22/2026,4042,Cash Over/Short Adjustment,0.03,
07/22/2026,4042,Register Audit Adjustment,203,
07/22/2026,4052,Subject to Tax,,4925.37
07/22/2026,4052,Register Audit,604,
07/22/2026,4052,Sales Tax,,480.18
07/22/2026,4052,In-Store Credit Card,2141.69,
07/22/2026,4052,Online Credit card,1855.34,
07/22/2026,4052,Online Gift Card,87.1,
07/22/2026,4052,Online Credit Card Tips,,61.76
07/22/2026,4052,In-Store Credit Card Tips,,113.85
07/22/2026,4052,Online Gift Card Tips,,7
07/22/2026,4052,Gift Card,10.54,
07/22/2026,4052,3rd Party - DoorDash,845.97,
07/22/2026,4052,3rd Party - UberEats,44.51,
07/22/2026,4052,Cash Over/Short Adjustment,,0.99
07/22/2026,4074,Subject to Tax,,2828.76
07/22/2026,4074,Register Audit,112,
07/22/2026,4074,Sales Tax,,275.86
07/22/2026,4074,In-Store Credit Card,1607.26,
07/22/2026,4074,Online Credit card,1182.11,
07/22/2026,4074,Online Credit Card Tips,,64.57
07/22/2026,4074,In-Store Credit Card Tips,,101.62
07/22/2026,4074,3rd Party - DoorDash,192.53,
07/22/2026,4074,3rd Party - UberEats,177.79,
07/22/2026,4074,Cash Over/Short Adjustment,,0.88
07/22/2026,5042,Subject to Tax,,3063.25
07/22/2026,5042,Non-Taxable Sales,,5
07/22/2026,5042,3rd Party Tax Exempt,,352.77
07/22/2026,5042,Register Audit,376,
07/22/2026,5042,Sales Tax,,210.39
07/22/2026,5042,In-Store Credit Card,1842.29,
07/22/2026,5042,Payout,20.91,
07/22/2026,5042,Online Credit card,1204.96,
07/22/2026,5042,Online Credit Card Tips,,48
07/22/2026,5042,In-Store Credit Card Tips,,149.95
07/22/2026,5042,Gift Card,32.57,
07/22/2026,5042,3rd Party - DoorDash,292.56,
07/22/2026,5042,3rd Party - UberEats,60.21,
07/22/2026,5042,Cash Over/Short Adjustment,,0.14
07/22/2026,5043,Subject to Tax,,4657.1
07/22/2026,5043,Non-Taxable Sales,,66.5
07/22/2026,5043,3rd Party Tax Exempt,,1044.06
07/22/2026,5043,Register Audit,646,
07/22/2026,5043,Sales Tax,,321.4
07/22/2026,5043,In-Store Credit Card,3103.65,
07/22/2026,5043,Payout,19.24,
07/22/2026,5043,Online Credit card,1457.88,
07/22/2026,5043,Online Gift Card,10,
07/22/2026,5043,Online Credit Card Tips,,39.43
07/22/2026,5043,In-Store Credit Card Tips,,206.12
07/22/2026,5043,Gift Card,53.01,
07/22/2026,5043,3rd Party - DoorDash,593.66,
07/22/2026,5043,3rd Party - UberEats,450.4,
07/22/2026,5043,Cash Over/Short Adjustment,0.77,
07/22/2026,5049,Subject to Tax,,2665.7
07/22/2026,5049,Non-Taxable Sales,,5
07/22/2026,5049,3rd Party Tax Exempt,,690.83
07/22/2026,5049,Register Audit,473,
07/22/2026,5049,Sales Tax,,216.85
07/22/2026,5049,In-Store Credit Card,1794.23,
07/22/2026,5049,Payout,11.03,
07/22/2026,5049,Online Credit card,699.03,
07/22/2026,5049,Online Gift Card,9.25,
07/22/2026,5049,Online Credit Card Tips,,23
07/22/2026,5049,In-Store Credit Card Tips,,74.5
07/22/2026,5049,Online Gift Card Tips,,1
07/22/2026,5049,3rd Party - DoorDash,583.98,
07/22/2026,5049,3rd Party - UberEats,106.85,
07/22/2026,5049,Cash Over/Short Adjustment,,0.49
07/22/2026,5051,Subject to Tax,,3585.4
07/22/2026,5051,Non-Taxable Sales,,20
07/22/2026,5051,3rd Party Tax Exempt,,692.86
07/22/2026,5051,Register Audit,115,
07/22/2026,5051,Sales Tax,,245.28
07/22/2026,5051,In-Store Credit Card,2405.92,
07/22/2026,5051,Payout,101.46,
07/22/2026,5051,Online Credit card,1470.44,
07/22/2026,5051,Online Gift Card,10,
07/22/2026,5051,Online Credit Card Tips,,100.73
07/22/2026,5051,In-Store Credit Card Tips,,160.82
07/22/2026,5051,Gift Card,10.39,
07/22/2026,5051,3rd Party - DoorDash,307.15,
07/22/2026,5051,3rd Party - UberEats,385.71,
07/22/2026,5051,Cash Over/Short Adjustment,,0.98
07/22/2026,5057,Subject to Tax,,2639.2
07/22/2026,5057,Non-Taxable Sales,,5.5
07/22/2026,5057,3rd Party Tax Exempt,,518.01
07/22/2026,5057,Register Audit,398,
07/22/2026,5057,Sales Tax,,208.72
07/22/2026,5057,In-Store Credit Card,1753.94,
07/22/2026,5057,Online Credit card,807.15,
07/22/2026,5057,Online Credit Card Tips,,18.92
07/22/2026,5057,In-Store Credit Card Tips,,110.34
07/22/2026,5057,Gift Card,23.66,
07/22/2026,5057,3rd Party - DoorDash,401.84,
07/22/2026,5057,3rd Party - UberEats,116.17,
07/22/2026,5057,Cash Over/Short Adjustment,,0.07
07/22/2026,5059,Subject to Tax,,2780.85
07/22/2026,5059,Non-Taxable Sales,,8
07/22/2026,5059,3rd Party Tax Exempt,,379.98
07/22/2026,5059,Sales Tax,,192.73
07/22/2026,5059,In-Store Credit Card,2187.17,
07/22/2026,5059,Online Credit card,720.83,
07/22/2026,5059,Online Gift Card,9.93,
07/22/2026,5059,Online Credit Card Tips,,12
07/22/2026,5059,In-Store Credit Card Tips,,134.56
07/22/2026,5059,3rd Party - DoorDash,225.21,
07/22/2026,5059,3rd Party - GrubHub,21.84,
07/22/2026,5059,3rd Party - UberEats,132.93,
07/22/2026,5059,Cash Over/Short Adjustment,0.21,
07/22/2026,5059,Register Audit Adjustment,210,
07/22/2026,5062,Subject to Tax,,2070.75
07/22/2026,5062,Non-Taxable Sales,,25.5
07/22/2026,5062,3rd Party Tax Exempt,,242.28
07/22/2026,5062,Sales Tax,,143
07/22/2026,5062,In-Store Credit Card,1583.49,
07/22/2026,5062,Online Credit card,688.22,
07/22/2026,5062,Online Credit Card Tips,,9
07/22/2026,5062,In-Store Credit Card Tips,,128.85
07/22/2026,5062,3rd Party - DoorDash,242.28,
07/22/2026,5062,Cash Over/Short Adjustment,0.39,
07/22/2026,5062,Register Audit Adjustment,105,
07/22/2026,5101,Subject to Tax,,2710.3
07/22/2026,5101,Non-Taxable Sales,,13
07/22/2026,5101,3rd Party Tax Exempt,,517.99
07/22/2026,5101,Register Audit,313,
07/22/2026,5101,Sales Tax,,186.6
07/22/2026,5101,In-Store Credit Card,1897.46,
07/22/2026,5101,Online Credit card,809.38,
07/22/2026,5101,Online Gift Card,11.53,
07/22/2026,5101,Online Credit Card Tips,,19
07/22/2026,5101,In-Store Credit Card Tips,,103.59
07/22/2026,5101,Gift Card,1.57,
07/22/2026,5101,3rd Party - DoorDash,399.75,
07/22/2026,5101,3rd Party - GrubHub,12.84,
07/22/2026,5101,3rd Party - UberEats,105.4,
07/22/2026,5101,Cash Over/Short Adjustment,,0.45
07/22/2026,5112,Subject to Tax,,2677.75
07/22/2026,5112,Non-Taxable Sales,,15.5
07/22/2026,5112,3rd Party Tax Exempt,,520.27
07/22/2026,5112,Register Audit,317,
07/22/2026,5112,Sales Tax,,211.98
07/22/2026,5112,In-Store Credit Card,1641.22,
07/22/2026,5112,Payout,4.46,
07/22/2026,5112,Online Credit card,1087.45,
07/22/2026,5112,Online Credit Card Tips,,52
07/22/2026,5112,In-Store Credit Card Tips,,92.97
07/22/2026,5112,3rd Party - DoorDash,520.27,
07/22/2026,5112,Cash Over/Short Adjustment,0.07,
07/22/2026,5127,Subject to Tax,,3670.9
07/22/2026,5127,3rd Party Tax Exempt,,151.56
07/22/2026,5127,Register Audit,611,
07/22/2026,5127,Sales Tax,,288.84
07/22/2026,5127,In-Store Credit Card,2470.29,
07/22/2026,5127,Online Credit card,1115.74,
07/22/2026,5127,Online Credit Card Tips,,49
07/22/2026,5127,In-Store Credit Card Tips,,187.9
07/22/2026,5127,3rd Party - DoorDash,18.05,
07/22/2026,5127,3rd Party - UberEats,133.51,
07/22/2026,5127,Cash Over/Short Adjustment,,0.39
07/22/2026,6021,Subject to Tax,,2727.5
07/22/2026,6021,Non-Taxable Sales,,15
07/22/2026,6021,3rd Party Tax Exempt,,128.02
07/22/2026,6021,Register Audit,123,
07/22/2026,6021,Sales Tax,,259.19
07/22/2026,6021,In-Store Credit Card,1729.79,
07/22/2026,6021,Online Credit card,895.41,
07/22/2026,6021,Online Credit Card Tips,,36
07/22/2026,6021,In-Store Credit Card Tips,,109.84
07/22/2026,6021,Gift Card,50,
07/22/2026,6021,3rd Party - DoorDash,349.48,
07/22/2026,6021,3rd Party - UberEats,128.02,
07/22/2026,6021,Cash Over/Short Adjustment,,0.15
07/22/2026,6026,Subject to Tax,,3388.78
07/22/2026,6026,Non-Taxable Sales,,26.5
07/22/2026,6026,3rd Party Tax Exempt,,80.42
07/22/2026,6026,Sales Tax,,203.3
07/22/2026,6026,In-Store Credit Card,1596.08,
07/22/2026,6026,Payout,88.2,
07/22/2026,6026,Online Credit card,1495.54,
07/22/2026,6026,Online Credit Card Tips,,31
07/22/2026,6026,In-Store Credit Card Tips,,73.08
07/22/2026,6026,Gift Card,11.34,
07/22/2026,6026,3rd Party - DoorDash,405.43,
07/22/2026,6026,3rd Party - GrubHub,63.27,
07/22/2026,6026,3rd Party - UberEats,80.42,
07/22/2026,6026,Cash Over/Short Adjustment,0.8,
07/22/2026,6026,Register Audit Adjustment,62,
07/22/2026,6032,Subject to Tax,,3361.73
07/22/2026,6032,Non-Taxable Sales,,20.5
07/22/2026,6032,3rd Party Tax Exempt,,261.55
07/22/2026,6032,Sales Tax,,201.76
07/22/2026,6032,In-Store Credit Card,2109.64,
07/22/2026,6032,Online Credit card,993.43,
07/22/2026,6032,Online Credit Card Tips,,31
07/22/2026,6032,In-Store Credit Card Tips,,161.57
07/22/2026,6032,Gift Card,11.34,
07/22/2026,6032,3rd Party - DoorDash,403.14,
07/22/2026,6032,3rd Party - UberEats,261.55,
07/22/2026,6032,Cash Over/Short Adjustment,0.01,
07/22/2026,6032,Register Audit Adjustment,259,
07/22/2026,6037,Subject to Tax,,3575.15
07/22/2026,6037,Non-Taxable Sales,,15
07/22/2026,6037,Register Audit,234,
07/22/2026,6037,Sales Tax,,393.36
07/22/2026,6037,In-Store Credit Card,2418.85,
07/22/2026,6037,Online Credit card,1421.26,
07/22/2026,6037,Online Gift Card,14.16,
07/22/2026,6037,Online Credit Card Tips,,68
07/22/2026,6037,In-Store Credit Card Tips,,153.22
07/22/2026,6037,Gift Card,12.85,
07/22/2026,6037,3rd Party - GrubHub,14.44,
07/22/2026,6037,3rd Party - UberEats,89.51,
07/22/2026,6037,Cash Over/Short Adjustment,,0.34
07/22/2026,6044,Subject to Tax,,3377.97
07/22/2026,6044,Non-Taxable Sales,,25
07/22/2026,6044,Sales Tax,,381.72
07/22/2026,6044,In-Store Credit Card,1884.61,
07/22/2026,6044,Online Credit card,1073.91,
07/22/2026,6044,Online Credit Card Tips,,13
07/22/2026,6044,In-Store Credit Card Tips,,122.47
07/22/2026,6044,Gift Card,27.83,
07/22/2026,6044,3rd Party - DoorDash,471.34,
07/22/2026,6044,Cash Over/Short Adjustment,0.47,
07/22/2026,6044,Register Audit Adjustment,462,
07/22/2026,6065,Subject to Tax,,3269.39
07/22/2026,6065,Non-Taxable Sales,,10.5
07/22/2026,6065,3rd Party Tax Exempt,,33.96
07/22/2026,6065,Sales Tax,,327.14
07/22/2026,6065,In-Store Credit Card,1945.63,
07/22/2026,6065,Payout,10.08,
07/22/2026,6065,Online Credit card,1180.28,
07/22/2026,6065,Online Gift Card,11.77,
07/22/2026,6065,Online Credit Card Tips,,40
07/22/2026,6065,In-Store Credit Card Tips,,90.53
07/22/2026,6065,3rd Party - DoorDash,271.91,
07/22/2026,6065,3rd Party - GrubHub,16.36,
07/22/2026,6065,3rd Party - UberEats,33.96,
07/22/2026,6065,Cash Over/Short Adjustment,0.53,
07/22/2026,6065,Register Audit Adjustment,301,
07/22/2026,6067,Subject to Tax,,2877.12
07/22/2026,6067,Non-Taxable Sales,,15.5
07/22/2026,6067,Sales Tax,,325.12
07/22/2026,6067,In-Store Credit Card,2001.14,
07/22/2026,6067,Online Credit card,991.82,
07/22/2026,6067,Online Credit Card Tips,,35
07/22/2026,6067,In-Store Credit Card Tips,,115.01
07/22/2026,6067,Gift Card,8.57,
07/22/2026,6067,3rd Party - DoorDash,101.36,
07/22/2026,6067,Cash Over/Short Adjustment,0.86,
07/22/2026,6067,Register Audit Adjustment,264,
07/22/2026,6072,Subject to Tax,,4574.24
07/22/2026,6072,Non-Taxable Sales,,30
07/22/2026,6072,3rd Party Tax Exempt,,93.39
07/22/2026,6072,Register Audit,481,
07/22/2026,6072,Sales Tax,,539.81
07/22/2026,6072,In-Store Credit Card,2347.1,
07/22/2026,6072,Payout,7.85,
07/22/2026,6072,Online Credit card,1697.19,
07/22/2026,6072,Online Credit Card Tips,,51
07/22/2026,6072,In-Store Credit Card Tips,,118.5
07/22/2026,6072,3rd Party - DoorDash,769.22,
07/22/2026,6072,3rd Party - GrubHub,12.14,
07/22/2026,6072,3rd Party - UberEats,93.39,
07/22/2026,6072,Cash Over/Short Adjustment,,0.95
07/22/2026,6074,Subject to Tax,,2880.05
07/22/2026,6074,Non-Taxable Sales,,10
07/22/2026,6074,3rd Party Tax Exempt,,141.2
07/22/2026,6074,Sales Tax,,259.24
07/22/2026,6074,In-Store Credit Card,2001.74,
07/22/2026,6074,Online Credit card,933.28,
07/22/2026,6074,Online Credit Card Tips,,25
07/22/2026,6074,In-Store Credit Card Tips,,119.8
07/22/2026,6074,Gift Card,72.82,
07/22/2026,6074,3rd Party - GrubHub,90.27,
07/22/2026,6074,3rd Party - UberEats,141.2,
07/22/2026,6074,Cash Over/Short Adjustment,0.98,
07/22/2026,6074,Register Audit Adjustment,195,
07/22/2026,6076,Subject to Tax,,2450.71
07/22/2026,6076,Non-Taxable Sales,,5
07/22/2026,6076,3rd Party Tax Exempt,,127.92
07/22/2026,6076,Sales Tax,,220.57
07/22/2026,6076,In-Store Credit Card,1431.54,
07/22/2026,6076,Payout,6,
07/22/2026,6076,Online Credit card,596.31,
07/22/2026,6076,Online Gift Card,37.39,
07/22/2026,6076,Online Credit Card Tips,,19.87
07/22/2026,6076,In-Store Credit Card Tips,,67.82
07/22/2026,6076,Online Gift Card Tips,,1
07/22/2026,6076,Gift Card,9.86,
07/22/2026,6076,3rd Party - DoorDash,290.66,
07/22/2026,6076,3rd Party - UberEats,127.92,
07/22/2026,6076,Cash Over/Short Adjustment,0.21,
07/22/2026,6076,Register Audit Adjustment,393,
07/22/2026,6083,Subject to Tax,,4154.91
07/22/2026,6083,Non-Taxable Sales,,33.5
07/22/2026,6083,3rd Party Tax Exempt,,147.54
07/22/2026,6083,Register Audit,870,
07/22/2026,6083,Sales Tax,,373.9
07/22/2026,6083,In-Store Credit Card,1832.4,
07/22/2026,6083,Online Credit card,1242.11,
07/22/2026,6083,Online Credit Card Tips,,18
07/22/2026,6083,In-Store Credit Card Tips,,105.7
07/22/2026,6083,Gift Card,30.61,
07/22/2026,6083,3rd Party - DoorDash,685.45,
07/22/2026,6083,3rd Party - GrubHub,25.51,
07/22/2026,6083,3rd Party - UberEats,147.54,
07/22/2026,6083,Cash Over/Short Adjustment,,0.07
07/22/2026,6088,Subject to Tax,,4141.77
07/22/2026,6088,Non-Taxable Sales,,15
07/22/2026,6088,3rd Party Tax Exempt,,196.74
07/22/2026,6088,Register Audit,101,
07/22/2026,6088,Sales Tax,,414.38
07/22/2026,6088,In-Store Credit Card,2533.92,
07/22/2026,6088,Online Credit card,1684.86,
07/22/2026,6088,Online Gift Card,23.65,
07/22/2026,6088,Online Credit Card Tips,,43
07/22/2026,6088,In-Store Credit Card Tips,,126.57
07/22/2026,6088,Gift Card,10.89,
07/22/2026,6088,3rd Party - DoorDash,324.29,
07/22/2026,6088,3rd Party - GrubHub,62,
07/22/2026,6088,3rd Party - UberEats,196.74,
07/22/2026,6088,Cash Over/Short Adjustment,0.11,
07/22/2026,6093,Subject to Tax,,2633.51
07/22/2026,6093,Non-Taxable Sales,,16
07/22/2026,6093,3rd Party Tax Exempt,,16.49
07/22/2026,6093,Register Audit,360,
07/22/2026,6093,Sales Tax,,297.62
07/22/2026,6093,In-Store Credit Card,1961.66,
07/22/2026,6093,Online Credit card,762.21,
07/22/2026,6093,Online Credit Card Tips,,27
07/22/2026,6093,In-Store Credit Card Tips,,108.71
07/22/2026,6093,Gift Card Sold,,40
07/22/2026,6093,3rd Party - DoorDash,39.8,
07/22/2026,6093,3rd Party - UberEats,16.49,
07/22/2026,6093,Cash Over/Short Adjustment,,0.83
07/22/2026,6094,Subject to Tax,,1812.61
07/22/2026,6094,Non-Taxable Sales,,15
07/22/2026,6094,3rd Party Tax Exempt,,32.76
07/22/2026,6094,Register Audit,143,
07/22/2026,6094,Sales Tax,,181.37
07/22/2026,6094,In-Store Credit Card,1124.45,
07/22/2026,6094,Online Credit card,489,
07/22/2026,6094,Online Credit Card Tips,,18
07/22/2026,6094,In-Store Credit Card Tips,,91.29
07/22/2026,6094,3rd Party - DoorDash,361.25,
07/22/2026,6094,3rd Party - UberEats,32.76,
07/22/2026,6094,Cash Over/Short Adjustment,0.57,
07/22/2026,6102,Subject to Tax,,2905.07
07/22/2026,6102,Non-Taxable Sales,,16
07/22/2026,6102,Sales Tax,,290.65
07/22/2026,6102,In-Store Credit Card,1288,
07/22/2026,6102,Payout,47,
07/22/2026,6102,Online Credit card,979.16,
07/22/2026,6102,Online Credit Card Tips,,16
07/22/2026,6102,In-Store Credit Card Tips,,64.95
07/22/2026,6102,Gift Card,11.5,
07/22/2026,6102,3rd Party - DoorDash,552.33,
07/22/2026,6102,3rd Party - GrubHub,38.87,
07/22/2026,6102,3rd Party - UberEats,226.82,
07/22/2026,6102,Cash Over/Short Adjustment,0.99,
07/22/2026,6102,Register Audit Adjustment,148,
07/22/2026,7024,Subject to Tax,,3101.3
07/22/2026,7024,3rd Party Tax Exempt,,506.11
07/22/2026,7024,Sales Tax,,269.41
07/22/2026,7024,In-Store Credit Card,2081.43,
07/22/2026,7024,Online Credit card,902.66,
07/22/2026,7024,Online Credit Card Tips,,29
07/22/2026,7024,In-Store Credit Card Tips,,134.33
07/22/2026,7024,3rd Party - DoorDash,449.5,
07/22/2026,7024,3rd Party - UberEats,56.61,
07/22/2026,7024,Cash Over/Short Adjustment,0.95,
07/22/2026,7024,Register Audit Adjustment,549,
07/22/2026,7032,Subject to Tax,,3090.35
07/22/2026,7032,3rd Party Tax Exempt,,446.83
07/22/2026,7032,Register Audit,516,
07/22/2026,7032,Sales Tax,,267.73
07/22/2026,7032,In-Store Credit Card,2029.43,
07/22/2026,7032,Online Credit card,941.71,
07/22/2026,7032,Online Gift Card,1.21,
07/22/2026,7032,Online Credit Card Tips,,33
07/22/2026,7032,In-Store Credit Card Tips,,105.78
07/22/2026,7032,Gift Card,8.34,
07/22/2026,7032,3rd Party - DoorDash,428,
07/22/2026,7032,3rd Party - UberEats,18.83,
07/22/2026,7032,Cash Over/Short Adjustment,0.17,
07/22/2026,7039,Subject to Tax,,2478.25
07/22/2026,7039,3rd Party Tax Exempt,,422.61
07/22/2026,7039,Sales Tax,,215.79
07/22/2026,7039,In-Store Credit Card,1771.07,
07/22/2026,7039,Payout,34.98,
07/22/2026,7039,Online Credit card,637.35,
07/22/2026,7039,Online Credit Card Tips,,25.05
07/22/2026,7039,In-Store Credit Card Tips,,123.61
07/22/2026,7039,3rd Party - DoorDash,374.14,
07/22/2026,7039,3rd Party - UberEats,48.47,
07/22/2026,7039,Cash Over/Short Adjustment,0.3,
07/22/2026,7039,Register Audit Adjustment,399,
07/22/2026,7049,Subject to Tax,,4821.7
07/22/2026,7049,3rd Party Tax Exempt,,757.55
07/22/2026,7049,Sales Tax,,411.84
07/22/2026,7049,In-Store Credit Card,2998.57,
07/22/2026,7049,Payout,226.67,
07/22/2026,7049,Online Credit card,2108.36,
07/22/2026,7049,Online Gift Card,10.62,
07/22/2026,7049,Online Credit Card Tips,,58
07/22/2026,7049,In-Store Credit Card Tips,,192.87
07/22/2026,7049,Online Gift Card Tips,,2.35
07/22/2026,7049,3rd Party - DoorDash,497.98,
07/22/2026,7049,3rd Party - GrubHub,12.84,
07/22/2026,7049,3rd Party - UberEats,246.73,
07/22/2026,7049,Cash Over/Short Adjustment,0.54,
07/22/2026,7049,Register Audit Adjustment,142,
07/22/2026,7066,Subject to Tax,,2532.4
07/22/2026,7066,3rd Party Tax Exempt,,180.64
07/22/2026,7066,Sales Tax,,222.87
07/22/2026,7066,In-Store Credit Card,1677.21,
07/22/2026,7066,Payout,68.55,
07/22/2026,7066,Online Credit card,489.03,
07/22/2026,7066,Online Gift Card,13.75,
07/22/2026,7066,Online Credit Card Tips,,21
07/22/2026,7066,In-Store Credit Card Tips,,92.73
07/22/2026,7066,Online Gift Card Tips,,3
07/22/2026,7066,3rd Party - DoorDash,167.8,
07/22/2026,7066,3rd Party - UberEats,12.84,
07/22/2026,7066,Cash Over/Short Adjustment,0.46,
07/22/2026,7066,Register Audit Adjustment,623,
07/22/2026,13026,Subject to Tax,,3078.15
07/22/2026,13026,Non-Taxable Sales,,29.03
07/22/2026,13026,3rd Party Tax Exempt,,887.73
07/22/2026,13026,Tax Exempt,,73.7
07/22/2026,13026,Register Audit,113,
07/22/2026,13026,Sales Tax,,230.95
07/22/2026,13026,In-Store Credit Card,2057.09,
07/22/2026,13026,Payout,96.13,
07/22/2026,13026,Online Credit card,1227.24,
07/22/2026,13026,Online Gift Card,19.51,
07/22/2026,13026,Online Credit Card Tips,,17
07/22/2026,13026,In-Store Credit Card Tips,,114.21
07/22/2026,13026,Gift Card Sold,,25
07/22/2026,13026,3rd Party - DoorDash,589.28,
07/22/2026,13026,3rd Party - GrubHub,49.4,
07/22/2026,13026,3rd Party - UberEats,303.73,
07/22/2026,13026,Cash Over/Short Adjustment,0.39,
07/22/2026,13062,Subject to Tax,,2202.78
07/22/2026,13062,Non-Taxable Sales,,20.37
07/22/2026,13062,3rd Party Tax Exempt,,581.61
07/22/2026,13062,Sales Tax,,154.19
07/22/2026,13062,In-Store Credit Card,1408.69,
07/22/2026,13062,Online Credit card,806.38,
07/22/2026,13062,Online Credit Card Tips,,13
07/22/2026,13062,In-Store Credit Card Tips,,80.93
07/22/2026,13062,Gift Card,14.59,
07/22/2026,13062,Gift Card Sold,,30
07/22/2026,13062,3rd Party - DoorDash,392.22,
07/22/2026,13062,3rd Party - GrubHub,13.99,
07/22/2026,13062,3rd Party - UberEats,197.91,
07/22/2026,13062,Cash Over/Short Adjustment,0.1,
07/22/2026,13062,Register Audit Adjustment,249,
07/22/2026,13082,Subject to Tax,,2072.81
07/22/2026,13082,Non-Taxable Sales,,18.55
07/22/2026,13082,3rd Party Tax Exempt,,161.18
07/22/2026,13082,Register Audit,300,
07/22/2026,13082,Sales Tax,,145.12
07/22/2026,13082,In-Store Credit Card,1421.38,
07/22/2026,13082,Online Credit card,448.35,
07/22/2026,13082,Online Credit Card Tips,,12.38
07/22/2026,13082,In-Store Credit Card Tips,,119.33
07/22/2026,13082,Gift Card,20.33,
07/22/2026,13082,3rd Party - DoorDash,114.75,
07/22/2026,13082,3rd Party - GrubHub,171.73,
07/22/2026,13082,3rd Party - UberEats,52.91,
07/22/2026,13082,Cash Over/Short Adjustment,,0.08
07/22/2026,13106,Subject to Tax,,1467.32
07/22/2026,13106,Non-Taxable Sales,,14.34
07/22/2026,13106,3rd Party Tax Exempt,,273.96
07/22/2026,13106,Sales Tax,,110.13
07/22/2026,13106,In-Store Credit Card,1055.05,
07/22/2026,13106,Payout,7.91,
07/22/2026,13106,Online Credit card,458.23,
07/22/2026,13106,Online Credit Card Tips,,11
07/22/2026,13106,In-Store Credit Card Tips,,80.28
07/22/2026,13106,Gift Card,10,
07/22/2026,13106,3rd Party - DoorDash,234.12,
07/22/2026,13106,3rd Party - GrubHub,26.57,
07/22/2026,13106,3rd Party - UberEats,51.48,
07/22/2026,13106,Cash Over/Short Adjustment,0.67,
07/22/2026,13106,Register Audit Adjustment,113,
07/22/2026,13116,Subject to Tax,,2634.3
07/22/2026,13116,Non-Taxable Sales,,23.06
07/22/2026,13116,3rd Party Tax Exempt,,433.68
07/22/2026,13116,Sales Tax,,184.48
07/22/2026,13116,In-Store Credit Card,1642.92,
07/22/2026,13116,Payout,12.04,
07/22/2026,13116,Online Credit card,844.52,
07/22/2026,13116,Online Gift Card,25,
07/22/2026,13116,In-Store Credit Card Tips,,70.05
07/22/2026,13116,3rd Party - DoorDash,348.6,
07/22/2026,13116,3rd Party - GrubHub,73.58,
07/22/2026,13116,3rd Party - UberEats,101.76,
07/22/2026,13116,Cash Over/Short Adjustment,0.15,
07/22/2026,13116,Register Audit Adjustment,297,
07/22/2026,13138,Subject to Tax,,2301.32
07/22/2026,13138,Non-Taxable Sales,,18.28
07/22/2026,13138,3rd Party Tax Exempt,,199.78
07/22/2026,13138,Register Audit,663,
07/22/2026,13138,Sales Tax,,161.08
07/22/2026,13138,In-Store Credit Card,1384.54,
07/22/2026,13138,Online Credit card,697.79,
07/22/2026,13138,Online Credit Card Tips,,25
07/22/2026,13138,In-Store Credit Card Tips,,111.27
07/22/2026,13138,Gift Card,60.62,
07/22/2026,13138,3rd Party - DoorDash,188.93,
07/22/2026,13138,3rd Party - GrubHub,41.22,
07/22/2026,13138,3rd Party - UberEats,14.93,
07/22/2026,13138,Cash Over/Short Adjustment,,0.3
07/22/2026,13138,Register Audit Adjustment,,234
07/22/2026,13148,Subject to Tax,,4513.17
07/22/2026,13148,Non-Taxable Sales,,15.17
07/22/2026,13148,3rd Party Tax Exempt,,265.65
07/22/2026,13148,Sales Tax,,293.34
07/22/2026,13148,In-Store Credit Card,3375.21,
07/22/2026,13148,Payout,157.34,
07/22/2026,13148,Online Credit card,1424.28,
07/22/2026,13148,Online Credit Card Tips,,39
07/22/2026,13148,In-Store Credit Card Tips,,224.85
07/22/2026,13148,Gift Card,19.09,
07/22/2026,13148,3rd Party - DoorDash,157.41,
07/22/2026,13148,3rd Party - GrubHub,27.34,
07/22/2026,13148,3rd Party - UberEats,118.02,
07/22/2026,13148,Cash Over/Short Adjustment,0.49,
07/22/2026,13148,Register Audit Adjustment,72,
07/22/2026,13160,Subject to Tax,,2933.17
07/22/2026,13160,Non-Taxable Sales,,22.12
07/22/2026,13160,3rd Party Tax Exempt,,243.66
07/22/2026,13160,Register Audit,562,
07/22/2026,13160,Sales Tax,,205.36
07/22/2026,13160,In-Store Credit Card,1894.88,
07/22/2026,13160,Online Credit card,837.55,
07/22/2026,13160,Online Credit Card Tips,,28
07/22/2026,13160,In-Store Credit Card Tips,,127.68
07/22/2026,13160,Gift Card,27.03,
07/22/2026,13160,Gift Card Sold,,20
07/22/2026,13160,3rd Party - DoorDash,193.04,
07/22/2026,13160,3rd Party - UberEats,65.26,
07/22/2026,13160,Cash Over/Short Adjustment,0.23,
07/22/2026,13162,Subject to Tax,,3173.62
07/22/2026,13162,Non-Taxable Sales,,37.14
07/22/2026,13162,3rd Party Tax Exempt,,694.17
07/22/2026,13162,Tax Exempt,,104.65
07/22/2026,13162,Sales Tax,,222.13
07/22/2026,13162,In-Store Credit Card,2577.87,
07/22/2026,13162,Online Credit card,832.69,
07/22/2026,13162,Online Gift Card,13.64,
07/22/2026,13162,Online Credit Card Tips,,20
07/22/2026,13162,In-Store Credit Card Tips,,188.83
07/22/2026,13162,Gift Card,20.59,
07/22/2026,13162,3rd Party - DoorDash,548.53,
07/22/2026,13162,3rd Party - GrubHub,27.35,
07/22/2026,13162,3rd Party - UberEats,159.44,
07/22/2026,13162,Cash Over/Short Adjustment,0.43,
07/22/2026,13162,Register Audit Adjustment,260,
07/22/2026,13219,Subject to Tax,,2933.05
07/22/2026,13219,Non-Taxable Sales,,25.17
07/22/2026,13219,3rd Party Tax Exempt,,345.26
07/22/2026,13219,Sales Tax,,205.2
07/22/2026,13219,In-Store Credit Card,1603.91,
07/22/2026,13219,Payout,40.38,
07/22/2026,13219,Online Credit card,1147.79,
07/22/2026,13219,Online Gift Card,15.41,
07/22/2026,13219,Online Credit Card Tips,,36.54
07/22/2026,13219,In-Store Credit Card Tips,,110.06
07/22/2026,13219,Gift Card,29.42,
07/22/2026,13219,3rd Party - DoorDash,260.78,
07/22/2026,13219,3rd Party - UberEats,93,
07/22/2026,13219,Cash Over/Short Adjustment,0.59,
07/22/2026,13219,Register Audit Adjustment,464,
07/22/2026,37001,Subject to Tax,,5405.44
07/22/2026,37001,Non-Taxable Sales,,709.09
07/22/2026,37001,Sales Tax,,459.52
07/22/2026,37001,In-Store Credit Card,3522.55,
07/22/2026,37001,Payout,32.91,
07/22/2026,37001,Online Credit card,1686.83,
07/22/2026,37001,Online Gift Card,14.4,
07/22/2026,37001,Online Credit Card Tips,,57.46
07/22/2026,37001,In-Store Credit Card Tips,,255.97
07/22/2026,37001,Online Gift Card Tips,,1
07/22/2026,37001,Gift Card,45.62,
07/22/2026,37001,3rd Party - DoorDash,730.89,
07/22/2026,37001,3rd Party - UberEats,119.97,
07/22/2026,37001,Cash Over/Short Adjustment,0.31,
07/22/2026,37001,Register Audit Adjustment,735,
07/22/2026,37002,Subject to Tax,,4346.95
07/22/2026,37002,Non-Taxable Sales,,511.48
07/22/2026,37002,Register Audit,530,
07/22/2026,37002,Sales Tax,,369.56
07/22/2026,37002,In-Store Credit Card,2133.38,
07/22/2026,37002,Payout,13.16,
07/22/2026,37002,Online Credit card,1678.01,
07/22/2026,37002,Online Gift Card,11.61,
07/22/2026,37002,Online Credit Card Tips,,49.12
07/22/2026,37002,In-Store Credit Card Tips,,101.68
07/22/2026,37002,Gift Card,22.79,
07/22/2026,37002,3rd Party - DoorDash,855.53,
07/22/2026,37002,3rd Party - GrubHub,119.6,
07/22/2026,37002,3rd Party - UberEats,13.93,
07/22/2026,37002,Cash Over/Short Adjustment,0.78,
07/22/2026,37004,Subject to Tax,,2006.06
07/22/2026,37004,Non-Taxable Sales,,259
07/22/2026,37004,Register Audit,2265,
07/22/2026,37004,Sales Tax,,170.54
07/22/2026,37004,In-Store Credit Card,1079.77,
07/22/2026,37004,Online Credit card,787.28,
07/22/2026,37004,Online Credit Card Tips,,32.78
07/22/2026,37004,In-Store Credit Card Tips,,81.5
07/22/2026,37004,Gift Card,12.64,
07/22/2026,37004,3rd Party - DoorDash,357.82,
07/22/2026,37004,Register Audit Adjustment,,1
07/22/2026,37006,Subject to Tax,,4425.08
07/22/2026,37006,Non-Taxable Sales,,568.94
07/22/2026,37006,Sales Tax,,376.19
07/22/2026,37006,In-Store Credit Card,2276.66,
07/22/2026,37006,Online Credit card,2545.16,
07/22/2026,37006,Online Gift Card,45.1,
07/22/2026,37006,Online Credit Card Tips,,198
07/22/2026,37006,In-Store Credit Card Tips,,144.03
07/22/2026,37006,Gift Card,10,
07/22/2026,37006,Gift Card Sold,,50
07/22/2026,37006,3rd Party - DoorDash,227.91,
07/22/2026,37006,3rd Party - GrubHub,22.92,
07/22/2026,37006,3rd Party - UberEats,78.38,
07/22/2026,37006,Cash Over/Short Adjustment,0.11,
07/22/2026,37006,Register Audit Adjustment,556,
07/22/2026,37007,Subject to Tax,,5232.9
07/22/2026,37007,Non-Taxable Sales,,566.23
07/22/2026,37007,Sales Tax,,444.87
07/22/2026,37007,In-Store Credit Card,2350.55,
07/22/2026,37007,Online Credit card,1878.09,
07/22/2026,37007,Online Gift Card,49.35,
07/22/2026,37007,Online Credit Card Tips,,33
07/22/2026,37007,In-Store Credit Card Tips,,115.86
07/22/2026,37007,Online Gift Card Tips,,4
07/22/2026,37007,3rd Party - DoorDash,978.04,
07/22/2026,37007,3rd Party - GrubHub,108.14,
07/22/2026,37007,3rd Party - UberEats,261.54,
07/22/2026,37007,Cash Over/Short Adjustment,0.15,
07/22/2026,37007,Register Audit Adjustment,771,
07/22/2026,37009,Subject to Tax,,3321.27
07/22/2026,37009,Non-Taxable Sales,,333.67
07/22/2026,37009,Register Audit,490,
07/22/2026,37009,Sales Tax,,282.35
07/22/2026,37009,In-Store Credit Card,1379.24,
07/22/2026,37009,Online Credit card,1104.82,
07/22/2026,37009,Online Credit Card Tips,,42.39
07/22/2026,37009,In-Store Credit Card Tips,,90.42
07/22/2026,37009,Gift Card,53.31,
07/22/2026,37009,Gift Card Sold,,40
07/22/2026,37009,3rd Party - DoorDash,966.77,
07/22/2026,37009,3rd Party - UberEats,115.24,
07/22/2026,37009,Cash Over/Short Adjustment,0.72,
07/22/2026,37010,Subject to Tax,,6482.75
07/22/2026,37010,Non-Taxable Sales,,758.7
07/22/2026,37010,Register Audit,622,
07/22/2026,37010,Sales Tax,,551.05
07/22/2026,37010,In-Store Credit Card,3376.78,
07/22/2026,37010,Online Credit card,3565.16,
07/22/2026,37010,Online Gift Card,42.42,
07/22/2026,37010,Online Credit Card Tips,,163
07/22/2026,37010,In-Store Credit Card Tips,,248.67
07/22/2026,37010,Gift Card,33.96,
07/22/2026,37010,Gift Card Sold,,40
07/22/2026,37010,3rd Party - DoorDash,543.12,
07/22/2026,37010,3rd Party - UberEats,60.08,
07/22/2026,37010,Cash Over/Short Adjustment,0.65,
07/22/2026,37013,Subject to Tax,,3028.02
07/22/2026,37013,Non-Taxable Sales,,314.27
07/22/2026,37013,Register Audit,450,
07/22/2026,37013,Sales Tax,,257.39
07/22/2026,37013,In-Store Credit Card,1818.36,
07/22/2026,37013,Online Credit card,1273.49,
07/22/2026,37013,Online Gift Card,18.35,
07/22/2026,37013,Online Credit Card Tips,,69
07/22/2026,37013,In-Store Credit Card Tips,,110.97
07/22/2026,37013,Gift Card,81.61,
07/22/2026,37013,3rd Party - DoorDash,138.46,
07/22/2026,37013,Cash Over/Short Adjustment,,0.62
07/22/2026,37014,Subject to Tax,,3183.7
07/22/2026,37014,Non-Taxable Sales,,398.53
07/22/2026,37014,Register Audit,1.45,
07/22/2026,37014,Sales Tax,,270.67
07/22/2026,37014,In-Store Credit Card,2035.32,
07/22/2026,37014,Online Credit card,1582.9,
07/22/2026,37014,Online Credit Card Tips,,88.89
07/22/2026,37014,In-Store Credit Card Tips,,134.57
07/22/2026,37014,Gift Card,45.43,
07/22/2026,37014,3rd Party - DoorDash,142.08,
07/22/2026,37014,3rd Party - GrubHub,45.25,
07/22/2026,37014,Cash Over/Short Adjustment,0.93,
07/22/2026,37014,Register Audit Adjustment,223,
07/22/2026,37016,Subject to Tax,,2991.23
07/22/2026,37016,Non-Taxable Sales,,402.7
07/22/2026,37016,Register Audit,600,
07/22/2026,37016,Sales Tax,,254.33
07/22/2026,37016,In-Store Credit Card,2174.24,
07/22/2026,37016,Online Credit card,877.87,
07/22/2026,37016,Online Credit Card Tips,,39
07/22/2026,37016,In-Store Credit Card Tips,,151.63
07/22/2026,37016,3rd Party - DoorDash,188.74,
07/22/2026,37016,Cash Over/Short Adjustment,,0.96
07/22/2026,37016,Register Audit Adjustment,,1
07/22/2026,37020,Subject to Tax,,3159.5
07/22/2026,37020,Non-Taxable Sales,,296.05
07/22/2026,37020,Register Audit,341.9,
07/22/2026,37020,Sales Tax,,268.65
07/22/2026,37020,In-Store Credit Card,1635.21,
07/22/2026,37020,Online Credit card,1620.91,
07/22/2026,37020,Online Gift Card,25,
07/22/2026,37020,Online Credit Card Tips,,50.5
07/22/2026,37020,In-Store Credit Card Tips,,106.98
07/22/2026,37020,Gift Card,23.38,
07/22/2026,37020,3rd Party - DoorDash,199.13,
07/22/2026,37020,3rd Party - UberEats,37.54,
07/22/2026,37020,Cash Over/Short Adjustment,,0.39
07/22/2026,37020,Register Audit Adjustment,,1
07/22/2026,49001,Subject to Tax,,4716.6
07/22/2026,49001,3rd Party Tax Exempt,,409.45
07/22/2026,49001,Sales Tax,,377.26
07/22/2026,49001,In-Store Credit Card,3058.94,
07/22/2026,49001,Online Credit card,1815.29,
07/22/2026,49001,Online Gift Card,77.05,
07/22/2026,49001,Online Credit Card Tips,,60
07/22/2026,49001,In-Store Credit Card Tips,,221.42
07/22/2026,49001,Online Gift Card Tips,,15
07/22/2026,49001,Gift Card,92.97,
07/22/2026,49001,Gift Card Sold,,20
07/22/2026,49001,3rd Party - DoorDash,326.2,
07/22/2026,49001,3rd Party - GrubHub,38.55,
07/22/2026,49001,3rd Party - UberEats,44.7,
07/22/2026,49001,Cash Over/Short Adjustment,0.03,
07/22/2026,49001,Register Audit Adjustment,366,
07/22/2026,49002,Subject to Tax,,2857.3
07/22/2026,49002,3rd Party Tax Exempt,,336.78
07/22/2026,49002,Sales Tax,,228.57
07/22/2026,49002,In-Store Credit Card,1887.45,
07/22/2026,49002,Online Credit card,980.64,
07/22/2026,49002,Online Gift Card,23.39,
07/22/2026,49002,Online Credit Card Tips,,37.09
07/22/2026,49002,In-Store Credit Card Tips,,125.7
07/22/2026,49002,Gift Card,11.56,
07/22/2026,49002,3rd Party - DoorDash,336.78,
07/22/2026,49002,Cash Over/Short Adjustment,0.62,
07/22/2026,49002,Register Audit Adjustment,345,
07/22/2026,49003,Subject to Tax,,3823.53
07/22/2026,49003,3rd Party Tax Exempt,,313.29
07/22/2026,49003,Sales Tax,,305.93
07/22/2026,49003,In-Store Credit Card,2183.25,
07/22/2026,49003,Online Credit card,1454.61,
07/22/2026,49003,Online Gift Card,29.52,
07/22/2026,49003,Online Credit Card Tips,,64
07/22/2026,49003,In-Store Credit Card Tips,,150.64
07/22/2026,49003,Online Gift Card Tips,,1
07/22/2026,49003,Gift Card,23.1,
07/22/2026,49003,3rd Party - DoorDash,254.2,
07/22/2026,49003,3rd Party - UberEats,59.09,
07/22/2026,49003,Cash Over/Short Adjustment,0.62,
07/22/2026,49003,Register Audit Adjustment,654,
07/22/2026,49004,Subject to Tax,,4042.85
07/22/2026,49004,3rd Party Tax Exempt,,697.31
07/22/2026,49004,Register Audit,457,
07/22/2026,49004,Sales Tax,,323.51
07/22/2026,49004,In-Store Credit Card,2478.98,
07/22/2026,49004,Online Credit card,1594.6,
07/22/2026,49004,Online Credit Card Tips,,45.23
07/22/2026,49004,In-Store Credit Card Tips,,134.53
07/22/2026,49004,Gift Card,15.32,
07/22/2026,49004,3rd Party - DoorDash,658.97,
07/22/2026,49004,3rd Party - UberEats,38.34,
07/22/2026,49004,Cash Over/Short Adjustment,0.22,
07/22/2026,49005,Subject to Tax,,4473.55
07/22/2026,49005,3rd Party Tax Exempt,,566.28
07/22/2026,49005,Sales Tax,,357.77
07/22/2026,49005,In-Store Credit Card,2625.42,
07/22/2026,49005,Online Credit card,1787.48,
07/22/2026,49005,Online Gift Card,2.1,
07/22/2026,49005,Online Credit Card Tips,,62.9
07/22/2026,49005,In-Store Credit Card Tips,,200.89
07/22/2026,49005,Online Gift Card Tips,,2.1
07/22/2026,49005,Gift Card,25,
07/22/2026,49005,3rd Party - DoorDash,522.01,
07/22/2026,49005,3rd Party - UberEats,44.27,
07/22/2026,49005,Cash Over/Short Adjustment,0.21,
07/22/2026,49005,Register Audit Adjustment,657,
07/22/2026,49006,Subject to Tax,,5444.55
07/22/2026,49006,3rd Party Tax Exempt,,811.42
07/22/2026,49006,Register Audit,811,
07/22/2026,49006,Sales Tax,,435.27
07/22/2026,49006,In-Store Credit Card,3367.38,
07/22/2026,49006,Payout,34.63,
07/22/2026,49006,Online Credit card,1809.73,
07/22/2026,49006,Online Gift Card,34.84,
07/22/2026,49006,Online Credit Card Tips,,38.39
07/22/2026,49006,In-Store Credit Card Tips,,211.53
07/22/2026,49006,Online Gift Card Tips,,2
07/22/2026,49006,Gift Card,74.25,
07/22/2026,49006,3rd Party - DoorDash,771.52,
07/22/2026,49006,3rd Party - UberEats,39.9,
07/22/2026,49006,Cash Over/Short Adjustment,0.03,
07/22/2026,49006,Register Audit Adjustment,2,
07/22/2026,49007,Subject to Tax,,2785.8
07/22/2026,49007,3rd Party Tax Exempt,,797.52
07/22/2026,49007,Register Audit,377.22,
07/22/2026,49007,Sales Tax,,222.23
07/22/2026,49007,In-Store Credit Card,1404.81,
07/22/2026,49007,Online Credit card,1293.77,
07/22/2026,49007,Online Gift Card,19.39,
07/22/2026,49007,Online Credit Card Tips,,29
07/22/2026,49007,In-Store Credit Card Tips,,72.35
07/22/2026,49007,Gift Card,14.19,
07/22/2026,49007,3rd Party - DoorDash,548.61,
07/22/2026,49007,3rd Party - GrubHub,21.3,
07/22/2026,49007,3rd Party - UberEats,227.61,
07/22/2026,49008,Subject to Tax,,3161.7
07/22/2026,49008,3rd Party Tax Exempt,,862.57
07/22/2026,49008,Sales Tax,,252.81
07/22/2026,49008,In-Store Credit Card,1735.97,
07/22/2026,49008,Payout,19.68,
07/22/2026,49008,Online Credit card,1140.88,
07/22/2026,49008,Online Credit Card Tips,,29
07/22/2026,49008,In-Store Credit Card Tips,,81.41
07/22/2026,49008,Gift Card,21.06,
07/22/2026,49008,3rd Party - DoorDash,771.81,
07/22/2026,49008,3rd Party - UberEats,90.76,
07/22/2026,49008,Cash Over/Short Adjustment,0.33,
07/22/2026,49008,Register Audit Adjustment,607,
07/22/2026,49009,Subject to Tax,,4371.95
07/22/2026,49009,3rd Party Tax Exempt,,724.57
07/22/2026,49009,Register Audit,757,
07/22/2026,49009,Sales Tax,,349.89
07/22/2026,49009,In-Store Credit Card,2537.78,
07/22/2026,49009,Payout,36.49,
07/22/2026,49009,Online Credit card,1489.08,
07/22/2026,49009,Online Gift Card,27.27,
07/22/2026,49009,Online Credit Card Tips,,56.75
07/22/2026,49009,In-Store Credit Card Tips,,143.82
07/22/2026,49009,Online Gift Card Tips,,2
07/22/2026,49009,Gift Card,63.29,
07/22/2026,49009,3rd Party - DoorDash,673.04,
07/22/2026,49009,3rd Party - UberEats,51.53,
07/22/2026,49009,Cash Over/Short Adjustment,,0.16
07/22/2026,49009,Register Audit Adjustment,,6
07/22/2026,49010,Subject to Tax,,3206.29
07/22/2026,49010,3rd Party Tax Exempt,,217.63
07/22/2026,49010,Sales Tax,,256.72
07/22/2026,49010,In-Store Credit Card,1928.3,
07/22/2026,49010,Online Credit card,1550.57,
07/22/2026,49010,Online Gift Card,12.41,
07/22/2026,49010,Online Credit Card Tips,,51.57
07/22/2026,49010,In-Store Credit Card Tips,,136.13
07/22/2026,49010,Online Gift Card Tips,,1.12
07/22/2026,49010,Gift Card,14.26,
07/22/2026,49010,3rd Party - DoorDash,154.69,
07/22/2026,49010,3rd Party - UberEats,62.94,
07/22/2026,49010,Cash Over/Short Adjustment,0.29,
07/22/2026,49010,Register Audit Adjustment,146,
07/22/2026,49011,Subject to Tax,,4157.5
07/22/2026,49011,3rd Party Tax Exempt,,320.42
07/22/2026,49011,Register Audit,663,
07/22/2026,49011,Sales Tax,,332.53
07/22/2026,49011,In-Store Credit Card,2351.07,
07/22/2026,49011,Online Credit card,1614.09,
07/22/2026,49011,Online Gift Card,20,
07/22/2026,49011,Online Credit Card Tips,,64.66
07/22/2026,49011,In-Store Credit Card Tips,,164.98
07/22/2026,49011,Gift Card,70.62,
07/22/2026,49011,3rd Party - DoorDash,281.38,
07/22/2026,49011,3rd Party - UberEats,39.04,
07/22/2026,49011,Cash Over/Short Adjustment,0.89,
07/23/2026,2006,Subject to Tax,,195.08
07/23/2026,2006,Non-Taxable Sales,,3308.76
07/23/2026,2006,3rd Party Tax Exempt,,20.96
07/23/2026,2006,Register Audit,167,
07/23/2026,2006,Sales Tax,,13.4
07/23/2026,2006,In-Store Credit Card,1759.93,
07/23/2026,2006,Online Credit card,1061.31,
07/23/2026,2006,Online Gift Card,43.1,
07/23/2026,2006,Online Credit Card Tips,,42
07/23/2026,2006,In-Store Credit Card Tips,,134.58
07/23/2026,2006,3rd Party - DoorDash,577.43,
07/23/2026,2006,3rd Party - GrubHub,34.38,
07/23/2026,2006,3rd Party - UberEats,71.21,
07/23/2026,2006,Cash Over/Short Adjustment,0.42,
07/23/2026,2016,Subject to Tax,,160.28
07/23/2026,2016,Non-Taxable Sales,,3172.27
07/23/2026,2016,3rd Party Tax Exempt,,22.32
07/23/2026,2016,Register Audit,296,
07/23/2026,2016,Sales Tax,,10.58
07/23/2026,2016,In-Store Credit Card,1699.02,
07/23/2026,2016,Online Credit card,974.18,
07/23/2026,2016,Online Credit Card Tips,,24
07/23/2026,2016,In-Store Credit Card Tips,,94.17
07/23/2026,2016,Gift Card,45.05,
07/23/2026,2016,3rd Party - DoorDash,307.42,
07/23/2026,2016,3rd Party - GrubHub,41.94,
07/23/2026,2016,3rd Party - UberEats,119.96,
07/23/2026,2016,Cash Over/Short Adjustment,0.05,
07/23/2026,2017,Subject to Tax,,210.96
07/23/2026,2017,Non-Taxable Sales,,4501.61
07/23/2026,2017,3rd Party Tax Exempt,,25.92
07/23/2026,2017,Register Audit,182,
07/23/2026,2017,Sales Tax,,14.75
07/23/2026,2017,In-Store Credit Card,2367,
07/23/2026,2017,Online Credit card,1566.82,
07/23/2026,2017,Online Gift Card,22.65,
07/23/2026,2017,Online Credit Card Tips,,38
07/23/2026,2017,In-Store Credit Card Tips,,139.12
07/23/2026,2017,Online Gift Card Tips,,3
07/23/2026,2017,Gift Card,15.58,
07/23/2026,2017,3rd Party - DoorDash,615.8,
07/23/2026,2017,3rd Party - GrubHub,15.11,
07/23/2026,2017,3rd Party - UberEats,149.23,
07/23/2026,2017,Cash Over/Short Adjustment,,0.83
07/23/2026,2020,Subject to Tax,,253.29
07/23/2026,2020,Non-Taxable Sales,,3638.58
07/23/2026,2020,3rd Party Tax Exempt,,21.6
07/23/2026,2020,Register Audit,261,
07/23/2026,2020,Sales Tax,,18.36
07/23/2026,2020,In-Store Credit Card,2033.47,
07/23/2026,2020,Online Credit card,1265.57,
07/23/2026,2020,Online Gift Card,21.56,
07/23/2026,2020,Online Credit Card Tips,,32.09
07/23/2026,2020,In-Store Credit Card Tips,,104.91
07/23/2026,2020,Gift Card,28.1,
07/23/2026,2020,3rd Party - DoorDash,443.62,
07/23/2026,2020,3rd Party - GrubHub,15.11,
07/23/2026,2020,Cash Over/Short Adjustment,0.4,
07/23/2026,2023,Subject to Tax,,126.68
07/23/2026,2023,Non-Taxable Sales,,3392.22
07/23/2026,2023,3rd Party Tax Exempt,,18.24
07/23/2026,2023,Sales Tax,,8.94
07/23/2026,2023,In-Store Credit Card,1608.81,
07/23/2026,2023,Online Credit card,1131.3,
07/23/2026,2023,Online Credit Card Tips,,33.97
07/23/2026,2023,In-Store Credit Card Tips,,106.71
07/23/2026,2023,Gift Card,10,
07/23/2026,2023,3rd Party - DoorDash,452.4,
07/23/2026,2023,3rd Party - UberEats,97.64,
07/23/2026,2023,Cash Over/Short Adjustment,0.61,
07/23/2026,2023,Register Audit Adjustment,386,
07/23/2026,2024,Subject to Tax,,212.88
07/23/2026,2024,Non-Taxable Sales,,3449.07
07/23/2026,2024,3rd Party Tax Exempt,,34.2
07/23/2026,2024,Register Audit,333,
07/23/2026,2024,Sales Tax,,16.37
07/23/2026,2024,In-Store Credit Card,2102.09,
07/23/2026,2024,Online Credit card,779.11,
07/23/2026,2024,Online Credit Card Tips,,20
07/23/2026,2024,In-Store Credit Card Tips,,124.54
07/23/2026,2024,Gift Card,26.43,
07/23/2026,2024,3rd Party - DoorDash,516.18,
07/23/2026,2024,3rd Party - UberEats,99.47,
07/23/2026,2024,Cash Over/Short Adjustment,0.78,
07/23/2026,2047,Subject to Tax,,200.42
07/23/2026,2047,Non-Taxable Sales,,4294.52
07/23/2026,2047,3rd Party Tax Exempt,,18.84
07/23/2026,2047,Register Audit,358,
07/23/2026,2047,Sales Tax,,13.82
07/23/2026,2047,In-Store Credit Card,2180.36,
07/23/2026,2047,Online Credit card,1405.22,
07/23/2026,2047,Online Gift Card,15.95,
07/23/2026,2047,Online Credit Card Tips,,20
07/23/2026,2047,In-Store Credit Card Tips,,143.87
07/23/2026,2047,Gift Card,3.32,
07/23/2026,2047,3rd Party - DoorDash,599.23,
07/23/2026,2047,3rd Party - UberEats,129,
07/23/2026,2047,Cash Over/Short Adjustment,0.39,
07/23/2026,4003,Subject to Tax,,4075.06
07/23/2026,4003,Register Audit,375,
07/23/2026,4003,Sales Tax,,397.31
07/23/2026,4003,In-Store Credit Card,2456.87,
07/23/2026,4003,Online Credit card,773,
07/23/2026,4003,Online Gift Card,31.66,
07/23/2026,4003,Online Credit Card Tips,,42
07/23/2026,4003,In-Store Credit Card Tips,,151.78
07/23/2026,4003,Gift Card,5.21,
07/23/2026,4003,3rd Party - DoorDash,856.31,
07/23/2026,4003,3rd Party - GrubHub,16.65,
07/23/2026,4003,3rd Party - UberEats,152.16,
07/23/2026,4003,Cash Over/Short Adjustment,,0.71
07/23/2026,4004,Subject to Tax,,4399.81
07/23/2026,4004,Register Audit,213,
07/23/2026,4004,Sales Tax,,428.74
07/23/2026,4004,In-Store Credit Card,2088.62,
07/23/2026,4004,Payout,74,
07/23/2026,4004,Online Credit card,1061.1,
07/23/2026,4004,Online Gift Card,11.74,
07/23/2026,4004,Online Credit Card Tips,,16
07/23/2026,4004,In-Store Credit Card Tips,,128.31
07/23/2026,4004,3rd Party - DoorDash,754.76,
07/23/2026,4004,3rd Party - GrubHub,10.14,
07/23/2026,4004,3rd Party - UberEats,759.89,
07/23/2026,4004,Cash Over/Short Adjustment,,0.39
07/23/2026,4005,Subject to Tax,,4979.71
07/23/2026,4005,Register Audit,245,
07/23/2026,4005,Sales Tax,,485.63
07/23/2026,4005,In-Store Credit Card,3290.14,
07/23/2026,4005,Payout,8.42,
07/23/2026,4005,Online Credit card,1141.68,
07/23/2026,4005,In-Store Credit Card Tips,,215.99
07/23/2026,4005,Gift Card,10,
07/23/2026,4005,3rd Party - DoorDash,526.11,
07/23/2026,4005,3rd Party - UberEats,459.29,
07/23/2026,4005,Cash Over/Short Adjustment,0.69,
07/23/2026,4008,Subject to Tax,,3313.88
07/23/2026,4008,Register Audit,236,
07/23/2026,4008,Sales Tax,,323.12
07/23/2026,4008,In-Store Credit Card,2113.54,
07/23/2026,4008,Online Credit card,872.95,
07/23/2026,4008,Online Credit Card Tips,,19.63
07/23/2026,4008,In-Store Credit Card Tips,,101.83
07/23/2026,4008,Gift Card,28.58,
07/23/2026,4008,3rd Party - DoorDash,214.83,
07/23/2026,4008,3rd Party - UberEats,293.27,
07/23/2026,4008,Cash Over/Short Adjustment,,0.71
07/23/2026,4009,Subject to Tax,,3234.19
07/23/2026,4009,Register Audit,225,
07/23/2026,4009,Sales Tax,,315.27
07/23/2026,4009,In-Store Credit Card,2021.39,
07/23/2026,4009,Online Credit card,556.22,
07/23/2026,4009,Online Credit Card Tips,,10.37
07/23/2026,4009,In-Store Credit Card Tips,,121.4
07/23/2026,4009,3rd Party - DoorDash,435.84,
07/23/2026,4009,3rd Party - GrubHub,46.89,
07/23/2026,4009,3rd Party - UberEats,394.91,
07/23/2026,4009,Cash Over/Short Adjustment,0.98,
07/23/2026,4010,Subject to Tax,,2780.17
07/23/2026,4010,Register Audit,252,
07/23/2026,4010,Sales Tax,,271.01
07/23/2026,4010,In-Store Credit Card,1593.66,
07/23/2026,4010,Online Credit card,646.77,
07/23/2026,4010,In-Store Credit Card Tips,,128.57
07/23/2026,4010,3rd Party - DoorDash,385.3,
07/23/2026,4010,3rd Party - GrubHub,34.11,
07/23/2026,4010,3rd Party - UberEats,267.34,
07/23/2026,4010,Cash Over/Short Adjustment,0.57,
07/23/2026,4015,Subject to Tax,,3688.99
07/23/2026,4015,Register Audit,339,
07/23/2026,4015,Sales Tax,,359.64
07/23/2026,4015,In-Store Credit Card,2209.23,
07/23/2026,4015,Online Credit card,970.26,
07/23/2026,4015,Online Credit Card Tips,,28
07/23/2026,4015,In-Store Credit Card Tips,,161.17
07/23/2026,4015,Gift Card Sold,,30
07/23/2026,4015,3rd Party - DoorDash,601.12,
07/23/2026,4015,3rd Party - GrubHub,28.17,
07/23/2026,4015,3rd Party - UberEats,120.06,
07/23/2026,4015,Cash Over/Short Adjustment,,0.04
07/23/2026,4021,Subject to Tax,,3508.73
07/23/2026,4021,Sales Tax,,342.04
07/23/2026,4021,In-Store Credit Card,2329.84,
07/23/2026,4021,Online Credit card,939.54,
07/23/2026,4021,Online Credit Card Tips,,24
07/23/2026,4021,In-Store Credit Card Tips,,140.32
07/23/2026,4021,3rd Party - DoorDash,191.96,
07/23/2026,4021,3rd Party - UberEats,347.28,
07/23/2026,4021,Cash Over/Short Adjustment,0.47,
07/23/2026,4021,Register Audit Adjustment,206,
07/23/2026,4025,Subject to Tax,,2996.71
07/23/2026,4025,Register Audit,302,
07/23/2026,4025,Sales Tax,,292.2
07/23/2026,4025,In-Store Credit Card,1711.46,
07/23/2026,4025,Online Credit card,461.39,
07/23/2026,4025,Online Credit Card Tips,,8
07/23/2026,4025,In-Store Credit Card Tips,,112.32
07/23/2026,4025,Gift Card,17.11,
07/23/2026,4025,3rd Party - DoorDash,775.29,
07/23/2026,4025,3rd Party - UberEats,142.73,
07/23/2026,4025,Cash Over/Short Adjustment,,0.75
07/23/2026,4027,Subject to Tax,,4297.48
07/23/2026,4027,Register Audit,395,
07/23/2026,4027,Sales Tax,,418.9
07/23/2026,4027,In-Store Credit Card,2390.65,
07/23/2026,4027,Online Credit card,1013.06,
07/23/2026,4027,In-Store Credit Card Tips,,151.21
07/23/2026,4027,Gift Card,47.97,
07/23/2026,4027,3rd Party - DoorDash,549.3,
07/23/2026,4027,3rd Party - GrubHub,14.09,
07/23/2026,4027,3rd Party - UberEats,456.72,
07/23/2026,4027,Cash Over/Short Adjustment,0.8,
07/23/2026,4034,Subject to Tax,,3443.95
07/23/2026,4034,Register Audit,124,
07/23/2026,4034,Sales Tax,,335.8
07/23/2026,4034,In-Store Credit Card,2016.39,
07/23/2026,4034,Payout,10.76,
07/23/2026,4034,Online Credit card,1136.72,
07/23/2026,4034,Online Credit Card Tips,,36
07/23/2026,4034,In-Store Credit Card Tips,,111.47
07/23/2026,4034,Gift Card,61.71,
07/23/2026,4034,3rd Party - DoorDash,577.97,
07/23/2026,4034,Cash Over/Short Adjustment,,0.33
07/23/2026,4036,Subject to Tax,,4687.47
07/23/2026,4036,Register Audit,381,
07/23/2026,4036,Sales Tax,,457
07/23/2026,4036,In-Store Credit Card,2645.78,
07/23/2026,4036,Payout,50,
07/23/2026,4036,Online Credit card,1396.04,
07/23/2026,4036,Online Gift Card,52.27,
07/23/2026,4036,Online Credit Card Tips,,33.57
07/23/2026,4036,In-Store Credit Card Tips,,205.5
07/23/2026,4036,Online Gift Card Tips,,3
07/23/2026,4036,Gift Card,25.03,
07/23/2026,4036,3rd Party - DoorDash,469.85,
07/23/2026,4036,3rd Party - UberEats,365.69,
07/23/2026,4036,Cash Over/Short Adjustment,0.88,
07/23/2026,4042,Subject to Tax,,5678.79
07/23/2026,4042,Sales Tax,,553.71
07/23/2026,4042,In-Store Credit Card,2384.99,
07/23/2026,4042,Online Credit card,2427.91,
07/23/2026,4042,Online Gift Card,67.58,
07/23/2026,4042,Online Credit Card Tips,,51
07/23/2026,4042,In-Store Credit Card Tips,,108.06
07/23/2026,4042,Gift Card,25.8,
07/23/2026,4042,3rd Party - DoorDash,1079.78,
07/23/2026,4042,3rd Party - GrubHub,14.09,
07/23/2026,4042,3rd Party - UberEats,161.89,
07/23/2026,4042,Cash Over/Short Adjustment,0.52,
07/23/2026,4042,Register Audit Adjustment,229,
07/23/2026,4052,Subject to Tax,,4608.85
07/23/2026,4052,Register Audit,543,
07/23/2026,4052,Sales Tax,,449.32
07/23/2026,4052,In-Store Credit Card,2763.87,
07/23/2026,4052,Online Credit card,1204.99,
07/23/2026,4052,Online Credit Card Tips,,32
07/23/2026,4052,In-Store Credit Card Tips,,156.06
07/23/2026,4052,Gift Card,11.74,
07/23/2026,4052,3rd Party - DoorDash,645.81,
07/23/2026,4052,3rd Party - UberEats,51.87,
07/23/2026,4052,Cash Over/Short Adjustment,0.95,
07/23/2026,4052,Register Audit Adjustment,24,
07/23/2026,4061,Subject to Tax,,4325.99
07/23/2026,4061,Register Audit,401,
07/23/2026,4061,Sales Tax,,421.71
07/23/2026,4061,In-Store Credit Card,2713.65,
07/23/2026,4061,Online Credit card,1180.54,
07/23/2026,4061,Online Gift Card,13.94,
07/23/2026,4061,Online Credit Card Tips,,35
07/23/2026,4061,In-Store Credit Card Tips,,194.67
07/23/2026,4061,Gift Card,53.49,
07/23/2026,4061,3rd Party - DoorDash,278.39,
07/23/2026,4061,3rd Party - GrubHub,45.31,
07/23/2026,4061,3rd Party - UberEats,291.7,
07/23/2026,4061,Cash Over/Short Adjustment,,0.65
07/23/2026,4074,Subject to Tax,,2958.22
07/23/2026,4074,Register Audit,76,
07/23/2026,4074,Sales Tax,,288.37
07/23/2026,4074,In-Store Credit Card,1838.8,
07/23/2026,4074,Online Credit card,955.23,
07/23/2026,4074,Online Credit Card Tips,,34
07/23/2026,4074,In-Store Credit Card Tips,,156.53
07/23/2026,4074,Gift Card,11.47,
07/23/2026,4074,3rd Party - DoorDash,382.69,
07/23/2026,4074,3rd Party - GrubHub,13.04,
07/23/2026,4074,3rd Party - UberEats,160.12,
07/23/2026,4074,Cash Over/Short Adjustment,,0.23
07/23/2026,5042,Subject to Tax,,3342.45
07/23/2026,5042,Non-Taxable Sales,,5
07/23/2026,5042,3rd Party Tax Exempt,,329.22
07/23/2026,5042,Tax Exempt,,71.7
07/23/2026,5042,Register Audit,211,
07/23/2026,5042,Sales Tax,,229.4
07/23/2026,5042,In-Store Credit Card,2321.09,
07/23/2026,5042,Online Credit card,1342.22,
07/23/2026,5042,Online Credit Card Tips,,79
07/23/2026,5042,In-Store Credit Card Tips,,146.45
07/23/2026,5042,3rd Party - DoorDash,199.06,
07/23/2026,5042,3rd Party - UberEats,130.16,
07/23/2026,5042,Cash Over/Short Adjustment,,0.31
07/23/2026,5043,Subject to Tax,,4825
07/23/2026,5043,Non-Taxable Sales,,54
07/23/2026,5043,3rd Party Tax Exempt,,1260.24
07/23/2026,5043,Register Audit,315,
07/23/2026,5043,Sales Tax,,330.51
07/23/2026,5043,In-Store Credit Card,2878.21,
07/23/2026,5043,Online Credit card,2186.28,
07/23/2026,5043,Online Credit Card Tips,,62
07/23/2026,5043,In-Store Credit Card Tips,,158.63
07/23/2026,5043,Gift Card,50.28,
07/23/2026,5043,3rd Party - DoorDash,879.34,
07/23/2026,5043,3rd Party - GrubHub,18.35,
07/23/2026,5043,3rd Party - UberEats,362.55,
07/23/2026,5043,Cash Over/Short Adjustment,0.44,
07/23/2026,5049,Subject to Tax,,2869
07/23/2026,5049,Non-Taxable Sales,,5
07/23/2026,5049,3rd Party Tax Exempt,,496.22
07/23/2026,5049,Register Audit,345,
07/23/2026,5049,Sales Tax,,234.37
07/23/2026,5049,In-Store Credit Card,2077.21,
07/23/2026,5049,Online Credit card,779.01,
07/23/2026,5049,Online Credit Card Tips,,18
07/23/2026,5049,In-Store Credit Card Tips,,103.19
07/23/2026,5049,Gift Card,29.33,
07/23/2026,5049,3rd Party - DoorDash,470.66,
07/23/2026,5049,3rd Party - UberEats,25.56,
07/23/2026,5049,Cash Over/Short Adjustment,,0.99
07/23/2026,5051,Subject to Tax,,2285.2
07/23/2026,5051,Non-Taxable Sales,,10
07/23/2026,5051,3rd Party Tax Exempt,,624.8
07/23/2026,5051,Register Audit,161,
07/23/2026,5051,Sales Tax,,156.93
07/23/2026,5051,In-Store Credit Card,1647.05,
07/23/2026,5051,Online Credit card,718.69,
07/23/2026,5051,Online Gift Card,15.26,
07/23/2026,5051,Online Credit Card Tips,,29
07/23/2026,5051,In-Store Credit Card Tips,,75.19
07/23/2026,5051,Gift Card,14.55,
07/23/2026,5051,3rd Party - DoorDash,424.21,
07/23/2026,5051,3rd Party - UberEats,200.59,
07/23/2026,5051,Cash Over/Short Adjustment,,0.23
07/23/2026,5057,Subject to Tax,,3288.1
07/23/2026,5057,Non-Taxable Sales,,11
07/23/2026,5057,3rd Party Tax Exempt,,391.03
07/23/2026,5057,Register Audit,226,
07/23/2026,5057,Sales Tax,,259.29
07/23/2026,5057,In-Store Credit Card,2288.39,
07/23/2026,5057,Online Credit card,1218.67,
07/23/2026,5057,Online Credit Card Tips,,55.29
07/23/2026,5057,In-Store Credit Card Tips,,148.46
07/23/2026,5057,Gift Card,29.69,
07/23/2026,5057,3rd Party - DoorDash,202.85,
07/23/2026,5057,3rd Party - UberEats,188.18,
07/23/2026,5057,Cash Over/Short Adjustment,,0.61
07/23/2026,5059,Subject to Tax,,2225.15
07/23/2026,5059,Non-Taxable Sales,,18
07/23/2026,5059,3rd Party Tax Exempt,,544.18
07/23/2026,5059,Sales Tax,,154.36
07/23/2026,5059,In-Store Credit Card,1479.1,
07/23/2026,5059,Payout,28.54,
07/23/2026,5059,Online Credit card,651.11,
07/23/2026,5059,Online Gift Card,30.68,
07/23/2026,5059,Online Credit Card Tips,,6
07/23/2026,5059,In-Store Credit Card Tips,,87.04
07/23/2026,5059,Gift Card,30,
07/23/2026,5059,3rd Party - DoorDash,360.4,
07/23/2026,5059,3rd Party - UberEats,183.78,
07/23/2026,5059,Cash Over/Short Adjustment,0.12,
07/23/2026,5059,Register Audit Adjustment,271,
07/23/2026,5062,Subject to Tax,,2925.6
07/23/2026,5062,Non-Taxable Sales,,21
07/23/2026,5062,3rd Party Tax Exempt,,285.77
07/23/2026,5062,Sales Tax,,202.08
07/23/2026,5062,In-Store Credit Card,2335.17,
07/23/2026,5062,Online Credit card,775.6,
07/23/2026,5062,Online Credit Card Tips,,30
07/23/2026,5062,In-Store Credit Card Tips,,167.93
07/23/2026,5062,Gift Card,36.45,
07/23/2026,5062,3rd Party - DoorDash,163.21,
07/23/2026,5062,3rd Party - GrubHub,27.05,
07/23/2026,5062,3rd Party - UberEats,95.51,
07/23/2026,5062,Cash Over/Short Adjustment,0.39,
07/23/2026,5062,Register Audit Adjustment,199,
07/23/2026,5101,Subject to Tax,,2479.05
07/23/2026,5101,Non-Taxable Sales,,13
07/23/2026,5101,3rd Party Tax Exempt,,341.43
07/23/2026,5101,Register Audit,297,
07/23/2026,5101,Sales Tax,,172.35
07/23/2026,5101,In-Store Credit Card,1853.76,
07/23/2026,5101,Online Credit card,633.38,
07/23/2026,5101,Online Credit Card Tips,,18
07/23/2026,5101,In-Store Credit Card Tips,,100.87
07/23/2026,5101,3rd Party - DoorDash,303.47,
07/23/2026,5101,3rd Party - UberEats,37.96,
07/23/2026,5101,Cash Over/Short Adjustment,,0.87
07/23/2026,5112,Subject to Tax,,3199.85
07/23/2026,5112,Non-Taxable Sales,,17
07/23/2026,5112,3rd Party Tax Exempt,,210.88
07/23/2026,5112,Register Audit,312,
07/23/2026,5112,Sales Tax,,253.87
07/23/2026,5112,In-Store Credit Card,1859.95,
07/23/2026,5112,Payout,14.63,
07/23/2026,5112,Online Credit card,1411.79,
07/23/2026,5112,Online Credit Card Tips,,37.21
07/23/2026,5112,In-Store Credit Card Tips,,101.75
07/23/2026,5112,Gift Card,25.98,
07/23/2026,5112,3rd Party - DoorDash,174,
07/23/2026,5112,3rd Party - UberEats,36.88,
07/23/2026,5112,Cash Over/Short Adjustment,,0.04
07/23/2026,5127,Subject to Tax,,3329.25
07/23/2026,5127,Non-Taxable Sales,,8
07/23/2026,5127,3rd Party Tax Exempt,,217.57
07/23/2026,5127,Register Audit,535,
07/23/2026,5127,Sales Tax,,262.22
07/23/2026,5127,In-Store Credit Card,2340.87,
07/23/2026,5127,Online Credit card,893.3,
07/23/2026,5127,Online Credit Card Tips,,25.5
07/23/2026,5127,In-Store Credit Card Tips,,159
07/23/2026,5127,Gift Card,15.28,
07/23/2026,5127,3rd Party - DoorDash,97.33,
07/23/2026,5127,3rd Party - UberEats,120.24,
07/23/2026,5127,Cash Over/Short Adjustment,,0.48
07/23/2026,6021,Subject to Tax,,3846.83
07/23/2026,6021,Non-Taxable Sales,,15
07/23/2026,6021,3rd Party Tax Exempt,,72.06
07/23/2026,6021,Register Audit,257,
07/23/2026,6021,Sales Tax,,365.43
07/23/2026,6021,In-Store Credit Card,1902.78,
07/23/2026,6021,Online Credit card,1393.41,
07/23/2026,6021,Online Gift Card,30.71,
07/23/2026,6021,Online Credit Card Tips,,45
07/23/2026,6021,In-Store Credit Card Tips,,102.85
07/23/2026,6021,Gift Card,25.62,
07/23/2026,6021,3rd Party - DoorDash,714.06,
07/23/2026,6021,3rd Party - GrubHub,52.47,
07/23/2026,6021,3rd Party - UberEats,72.06,
07/23/2026,6021,Cash Over/Short Adjustment,,0.94
07/23/2026,6026,Subject to Tax,,2955.81
07/23/2026,6026,Non-Taxable Sales,,15.5
07/23/2026,6026,3rd Party Tax Exempt,,197.06
07/23/2026,6026,Register Audit,149,
07/23/2026,6026,Sales Tax,,177.32
07/23/2026,6026,In-Store Credit Card,1849.42,
07/23/2026,6026,Payout,30.73,
07/23/2026,6026,Online Credit card,737.02,
07/23/2026,6026,Online Credit Card Tips,,14
07/23/2026,6026,In-Store Credit Card Tips,,111.4
07/23/2026,6026,3rd Party - DoorDash,362.45,
07/23/2026,6026,3rd Party - GrubHub,145.24,
07/23/2026,6026,3rd Party - UberEats,197.06,
07/23/2026,6026,Cash Over/Short Adjustment,0.17,
07/23/2026,6032,Subject to Tax,,3994.02
07/23/2026,6032,Non-Taxable Sales,,16
07/23/2026,6032,3rd Party Tax Exempt,,152.34
07/23/2026,6032,Sales Tax,,239.58
07/23/2026,6032,In-Store Credit Card,2020.75,
07/23/2026,6032,Online Credit card,1511.46,
07/23/2026,6032,Online Credit Card Tips,,30.92
07/23/2026,6032,In-Store Credit Card Tips,,124.02
07/23/2026,6032,3rd Party - DoorDash,558.47,
07/23/2026,6032,3rd Party - GrubHub,68.17,
07/23/2026,6032,3rd Party - UberEats,152.34,
07/23/2026,6032,Cash Over/Short Adjustment,0.69,
07/23/2026,6032,Register Audit Adjustment,245,
07/23/2026,6037,Subject to Tax,,3959.8
07/23/2026,6037,Non-Taxable Sales,,24.5
07/23/2026,6037,Sales Tax,,435.79
07/23/2026,6037,In-Store Credit Card,2644.22,
07/23/2026,6037,Payout,72.63,
07/23/2026,6037,Online Credit card,1888.9,
07/23/2026,6037,Online Credit Card Tips,,68
07/23/2026,6037,In-Store Credit Card Tips,,197.61
07/23/2026,6037,Cash Over/Short Adjustment,0.95,
07/23/2026,6037,Register Audit Adjustment,79,
07/23/2026,6039,Subject to Tax,,3589.72
07/23/2026,6039,Non-Taxable Sales,,39.5
07/23/2026,6039,3rd Party Tax Exempt,,157.39
07/23/2026,6039,Sales Tax,,215.32
07/23/2026,6039,In-Store Credit Card,1902.02,
07/23/2026,6039,Online Credit card,1320.74,
07/23/2026,6039,Online Credit Card Tips,,33
07/23/2026,6039,In-Store Credit Card Tips,,142.48
07/23/2026,6039,Gift Card,29.36,
07/23/2026,6039,3rd Party - DoorDash,451.41,
07/23/2026,6039,3rd Party - GrubHub,184.75,
07/23/2026,6039,3rd Party - UberEats,157.39,
07/23/2026,6039,Cash Over/Short Adjustment,0.74,
07/23/2026,6039,Register Audit Adjustment,131,
07/23/2026,6044,Subject to Tax,,3760.16
07/23/2026,6044,Non-Taxable Sales,,14
07/23/2026,6044,Sales Tax,,424.94
07/23/2026,6044,In-Store Credit Card,2147.73,
07/23/2026,6044,Payout,17.19,
07/23/2026,6044,Online Credit card,1170.03,
07/23/2026,6044,Online Gift Card,16.19,
07/23/2026,6044,Online Credit Card Tips,,45.84
07/23/2026,6044,In-Store Credit Card Tips,,128.19
07/23/2026,6044,Gift Card,12.41,
07/23/2026,6044,3rd Party - DoorDash,516.29,
07/23/2026,6044,Cash Over/Short Adjustment,0.29,
07/23/2026,6044,Register Audit Adjustment,493,
07/23/2026,6065,Subject to Tax,,3227.78
07/23/2026,6065,Non-Taxable Sales,,10
07/23/2026,6065,3rd Party Tax Exempt,,114.4
07/23/2026,6065,Sales Tax,,323.04
07/23/2026,6065,In-Store Credit Card,2178.01,
07/23/2026,6065,Online Credit card,1052.99,
07/23/2026,6065,Online Credit Card Tips,,41.13
07/23/2026,6065,In-Store Credit Card Tips,,118.57
07/23/2026,6065,Gift Card,36.8,
07/23/2026,6065,3rd Party - DoorDash,218.11,
07/23/2026,6065,3rd Party - UberEats,114.4,
07/23/2026,6065,Cash Over/Short Adjustment,0.61,
07/23/2026,6065,Register Audit Adjustment,234,
07/23/2026,6067,Subject to Tax,,2512.39
07/23/2026,6067,Non-Taxable Sales,,21
07/23/2026,6067,3rd Party Tax Exempt,,25.92
07/23/2026,6067,Sales Tax,,283.97
07/23/2026,6067,In-Store Credit Card,1465.13,
07/23/2026,6067,Online Credit card,760.45,
07/23/2026,6067,Online Credit Card Tips,,23
07/23/2026,6067,In-Store Credit Card Tips,,72.95
07/23/2026,6067,Gift Card,0.3,
07/23/2026,6067,3rd Party - DoorDash,396.81,
07/23/2026,6067,3rd Party - GrubHub,30.19,
07/23/2026,6067,3rd Party - UberEats,25.92,
07/23/2026,6067,Cash Over/Short Adjustment,0.43,
07/23/2026,6067,Register Audit Adjustment,260,
07/23/2026,6072,Subject to Tax,,4794.96
07/23/2026,6072,Non-Taxable Sales,,12.5
07/23/2026,6072,3rd Party Tax Exempt,,153.58
07/23/2026,6072,Register Audit,562,
07/23/2026,6072,Sales Tax,,565.93
07/23/2026,6072,In-Store Credit Card,2591.63,
07/23/2026,6072,Online Credit card,1438.6,
07/23/2026,6072,Online Credit Card Tips,,36
07/23/2026,6072,In-Store Credit Card Tips,,148.32
07/23/2026,6072,Gift Card,11.96,
07/23/2026,6072,3rd Party - DoorDash,938.67,
07/23/2026,6072,3rd Party - GrubHub,15.82,
07/23/2026,6072,3rd Party - UberEats,153.58,
07/23/2026,6072,Cash Over/Short Adjustment,,0.97
07/23/2026,6074,Subject to Tax,,3079.95
07/23/2026,6074,Non-Taxable Sales,,10
07/23/2026,6074,3rd Party Tax Exempt,,25.68
07/23/2026,6074,Sales Tax,,277.25
07/23/2026,6074,In-Store Credit Card,2043.94,
07/23/2026,6074,Online Credit card,1131.09,
07/23/2026,6074,Online Credit Card Tips,,30
07/23/2026,6074,In-Store Credit Card Tips,,140.41
07/23/2026,6074,3rd Party - GrubHub,55.92,
07/23/2026,6074,3rd Party - UberEats,25.68,
07/23/2026,6074,Cash Over/Short Adjustment,0.66,
07/23/2026,6074,Register Audit Adjustment,306,
07/23/2026,6076,Subject to Tax,,2311.31
07/23/2026,6076,Non-Taxable Sales,,5
07/23/2026,6076,3rd Party Tax Exempt,,14.81
07/23/2026,6076,Sales Tax,,207.99
07/23/2026,6076,In-Store Credit Card,1446.79,
07/23/2026,6076,Online Credit card,485.91,
07/23/2026,6076,Online Gift Card,23.32,
07/23/2026,6076,Online Credit Card Tips,,12
07/23/2026,6076,In-Store Credit Card Tips,,61.14
07/23/2026,6076,Gift Card,3.57,
07/23/2026,6076,3rd Party - DoorDash,284.67,
07/23/2026,6076,3rd Party - UberEats,14.81,
07/23/2026,6076,Cash Over/Short Adjustment,0.18,
07/23/2026,6076,Register Audit Adjustment,353,
07/23/2026,6083,Subject to Tax,,3297.67
07/23/2026,6083,Non-Taxable Sales,,10
07/23/2026,6083,3rd Party Tax Exempt,,15.6
07/23/2026,6083,Register Audit,217,
07/23/2026,6083,Sales Tax,,296.81
07/23/2026,6083,In-Store Credit Card,1694.15,
07/23/2026,6083,Online Credit card,1329.1,
07/23/2026,6083,Online Gift Card,10,
07/23/2026,6083,Online Credit Card Tips,,34
07/23/2026,6083,In-Store Credit Card Tips,,117.84
07/23/2026,6083,Gift Card,22.45,
07/23/2026,6083,3rd Party - DoorDash,390.08,
07/23/2026,6083,3rd Party - GrubHub,93.14,
07/23/2026,6083,3rd Party - UberEats,15.6,
07/23/2026,6083,Cash Over/Short Adjustment,0.4,
07/23/2026,6088,Subject to Tax,,3543.55
07/23/2026,6088,Non-Taxable Sales,,15
07/23/2026,6088,3rd Party Tax Exempt,,82.78
07/23/2026,6088,Register Audit,282,
07/23/2026,6088,Sales Tax,,354.56
07/23/2026,6088,In-Store Credit Card,2304.55,
07/23/2026,6088,Online Credit card,1056.44,
07/23/2026,6088,Online Gift Card,5.51,
07/23/2026,6088,Online Credit Card Tips,,35
07/23/2026,6088,In-Store Credit Card Tips,,111.73
07/23/2026,6088,Gift Card Sold,,50
07/23/2026,6088,3rd Party - DoorDash,412.95,
07/23/2026,6088,3rd Party - GrubHub,48.17,
07/23/2026,6088,3rd Party - UberEats,82.78,
07/23/2026,6088,Cash Over/Short Adjustment,0.22,
07/23/2026,6093,Subject to Tax,,2867.18
07/23/2026,6093,Non-Taxable Sales,,5.5
07/23/2026,6093,Register Audit,494,
07/23/2026,6093,Sales Tax,,324.02
07/23/2026,6093,In-Store Credit Card,1944.48,
07/23/2026,6093,Online Credit card,694.1,
07/23/2026,6093,Online Gift Card,41.01,
07/23/2026,6093,Online Credit Card Tips,,19
07/23/2026,6093,In-Store Credit Card Tips,,128.6
07/23/2026,6093,Online Gift Card Tips,,3
07/23/2026,6093,Gift Card,23.29,
07/23/2026,6093,3rd Party - DoorDash,150.62,
07/23/2026,6093,Cash Over/Short Adjustment,,0.2
07/23/2026,6094,Subject to Tax,,2133.19
07/23/2026,6094,Non-Taxable Sales,,5
07/23/2026,6094,3rd Party Tax Exempt,,170.99
07/23/2026,6094,Register Audit,99,
07/23/2026,6094,Sales Tax,,213.39
07/23/2026,6094,In-Store Credit Card,1127.69,
07/23/2026,6094,Online Credit card,779.49,
07/23/2026,6094,Online Gift Card,18.6,
07/23/2026,6094,Online Credit Card Tips,,30
07/23/2026,6094,In-Store Credit Card Tips,,71.35
07/23/2026,6094,3rd Party - DoorDash,341.97,
07/23/2026,6094,3rd Party - GrubHub,86.18,
07/23/2026,6094,3rd Party - UberEats,170.99,
07/23/2026,6102,Subject to Tax,,3285.48
07/23/2026,6102,Non-Taxable Sales,,17.5
07/23/2026,6102,Sales Tax,,328.67
07/23/2026,6102,In-Store Credit Card,1651.3,
07/23/2026,6102,Payout,13.74,
07/23/2026,6102,Online Credit card,1227.57,
07/23/2026,6102,Online Credit Card Tips,,22
07/23/2026,6102,In-Store Credit Card Tips,,96.38
07/23/2026,6102,Gift Card,35.2,
07/23/2026,6102,3rd Party - DoorDash,397.9,
07/23/2026,6102,3rd Party - GrubHub,65.46,
07/23/2026,6102,3rd Party - UberEats,210.34,
07/23/2026,6102,Cash Over/Short Adjustment,0.52,
07/23/2026,6102,Register Audit Adjustment,148,
07/23/2026,7024,Subject to Tax,,3434.75
07/23/2026,7024,3rd Party Tax Exempt,,385.65
07/23/2026,7024,Register Audit,474,
07/23/2026,7024,Sales Tax,,299.57
07/23/2026,7024,In-Store Credit Card,2557.29,
07/23/2026,7024,Online Credit card,901.83,
07/23/2026,7024,Online Gift Card,9.58,
07/23/2026,7024,Online Credit Card Tips,,38
07/23/2026,7024,In-Store Credit Card Tips,,189.89
07/23/2026,7024,Gift Card,20,
07/23/2026,7024,3rd Party - DoorDash,372.81,
07/23/2026,7024,3rd Party - UberEats,12.84,
07/23/2026,7024,Cash Over/Short Adjustment,,0.13
07/23/2026,7032,Subject to Tax,,2880.45
07/23/2026,7032,3rd Party Tax Exempt,,498.29
07/23/2026,7032,Register Audit,453,
07/23/2026,7032,Sales Tax,,249.82
07/23/2026,7032,In-Store Credit Card,1868.95,
07/23/2026,7032,Payout,25.39,
07/23/2026,7032,Online Credit card,893.66,
07/23/2026,7032,Online Credit Card Tips,,22.08
07/23/2026,7032,In-Store Credit Card Tips,,102.99
07/23/2026,7032,Gift Card,13.46,
07/23/2026,7032,3rd Party - DoorDash,442.07,
07/23/2026,7032,3rd Party - UberEats,56.22,
07/23/2026,7032,Cash Over/Short Adjustment,0.88,
07/23/2026,7039,Subject to Tax,,2563
07/23/2026,7039,3rd Party Tax Exempt,,363.08
07/23/2026,7039,Sales Tax,,224.94
07/23/2026,7039,In-Store Credit Card,1890.78,
07/23/2026,7039,Payout,38.57,
07/23/2026,7039,Online Credit card,526.24,
07/23/2026,7039,Online Credit Card Tips,,21.46
07/23/2026,7039,In-Store Credit Card Tips,,139.37
07/23/2026,7039,Gift Card,21.85,
07/23/2026,7039,3rd Party - DoorDash,363.08,
07/23/2026,7039,Cash Over/Short Adjustment,0.33,
07/23/2026,7039,Register Audit Adjustment,471,
07/23/2026,7049,Subject to Tax,,4490.2
07/23/2026,7049,3rd Party Tax Exempt,,574.37
07/23/2026,7049,Sales Tax,,385.21
07/23/2026,7049,In-Store Credit Card,2848.74,
07/23/2026,7049,Payout,20,
07/23/2026,7049,Online Credit card,1714.32,
07/23/2026,7049,Online Gift Card,6.2,
07/23/2026,7049,Online Credit Card Tips,,47
07/23/2026,7049,In-Store Credit Card Tips,,212.43
07/23/2026,7049,3rd Party - DoorDash,427.76,
07/23/2026,7049,3rd Party - UberEats,146.61,
07/23/2026,7049,Cash Over/Short Adjustment,0.58,
07/23/2026,7049,Register Audit Adjustment,545,
07/23/2026,7066,Subject to Tax,,2969.8
07/23/2026,7066,3rd Party Tax Exempt,,158.25
07/23/2026,7066,Sales Tax,,256.41
07/23/2026,7066,In-Store Credit Card,1966.99,
07/23/2026,7066,Online Credit card,945.13,
07/23/2026,7066,Online Credit Card Tips,,26
07/23/2026,7066,In-Store Credit Card Tips,,103.34
07/23/2026,7066,3rd Party - DoorDash,158.25,
07/23/2026,7066,Cash Over/Short Adjustment,0.43,
07/23/2026,7066,Register Audit Adjustment,443,
07/23/2026,13026,Subject to Tax,,2822.01
07/23/2026,13026,Non-Taxable Sales,,27.92
07/23/2026,13026,3rd Party Tax Exempt,,892.57
07/23/2026,13026,Register Audit,226,
07/23/2026,13026,Sales Tax,,211.7
07/23/2026,13026,In-Store Credit Card,2079.54,
07/23/2026,13026,Online Credit card,854.31,
07/23/2026,13026,Online Gift Card,11.85,
07/23/2026,13026,Online Credit Card Tips,,22.5
07/23/2026,13026,In-Store Credit Card Tips,,115.75
07/23/2026,13026,Online Gift Card Tips,,1.21
07/23/2026,13026,3rd Party - DoorDash,543.07,
07/23/2026,13026,3rd Party - GrubHub,16.24,
07/23/2026,13026,3rd Party - UberEats,362.52,
07/23/2026,13026,Cash Over/Short Adjustment,0.13,
07/23/2026,13062,Subject to Tax,,2519.3
07/23/2026,13062,Non-Taxable Sales,,44.04
07/23/2026,13062,3rd Party Tax Exempt,,643.23
07/23/2026,13062,Sales Tax,,176.39
07/23/2026,13062,In-Store Credit Card,1959.69,
07/23/2026,13062,Online Credit card,686.06,
07/23/2026,13062,Online Credit Card Tips,,18.79
07/23/2026,13062,In-Store Credit Card Tips,,109.86
07/23/2026,13062,3rd Party - DoorDash,465.76,
07/23/2026,13062,3rd Party - UberEats,216.11,
07/23/2026,13062,Cash Over/Short Adjustment,0.99,
07/23/2026,13062,Register Audit Adjustment,183,
07/23/2026,13082,Subject to Tax,,1996.25
07/23/2026,13082,Non-Taxable Sales,,30.51
07/23/2026,13082,3rd Party Tax Exempt,,303.55
07/23/2026,13082,Register Audit,420,
07/23/2026,13082,Sales Tax,,139.74
07/23/2026,13082,In-Store Credit Card,1198.64,
07/23/2026,13082,Online Credit card,590.7,
07/23/2026,13082,Online Gift Card,4.79,
07/23/2026,13082,Online Credit Card Tips,,9
07/23/2026,13082,In-Store Credit Card Tips,,89.28
07/23/2026,13082,Gift Card,40.14,
07/23/2026,13082,3rd Party - DoorDash,255.56,
07/23/2026,13082,3rd Party - UberEats,58.55,
07/23/2026,13082,Cash Over/Short Adjustment,,0.05
07/23/2026,13106,Subject to Tax,,1892.79
07/23/2026,13106,Non-Taxable Sales,,13.15
07/23/2026,13106,3rd Party Tax Exempt,,268.64
07/23/2026,13106,Sales Tax,,142.05
07/23/2026,13106,In-Store Credit Card,1133.22,
07/23/2026,13106,Online Credit card,880.22,
07/23/2026,13106,Online Credit Card Tips,,37.78
07/23/2026,13106,In-Store Credit Card Tips,,67.83
07/23/2026,13106,3rd Party - DoorDash,133.36,
07/23/2026,13106,3rd Party - GrubHub,13.8,
07/23/2026,13106,3rd Party - UberEats,139.36,
07/23/2026,13106,Cash Over/Short Adjustment,0.28,
07/23/2026,13106,Register Audit Adjustment,122,
07/23/2026,13116,Subject to Tax,,2452.06
07/23/2026,13116,Non-Taxable Sales,,34.09
07/23/2026,13116,3rd Party Tax Exempt,,507.46
07/23/2026,13116,Sales Tax,,171.64
07/23/2026,13116,In-Store Credit Card,1582.68,
07/23/2026,13116,Online Credit card,758.7,
07/23/2026,13116,Online Gift Card,15,
07/23/2026,13116,In-Store Credit Card Tips,,67.87
07/23/2026,13116,Gift Card,30.08,
07/23/2026,13116,3rd Party - DoorDash,403.94,
07/23/2026,13116,3rd Party - GrubHub,46.74,
07/23/2026,13116,3rd Party - UberEats,124.64,
07/23/2026,13116,Cash Over/Short Adjustment,0.34,
07/23/2026,13116,Register Audit Adjustment,271,
07/23/2026,13138,Subject to Tax,,2420.09
07/23/2026,13138,Non-Taxable Sales,,14.58
07/23/2026,13138,3rd Party Tax Exempt,,158.68
07/23/2026,13138,Register Audit,350,
07/23/2026,13138,Sales Tax,,169.44
07/23/2026,13138,In-Store Credit Card,1452.49,
07/23/2026,13138,Online Credit card,879.54,
07/23/2026,13138,Online Credit Card Tips,,36
07/23/2026,13138,In-Store Credit Card Tips,,90.77
07/23/2026,13138,Gift Card,42.64,
07/23/2026,13138,3rd Party - DoorDash,122.77,
07/23/2026,13138,3rd Party - UberEats,42.39,
07/23/2026,13138,Cash Over/Short Adjustment,,0.27
07/23/2026,13148,Subject to Tax,,3880.44
07/23/2026,13148,Non-Taxable Sales,,45.69
07/23/2026,13148,3rd Party Tax Exempt,,373.33
07/23/2026,13148,Sales Tax,,252.23
07/23/2026,13148,In-Store Credit Card,2528.63,
07/23/2026,13148,Payout,53.25,
07/23/2026,13148,Online Credit card,1664.27,
07/23/2026,13148,Online Gift Card,40.51,
07/23/2026,13148,Online Credit Card Tips,,52.46
07/23/2026,13148,In-Store Credit Card Tips,,171.99
07/23/2026,13148,Gift Card,0.67,
07/23/2026,13148,3rd Party - DoorDash,236.5,
07/23/2026,13148,3rd Party - UberEats,145.35,
07/23/2026,13148,Cash Over/Short Adjustment,0.96,
07/23/2026,13148,Register Audit Adjustment,106,
07/23/2026,13162,Subject to Tax,,3429.51
07/23/2026,13162,Non-Taxable Sales,,27.33
07/23/2026,13162,3rd Party Tax Exempt,,1018.93
07/23/2026,13162,Sales Tax,,240.11
07/23/2026,13162,In-Store Credit Card,2468.89,
07/23/2026,13162,Online Credit card,1216.96,
07/23/2026,13162,Online Credit Card Tips,,33
07/23/2026,13162,In-Store Credit Card Tips,,159.52
07/23/2026,13162,Gift Card,9.68,
07/23/2026,13162,3rd Party - DoorDash,690.94,
07/23/2026,13162,3rd Party - GrubHub,38.51,
07/23/2026,13162,3rd Party - UberEats,346.29,
07/23/2026,13162,Cash Over/Short Adjustment,0.13,
07/23/2026,13162,Register Audit Adjustment,137,
07/23/2026,13219,Subject to Tax,,3137.46
07/23/2026,13219,Non-Taxable Sales,,20.28
07/23/2026,13219,3rd Party Tax Exempt,,345.32
07/23/2026,13219,Sales Tax,,219.65
07/23/2026,13219,In-Store Credit Card,1502.88,
07/23/2026,13219,Online Credit card,1415.01,
07/23/2026,13219,Online Credit Card Tips,,89
07/23/2026,13219,In-Store Credit Card Tips,,95.22
07/23/2026,13219,Gift Card,68.39,
07/23/2026,13219,3rd Party - DoorDash,300.2,
07/23/2026,13219,3rd Party - GrubHub,72.21,
07/23/2026,13219,3rd Party - UberEats,58.08,
07/23/2026,13219,Cash Over/Short Adjustment,0.16,
07/23/2026,13219,Register Audit Adjustment,490,
07/23/2026,37001,Subject to Tax,,5439.21
07/23/2026,37001,Non-Taxable Sales,,727.71
07/23/2026,37001,Register Audit,845.09,
07/23/2026,37001,Sales Tax,,462.54
07/23/2026,37001,In-Store Credit Card,3428.57,
07/23/2026,37001,Online Credit card,2121.24,
07/23/2026,37001,Online Gift Card,85,
07/23/2026,37001,Online Credit Card Tips,,52
07/23/2026,37001,In-Store Credit Card Tips,,220.75
07/23/2026,37001,Online Gift Card Tips,,3
07/23/2026,37001,Gift Card,15.94,
07/23/2026,37001,Gift Card Sold,,30
07/23/2026,37001,3rd Party - DoorDash,419.95,
07/23/2026,37001,3rd Party - UberEats,19.72,
07/23/2026,37001,Cash Over/Short Adjustment,,0.3
07/23/2026,37002,Subject to Tax,,4409.37
07/23/2026,37002,Non-Taxable Sales,,537.22
07/23/2026,37002,Sales Tax,,374.82
07/23/2026,37002,In-Store Credit Card,2075.35,
07/23/2026,37002,Online Credit card,1784.35,
07/23/2026,37002,Online Gift Card,30.77,
07/23/2026,37002,Online Credit Card Tips,,46.12
07/23/2026,37002,In-Store Credit Card Tips,,112.62
07/23/2026,37002,Gift Card,20.89,
07/23/2026,37002,3rd Party - DoorDash,980.39,
07/23/2026,37002,3rd Party - GrubHub,33.85,
07/23/2026,37002,3rd Party - UberEats,48.77,
07/23/2026,37002,Cash Over/Short Adjustment,0.78,
07/23/2026,37002,Register Audit Adjustment,505,
07/23/2026,37004,Subject to Tax,,2579.17
07/23/2026,37004,Non-Taxable Sales,,359.88
07/23/2026,37004,Register Audit,2939,
07/23/2026,37004,Sales Tax,,219.22
07/23/2026,37004,In-Store Credit Card,1455.72,
07/23/2026,37004,Online Credit card,1305.15,
07/23/2026,37004,Online Credit Card Tips,,41
07/23/2026,37004,In-Store Credit Card Tips,,106.19
07/23/2026,37004,Gift Card,21.43,
07/23/2026,37004,3rd Party - DoorDash,134.31,
07/23/2026,37004,3rd Party - UberEats,39.46,
07/23/2026,37004,Register Audit Adjustment,,2
07/23/2026,37006,Subject to Tax,,3896
07/23/2026,37006,Non-Taxable Sales,,498.53
07/23/2026,37006,Sales Tax,,331.24
07/23/2026,37006,In-Store Credit Card,2199.1,
07/23/2026,37006,Online Credit card,1723.53,
07/23/2026,37006,Online Gift Card,14.44,
07/23/2026,37006,Online Credit Card Tips,,110.56
07/23/2026,37006,In-Store Credit Card Tips,,152.77
07/23/2026,37006,3rd Party - DoorDash,307.75,
07/23/2026,37006,3rd Party - GrubHub,13.92,
07/23/2026,37006,3rd Party - UberEats,43.22,
07/23/2026,37006,Cash Over/Short Adjustment,0.14,
07/23/2026,37006,Register Audit Adjustment,687,
07/23/2026,37007,Subject to Tax,,6154.51
07/23/2026,37007,Non-Taxable Sales,,666.54
07/23/2026,37007,Sales Tax,,523.18
07/23/2026,37007,In-Store Credit Card,3337.09,
07/23/2026,37007,Payout,100,
07/23/2026,37007,Online Credit card,2078.87,
07/23/2026,37007,Online Gift Card,26.41,
07/23/2026,37007,Online Credit Card Tips,,57.29
07/23/2026,37007,In-Store Credit Card Tips,,225.93
07/23/2026,37007,Online Gift Card Tips,,2
07/23/2026,37007,Gift Card,63.34,
07/23/2026,37007,Gift Card Sold,,100
07/23/2026,37007,3rd Party - DoorDash,1344.97,
07/23/2026,37007,3rd Party - UberEats,354.46,
07/23/2026,37007,Cash Over/Short Adjustment,0.31,
07/23/2026,37007,Register Audit Adjustment,424,
07/23/2026,37009,Subject to Tax,,3620.28
07/23/2026,37009,Non-Taxable Sales,,407.95
07/23/2026,37009,Register Audit,486,
07/23/2026,37009,Sales Tax,,307.83
07/23/2026,37009,In-Store Credit Card,1784.33,
07/23/2026,37009,Online Credit card,1382.27,
07/23/2026,37009,Online Credit Card Tips,,78
07/23/2026,37009,In-Store Credit Card Tips,,119.6
07/23/2026,37009,Gift Card,28.1,
07/23/2026,37009,3rd Party - DoorDash,776.57,
07/23/2026,37009,3rd Party - UberEats,75.89,
07/23/2026,37009,Cash Over/Short Adjustment,0.5,
07/23/2026,37010,Subject to Tax,,6762.11
07/23/2026,37010,Non-Taxable Sales,,789.9
07/23/2026,37010,Register Audit,912,
07/23/2026,37010,Sales Tax,,574.82
07/23/2026,37010,In-Store Credit Card,3741.66,
07/23/2026,37010,Online Credit card,3087.17,
07/23/2026,37010,Online Credit Card Tips,,117.09
07/23/2026,37010,In-Store Credit Card Tips,,241.96
07/23/2026,37010,Gift Card,103.48,
07/23/2026,37010,3rd Party - DoorDash,508.11,
07/23/2026,37010,3rd Party - UberEats,134.94,
07/23/2026,37010,Cash Over/Short Adjustment,,0.48
07/23/2026,37010,Register Audit Adjustment,,1
07/23/2026,37013,Subject to Tax,,3410.29
07/23/2026,37013,Non-Taxable Sales,,328.99
07/23/2026,37013,Register Audit,538,
07/23/2026,37013,Sales Tax,,289.92
07/23/2026,37013,In-Store Credit Card,1719.4,
07/23/2026,37013,Online Credit card,1625.82,
07/23/2026,37013,Online Credit Card Tips,,58.92
07/23/2026,37013,In-Store Credit Card Tips,,113.89
07/23/2026,37013,3rd Party - DoorDash,308.41,
07/23/2026,37013,Cash Over/Short Adjustment,0.38,
07/23/2026,37013,Register Audit Adjustment,10,
07/23/2026,37014,Subject to Tax,,3785.25
07/23/2026,37014,Non-Taxable Sales,,455.66
07/23/2026,37014,Register Audit,489,
07/23/2026,37014,Sales Tax,,321.73
07/23/2026,37014,In-Store Credit Card,2007.46,
07/23/2026,37014,Online Credit card,1564.76,
07/23/2026,37014,Online Credit Card Tips,,62
07/23/2026,37014,In-Store Credit Card Tips,,121.45
07/23/2026,37014,3rd Party - DoorDash,654.15,
07/23/2026,37014,3rd Party - UberEats,90.67,
07/23/2026,37014,Cash Over/Short Adjustment,,0.95
07/23/2026,37014,Register Audit Adjustment,,59
07/23/2026,37016,Subject to Tax,,3343.47
07/23/2026,37016,Non-Taxable Sales,,415.87
07/23/2026,37016,Register Audit,654.38,
07/23/2026,37016,Sales Tax,,284.24
07/23/2026,37016,In-Store Credit Card,1791.89,
07/23/2026,37016,Online Credit card,1560.99,
07/23/2026,37016,Online Credit Card Tips,,40.92
07/23/2026,37016,In-Store Credit Card Tips,,87.37
07/23/2026,37016,3rd Party - DoorDash,164.61,
07/23/2026,37020,Subject to Tax,,2707.03
07/23/2026,37020,Non-Taxable Sales,,329.87
07/23/2026,37020,Register Audit,400,
07/23/2026,37020,Sales Tax,,230.18
07/23/2026,37020,In-Store Credit Card,1320.8,
07/23/2026,37020,Online Credit card,1446.48,
07/23/2026,37020,Online Gift Card,52.75,
07/23/2026,37020,Online Credit Card Tips,,50.5
07/23/2026,37020,In-Store Credit Card Tips,,84.97
07/23/2026,37020,Online Gift Card Tips,,1
07/23/2026,37020,Gift Card,85.42,
07/23/2026,37020,3rd Party - DoorDash,98.58,
07/23/2026,37020,Cash Over/Short Adjustment,,0.48
07/23/2026,49001,Subject to Tax,,5539.7
07/23/2026,49001,3rd Party Tax Exempt,,550.67
07/23/2026,49001,Sales Tax,,443.03
07/23/2026,49001,In-Store Credit Card,3221.41,
07/23/2026,49001,Online Credit card,2608.81,
07/23/2026,49001,Online Gift Card,125,
07/23/2026,49001,Online Credit Card Tips,,102
07/23/2026,49001,In-Store Credit Card Tips,,227.15
07/23/2026,49001,Online Gift Card Tips,,5
07/23/2026,49001,Gift Card,13.55,
07/23/2026,49001,Gift Card Sold,,100
07/23/2026,49001,3rd Party - DoorDash,423.77,
07/23/2026,49001,3rd Party - UberEats,126.9,
07/23/2026,49001,Cash Over/Short Adjustment,0.11,
07/23/2026,49001,Register Audit Adjustment,448,
07/23/2026,49002,Subject to Tax,,3571.1
07/23/2026,49002,3rd Party Tax Exempt,,279.25
07/23/2026,49002,Sales Tax,,285.72
07/23/2026,49002,In-Store Credit Card,2045.15,
07/23/2026,49002,Online Credit card,1443.84,
07/23/2026,49002,Online Gift Card,65.68,
07/23/2026,49002,Online Credit Card Tips,,48
07/23/2026,49002,In-Store Credit Card Tips,,112.62
07/23/2026,49002,Gift Card,28.62,
07/23/2026,49002,3rd Party - DoorDash,279.25,
07/23/2026,49002,Cash Over/Short Adjustment,0.15,
07/23/2026,49002,Register Audit Adjustment,434,
07/23/2026,49003,Subject to Tax,,3720.2
07/23/2026,49003,3rd Party Tax Exempt,,390.37
07/23/2026,49003,Sales Tax,,297.74
07/23/2026,49003,In-Store Credit Card,2543.23,
07/23/2026,49003,Online Credit card,1212.32,
07/23/2026,49003,Online Credit Card Tips,,44.25
07/23/2026,49003,In-Store Credit Card Tips,,171.38
07/23/2026,49003,3rd Party - DoorDash,321.79,
07/23/2026,49003,3rd Party - GrubHub,18.18,
07/23/2026,49003,3rd Party - UberEats,50.4,
07/23/2026,49003,Cash Over/Short Adjustment,0.02,
07/23/2026,49003,Register Audit Adjustment,478,
07/23/2026,49004,Subject to Tax,,4277.1
07/23/2026,49004,3rd Party Tax Exempt,,730.66
07/23/2026,49004,Sales Tax,,341.93
07/23/2026,49004,In-Store Credit Card,1818.45,
07/23/2026,49004,Payout,12.58,
07/23/2026,49004,Online Credit card,2073.78,
07/23/2026,49004,Online Gift Card,55.63,
07/23/2026,49004,Online Credit Card Tips,,71.22
07/23/2026,49004,In-Store Credit Card Tips,,113.77
07/23/2026,49004,Online Gift Card Tips,,6
07/23/2026,49004,Gift Card,11.56,
07/23/2026,49004,3rd Party - DoorDash,677.14,
07/23/2026,49004,3rd Party - GrubHub,25.68,
07/23/2026,49004,3rd Party - UberEats,27.84,
07/23/2026,49004,Cash Over/Short Adjustment,0.02,
07/23/2026,49004,Register Audit Adjustment,838,
07/23/2026,49005,Subject to Tax,,4673
07/23/2026,49005,3rd Party Tax Exempt,,449.33
07/23/2026,49005,Sales Tax,,373.89
07/23/2026,49005,In-Store Credit Card,2777.02,
07/23/2026,49005,Online Credit card,1998.55,
07/23/2026,49005,Online Credit Card Tips,,88.5
07/23/2026,49005,In-Store Credit Card Tips,,207.02
07/23/2026,49005,Gift Card,18.74,
07/23/2026,49005,3rd Party - DoorDash,424.44,
07/23/2026,49005,3rd Party - GrubHub,10.74,
07/23/2026,49005,3rd Party - UberEats,14.15,
07/23/2026,49005,Cash Over/Short Adjustment,0.1,
07/23/2026,49005,Register Audit Adjustment,548,
07/23/2026,49006,Subject to Tax,,5545.1
07/23/2026,49006,3rd Party Tax Exempt,,1156.82
07/23/2026,49006,Register Audit,318.15,
07/23/2026,49006,Sales Tax,,443.58
07/23/2026,49006,In-Store Credit Card,3275.67,
07/23/2026,49006,Payout,22.27,
07/23/2026,49006,Online Credit card,2394.57,
07/23/2026,49006,Online Gift Card,60.32,
07/23/2026,49006,Online Credit Card Tips,,76.68
07/23/2026,49006,In-Store Credit Card Tips,,213.88
07/23/2026,49006,Online Gift Card Tips,,2
07/23/2026,49006,Gift Card,36.38,
07/23/2026,49006,3rd Party - DoorDash,886.85,
07/23/2026,49006,3rd Party - UberEats,269.97,
07/23/2026,49006,Register Audit Adjustment,1,
07/23/2026,49007,Subject to Tax,,2581.1
07/23/2026,49007,3rd Party Tax Exempt,,640.65
07/23/2026,49007,Register Audit,358.65,
07/23/2026,49007,Sales Tax,,206.12
07/23/2026,49007,In-Store Credit Card,1293.79,
07/23/2026,49007,Online Credit card,1224.1,
07/23/2026,49007,Online Gift Card,11.78,
07/23/2026,49007,Online Credit Card Tips,,22
07/23/2026,49007,In-Store Credit Card Tips,,82.39
07/23/2026,49007,3rd Party - DoorDash,517.67,
07/23/2026,49007,3rd Party - GrubHub,86.08,
07/23/2026,49007,3rd Party - UberEats,36.9,
07/23/2026,49008,Subject to Tax,,3524.55
07/23/2026,49008,3rd Party Tax Exempt,,583.26
07/23/2026,49008,Register Audit,476,
07/23/2026,49008,Sales Tax,,281.64
07/23/2026,49008,In-Store Credit Card,1976.78,
07/23/2026,49008,Online Credit card,1482.54,
07/23/2026,49008,Online Gift Card,11.69,
07/23/2026,49008,Online Credit Card Tips,,42.34
07/23/2026,49008,In-Store Credit Card Tips,,120.78
07/23/2026,49008,Online Gift Card Tips,,1
07/23/2026,49008,Gift Card,22.95,
07/23/2026,49008,3rd Party - DoorDash,569.11,
07/23/2026,49008,3rd Party - UberEats,14.15,
07/23/2026,49008,Cash Over/Short Adjustment,0.35,
07/23/2026,49009,Subject to Tax,,4142.2
07/23/2026,49009,3rd Party Tax Exempt,,1198.86
07/23/2026,49009,Sales Tax,,331.12
07/23/2026,49009,In-Store Credit Card,2493.79,
07/23/2026,49009,Payout,29,
07/23/2026,49009,Online Credit card,1517.35,
07/23/2026,49009,Online Gift Card,23.11,
07/23/2026,49009,Online Credit Card Tips,,30.33
07/23/2026,49009,In-Store Credit Card Tips,,208.09
07/23/2026,49009,Gift Card,59.62,
07/23/2026,49009,3rd Party - DoorDash,1181.64,
07/23/2026,49009,3rd Party - UberEats,17.22,
07/23/2026,49009,Cash Over/Short Adjustment,0.87,
07/23/2026,49009,Register Audit Adjustment,588,
07/23/2026,49010,Subject to Tax,,3693.65
07/23/2026,49010,3rd Party Tax Exempt,,245.85
07/23/2026,49010,Sales Tax,,295.34
07/23/2026,49010,In-Store Credit Card,2289.11,
07/23/2026,49010,Online Credit card,1629.24,
07/23/2026,49010,Online Credit Card Tips,,43
07/23/2026,49010,In-Store Credit Card Tips,,166.08
07/23/2026,49010,Gift Card,35.53,
07/23/2026,49010,3rd Party - DoorDash,211.83,
07/23/2026,49010,3rd Party - UberEats,34.02,
07/23/2026,49010,Cash Over/Short Adjustment,0.19,
07/23/2026,49010,Register Audit Adjustment,244,
07/23/2026,49011,Subject to Tax,,4066.35
07/23/2026,49011,3rd Party Tax Exempt,,219.25
07/23/2026,49011,Register Audit,801,
07/23/2026,49011,Sales Tax,,325.16
07/23/2026,49011,In-Store Credit Card,1733.61,
07/23/2026,49011,Online Credit card,2049.83,
07/23/2026,49011,Online Credit Card Tips,,61
07/23/2026,49011,In-Store Credit Card Tips,,139.87
07/23/2026,49011,Gift Card,47.57,
07/23/2026,49011,Gift Card Sold,,40
07/23/2026,49011,3rd Party - DoorDash,200.9,
07/23/2026,49011,3rd Party - GrubHub,18.35,
07/23/2026,49011,Cash Over/Short Adjustment,0.37,
07/24/2026,2006,Subject to Tax,,144.74
07/24/2026,2006,Non-Taxable Sales,,3922.86
07/24/2026,2006,3rd Party Tax Exempt,,3.72
07/24/2026,2006,Register Audit,326,
07/24/2026,2006,Sales Tax,,10.74
07/24/2026,2006,In-Store Credit Card,1784.99,
07/24/2026,2006,Online Credit card,1514.91,
07/24/2026,2006,Online Credit Card Tips,,115
07/24/2026,2006,In-Store Credit Card Tips,,114
07/24/2026,2006,Gift Card,30.84,
07/24/2026,2006,3rd Party - DoorDash,695.44,
07/24/2026,2006,3rd Party - GrubHub,61.55,
07/24/2026,2006,3rd Party - UberEats,127.78,
07/24/2026,2006,Payin,,231
07/24/2026,2006,Cash Over/Short Adjustment,0.55,
07/24/2026,2016,Subject to Tax,,126.54
07/24/2026,2016,Non-Taxable Sales,,4075.61
07/24/2026,2016,3rd Party Tax Exempt,,18.6
07/24/2026,2016,Register Audit,676.74,
07/24/2026,2016,Sales Tax,,8.57
07/24/2026,2016,In-Store Credit Card,2030.64,
07/24/2026,2016,Online Credit card,1398.88,
07/24/2026,2016,Online Credit Card Tips,,53
07/24/2026,2016,In-Store Credit Card Tips,,96.3
07/24/2026,2016,Gift Card,28.66,
07/24/2026,2016,3rd Party - DoorDash,497.92,
07/24/2026,2016,3rd Party - UberEats,15.78,
07/24/2026,2016,Payin,,270
07/24/2026,2017,Subject to Tax,,211.38
07/24/2026,2017,Non-Taxable Sales,,3908.26
07/24/2026,2017,3rd Party Tax Exempt,,15.12
07/24/2026,2017,Register Audit,250,
07/24/2026,2017,Sales Tax,,15.15
07/24/2026,2017,In-Store Credit Card,2363.33,
07/24/2026,2017,Payout,49.66,
07/24/2026,2017,Online Credit card,1341.65,
07/24/2026,2017,Online Credit Card Tips,,55.7
07/24/2026,2017,In-Store Credit Card Tips,,168.15
07/24/2026,2017,Gift Card,39,
07/24/2026,2017,Gift Card Sold,,30
07/24/2026,2017,3rd Party - DoorDash,367.38,
07/24/2026,2017,3rd Party - GrubHub,64.8,
07/24/2026,2017,3rd Party - UberEats,60.06,
07/24/2026,2017,Payin,,132
07/24/2026,2017,Cash Over/Short Adjustment,,0.12
07/24/2026,2020,Subject to Tax,,557.73
07/24/2026,2020,Non-Taxable Sales,,3007.3
07/24/2026,2020,3rd Party Tax Exempt,,13.8
07/24/2026,2020,Register Audit,652,
07/24/2026,2020,Sales Tax,,39.8
07/24/2026,2020,In-Store Credit Card,2036.53,
07/24/2026,2020,Online Credit card,820.19,
07/24/2026,2020,Online Gift Card,19.75,
07/24/2026,2020,Online Credit Card Tips,,24
07/24/2026,2020,In-Store Credit Card Tips,,104.04
07/24/2026,2020,Gift Card,170.91,
07/24/2026,2020,3rd Party - DoorDash,380.94,
07/24/2026,2020,3rd Party - GrubHub,15.11,
07/24/2026,2020,Payin,,349
07/24/2026,2020,Cash Over/Short Adjustment,0.24,
07/24/2026,2023,Subject to Tax,,178.2
07/24/2026,2023,Non-Taxable Sales,,3987.47
07/24/2026,2023,3rd Party Tax Exempt,,29.4
07/24/2026,2023,Register Audit,381,
07/24/2026,2023,Sales Tax,,12.41
07/24/2026,2023,In-Store Credit Card,1914.16,
07/24/2026,2023,Payout,43.2,
07/24/2026,2023,Online Credit card,1209.59,
07/24/2026,2023,Online Gift Card,51.74,
07/24/2026,2023,Online Credit Card Tips,,39.4
07/24/2026,2023,In-Store Credit Card Tips,,123.05
07/24/2026,2023,Gift Card,88.15,
07/24/2026,2023,3rd Party - DoorDash,652.99,
07/24/2026,2023,3rd Party - GrubHub,12.84,
07/24/2026,2023,3rd Party - UberEats,197.39,
07/24/2026,2023,Payin,,181
07/24/2026,2023,Cash Over/Short Adjustment,,0.13
07/24/2026,2024,Subject to Tax,,177.39
07/24/2026,2024,Non-Taxable Sales,,3178.92
07/24/2026,2024,3rd Party Tax Exempt,,25.56
07/24/2026,2024,Register Audit,360,
07/24/2026,2024,Sales Tax,,14.25
07/24/2026,2024,In-Store Credit Card,2010.79,
07/24/2026,2024,Payout,15.11,
07/24/2026,2024,Online Credit card,941.86,
07/24/2026,2024,Online Credit Card Tips,,25
07/24/2026,2024,In-Store Credit Card Tips,,154
07/24/2026,2024,Gift Card,14.24,
07/24/2026,2024,3rd Party - DoorDash,375.31,
07/24/2026,2024,3rd Party - GrubHub,23.04,
07/24/2026,2024,3rd Party - UberEats,49.85,
07/24/2026,2024,Payin,,215
07/24/2026,2024,Cash Over/Short Adjustment,,0.08
07/24/2026,2047,Subject to Tax,,244.28
07/24/2026,2047,Non-Taxable Sales,,4087.23
07/24/2026,2047,3rd Party Tax Exempt,,29.76
07/24/2026,2047,Register Audit,548,
07/24/2026,2047,Sales Tax,,17.51
07/24/2026,2047,In-Store Credit Card,2008.17,
07/24/2026,2047,Payout,11.4,
07/24/2026,2047,Online Credit card,1246.96,
07/24/2026,2047,Online Gift Card,22,
07/24/2026,2047,Online Credit Card Tips,,29.05
07/24/2026,2047,In-Store Credit Card Tips,,88.28
07/24/2026,2047,Gift Card,35.83,
07/24/2026,2047,3rd Party - DoorDash,846.27,
07/24/2026,2047,3rd Party - UberEats,94.37,
07/24/2026,2047,Payin,,317
07/24/2026,2047,Cash Over/Short Adjustment,0.11,
07/24/2026,4003,Subject to Tax,,5789.92
07/24/2026,4003,Register Audit,584.97,
07/24/2026,4003,Sales Tax,,564.41
07/24/2026,4003,In-Store Credit Card,2796.42,
07/24/2026,4003,Payout,28.77,
07/24/2026,4003,Online Credit card,1582.93,
07/24/2026,4003,Online Credit Card Tips,,38
07/24/2026,4003,In-Store Credit Card Tips,,198.39
07/24/2026,4003,Gift Card,77.83,
07/24/2026,4003,Gift Card Sold,,15
07/24/2026,4003,3rd Party - DoorDash,1074.62,
07/24/2026,4003,3rd Party - GrubHub,63.51,
07/24/2026,4003,3rd Party - UberEats,632.31,
07/24/2026,4003,Payin,,236
07/24/2026,4003,Cash Over/Short Adjustment,0.36,
07/24/2026,4004,Subject to Tax,,4221.4
07/24/2026,4004,Register Audit,266,
07/24/2026,4004,Sales Tax,,411.45
07/24/2026,4004,In-Store Credit Card,2469.56,
07/24/2026,4004,Payout,15.68,
07/24/2026,4004,Online Credit card,951.24,
07/24/2026,4004,Online Credit Card Tips,,23.39
07/24/2026,4004,In-Store Credit Card Tips,,163.39
07/24/2026,4004,Gift Card,14.82,
07/24/2026,4004,3rd Party - DoorDash,738.43,
07/24/2026,4004,3rd Party - GrubHub,20.68,
07/24/2026,4004,3rd Party - UberEats,520.48,
07/24/2026,4004,Payin,,178
07/24/2026,4004,Cash Over/Short Adjustment,0.74,
07/24/2026,4005,Subject to Tax,,4000.38
07/24/2026,4005,Tax Exempt,,71.7
07/24/2026,4005,Register Audit,513,
07/24/2026,4005,Sales Tax,,390.05
07/24/2026,4005,In-Store Credit Card,2786.27,
07/24/2026,4005,Online Credit card,1125.69,
07/24/2026,4005,In-Store Credit Card Tips,,186.62
07/24/2026,4005,Gift Card,10.54,
07/24/2026,4005,3rd Party - DoorDash,346.12,
07/24/2026,4005,3rd Party - UberEats,122.92,
07/24/2026,4005,Payin,,256
07/24/2026,4005,Cash Over/Short Adjustment,0.21,
07/24/2026,4009,Subject to Tax,,3170.28
07/24/2026,4009,Register Audit,345,
07/24/2026,4009,Sales Tax,,309.13
07/24/2026,4009,In-Store Credit Card,2013.92,
07/24/2026,4009,Online Credit card,669.32,
07/24/2026,4009,Online Gift Card,23,
07/24/2026,4009,Online Credit Card Tips,,14
07/24/2026,4009,In-Store Credit Card Tips,,121.69
07/24/2026,4009,3rd Party - DoorDash,406.88,
07/24/2026,4009,3rd Party - UberEats,333.72,
07/24/2026,4009,Payin,,176
07/24/2026,4009,Cash Over/Short Adjustment,,0.74
07/24/2026,4010,Subject to Tax,,3292.81
07/24/2026,4010,Register Audit,592,
07/24/2026,4010,Sales Tax,,321.09
07/24/2026,4010,In-Store Credit Card,1863.46,
07/24/2026,4010,Online Credit card,974.22,
07/24/2026,4010,Online Gift Card,10,
07/24/2026,4010,In-Store Credit Card Tips,,159.78
07/24/2026,4010,Gift Card,34.35,
07/24/2026,4010,3rd Party - DoorDash,182.09,
07/24/2026,4010,3rd Party - GrubHub,37.11,
07/24/2026,4010,3rd Party - UberEats,408.19,
07/24/2026,4010,Payin,,328
07/24/2026,4010,Cash Over/Short Adjustment,0.26,
07/24/2026,4015,Subject to Tax,,3133.17
07/24/2026,4015,Register Audit,464,
07/24/2026,4015,Sales Tax,,305.42
07/24/2026,4015,In-Store Credit Card,1928.24,
07/24/2026,4015,Online Credit card,1055.66,
07/24/2026,4015,Online Credit Card Tips,,32
07/24/2026,4015,In-Store Credit Card Tips,,130.37
07/24/2026,4015,Gift Card,37.97,
07/24/2026,4015,3rd Party - DoorDash,279.25,
07/24/2026,4015,3rd Party - UberEats,116.79,
07/24/2026,4015,Payin,,281
07/24/2026,4015,Cash Over/Short Adjustment,0.05,
07/24/2026,4021,Subject to Tax,,3546.31
07/24/2026,4021,Sales Tax,,345.81
07/24/2026,4021,In-Store Credit Card,2267.92,
07/24/2026,4021,Online Credit card,827.16,
07/24/2026,4021,Online Credit Card Tips,,27.2
07/24/2026,4021,In-Store Credit Card Tips,,157.37
07/24/2026,4021,Gift Card,25,
07/24/2026,4021,3rd Party - DoorDash,469.06,
07/24/2026,4021,3rd Party - GrubHub,17.77,
07/24/2026,4021,3rd Party - UberEats,318.32,
07/24/2026,4021,Payin,,228
07/24/2026,4021,Cash Over/Short Adjustment,0.46,
07/24/2026,4021,Register Audit Adjustment,379,
07/24/2026,4025,Subject to Tax,,3662.66
07/24/2026,4025,Register Audit,657,
07/24/2026,4025,Sales Tax,,357.15
07/24/2026,4025,In-Store Credit Card,2029.87,
07/24/2026,4025,Online Credit card,975.78,
07/24/2026,4025,Online Gift Card,10.3,
07/24/2026,4025,Online Credit Card Tips,,47
07/24/2026,4025,In-Store Credit Card Tips,,126.01
07/24/2026,4025,Online Gift Card Tips,,2
07/24/2026,4025,Gift Card,4.3,
07/24/2026,4025,3rd Party - DoorDash,510.97,
07/24/2026,4025,3rd Party - UberEats,272.07,
07/24/2026,4025,Payin,,265
07/24/2026,4025,Cash Over/Short Adjustment,,0.47
07/24/2026,4027,Subject to Tax,,4564.42
07/24/2026,4027,Sales Tax,,445.02
07/24/2026,4027,In-Store Credit Card,2571.78,
07/24/2026,4027,Online Credit card,745.42,
07/24/2026,4027,Online Gift Card,24.25,
07/24/2026,4027,In-Store Credit Card Tips,,145.69
07/24/2026,4027,3rd Party - DoorDash,877.4,
07/24/2026,4027,3rd Party - UberEats,441.63,
07/24/2026,4027,Payin,,151
07/24/2026,4027,Cash Over/Short Adjustment,0.65,
07/24/2026,4027,Register Audit Adjustment,645,
07/24/2026,4034,Subject to Tax,,4001.32
07/24/2026,4034,Register Audit,601,
07/24/2026,4034,Sales Tax,,390.07
07/24/2026,4034,In-Store Credit Card,2238.78,
07/24/2026,4034,Online Credit card,1390.28,
07/24/2026,4034,Online Credit Card Tips,,20
07/24/2026,4034,In-Store Credit Card Tips,,134.27
07/24/2026,4034,Gift Card,41.95,
07/24/2026,4034,3rd Party - DoorDash,568.72,
07/24/2026,4034,Payin,,295
07/24/2026,4034,Cash Over/Short Adjustment,,0.07
07/24/2026,4036,Subject to Tax,,5030.73
07/24/2026,4036,Register Audit,877,
07/24/2026,4036,Sales Tax,,490.52
07/24/2026,4036,In-Store Credit Card,2408.41,
07/24/2026,4036,Online Credit card,1369.97,
07/24/2026,4036,Online Credit Card Tips,,32.63
07/24/2026,4036,In-Store Credit Card Tips,,150.31
07/24/2026,4036,Gift Card,31.06,
07/24/2026,4036,3rd Party - DoorDash,939.82,
07/24/2026,4036,3rd Party - UberEats,424.35,
07/24/2026,4036,Payin,,347
07/24/2026,4036,Cash Over/Short Adjustment,0.58,
07/24/2026,4042,Subject to Tax,,5737.5
07/24/2026,4042,Sales Tax,,559.36
07/24/2026,4042,In-Store Credit Card,2990.12,
07/24/2026,4042,Online Credit card,1917.24,
07/24/2026,4042,Online Gift Card,50,
07/24/2026,4042,Online Credit Card Tips,,62.05
07/24/2026,4042,In-Store Credit Card Tips,,171.5
07/24/2026,4042,Gift Card,23.21,
07/24/2026,4042,Gift Card Sold,,25
07/24/2026,4042,3rd Party - DoorDash,1071.56,
07/24/2026,4042,3rd Party - UberEats,224.63,
07/24/2026,4042,Payin,,173
07/24/2026,4042,Cash Over/Short Adjustment,0.65,
07/24/2026,4042,Register Audit Adjustment,451,
07/24/2026,4052,Subject to Tax,,4451.63
07/24/2026,4052,Register Audit,1321,
07/24/2026,4052,Sales Tax,,434
07/24/2026,4052,In-Store Credit Card,2085.23,
07/24/2026,4052,Online Credit card,1540.12,
07/24/2026,4052,Online Credit Card Tips,,50
07/24/2026,4052,In-Store Credit Card Tips,,116.28
07/24/2026,4052,Gift Card,7.48,
07/24/2026,4052,3rd Party - DoorDash,503.73,
07/24/2026,4052,3rd Party - GrubHub,57.26,
07/24/2026,4052,3rd Party - UberEats,30.42,
07/24/2026,4052,Payin,,493
07/24/2026,4052,Cash Over/Short Adjustment,,0.33
07/24/2026,4061,Subject to Tax,,3805.3
07/24/2026,4061,Register Audit,594,
07/24/2026,4061,Sales Tax,,370.95
07/24/2026,4061,In-Store Credit Card,2000.53,
07/24/2026,4061,Online Credit card,1286.94,
07/24/2026,4061,Online Gift Card,15,
07/24/2026,4061,Online Credit Card Tips,,38.26
07/24/2026,4061,In-Store Credit Card Tips,,138.14
07/24/2026,4061,3rd Party - DoorDash,272.44,
07/24/2026,4061,3rd Party - GrubHub,57.21,
07/24/2026,4061,3rd Party - UberEats,356.78,
07/24/2026,4061,Payin,,230
07/24/2026,4061,Cash Over/Short Adjustment,,0.25
07/24/2026,4074,Subject to Tax,,2855.45
07/24/2026,4074,Register Audit,250,
07/24/2026,4074,Sales Tax,,278.4
07/24/2026,4074,In-Store Credit Card,1931.68,
07/24/2026,4074,Online Credit card,754.54,
07/24/2026,4074,Online Gift Card,10.39,
07/24/2026,4074,Online Credit Card Tips,,22
07/24/2026,4074,In-Store Credit Card Tips,,149.32
07/24/2026,4074,Gift Card,10,
07/24/2026,4074,3rd Party - DoorDash,398.32,
07/24/2026,4074,3rd Party - GrubHub,52.08,
07/24/2026,4074,3rd Party - UberEats,48.18,
07/24/2026,4074,Payin,,150
07/24/2026,4074,Cash Over/Short Adjustment,,0.02
07/24/2026,5042,Subject to Tax,,3466.05
07/24/2026,5042,Non-Taxable Sales,,10.5
07/24/2026,5042,3rd Party Tax Exempt,,738.86
07/24/2026,5042,Register Audit,828,
07/24/2026,5042,Sales Tax,,239.41
07/24/2026,5042,In-Store Credit Card,1955.71,
07/24/2026,5042,Payout,10.14,
07/24/2026,5042,Online Credit card,1513.57,
07/24/2026,5042,Online Credit Card Tips,,60
07/24/2026,5042,In-Store Credit Card Tips,,162.83
07/24/2026,5042,Gift Card,49.06,
07/24/2026,5042,3rd Party - DoorDash,612.53,
07/24/2026,5042,3rd Party - UberEats,126.33,
07/24/2026,5042,Payin,,417
07/24/2026,5042,Cash Over/Short Adjustment,,0.69
07/24/2026,5043,Subject to Tax,,4671.7
07/24/2026,5043,Non-Taxable Sales,,25.5
07/24/2026,5043,3rd Party Tax Exempt,,1111.62
07/24/2026,5043,Register Audit,903,
07/24/2026,5043,Sales Tax,,319.12
07/24/2026,5043,In-Store Credit Card,2690.84,
07/24/2026,5043,Payout,69.51,
07/24/2026,5043,Online Credit card,1868.91,
07/24/2026,5043,Online Gift Card,24.54,
07/24/2026,5043,Online Credit Card Tips,,59
07/24/2026,5043,In-Store Credit Card Tips,,131.92
07/24/2026,5043,Gift Card,31.53,
07/24/2026,5043,3rd Party - DoorDash,627.93,
07/24/2026,5043,3rd Party - GrubHub,27.94,
07/24/2026,5043,3rd Party - UberEats,455.75,
07/24/2026,5043,Payin,,382
07/24/2026,5043,Cash Over/Short Adjustment,0.91,
07/24/2026,5049,Subject to Tax,,2486.6
07/24/2026,5049,Non-Taxable Sales,,10
07/24/2026,5049,3rd Party Tax Exempt,,490.51
07/24/2026,5049,Register Audit,618,
07/24/2026,5049,Sales Tax,,202.35
07/24/2026,5049,In-Store Credit Card,1672.1,
07/24/2026,5049,Online Credit card,618.92,
07/24/2026,5049,Online Credit Card Tips,,14
07/24/2026,5049,In-Store Credit Card Tips,,94.92
07/24/2026,5049,Gift Card,84.41,
07/24/2026,5049,3rd Party - DoorDash,490.51,
07/24/2026,5049,Payin,,185
07/24/2026,5049,Cash Over/Short Adjustment,,0.56
07/24/2026,5057,Subject to Tax,,3156.9
07/24/2026,5057,Non-Taxable Sales,,5.5
07/24/2026,5057,3rd Party Tax Exempt,,370.07
07/24/2026,5057,Register Audit,473,
07/24/2026,5057,Sales Tax,,249.89
07/24/2026,5057,In-Store Credit Card,1914.81,
07/24/2026,5057,Payout,135.09,
07/24/2026,5057,Online Credit card,1165.16,
07/24/2026,5057,Online Credit Card Tips,,23
07/24/2026,5057,In-Store Credit Card Tips,,84.48
07/24/2026,5057,3rd Party - DoorDash,208.6,
07/24/2026,5057,3rd Party - UberEats,161.47,
07/24/2026,5057,Payin,,168
07/24/2026,5057,Cash Over/Short Adjustment,,0.29
07/24/2026,5059,Subject to Tax,,2978.95
07/24/2026,5059,Non-Taxable Sales,,13.5
07/24/2026,5059,3rd Party Tax Exempt,,561.48
07/24/2026,5059,Register Audit,594,
07/24/2026,5059,Sales Tax,,205.78
07/24/2026,5059,In-Store Credit Card,2030.57,
07/24/2026,5059,Online Credit card,905.37,
07/24/2026,5059,Online Gift Card,8.82,
07/24/2026,5059,Online Credit Card Tips,,24
07/24/2026,5059,In-Store Credit Card Tips,,131.26
07/24/2026,5059,Gift Card,37.34,
07/24/2026,5059,3rd Party - DoorDash,400.27,
07/24/2026,5059,3rd Party - GrubHub,36.94,
07/24/2026,5059,3rd Party - UberEats,124.27,
07/24/2026,5059,Payin,,223
07/24/2026,5059,Cash Over/Short Adjustment,0.39,
07/24/2026,5062,Subject to Tax,,2665.55
07/24/2026,5062,Non-Taxable Sales,,16
07/24/2026,5062,3rd Party Tax Exempt,,528.76
07/24/2026,5062,Sales Tax,,185.34
07/24/2026,5062,In-Store Credit Card,2057.87,
07/24/2026,5062,Payout,177.34,
07/24/2026,5062,Online Credit card,564.69,
07/24/2026,5062,Online Gift Card,40.22,
07/24/2026,5062,Online Credit Card Tips,,27
07/24/2026,5062,In-Store Credit Card Tips,,130.44
07/24/2026,5062,Gift Card,20.59,
07/24/2026,5062,3rd Party - DoorDash,352.44,
07/24/2026,5062,3rd Party - UberEats,176.32,
07/24/2026,5062,Payin,,192
07/24/2026,5062,Cash Over/Short Adjustment,0.62,
07/24/2026,5062,Register Audit Adjustment,355,
07/24/2026,5101,Subject to Tax,,2876.25
07/24/2026,5101,Non-Taxable Sales,,15
07/24/2026,5101,3rd Party Tax Exempt,,485.05
07/24/2026,5101,Register Audit,340,
07/24/2026,5101,Sales Tax,,199.36
07/24/2026,5101,In-Store Credit Card,2123.57,
07/24/2026,5101,Online Credit card,884.86,
07/24/2026,5101,Online Gift Card,50.7,
07/24/2026,5101,Online Credit Card Tips,,29
07/24/2026,5101,In-Store Credit Card Tips,,105.93
07/24/2026,5101,Online Gift Card Tips,,1
07/24/2026,5101,Gift Card,22.63,
07/24/2026,5101,3rd Party - DoorDash,395.49,
07/24/2026,5101,3rd Party - UberEats,89.56,
07/24/2026,5101,Payin,,194.59
07/24/2026,5101,Cash Over/Short Adjustment,,0.63
07/24/2026,5112,Subject to Tax,,2957.35
07/24/2026,5112,Non-Taxable Sales,,11.5
07/24/2026,5112,3rd Party Tax Exempt,,266.15
07/24/2026,5112,Register Audit,604,
07/24/2026,5112,Sales Tax,,231.98
07/24/2026,5112,In-Store Credit Card,1707.71,
07/24/2026,5112,Online Credit card,1071.42,
07/24/2026,5112,Online Gift Card,122.89,
07/24/2026,5112,Online Credit Card Tips,,25
07/24/2026,5112,In-Store Credit Card Tips,,91.48
07/24/2026,5112,Gift Card,29.06,
07/24/2026,5112,3rd Party - DoorDash,266.15,
07/24/2026,5112,Payin,,217
07/24/2026,5112,Cash Over/Short Adjustment,,0.77
07/24/2026,5127,Subject to Tax,,3797.8
07/24/2026,5127,Non-Taxable Sales,,16
07/24/2026,5127,3rd Party Tax Exempt,,224.49
07/24/2026,5127,Register Audit,810,
07/24/2026,5127,Sales Tax,,297.19
07/24/2026,5127,In-Store Credit Card,2226.58,
07/24/2026,5127,Online Credit card,1640.61,
07/24/2026,5127,Online Credit Card Tips,,63.09
07/24/2026,5127,In-Store Credit Card Tips,,146.09
07/24/2026,5127,Gift Card Sold,,25
07/24/2026,5127,3rd Party - DoorDash,131.62,
07/24/2026,5127,3rd Party - UberEats,92.87,
07/24/2026,5127,Payin,,332
07/24/2026,5127,Cash Over/Short Adjustment,,0.02
07/24/2026,6021,Subject to Tax,,4470.07
07/24/2026,6021,Non-Taxable Sales,,23.5
07/24/2026,6021,3rd Party Tax Exempt,,52.96
07/24/2026,6021,Sales Tax,,424.63
07/24/2026,6021,In-Store Credit Card,2570.96,
07/24/2026,6021,Online Credit card,1289.44,
07/24/2026,6021,Online Credit Card Tips,,40
07/24/2026,6021,In-Store Credit Card Tips,,146.83
07/24/2026,6021,Gift Card,23.46,
07/24/2026,6021,3rd Party - DoorDash,802.11,
07/24/2026,6021,3rd Party - GrubHub,58.21,
07/24/2026,6021,3rd Party - UberEats,52.96,
07/24/2026,6021,Payin,,251
07/24/2026,6021,Cash Over/Short Adjustment,0.85,
07/24/2026,6021,Register Audit Adjustment,611,
07/24/2026,6026,Subject to Tax,,2934.88
07/24/2026,6026,Non-Taxable Sales,,6
07/24/2026,6026,3rd Party Tax Exempt,,61.8
07/24/2026,6026,Register Audit,763,
07/24/2026,6026,Sales Tax,,176.11
07/24/2026,6026,In-Store Credit Card,1598.55,
07/24/2026,6026,Payout,15.86,
07/24/2026,6026,Online Credit card,764.29,
07/24/2026,6026,Online Credit Card Tips,,29.42
07/24/2026,6026,In-Store Credit Card Tips,,100.57
07/24/2026,6026,3rd Party - DoorDash,316.81,
07/24/2026,6026,3rd Party - GrubHub,74.15,
07/24/2026,6026,3rd Party - UberEats,61.8,
07/24/2026,6026,Payin,,275
07/24/2026,6026,Cash Over/Short Adjustment,0.22,
07/24/2026,6026,Register Audit Adjustment,6,
07/24/2026,6032,Subject to Tax,,4185.25
07/24/2026,6032,Non-Taxable Sales,,44.5
07/24/2026,6032,3rd Party Tax Exempt,,303.4
07/24/2026,6032,Sales Tax,,251.11
07/24/2026,6032,In-Store Credit Card,2120.77,
07/24/2026,6032,Online Credit card,1576.65,
07/24/2026,6032,Online Gift Card,11.13,
07/24/2026,6032,Online Credit Card Tips,,57
07/24/2026,6032,In-Store Credit Card Tips,,144.19
07/24/2026,6032,3rd Party - DoorDash,510.15,
07/24/2026,6032,3rd Party - GrubHub,22.39,
07/24/2026,6032,3rd Party - UberEats,303.4,
07/24/2026,6032,Payin,,202
07/24/2026,6032,Cash Over/Short Adjustment,0.96,
07/24/2026,6032,Register Audit Adjustment,642,
07/24/2026,6037,Subject to Tax,,3747.04
07/24/2026,6037,Non-Taxable Sales,,15
07/24/2026,6037,Register Audit,566,
07/24/2026,6037,Sales Tax,,412.29
07/24/2026,6037,In-Store Credit Card,2497.85,
07/24/2026,6037,Online Credit card,1502.75,
07/24/2026,6037,Online Gift Card,20.2,
07/24/2026,6037,Online Credit Card Tips,,41
07/24/2026,6037,In-Store Credit Card Tips,,199.75
07/24/2026,6037,Gift Card,25.76,
07/24/2026,6037,3rd Party - GrubHub,93.5,
07/24/2026,6037,3rd Party - UberEats,34.3,
07/24/2026,6037,Payin,,325
07/24/2026,6037,Cash Over/Short Adjustment,,0.28
07/24/2026,6039,Subject to Tax,,3484.15
07/24/2026,6039,Non-Taxable Sales,,27.5
07/24/2026,6039,3rd Party Tax Exempt,,245.53
07/24/2026,6039,Sales Tax,,209.02
07/24/2026,6039,In-Store Credit Card,2364.79,
07/24/2026,6039,Online Credit card,924.71,
07/24/2026,6039,Online Credit Card Tips,,26
07/24/2026,6039,In-Store Credit Card Tips,,159.94
07/24/2026,6039,Gift Card,39.75,
07/24/2026,6039,3rd Party - DoorDash,382.16,
07/24/2026,6039,3rd Party - UberEats,245.53,
07/24/2026,6039,Payin,,151
07/24/2026,6039,Cash Over/Short Adjustment,0.2,
07/24/2026,6039,Register Audit Adjustment,346,
07/24/2026,6044,Subject to Tax,,4134.32
07/24/2026,6044,Non-Taxable Sales,,20
07/24/2026,6044,Sales Tax,,467.22
07/24/2026,6044,In-Store Credit Card,2398.1,
07/24/2026,6044,Online Credit card,1204.75,
07/24/2026,6044,Online Credit Card Tips,,18
07/24/2026,6044,In-Store Credit Card Tips,,123.98
07/24/2026,6044,Gift Card,23.26,
07/24/2026,6044,3rd Party - DoorDash,610.45,
07/24/2026,6044,Payin,,302
07/24/2026,6044,Cash Over/Short Adjustment,0.96,
07/24/2026,6044,Register Audit Adjustment,828,
07/24/2026,6065,Subject to Tax,,4004.57
07/24/2026,6065,Non-Taxable Sales,,50
07/24/2026,6065,3rd Party Tax Exempt,,119.15
07/24/2026,6065,Sales Tax,,400.65
07/24/2026,6065,In-Store Credit Card,2179.76,
07/24/2026,6065,Payout,13.44,
07/24/2026,6065,Online Credit card,1795.5,
07/24/2026,6065,Online Credit Card Tips,,47.17
07/24/2026,6065,In-Store Credit Card Tips,,150.57
07/24/2026,6065,Gift Card,90.63,
07/24/2026,6065,3rd Party - DoorDash,374.47,
07/24/2026,6065,3rd Party - UberEats,119.15,
07/24/2026,6065,Payin,,255
07/24/2026,6065,Cash Over/Short Adjustment,0.16,
07/24/2026,6065,Register Audit Adjustment,454,
07/24/2026,6072,Subject to Tax,,4658.07
07/24/2026,6072,Non-Taxable Sales,,22.5
07/24/2026,6072,3rd Party Tax Exempt,,198.51
07/24/2026,6072,Register Audit,802,
07/24/2026,6072,Sales Tax,,549.67
07/24/2026,6072,In-Store Credit Card,2927.67,
07/24/2026,6072,Payout,11.55,
07/24/2026,6072,Online Credit card,1124.53,
07/24/2026,6072,Online Gift Card,22.48,
07/24/2026,6072,Online Credit Card Tips,,36
07/24/2026,6072,In-Store Credit Card Tips,,189.29
07/24/2026,6072,Gift Card,11.68,
07/24/2026,6072,3rd Party - DoorDash,850.78,
07/24/2026,6072,3rd Party - GrubHub,53.52,
07/24/2026,6072,3rd Party - UberEats,198.51,
07/24/2026,6072,Payin,,348
07/24/2026,6072,Cash Over/Short Adjustment,,0.68
07/24/2026,6074,Subject to Tax,,2941.5
07/24/2026,6074,Non-Taxable Sales,,27
07/24/2026,6074,3rd Party Tax Exempt,,18.84
07/24/2026,6074,Register Audit,348,
07/24/2026,6074,Sales Tax,,264.78
07/24/2026,6074,In-Store Credit Card,2094.26,
07/24/2026,6074,Payout,127,
07/24/2026,6074,Online Credit card,1031.68,
07/24/2026,6074,Online Gift Card,12.65,
07/24/2026,6074,Online Credit Card Tips,,16
07/24/2026,6074,In-Store Credit Card Tips,,131.57
07/24/2026,6074,Online Gift Card Tips,,3
07/24/2026,6074,Gift Card,42.73,
07/24/2026,6074,3rd Party - UberEats,18.84,
07/24/2026,6074,Payin,,145
07/24/2026,6074,Cash Over/Short Adjustment,,0.47
07/24/2026,6076,Subject to Tax,,2753.94
07/24/2026,6076,Non-Taxable Sales,,6
07/24/2026,6076,3rd Party Tax Exempt,,179.76
07/24/2026,6076,Sales Tax,,247.82
07/24/2026,6076,In-Store Credit Card,1437.35,
07/24/2026,6076,Payout,8.25,
07/24/2026,6076,Online Credit card,894.62,
07/24/2026,6076,Online Gift Card,27.63,
07/24/2026,6076,Online Credit Card Tips,,23
07/24/2026,6076,In-Store Credit Card Tips,,53.46
07/24/2026,6076,3rd Party - DoorDash,346.28,
07/24/2026,6076,3rd Party - UberEats,179.76,
07/24/2026,6076,Payin,,296
07/24/2026,6076,Cash Over/Short Adjustment,0.09,
07/24/2026,6076,Register Audit Adjustment,666,
07/24/2026,6083,Subject to Tax,,3417.09
07/24/2026,6083,Non-Taxable Sales,,20.5
07/24/2026,6083,3rd Party Tax Exempt,,37.25
07/24/2026,6083,Register Audit,436.79,
07/24/2026,6083,Sales Tax,,307.57
07/24/2026,6083,In-Store Credit Card,1694.48,
07/24/2026,6083,Payout,76.76,
07/24/2026,6083,Online Credit card,1563.93,
07/24/2026,6083,Online Gift Card,25,
07/24/2026,6083,Online Credit Card Tips,,42
07/24/2026,6083,In-Store Credit Card Tips,,121.39
07/24/2026,6083,Online Gift Card Tips,,1
07/24/2026,6083,Gift Card,17.82,
07/24/2026,6083,3rd Party - DoorDash,255.11,
07/24/2026,6083,3rd Party - GrubHub,17.66,
07/24/2026,6083,3rd Party - UberEats,37.25,
07/24/2026,6083,Payin,,178
07/24/2026,6088,Subject to Tax,,3988.91
07/24/2026,6088,Non-Taxable Sales,,20
07/24/2026,6088,3rd Party Tax Exempt,,171.57
07/24/2026,6088,Register Audit,465,
07/24/2026,6088,Sales Tax,,399.13
07/24/2026,6088,In-Store Credit Card,2528.71,
07/24/2026,6088,Online Credit card,1358.82,
07/24/2026,6088,Online Gift Card,19.36,
07/24/2026,6088,Online Credit Card Tips,,27
07/24/2026,6088,In-Store Credit Card Tips,,160.34
07/24/2026,6088,Gift Card,37.99,
07/24/2026,6088,3rd Party - DoorDash,295.96,
07/24/2026,6088,3rd Party - GrubHub,89.1,
07/24/2026,6088,3rd Party - UberEats,171.57,
07/24/2026,6088,Payin,,200
07/24/2026,6088,Cash Over/Short Adjustment,0.44,
07/24/2026,6093,Subject to Tax,,3275.12
07/24/2026,6093,Non-Taxable Sales,,21.5
07/24/2026,6093,Register Audit,759,
07/24/2026,6093,Sales Tax,,370.14
07/24/2026,6093,In-Store Credit Card,2244.32,
07/24/2026,6093,Online Credit card,957.66,
07/24/2026,6093,Online Gift Card,32.87,
07/24/2026,6093,Online Credit Card Tips,,9
07/24/2026,6093,In-Store Credit Card Tips,,120.92
07/24/2026,6093,Gift Card,30,
07/24/2026,6093,3rd Party - DoorDash,136.36,
07/24/2026,6093,Payin,,363
07/24/2026,6093,Cash Over/Short Adjustment,,0.53
07/24/2026,6094,Subject to Tax,,2373.62
07/24/2026,6094,Non-Taxable Sales,,26
07/24/2026,6094,3rd Party Tax Exempt,,26.15
07/24/2026,6094,Register Audit,214,
07/24/2026,6094,Sales Tax,,237.5
07/24/2026,6094,In-Store Credit Card,1555.92,
07/24/2026,6094,Online Credit card,743.38,
07/24/2026,6094,Online Credit Card Tips,,18
07/24/2026,6094,In-Store Credit Card Tips,,108.85
07/24/2026,6094,Gift Card,15.84,
07/24/2026,6094,3rd Party - DoorDash,309.73,
07/24/2026,6094,3rd Party - GrubHub,37.02,
07/24/2026,6094,3rd Party - UberEats,26.15,
07/24/2026,6094,Payin,,112
07/24/2026,6094,Cash Over/Short Adjustment,0.08,
07/24/2026,6102,Subject to Tax,,2952.72
07/24/2026,6102,Non-Taxable Sales,,15.5
07/24/2026,6102,Sales Tax,,295.43
07/24/2026,6102,In-Store Credit Card,1463.72,
07/24/2026,6102,Online Credit card,1159.83,
07/24/2026,6102,Online Credit Card Tips,,29
07/24/2026,6102,In-Store Credit Card Tips,,83.36
07/24/2026,6102,3rd Party - DoorDash,300.5,
07/24/2026,6102,3rd Party - GrubHub,32.73,
07/24/2026,6102,3rd Party - UberEats,232.92,
07/24/2026,6102,Payin,,215
07/24/2026,6102,Cash Over/Short Adjustment,0.31,
07/24/2026,6102,Register Audit Adjustment,401,
07/24/2026,7024,Subject to Tax,,3409.05
07/24/2026,7024,3rd Party Tax Exempt,,575.76
07/24/2026,7024,Register Audit,674,
07/24/2026,7024,Sales Tax,,294.51
07/24/2026,7024,In-Store Credit Card,2313.66,
07/24/2026,7024,Online Credit card,1079.23,
07/24/2026,7024,Online Gift Card,19.65,
07/24/2026,7024,Online Credit Card Tips,,32.99
07/24/2026,7024,In-Store Credit Card Tips,,120.2
07/24/2026,7024,Gift Card,17.99,
07/24/2026,7024,3rd Party - DoorDash,433.64,
07/24/2026,7024,3rd Party - GrubHub,25.68,
07/24/2026,7024,3rd Party - UberEats,116.44,
07/24/2026,7024,Payin,,247
07/24/2026,7024,Cash Over/Short Adjustment,,0.78
07/24/2026,7032,Subject to Tax,,3353.2
07/24/2026,7032,3rd Party Tax Exempt,,474.75
07/24/2026,7032,Sales Tax,,291.86
07/24/2026,7032,In-Store Credit Card,2221.53,
07/24/2026,7032,Online Credit card,962.35,
07/24/2026,7032,Online Credit Card Tips,,29
07/24/2026,7032,In-Store Credit Card Tips,,113.45
07/24/2026,7032,Gift Card,46.16,
07/24/2026,7032,3rd Party - DoorDash,405.52,
07/24/2026,7032,3rd Party - GrubHub,20.34,
07/24/2026,7032,3rd Party - UberEats,48.89,
07/24/2026,7032,Payin,,271
07/24/2026,7032,Cash Over/Short Adjustment,0.47,
07/24/2026,7032,Register Audit Adjustment,828,
07/24/2026,7039,Subject to Tax,,2273.4
07/24/2026,7039,3rd Party Tax Exempt,,537.07
07/24/2026,7039,Sales Tax,,196.35
07/24/2026,7039,In-Store Credit Card,1498.2,
07/24/2026,7039,Online Credit card,737.65,
07/24/2026,7039,Online Credit Card Tips,,25
07/24/2026,7039,In-Store Credit Card Tips,,107.66
07/24/2026,7039,Gift Card,38.61,
07/24/2026,7039,3rd Party - DoorDash,446.01,
07/24/2026,7039,3rd Party - UberEats,91.06,
07/24/2026,7039,Payin,,229
07/24/2026,7039,Cash Over/Short Adjustment,0.95,
07/24/2026,7039,Register Audit Adjustment,556,
07/24/2026,7049,Subject to Tax,,4820.78
07/24/2026,7049,3rd Party Tax Exempt,,1124.69
07/24/2026,7049,Sales Tax,,413.13
07/24/2026,7049,In-Store Credit Card,2968.77,
07/24/2026,7049,Online Credit card,2192.2,
07/24/2026,7049,Online Gift Card,41.8,
07/24/2026,7049,Online Credit Card Tips,,174
07/24/2026,7049,In-Store Credit Card Tips,,206.95
07/24/2026,7049,Online Gift Card Tips,,2
07/24/2026,7049,Gift Card,35,
07/24/2026,7049,3rd Party - DoorDash,982.14,
07/24/2026,7049,3rd Party - UberEats,142.55,
07/24/2026,7049,Payin,,423
07/24/2026,7049,Cash Over/Short Adjustment,0.09,
07/24/2026,7049,Register Audit Adjustment,802,
07/24/2026,7066,Subject to Tax,,2041.1
07/24/2026,7066,3rd Party Tax Exempt,,356.44
07/24/2026,7066,Sales Tax,,174.38
07/24/2026,7066,In-Store Credit Card,1027.37,
07/24/2026,7066,Online Credit card,841.45,
07/24/2026,7066,Online Credit Card Tips,,9
07/24/2026,7066,In-Store Credit Card Tips,,49.88
07/24/2026,7066,3rd Party - DoorDash,356.44,
07/24/2026,7066,Payin,,403
07/24/2026,7066,Cash Over/Short Adjustment,0.54,
07/24/2026,7066,Register Audit Adjustment,808,
07/24/2026,13026,Subject to Tax,,2643.3
07/24/2026,13026,Non-Taxable Sales,,32.87
07/24/2026,13026,3rd Party Tax Exempt,,637.12
07/24/2026,13026,Register Audit,528,
07/24/2026,13026,Sales Tax,,198.32
07/24/2026,13026,In-Store Credit Card,1646.55,
07/24/2026,13026,Online Credit card,1041.36,
07/24/2026,13026,Online Credit Card Tips,,32.16
07/24/2026,13026,In-Store Credit Card Tips,,89.52
07/24/2026,13026,Gift Card,28.71,
07/24/2026,13026,3rd Party - DoorDash,430.25,
07/24/2026,13026,3rd Party - UberEats,221.09,
07/24/2026,13026,Payin,,265
07/24/2026,13026,Cash Over/Short Adjustment,0.33,
07/24/2026,13026,Register Audit Adjustment,2,
07/24/2026,13062,Subject to Tax,,3293.1
07/24/2026,13062,Non-Taxable Sales,,42.43
07/24/2026,13062,3rd Party Tax Exempt,,870.58
07/24/2026,13062,Sales Tax,,230.56
07/24/2026,13062,In-Store Credit Card,2661.72,
07/24/2026,13062,Online Credit card,786.38,
07/24/2026,13062,Online Gift Card,10,
07/24/2026,13062,Online Credit Card Tips,,14
07/24/2026,13062,In-Store Credit Card Tips,,152.76
07/24/2026,13062,Online Gift Card Tips,,2
07/24/2026,13062,3rd Party - DoorDash,567.3,
07/24/2026,13062,3rd Party - UberEats,324.76,
07/24/2026,13062,Payin,,135
07/24/2026,13062,Cash Over/Short Adjustment,0.27,
07/24/2026,13062,Register Audit Adjustment,390,
07/24/2026,13082,Subject to Tax,,2218.4
07/24/2026,13082,Non-Taxable Sales,,11.4
07/24/2026,13082,3rd Party Tax Exempt,,350.35
07/24/2026,13082,Register Audit,921,
07/24/2026,13082,Sales Tax,,155.34
07/24/2026,13082,In-Store Credit Card,1204.61,
07/24/2026,13082,Online Credit card,830.17,
07/24/2026,13082,Online Credit Card Tips,,36
07/24/2026,13082,In-Store Credit Card Tips,,80.87
07/24/2026,13082,Gift Card,25,
07/24/2026,13082,3rd Party - DoorDash,247.18,
07/24/2026,13082,3rd Party - UberEats,114.57,
07/24/2026,13082,Payin,,490
07/24/2026,13082,Cash Over/Short Adjustment,,0.17
07/24/2026,13106,Subject to Tax,,1624.11
07/24/2026,13106,Non-Taxable Sales,,16.17
07/24/2026,13106,3rd Party Tax Exempt,,387.14
07/24/2026,13106,Sales Tax,,121.85
07/24/2026,13106,In-Store Credit Card,1040.11,
07/24/2026,13106,Payout,107.93,
07/24/2026,13106,Online Credit card,621.15,
07/24/2026,13106,Online Credit Card Tips,,18
07/24/2026,13106,In-Store Credit Card Tips,,71.94
07/24/2026,13106,3rd Party - DoorDash,203.24,
07/24/2026,13106,3rd Party - UberEats,193.68,
07/24/2026,13106,Payin,,145
07/24/2026,13106,Cash Over/Short Adjustment,0.1,
07/24/2026,13106,Register Audit Adjustment,218,
07/24/2026,13116,Subject to Tax,,3261.02
07/24/2026,13116,Non-Taxable Sales,,62.86
07/24/2026,13116,3rd Party Tax Exempt,,1009.77
07/24/2026,13116,Sales Tax,,228.28
07/24/2026,13116,In-Store Credit Card,2021.21,
07/24/2026,13116,Payout,286.4,
07/24/2026,13116,Online Credit card,981.37,
07/24/2026,13116,Online Gift Card,10,
07/24/2026,13116,In-Store Credit Card Tips,,82.18
07/24/2026,13116,Gift Card,15,
07/24/2026,13116,3rd Party - DoorDash,743.65,
07/24/2026,13116,3rd Party - GrubHub,21.76,
07/24/2026,13116,3rd Party - UberEats,312.44,
07/24/2026,13116,Payin,,213
07/24/2026,13116,Cash Over/Short Adjustment,0.28,
07/24/2026,13116,Register Audit Adjustment,465,
07/24/2026,13138,Subject to Tax,,2414.13
07/24/2026,13138,Non-Taxable Sales,,13.73
07/24/2026,13138,3rd Party Tax Exempt,,622.83
07/24/2026,13138,Sales Tax,,169.03
07/24/2026,13138,In-Store Credit Card,1653.96,
07/24/2026,13138,Online Credit card,782.65,
07/24/2026,13138,Online Credit Card Tips,,18
07/24/2026,13138,In-Store Credit Card Tips,,102.65
07/24/2026,13138,Gift Card,3.96,
07/24/2026,13138,Gift Card Sold,,25
07/24/2026,13138,3rd Party - DoorDash,522.52,
07/24/2026,13138,3rd Party - GrubHub,22.6,
07/24/2026,13138,3rd Party - UberEats,103.55,
07/24/2026,13138,Payin,,417
07/24/2026,13138,Cash Over/Short Adjustment,0.13,
07/24/2026,13138,Register Audit Adjustment,693,
07/24/2026,13148,Subject to Tax,,3850.33
07/24/2026,13148,Non-Taxable Sales,,24.45
07/24/2026,13148,3rd Party Tax Exempt,,335.55
07/24/2026,13148,Sales Tax,,250.26
07/24/2026,13148,In-Store Credit Card,2332.53,
07/24/2026,13148,Online Credit card,1778.75,
07/24/2026,13148,Online Gift Card,24.79,
07/24/2026,13148,Online Credit Card Tips,,82
07/24/2026,13148,In-Store Credit Card Tips,,122.5
07/24/2026,13148,Online Gift Card Tips,,2
07/24/2026,13148,3rd Party - DoorDash,259.9,
07/24/2026,13148,3rd Party - UberEats,80.93,
07/24/2026,13148,Payin,,236
07/24/2026,13148,Cash Over/Short Adjustment,0.19,
07/24/2026,13148,Register Audit Adjustment,426,
07/24/2026,13160,Subject to Tax,,3572.8
07/24/2026,13160,Non-Taxable Sales,,10.88
07/24/2026,13160,3rd Party Tax Exempt,,186.47
07/24/2026,13160,Register Audit,596,
07/24/2026,13160,Sales Tax,,250.08
07/24/2026,13160,In-Store Credit Card,2423.53,
07/24/2026,13160,Online Credit card,949.77,
07/24/2026,13160,Online Credit Card Tips,,33.86
07/24/2026,13160,In-Store Credit Card Tips,,140.89
07/24/2026,13160,Gift Card,32.04,
07/24/2026,13160,3rd Party - DoorDash,176.87,
07/24/2026,13160,3rd Party - UberEats,16.08,
07/24/2026,13160,Cash Over/Short Adjustment,0.69,
07/24/2026,13162,Subject to Tax,,3313.07
07/24/2026,13162,Non-Taxable Sales,,38.54
07/24/2026,13162,3rd Party Tax Exempt,,905.62
07/24/2026,13162,Sales Tax,,231.92
07/24/2026,13162,In-Store Credit Card,2112.32,
07/24/2026,13162,Online Credit card,1359.39,
07/24/2026,13162,Online Gift Card,14.36,
07/24/2026,13162,Online Credit Card Tips,,49.64
07/24/2026,13162,In-Store Credit Card Tips,,99.29
07/24/2026,13162,Gift Card,9.27,
07/24/2026,13162,3rd Party - DoorDash,654.26,
07/24/2026,13162,3rd Party - GrubHub,52.25,
07/24/2026,13162,3rd Party - UberEats,270.44,
07/24/2026,13162,Payin,,134
07/24/2026,13162,Cash Over/Short Adjustment,0.79,
07/24/2026,13162,Register Audit Adjustment,299,
07/24/2026,13219,Subject to Tax,,3160.92
07/24/2026,13219,Non-Taxable Sales,,23.82
07/24/2026,13219,3rd Party Tax Exempt,,278.97
07/24/2026,13219,Sales Tax,,221.25
07/24/2026,13219,In-Store Credit Card,2302.57,
07/24/2026,13219,Online Credit card,855.68,
07/24/2026,13219,Online Gift Card,22.36,
07/24/2026,13219,Online Credit Card Tips,,49
07/24/2026,13219,In-Store Credit Card Tips,,155.17
07/24/2026,13219,Gift Card,20,
07/24/2026,13219,3rd Party - DoorDash,274.65,
07/24/2026,13219,3rd Party - GrubHub,22.34,
07/24/2026,13219,3rd Party - UberEats,16.08,
07/24/2026,13219,Payin,,482
07/24/2026,13219,Cash Over/Short Adjustment,0.45,
07/24/2026,13219,Register Audit Adjustment,857,
07/24/2026,37001,Subject to Tax,,6473.42
07/24/2026,37001,Non-Taxable Sales,,829.87
07/24/2026,37001,Sales Tax,,550.35
07/24/2026,37001,In-Store Credit Card,3558.29,
07/24/2026,37001,Online Credit card,2846.25,
07/24/2026,37001,Online Gift Card,30,
07/24/2026,37001,Online Credit Card Tips,,85.95
07/24/2026,37001,In-Store Credit Card Tips,,239.5
07/24/2026,37001,Gift Card,25.27,
07/24/2026,37001,3rd Party - DoorDash,567.26,
07/24/2026,37001,3rd Party - UberEats,51.68,
07/24/2026,37001,Payin,,631
07/24/2026,37001,Cash Over/Short Adjustment,0.34,
07/24/2026,37001,Register Audit Adjustment,1731,
07/24/2026,37002,Subject to Tax,,4688.16
07/24/2026,37002,Non-Taxable Sales,,586.62
07/24/2026,37002,Sales Tax,,398.56
07/24/2026,37002,In-Store Credit Card,2330.4,
07/24/2026,37002,Online Credit card,1920.05,
07/24/2026,37002,Online Credit Card Tips,,57
07/24/2026,37002,In-Store Credit Card Tips,,134.18
07/24/2026,37002,Gift Card,34.75,
07/24/2026,37002,3rd Party - DoorDash,822,
07/24/2026,37002,3rd Party - GrubHub,97.2,
07/24/2026,37002,3rd Party - UberEats,46.42,
07/24/2026,37002,Payin,,424
07/24/2026,37002,Cash Over/Short Adjustment,0.7,
07/24/2026,37002,Register Audit Adjustment,1037,
07/24/2026,37004,Subject to Tax,,2538.15
07/24/2026,37004,Non-Taxable Sales,,293.89
07/24/2026,37004,Register Audit,715,
07/24/2026,37004,Sales Tax,,215.8
07/24/2026,37004,In-Store Credit Card,1678.26,
07/24/2026,37004,Payout,13.96,
07/24/2026,37004,Online Credit card,1001.39,
07/24/2026,37004,Online Gift Card,25,
07/24/2026,37004,Online Credit Card Tips,,45
07/24/2026,37004,In-Store Credit Card Tips,,138.61
07/24/2026,37004,Online Gift Card Tips,,3
07/24/2026,37004,Gift Card,20,
07/24/2026,37004,3rd Party - DoorDash,105.57,
07/24/2026,37004,3rd Party - UberEats,14.51,
07/24/2026,37004,Payin,,337
07/24/2026,37004,Cash Over/Short Adjustment,,0.24
07/24/2026,37004,Register Audit Adjustment,,2
07/24/2026,37006,Subject to Tax,,5193.68
07/24/2026,37006,Non-Taxable Sales,,518.76
07/24/2026,37006,Register Audit,1286,
07/24/2026,37006,Sales Tax,,441.55
07/24/2026,37006,In-Store Credit Card,2577.49,
07/24/2026,37006,Online Credit card,2474.82,
07/24/2026,37006,Online Gift Card,24.29,
07/24/2026,37006,Online Credit Card Tips,,81
07/24/2026,37006,In-Store Credit Card Tips,,159.07
07/24/2026,37006,Gift Card,66.28,
07/24/2026,37006,3rd Party - DoorDash,475.09,
07/24/2026,37006,3rd Party - UberEats,13.93,
07/24/2026,37006,Payin,,625
07/24/2026,37006,Cash Over/Short Adjustment,0.16,
07/24/2026,37006,Register Audit Adjustment,101,
07/24/2026,37007,Subject to Tax,,5958.31
07/24/2026,37007,Non-Taxable Sales,,712.67
07/24/2026,37007,Sales Tax,,506.53
07/24/2026,37007,In-Store Credit Card,3101.82,
07/24/2026,37007,Payout,148.78,
07/24/2026,37007,Online Credit card,2467.08,
07/24/2026,37007,Online Credit Card Tips,,41
07/24/2026,37007,In-Store Credit Card Tips,,165.24
07/24/2026,37007,Gift Card,72.33,
07/24/2026,37007,3rd Party - DoorDash,996.67,
07/24/2026,37007,3rd Party - GrubHub,147.8,
07/24/2026,37007,3rd Party - UberEats,122,
07/24/2026,37007,Payin,,405
07/24/2026,37007,Cash Over/Short Adjustment,0.27,
07/24/2026,37007,Register Audit Adjustment,732,
07/24/2026,37009,Subject to Tax,,5350.8
07/24/2026,37009,Non-Taxable Sales,,507.28
07/24/2026,37009,Sales Tax,,454.88
07/24/2026,37009,In-Store Credit Card,2580.63,
07/24/2026,37009,Online Credit card,2457.4,
07/24/2026,37009,Online Credit Card Tips,,91.81
07/24/2026,37009,In-Store Credit Card Tips,,187.85
07/24/2026,37009,Gift Card,21.48,
07/24/2026,37009,3rd Party - DoorDash,1002.86,
07/24/2026,37009,3rd Party - UberEats,32.34,
07/24/2026,37009,Payin,,534
07/24/2026,37009,Cash Over/Short Adjustment,0.91,
07/24/2026,37009,Register Audit Adjustment,1031,
07/24/2026,37010,Subject to Tax,,7417.57
07/24/2026,37010,Non-Taxable Sales,,790.18
07/24/2026,37010,Register Audit,1548,
07/24/2026,37010,Sales Tax,,630.52
07/24/2026,37010,In-Store Credit Card,4104.72,
07/24/2026,37010,Online Credit card,3405.06,
07/24/2026,37010,Online Gift Card,35.09,
07/24/2026,37010,Online Credit Card Tips,,139.51
07/24/2026,37010,In-Store Credit Card Tips,,269.45
07/24/2026,37010,Online Gift Card Tips,,2
07/24/2026,37010,Gift Card,50,
07/24/2026,37010,3rd Party - DoorDash,808.52,
07/24/2026,37010,3rd Party - UberEats,19.92,
07/24/2026,37010,Payin,,727
07/24/2026,37010,Cash Over/Short Adjustment,0.92,
07/24/2026,37010,Register Audit Adjustment,4,
07/24/2026,37013,Subject to Tax,,4604.34
07/24/2026,37013,Non-Taxable Sales,,514.56
07/24/2026,37013,Sales Tax,,391.47
07/24/2026,37013,In-Store Credit Card,2901.56,
07/24/2026,37013,Online Credit card,1885.3,
07/24/2026,37013,Online Gift Card,22.96,
07/24/2026,37013,Online Credit Card Tips,,75.1
07/24/2026,37013,In-Store Credit Card Tips,,180.19
07/24/2026,37013,Online Gift Card Tips,,3
07/24/2026,37013,Gift Card,130.23,
07/24/2026,37013,Gift Card Sold,,200
07/24/2026,37013,3rd Party - DoorDash,379.54,
07/24/2026,37013,Payin,,547
07/24/2026,37013,Cash Over/Short Adjustment,0.07,
07/24/2026,37013,Register Audit Adjustment,1196,
07/24/2026,37014,Subject to Tax,,4066.39
07/24/2026,37014,Non-Taxable Sales,,524.57
07/24/2026,37014,Sales Tax,,345.67
07/24/2026,37014,In-Store Credit Card,2425.2,
07/24/2026,37014,Online Credit card,1407.81,
07/24/2026,37014,Online Gift Card,49.65,
07/24/2026,37014,Online Credit Card Tips,,44
07/24/2026,37014,In-Store Credit Card Tips,,162.41
07/24/2026,37014,Online Gift Card Tips,,1
07/24/2026,37014,Gift Card,15.54,
07/24/2026,37014,Gift Card Sold,,20
07/24/2026,37014,3rd Party - DoorDash,751.86,
07/24/2026,37014,3rd Party - GrubHub,16.47,
07/24/2026,37014,3rd Party - UberEats,86.2,
07/24/2026,37014,Payin,,337
07/24/2026,37014,Cash Over/Short Adjustment,0.31,
07/24/2026,37014,Register Audit Adjustment,748,
07/24/2026,37016,Subject to Tax,,3622.49
07/24/2026,37016,Non-Taxable Sales,,427.71
07/24/2026,37016,Register Audit,1049,
07/24/2026,37016,Sales Tax,,307.96
07/24/2026,37016,In-Store Credit Card,2217.88,
07/24/2026,37016,Online Credit card,1710.36,
07/24/2026,37016,Online Credit Card Tips,,59
07/24/2026,37016,In-Store Credit Card Tips,,165.61
07/24/2026,37016,3rd Party - DoorDash,130.3,
07/24/2026,37016,Payin,,524
07/24/2026,37016,Cash Over/Short Adjustment,,0.77
07/24/2026,37020,Subject to Tax,,3986.03
07/24/2026,37020,Non-Taxable Sales,,321.66
07/24/2026,37020,Register Audit,797.55,
07/24/2026,37020,Sales Tax,,338.9
07/24/2026,37020,In-Store Credit Card,1525.62,
07/24/2026,37020,Online Credit card,2462.35,
07/24/2026,37020,Online Gift Card,20.75,
07/24/2026,37020,Online Credit Card Tips,,87.6
07/24/2026,37020,In-Store Credit Card Tips,,81.28
07/24/2026,37020,Online Gift Card Tips,,1
07/24/2026,37020,Gift Card,44.75,
07/24/2026,37020,3rd Party - DoorDash,353.91,
07/24/2026,37020,Payin,,388
07/24/2026,37020,Cash Over/Short Adjustment,,0.46
07/24/2026,49001,Subject to Tax,,5573.8
07/24/2026,49001,3rd Party Tax Exempt,,670.87
07/24/2026,49001,Sales Tax,,445.66
07/24/2026,49001,In-Store Credit Card,3184.89,
07/24/2026,49001,Online Credit card,2673.69,
07/24/2026,49001,Online Gift Card,14.69,
07/24/2026,49001,Online Credit Card Tips,,101.27
07/24/2026,49001,In-Store Credit Card Tips,,184.52
07/24/2026,49001,Gift Card,65.02,
07/24/2026,49001,3rd Party - DoorDash,611.72,
07/24/2026,49001,3rd Party - GrubHub,27.36,
07/24/2026,49001,3rd Party - UberEats,31.79,
07/24/2026,49001,Payin,,309
07/24/2026,49001,Cash Over/Short Adjustment,0.96,
07/24/2026,49001,Register Audit Adjustment,675,
07/24/2026,49002,Subject to Tax,,4723.25
07/24/2026,49002,3rd Party Tax Exempt,,484.07
07/24/2026,49002,Sales Tax,,377.7
07/24/2026,49002,In-Store Credit Card,2640.66,
07/24/2026,49002,Online Credit card,2164.69,
07/24/2026,49002,Online Credit Card Tips,,42
07/24/2026,49002,In-Store Credit Card Tips,,154.54
07/24/2026,49002,Gift Card,8.05,
07/24/2026,49002,3rd Party - DoorDash,484.07,
07/24/2026,49002,Payin,,285
07/24/2026,49002,Cash Over/Short Adjustment,0.09,
07/24/2026,49002,Register Audit Adjustment,769,
07/24/2026,49003,Subject to Tax,,4491.85
07/24/2026,49003,3rd Party Tax Exempt,,149.99
07/24/2026,49003,Sales Tax,,359.17
07/24/2026,49003,In-Store Credit Card,2857.41,
07/24/2026,49003,Online Credit card,1778.1,
07/24/2026,49003,Online Credit Card Tips,,60
07/24/2026,49003,In-Store Credit Card Tips,,193.35
07/24/2026,49003,Gift Card,57.36,
07/24/2026,49003,3rd Party - DoorDash,149.99,
07/24/2026,49003,Payin,,549
07/24/2026,49003,Cash Over/Short Adjustment,0.5,
07/24/2026,49003,Register Audit Adjustment,960,
07/24/2026,49004,Subject to Tax,,5094.4
07/24/2026,49004,3rd Party Tax Exempt,,825.43
07/24/2026,49004,Sales Tax,,407.13
07/24/2026,49004,In-Store Credit Card,2560.92,
07/24/2026,49004,Online Credit card,2450.89,
07/24/2026,49004,Online Gift Card,40.67,
07/24/2026,49004,Online Credit Card Tips,,62
07/24/2026,49004,In-Store Credit Card Tips,,130.22
07/24/2026,49004,Online Gift Card Tips,,2
07/24/2026,49004,Gift Card,10,
07/24/2026,49004,3rd Party - DoorDash,715.05,
07/24/2026,49004,3rd Party - GrubHub,36.42,
07/24/2026,49004,3rd Party - UberEats,73.96,
07/24/2026,49004,Payin,,524
07/24/2026,49004,Cash Over/Short Adjustment,0.27,
07/24/2026,49004,Register Audit Adjustment,1157,
07/24/2026,49005,Subject to Tax,,4170.15
07/24/2026,49005,3rd Party Tax Exempt,,453.59
07/24/2026,49005,Sales Tax,,333.74
07/24/2026,49005,In-Store Credit Card,2157.99,
07/24/2026,49005,Online Credit card,1737.82,
07/24/2026,49005,Online Credit Card Tips,,47.5
07/24/2026,49005,In-Store Credit Card Tips,,141.57
07/24/2026,49005,Gift Card,35.36,
07/24/2026,49005,3rd Party - DoorDash,440.75,
07/24/2026,49005,3rd Party - UberEats,12.84,
07/24/2026,49005,Payin,,539
07/24/2026,49005,Cash Over/Short Adjustment,0.79,
07/24/2026,49005,Register Audit Adjustment,1300,
07/24/2026,49006,Subject to Tax,,7142.9
07/24/2026,49006,3rd Party Tax Exempt,,1094.2
07/24/2026,49006,Register Audit,1354,
07/24/2026,49006,Sales Tax,,570.69
07/24/2026,49006,In-Store Credit Card,3879.1,
07/24/2026,49006,Online Credit card,3326.74,
07/24/2026,49006,Online Gift Card,33.8,
07/24/2026,49006,Online Credit Card Tips,,87.42
07/24/2026,49006,In-Store Credit Card Tips,,236.24
07/24/2026,49006,Gift Card,36.83,
07/24/2026,49006,3rd Party - DoorDash,1094.2,
07/24/2026,49006,Payin,,593
07/24/2026,49006,Cash Over/Short Adjustment,,0.14
07/24/2026,49006,Register Audit Adjustment,,3
07/24/2026,49007,Subject to Tax,,3301.15
07/24/2026,49007,3rd Party Tax Exempt,,1483.36
07/24/2026,49007,Register Audit,641.6,
07/24/2026,49007,Sales Tax,,263.78
07/24/2026,49007,In-Store Credit Card,1707.86,
07/24/2026,49007,Payout,11.28,
07/24/2026,49007,Online Credit card,1589.62,
07/24/2026,49007,Online Gift Card,10,
07/24/2026,49007,Online Credit Card Tips,,90
07/24/2026,49007,In-Store Credit Card Tips,,100.96
07/24/2026,49007,Gift Card,48.68,
07/24/2026,49007,3rd Party - DoorDash,1374.16,
07/24/2026,49007,3rd Party - UberEats,109.2,
07/24/2026,49007,Cash Over/Short Adjustment,,0.03
07/24/2026,49008,Subject to Tax,,4592.15
07/24/2026,49008,3rd Party Tax Exempt,,703.72
07/24/2026,49008,Sales Tax,,366.79
07/24/2026,49008,In-Store Credit Card,2288.71,
07/24/2026,49008,Payout,137.96,
07/24/2026,49008,Online Credit card,2244.76,
07/24/2026,49008,Online Gift Card,40.12,
07/24/2026,49008,Online Credit Card Tips,,35
07/24/2026,49008,In-Store Credit Card Tips,,148.93
07/24/2026,49008,Gift Card,37.05,
07/24/2026,49008,3rd Party - DoorDash,660.04,
07/24/2026,49008,3rd Party - UberEats,43.68,
07/24/2026,49008,Payin,,621
07/24/2026,49008,Cash Over/Short Adjustment,0.27,
07/24/2026,49008,Register Audit Adjustment,1015,
07/24/2026,49009,Subject to Tax,,5635.95
07/24/2026,49009,3rd Party Tax Exempt,,1037.12
07/24/2026,49009,Tax Exempt,,932.1
07/24/2026,49009,Sales Tax,,450.69
07/24/2026,49009,In-Store Credit Card,4036.38,
07/24/2026,49009,Online Credit card,2564.24,
07/24/2026,49009,Online Gift Card,13.44,
07/24/2026,49009,Online Credit Card Tips,,68.33
07/24/2026,49009,In-Store Credit Card Tips,,153.35
07/24/2026,49009,Gift Card,29.5,
07/24/2026,49009,Gift Card Sold,,40
07/24/2026,49009,3rd Party - DoorDash,971.08,
07/24/2026,49009,3rd Party - UberEats,66.04,
07/24/2026,49009,Payin,,367
07/24/2026,49009,Cash Over/Short Adjustment,0.86,
07/24/2026,49009,Register Audit Adjustment,1003,
07/24/2026,49010,Subject to Tax,,3373.4
07/24/2026,49010,3rd Party Tax Exempt,,242.06
07/24/2026,49010,Sales Tax,,269.95
07/24/2026,49010,In-Store Credit Card,1824.04,
07/24/2026,49010,Online Credit card,1598.26,
07/24/2026,49010,Online Credit Card Tips,,60
07/24/2026,49010,In-Store Credit Card Tips,,118.32
07/24/2026,49010,Gift Card,35.06,
07/24/2026,49010,3rd Party - DoorDash,187.36,
07/24/2026,49010,3rd Party - UberEats,54.7,
07/24/2026,49010,Payin,,290
07/24/2026,49010,Cash Over/Short Adjustment,0.31,
07/24/2026,49010,Register Audit Adjustment,654,
07/25/2026,2006,Subject to Tax,,152.8
07/25/2026,2006,Non-Taxable Sales,,2973.12
07/25/2026,2006,3rd Party Tax Exempt,,3.36
07/25/2026,2006,Register Audit,172,
07/25/2026,2006,Sales Tax,,10.69
07/25/2026,2006,In-Store Credit Card,1333.13,
07/25/2026,2006,Online Credit card,1233.05,
07/25/2026,2006,Online Gift Card,36.4,
07/25/2026,2006,Online Credit Card Tips,,24
07/25/2026,2006,In-Store Credit Card Tips,,91.08
07/25/2026,2006,Gift Card,10.7,
07/25/2026,2006,3rd Party - DoorDash,382.62,
07/25/2026,2006,3rd Party - GrubHub,54.46,
07/25/2026,2006,3rd Party - UberEats,32.7,
07/25/2026,2006,Cash Over/Short Adjustment,,0.01
07/25/2026,2016,Subject to Tax,,84.14
07/25/2026,2016,Non-Taxable Sales,,3341.85
07/25/2026,2016,3rd Party Tax Exempt,,7.44
07/25/2026,2016,Register Audit,185,
07/25/2026,2016,Sales Tax,,5.7
07/25/2026,2016,In-Store Credit Card,1890.35,
07/25/2026,2016,Online Credit card,1015.84,
07/25/2026,2016,Online Gift Card,65.8,
07/25/2026,2016,Online Credit Card Tips,,29
07/25/2026,2016,In-Store Credit Card Tips,,116.62
07/25/2026,2016,Online Gift Card Tips,,3
07/25/2026,2016,Gift Card,20.1,
07/25/2026,2016,3rd Party - DoorDash,354.59,
07/25/2026,2016,3rd Party - GrubHub,55.49,
07/25/2026,2016,Cash Over/Short Adjustment,0.58,
07/25/2026,2017,Subject to Tax,,116.36
07/25/2026,2017,Non-Taxable Sales,,3957.34
07/25/2026,2017,3rd Party Tax Exempt,,11.64
07/25/2026,2017,Register Audit,186,
07/25/2026,2017,Sales Tax,,8.31
07/25/2026,2017,In-Store Credit Card,1732.51,
07/25/2026,2017,Online Credit card,1881.96,
07/25/2026,2017,Online Credit Card Tips,,58.15
07/25/2026,2017,In-Store Credit Card Tips,,119.99
07/25/2026,2017,3rd Party - DoorDash,471.84,
07/25/2026,2017,Cash Over/Short Adjustment,,0.52
07/25/2026,2020,Subject to Tax,,161.22
07/25/2026,2020,Non-Taxable Sales,,2905.24
07/25/2026,2020,3rd Party Tax Exempt,,21.96
07/25/2026,2020,Register Audit,261,
07/25/2026,2020,Sales Tax,,11.64
07/25/2026,2020,In-Store Credit Card,1355.62,
07/25/2026,2020,Online Credit card,1010.63,
07/25/2026,2020,Online Gift Card,2.7,
07/25/2026,2020,Online Credit Card Tips,,22.2
07/25/2026,2020,In-Store Credit Card Tips,,78.4
07/25/2026,2020,Gift Card,17.02,
07/25/2026,2020,3rd Party - DoorDash,449.77,
07/25/2026,2020,3rd Party - GrubHub,68.58,
07/25/2026,2020,3rd Party - UberEats,35.27,
07/25/2026,2020,Cash Over/Short Adjustment,0.07,
07/25/2026,2023,Subject to Tax,,137.26
07/25/2026,2023,Non-Taxable Sales,,4024.72
07/25/2026,2023,3rd Party Tax Exempt,,36.12
07/25/2026,2023,Register Audit,209,
07/25/2026,2023,Sales Tax,,9.32
07/25/2026,2023,In-Store Credit Card,2142.41,
07/25/2026,2023,Payout,56.94,
07/25/2026,2023,Online Credit card,1102.05,
07/25/2026,2023,Online Credit Card Tips,,45.7
07/25/2026,2023,In-Store Credit Card Tips,,139.3
07/25/2026,2023,Gift Card,46.3,
07/25/2026,2023,3rd Party - DoorDash,558.06,
07/25/2026,2023,3rd Party - GrubHub,85.14,
07/25/2026,2023,3rd Party - UberEats,192.2,
07/25/2026,2023,Cash Over/Short Adjustment,0.32,
07/25/2026,2024,Subject to Tax,,233.35
07/25/2026,2024,Non-Taxable Sales,,3809.93
07/25/2026,2024,3rd Party Tax Exempt,,11.16
07/25/2026,2024,Register Audit,290,
07/25/2026,2024,Sales Tax,,17.59
07/25/2026,2024,In-Store Credit Card,2138.73,
07/25/2026,2024,Payout,59.4,
07/25/2026,2024,Online Credit card,970.17,
07/25/2026,2024,Online Gift Card,176,
07/25/2026,2024,Online Credit Card Tips,,25.25
07/25/2026,2024,In-Store Credit Card Tips,,97.23
07/25/2026,2024,Gift Card,86.77,
07/25/2026,2024,3rd Party - DoorDash,411.29,
07/25/2026,2024,3rd Party - UberEats,61.55,
07/25/2026,2024,Cash Over/Short Adjustment,0.6,
07/25/2026,2047,Subject to Tax,,156.12
07/25/2026,2047,Non-Taxable Sales,,2804.91
07/25/2026,2047,3rd Party Tax Exempt,,14.52
07/25/2026,2047,Register Audit,225,
07/25/2026,2047,Sales Tax,,11.2
07/25/2026,2047,In-Store Credit Card,1737.42,
07/25/2026,2047,Online Credit card,704.24,
07/25/2026,2047,Online Gift Card,5.1,
07/25/2026,2047,Online Credit Card Tips,,29
07/25/2026,2047,In-Store Credit Card Tips,,106.83
07/25/2026,2047,Online Gift Card Tips,,3
07/25/2026,2047,3rd Party - DoorDash,411.41,
07/25/2026,2047,3rd Party - GrubHub,14.15,
07/25/2026,2047,3rd Party - UberEats,28.25,
07/25/2026,2047,Cash Over/Short Adjustment,0.01,
07/25/2026,4003,Subject to Tax,,5458.87
07/25/2026,4003,Tax Exempt,,143.4
07/25/2026,4003,Register Audit,272,
07/25/2026,4003,Sales Tax,,532.22
07/25/2026,4003,In-Store Credit Card,2715.42,
07/25/2026,4003,Online Credit card,1875.79,
07/25/2026,4003,Online Gift Card,6.1,
07/25/2026,4003,Online Credit Card Tips,,80
07/25/2026,4003,In-Store Credit Card Tips,,195.03
07/25/2026,4003,Online Gift Card Tips,,1
07/25/2026,4003,Gift Card,26.2,
07/25/2026,4003,3rd Party - DoorDash,756.75,
07/25/2026,4003,3rd Party - GrubHub,34.97,
07/25/2026,4003,3rd Party - UberEats,723.33,
07/25/2026,4003,Cash Over/Short Adjustment,,0.04
07/25/2026,4004,Subject to Tax,,2999.45
07/25/2026,4004,Register Audit,195,
07/25/2026,4004,Sales Tax,,292.38
07/25/2026,4004,In-Store Credit Card,1037.85,
07/25/2026,4004,Online Credit card,493.91,
07/25/2026,4004,Online Credit Card Tips,,8
07/25/2026,4004,In-Store Credit Card Tips,,37.76
07/25/2026,4004,Gift Card,10.87,
07/25/2026,4004,3rd Party - DoorDash,1102.48,
07/25/2026,4004,3rd Party - GrubHub,31.21,
07/25/2026,4004,3rd Party - UberEats,465.76,
07/25/2026,4004,Cash Over/Short Adjustment,0.51,
07/25/2026,4005,Subject to Tax,,3902.65
07/25/2026,4005,Register Audit,170,
07/25/2026,4005,Sales Tax,,380.54
07/25/2026,4005,In-Store Credit Card,2823.2,
07/25/2026,4005,Online Credit card,1011.11,
07/25/2026,4005,In-Store Credit Card Tips,,222.48
07/25/2026,4005,Gift Card,14.93,
07/25/2026,4005,3rd Party - DoorDash,202.16,
07/25/2026,4005,3rd Party - UberEats,284.11,
07/25/2026,4005,Cash Over/Short Adjustment,0.16,
07/25/2026,4008,Subject to Tax,,2557.07
07/25/2026,4008,Register Audit,135,
07/25/2026,4008,Sales Tax,,249.32
07/25/2026,4008,In-Store Credit Card,1285.92,
07/25/2026,4008,Online Credit card,695.56,
07/25/2026,4008,Online Credit Card Tips,,12.51
07/25/2026,4008,In-Store Credit Card Tips,,91.77
07/25/2026,4008,3rd Party - DoorDash,661.84,
07/25/2026,4008,3rd Party - UberEats,132.42,
07/25/2026,4008,Cash Over/Short Adjustment,,0.07
07/25/2026,4009,Subject to Tax,,1373.98
07/25/2026,4009,Register Audit,263,
07/25/2026,4009,Sales Tax,,133.96
07/25/2026,4009,In-Store Credit Card,839.71,
07/25/2026,4009,Online Credit card,251.39,
07/25/2026,4009,Online Credit Card Tips,,6
07/25/2026,4009,In-Store Credit Card Tips,,34.31
07/25/2026,4009,3rd Party - DoorDash,193.46,
07/25/2026,4009,Cash Over/Short Adjustment,0.69,
07/25/2026,4010,Subject to Tax,,2744.52
07/25/2026,4010,Register Audit,175,
07/25/2026,4010,Sales Tax,,267.59
07/25/2026,4010,In-Store Credit Card,1623.85,
07/25/2026,4010,Online Credit card,836.13,
07/25/2026,4010,In-Store Credit Card Tips,,150.35
07/25/2026,4010,Gift Card,20.08,
07/25/2026,4010,Gift Card Sold,,25
07/25/2026,4010,3rd Party - DoorDash,387.59,
07/25/2026,4010,3rd Party - UberEats,144.05,
07/25/2026,4010,Cash Over/Short Adjustment,0.76,
07/25/2026,4015,Subject to Tax,,3823.63
07/25/2026,4015,Register Audit,302,
07/25/2026,4015,Sales Tax,,372.8
07/25/2026,4015,In-Store Credit Card,1965.63,
07/25/2026,4015,Online Credit card,1376.81,
07/25/2026,4015,Online Credit Card Tips,,28
07/25/2026,4015,In-Store Credit Card Tips,,119.07
07/25/2026,4015,Gift Card,26.79,
07/25/2026,4015,3rd Party - DoorDash,505.2,
07/25/2026,4015,3rd Party - UberEats,167.37,
07/25/2026,4015,Cash Over/Short Adjustment,,0.3
07/25/2026,4021,Subject to Tax,,2485.89
07/25/2026,4021,Sales Tax,,242.4
07/25/2026,4021,In-Store Credit Card,1363.7,
07/25/2026,4021,Online Credit card,619.43,
07/25/2026,4021,Online Credit Card Tips,,26.51
07/25/2026,4021,In-Store Credit Card Tips,,82.06
07/25/2026,4021,Gift Card,30,
07/25/2026,4021,3rd Party - DoorDash,376.12,
07/25/2026,4021,3rd Party - UberEats,193.76,
07/25/2026,4021,Cash Over/Short Adjustment,0.85,
07/25/2026,4021,Register Audit Adjustment,253,
07/25/2026,4025,Subject to Tax,,2893.16
07/25/2026,4025,Register Audit,163,
07/25/2026,4025,Sales Tax,,282.05
07/25/2026,4025,In-Store Credit Card,1470.81,
07/25/2026,4025,Online Credit card,939.94,
07/25/2026,4025,Online Credit Card Tips,,30
07/25/2026,4025,In-Store Credit Card Tips,,86.53
07/25/2026,4025,Gift Card,76.66,
07/25/2026,4025,3rd Party - DoorDash,313.75,
07/25/2026,4025,3rd Party - GrubHub,38.12,
07/25/2026,4025,3rd Party - UberEats,289.08,
07/25/2026,4025,Cash Over/Short Adjustment,0.38,
07/25/2026,4027,Subject to Tax,,3525.34
07/25/2026,4027,Register Audit,309,
07/25/2026,4027,Sales Tax,,343.69
07/25/2026,4027,In-Store Credit Card,1523.45,
07/25/2026,4027,Online Credit card,887.11,
07/25/2026,4027,In-Store Credit Card Tips,,68.41
07/25/2026,4027,Gift Card,9.2,
07/25/2026,4027,Gift Card Sold,,50
07/25/2026,4027,3rd Party - DoorDash,678.96,
07/25/2026,4027,3rd Party - UberEats,579.21,
07/25/2026,4027,Cash Over/Short Adjustment,0.51,
07/25/2026,4034,Subject to Tax,,2783.21
07/25/2026,4034,Register Audit,199,
07/25/2026,4034,Sales Tax,,271.32
07/25/2026,4034,In-Store Credit Card,1409.61,
07/25/2026,4034,Online Credit card,915.61,
07/25/2026,4034,Online Gift Card,49.97,
07/25/2026,4034,Online Credit Card Tips,,13
07/25/2026,4034,In-Store Credit Card Tips,,77.52
07/25/2026,4034,Online Gift Card Tips,,0.2
07/25/2026,4034,3rd Party - DoorDash,571.43,
07/25/2026,4034,Cash Over/Short Adjustment,,0.37
07/25/2026,4036,Subject to Tax,,3525.56
07/25/2026,4036,Register Audit,154,
07/25/2026,4036,Sales Tax,,343.78
07/25/2026,4036,In-Store Credit Card,2032.54,
07/25/2026,4036,Online Credit card,920.26,
07/25/2026,4036,Online Gift Card,1.15,
07/25/2026,4036,Online Credit Card Tips,,24.66
07/25/2026,4036,In-Store Credit Card Tips,,118.04
07/25/2026,4036,Gift Card,56.52,
07/25/2026,4036,3rd Party - DoorDash,439.43,
07/25/2026,4036,3rd Party - GrubHub,37.01,
07/25/2026,4036,3rd Party - UberEats,370.19,
07/25/2026,4036,Cash Over/Short Adjustment,0.94,
07/25/2026,4042,Subject to Tax,,5768.34
07/25/2026,4042,Register Audit,364,
07/25/2026,4042,Sales Tax,,562.3
07/25/2026,4042,In-Store Credit Card,3022.45,
07/25/2026,4042,Online Credit card,1798.73,
07/25/2026,4042,Online Gift Card,32.36,
07/25/2026,4042,Online Credit Card Tips,,37
07/25/2026,4042,In-Store Credit Card Tips,,174.9
07/25/2026,4042,Online Gift Card Tips,,1
07/25/2026,4042,3rd Party - DoorDash,1107.45,
07/25/2026,4042,3rd Party - UberEats,220.77,
07/25/2026,4042,Cash Over/Short Adjustment,,0.22
07/25/2026,4042,Register Audit Adjustment,,2
07/25/2026,4052,Subject to Tax,,4129.11
07/25/2026,4052,Register Audit,692,
07/25/2026,4052,Sales Tax,,402.54
07/25/2026,4052,In-Store Credit Card,2427.52,
07/25/2026,4052,Payout,1.65,
07/25/2026,4052,Online Credit card,855.62,
07/25/2026,4052,Online Gift Card,13.83,
07/25/2026,4052,Online Credit Card Tips,,31
07/25/2026,4052,In-Store Credit Card Tips,,146.57
07/25/2026,4052,Gift Card,21.59,
07/25/2026,4052,Gift Card Sold,,50
07/25/2026,4052,3rd Party - DoorDash,595.2,
07/25/2026,4052,3rd Party - GrubHub,23.84,
07/25/2026,4052,3rd Party - UberEats,128.02,
07/25/2026,4052,Cash Over/Short Adjustment,,0.05
07/25/2026,4074,Subject to Tax,,3629.86
07/25/2026,4074,Register Audit,119,
07/25/2026,4074,Sales Tax,,353.94
07/25/2026,4074,In-Store Credit Card,1811.79,
07/25/2026,4074,Payout,8.53,
07/25/2026,4074,Online Credit card,1415.12,
07/25/2026,4074,Online Gift Card,22,
07/25/2026,4074,Online Credit Card Tips,,61
07/25/2026,4074,In-Store Credit Card Tips,,155.39
07/25/2026,4074,Gift Card,23.68,
07/25/2026,4074,3rd Party - DoorDash,474.94,
07/25/2026,4074,3rd Party - UberEats,325.84,
07/25/2026,4074,Cash Over/Short Adjustment,,0.71
07/25/2026,5042,Subject to Tax,,3489.19
07/25/2026,5042,Non-Taxable Sales,,15.5
07/25/2026,5042,3rd Party Tax Exempt,,512.71
07/25/2026,5042,Register Audit,251,
07/25/2026,5042,Sales Tax,,241.93
07/25/2026,5042,In-Store Credit Card,2121.64,
07/25/2026,5042,Online Credit card,1537.02,
07/25/2026,5042,Online Gift Card,26.19,
07/25/2026,5042,Online Credit Card Tips,,60
07/25/2026,5042,In-Store Credit Card Tips,,154.51
07/25/2026,5042,Online Gift Card Tips,,1
07/25/2026,5042,Gift Card,26.96,
07/25/2026,5042,3rd Party - DoorDash,377.21,
07/25/2026,5042,3rd Party - UberEats,135.5,
07/25/2026,5042,Cash Over/Short Adjustment,,0.68
07/25/2026,5043,Subject to Tax,,4471.35
07/25/2026,5043,Non-Taxable Sales,,59.5
07/25/2026,5043,3rd Party Tax Exempt,,1131.53
07/25/2026,5043,Register Audit,636,
07/25/2026,5043,Sales Tax,,305.97
07/25/2026,5043,In-Store Credit Card,2095.12,
07/25/2026,5043,Payout,39.91,
07/25/2026,5043,Online Credit card,2190.04,
07/25/2026,5043,Online Credit Card Tips,,57
07/25/2026,5043,In-Store Credit Card Tips,,88.56
07/25/2026,5043,Gift Card,21.45,
07/25/2026,5043,3rd Party - DoorDash,721.59,
07/25/2026,5043,3rd Party - GrubHub,15.11,
07/25/2026,5043,3rd Party - UberEats,394.83,
07/25/2026,5043,Cash Over/Short Adjustment,,0.14
07/25/2026,5049,Subject to Tax,,2241.6
07/25/2026,5049,Non-Taxable Sales,,5
07/25/2026,5049,3rd Party Tax Exempt,,436.12
07/25/2026,5049,Tax Exempt,,191.95
07/25/2026,5049,Register Audit,378,
07/25/2026,5049,Sales Tax,,184.7
07/25/2026,5049,In-Store Credit Card,1564.4,
07/25/2026,5049,Payout,10,
07/25/2026,5049,Online Credit card,765.56,
07/25/2026,5049,Online Gift Card,18,
07/25/2026,5049,Online Credit Card Tips,,28
07/25/2026,5049,In-Store Credit Card Tips,,85.17
07/25/2026,5049,3rd Party - DoorDash,394.78,
07/25/2026,5049,3rd Party - UberEats,41.34,
07/25/2026,5049,Cash Over/Short Adjustment,0.46,
07/25/2026,5051,Subject to Tax,,3043.95
07/25/2026,5051,3rd Party Tax Exempt,,610.23
07/25/2026,5051,Register Audit,209,
07/25/2026,5051,Sales Tax,,210.68
07/25/2026,5051,In-Store Credit Card,1898.13,
07/25/2026,5051,Online Credit card,1261.98,
07/25/2026,5051,Online Credit Card Tips,,29
07/25/2026,5051,In-Store Credit Card Tips,,96.14
07/25/2026,5051,Gift Card,10.9,
07/25/2026,5051,3rd Party - DoorDash,439.31,
07/25/2026,5051,3rd Party - UberEats,170.92,
07/25/2026,5051,Cash Over/Short Adjustment,,0.24
07/25/2026,5057,Subject to Tax,,3045
07/25/2026,5057,Non-Taxable Sales,,11
07/25/2026,5057,3rd Party Tax Exempt,,565.22
07/25/2026,5057,Register Audit,342,
07/25/2026,5057,Sales Tax,,242.22
07/25/2026,5057,In-Store Credit Card,2275.92,
07/25/2026,5057,Online Credit card,813.93,
07/25/2026,5057,Online Gift Card,28.44,
07/25/2026,5057,Online Credit Card Tips,,19
07/25/2026,5057,In-Store Credit Card Tips,,180.24
07/25/2026,5057,Online Gift Card Tips,,3
07/25/2026,5057,Gift Card,40.5,
07/25/2026,5057,3rd Party - DoorDash,317.77,
07/25/2026,5057,3rd Party - UberEats,247.45,
07/25/2026,5057,Cash Over/Short Adjustment,,0.33
07/25/2026,5059,Subject to Tax,,2135.65
07/25/2026,5059,Non-Taxable Sales,,13.5
07/25/2026,5059,3rd Party Tax Exempt,,342.54
07/25/2026,5059,Sales Tax,,148.89
07/25/2026,5059,In-Store Credit Card,1761.82,
07/25/2026,5059,Online Credit card,547.31,
07/25/2026,5059,Online Credit Card Tips,,13
07/25/2026,5059,In-Store Credit Card Tips,,108.49
07/25/2026,5059,Gift Card,9.68,
07/25/2026,5059,Gift Card Sold,,45
07/25/2026,5059,3rd Party - DoorDash,191.58,
07/25/2026,5059,3rd Party - UberEats,150.96,
07/25/2026,5059,Cash Over/Short Adjustment,0.72,
07/25/2026,5059,Register Audit Adjustment,145,
07/25/2026,5101,Subject to Tax,,3175.6
07/25/2026,5101,Non-Taxable Sales,,7.5
07/25/2026,5101,3rd Party Tax Exempt,,486.76
07/25/2026,5101,Register Audit,115,
07/25/2026,5101,Sales Tax,,220.34
07/25/2026,5101,In-Store Credit Card,2656.37,
07/25/2026,5101,Online Credit card,848.64,
07/25/2026,5101,Online Gift Card,9.07,
07/25/2026,5101,Online Credit Card Tips,,37
07/25/2026,5101,In-Store Credit Card Tips,,203.8
07/25/2026,5101,Gift Card,15.68,
07/25/2026,5101,3rd Party - DoorDash,289.11,
07/25/2026,5101,3rd Party - UberEats,197.65,
07/25/2026,5101,Cash Over/Short Adjustment,,0.52
07/25/2026,5112,Subject to Tax,,2483.25
07/25/2026,5112,Non-Taxable Sales,,23
07/25/2026,5112,3rd Party Tax Exempt,,329.42
07/25/2026,5112,Register Audit,104,
07/25/2026,5112,Sales Tax,,197.14
07/25/2026,5112,In-Store Credit Card,1481.54,
07/25/2026,5112,Online Credit card,1264.47,
07/25/2026,5112,Online Credit Card Tips,,28
07/25/2026,5112,In-Store Credit Card Tips,,118.03
07/25/2026,5112,3rd Party - DoorDash,304.7,
07/25/2026,5112,3rd Party - UberEats,24.72,
07/25/2026,5112,Cash Over/Short Adjustment,,0.59
07/25/2026,5127,Subject to Tax,,3416.05
07/25/2026,5127,3rd Party Tax Exempt,,220.88
07/25/2026,5127,Register Audit,441,
07/25/2026,5127,Sales Tax,,270.37
07/25/2026,5127,In-Store Credit Card,2121.84,
07/25/2026,5127,Payout,61.9,
07/25/2026,5127,Online Credit card,1276.71,
07/25/2026,5127,Online Credit Card Tips,,60.43
07/25/2026,5127,In-Store Credit Card Tips,,154.33
07/25/2026,5127,3rd Party - DoorDash,164.49,
07/25/2026,5127,3rd Party - UberEats,56.39,
07/25/2026,5127,Cash Over/Short Adjustment,,0.27
07/25/2026,6021,Subject to Tax,,4227.37
07/25/2026,6021,Non-Taxable Sales,,5
07/25/2026,6021,3rd Party Tax Exempt,,124.68
07/25/2026,6021,Register Audit,177,
07/25/2026,6021,Sales Tax,,401.66
07/25/2026,6021,In-Store Credit Card,2789.8,
07/25/2026,6021,Online Credit card,1451.11,
07/25/2026,6021,Online Credit Card Tips,,55
07/25/2026,6021,In-Store Credit Card Tips,,181.37
07/25/2026,6021,Gift Card,19.05,
07/25/2026,6021,3rd Party - DoorDash,433.59,
07/25/2026,6021,3rd Party - UberEats,124.68,
07/25/2026,6021,Cash Over/Short Adjustment,,0.15
07/25/2026,6026,Subject to Tax,,2661.54
07/25/2026,6026,Non-Taxable Sales,,10
07/25/2026,6026,3rd Party Tax Exempt,,67.65
07/25/2026,6026,Sales Tax,,159.67
07/25/2026,6026,In-Store Credit Card,1591.09,
07/25/2026,6026,Online Credit card,938.21,
07/25/2026,6026,Online Credit Card Tips,,39
07/25/2026,6026,In-Store Credit Card Tips,,92.17
07/25/2026,6026,3rd Party - DoorDash,230.93,
07/25/2026,6026,3rd Party - GrubHub,27.21,
07/25/2026,6026,3rd Party - UberEats,67.65,
07/25/2026,6026,Cash Over/Short Adjustment,0.94,
07/25/2026,6026,Register Audit Adjustment,174,
07/25/2026,6032,Subject to Tax,,4065.9
07/25/2026,6032,Non-Taxable Sales,,35
07/25/2026,6032,3rd Party Tax Exempt,,200.21
07/25/2026,6032,Register Audit,177,
07/25/2026,6032,Sales Tax,,243.94
07/25/2026,6032,In-Store Credit Card,2308.08,
07/25/2026,6032,Online Credit card,1609.35,
07/25/2026,6032,Online Credit Card Tips,,24
07/25/2026,6032,In-Store Credit Card Tips,,151.05
07/25/2026,6032,3rd Party - DoorDash,268.9,
07/25/2026,6032,3rd Party - GrubHub,155.9,
07/25/2026,6032,3rd Party - UberEats,200.21,
07/25/2026,6032,Cash Over/Short Adjustment,0.66,
07/25/2026,6037,Subject to Tax,,4722
07/25/2026,6037,Non-Taxable Sales,,10
07/25/2026,6037,Register Audit,374,
07/25/2026,6037,Sales Tax,,519.5
07/25/2026,6037,In-Store Credit Card,2419.92,
07/25/2026,6037,Online Credit card,2441.59,
07/25/2026,6037,Online Credit Card Tips,,100
07/25/2026,6037,In-Store Credit Card Tips,,143.29
07/25/2026,6037,3rd Party - GrubHub,180.79,
07/25/2026,6037,3rd Party - UberEats,78.39,
07/25/2026,6037,Cash Over/Short Adjustment,0.1,
07/25/2026,6039,Subject to Tax,,3271.58
07/25/2026,6039,Non-Taxable Sales,,12
07/25/2026,6039,3rd Party Tax Exempt,,235.44
07/25/2026,6039,Sales Tax,,196.27
07/25/2026,6039,In-Store Credit Card,1981.68,
07/25/2026,6039,Payout,116.58,
07/25/2026,6039,Online Credit card,1264.31,
07/25/2026,6039,Online Credit Card Tips,,27
07/25/2026,6039,In-Store Credit Card Tips,,150.64
07/25/2026,6039,Gift Card,4.7,
07/25/2026,6039,3rd Party - DoorDash,260.33,
07/25/2026,6039,3rd Party - GrubHub,26.9,
07/25/2026,6039,3rd Party - UberEats,235.44,
07/25/2026,6039,Cash Over/Short Adjustment,0.99,
07/25/2026,6039,Register Audit Adjustment,2,
07/25/2026,6065,Subject to Tax,,3611.52
07/25/2026,6065,Non-Taxable Sales,,26
07/25/2026,6065,3rd Party Tax Exempt,,463.79
07/25/2026,6065,Sales Tax,,361.37
07/25/2026,6065,In-Store Credit Card,2154.77,
07/25/2026,6065,Online Credit card,1372.78,
07/25/2026,6065,Online Credit Card Tips,,52.73
07/25/2026,6065,In-Store Credit Card Tips,,141.9
07/25/2026,6065,Gift Card,8.47,
07/25/2026,6065,3rd Party - DoorDash,368.47,
07/25/2026,6065,3rd Party - UberEats,463.79,
07/25/2026,6065,Cash Over/Short Adjustment,0.03,
07/25/2026,6065,Register Audit Adjustment,289,
07/25/2026,6067,Subject to Tax,,3351.86
07/25/2026,6067,Non-Taxable Sales,,5
07/25/2026,6067,Sales Tax,,378.77
07/25/2026,6067,In-Store Credit Card,2019.38,
07/25/2026,6067,Online Credit card,959.49,
07/25/2026,6067,Online Credit Card Tips,,36
07/25/2026,6067,In-Store Credit Card Tips,,122.21
07/25/2026,6067,Gift Card,48.26,
07/25/2026,6067,3rd Party - DoorDash,395.45,
07/25/2026,6067,Cash Over/Short Adjustment,0.26,
07/25/2026,6067,Register Audit Adjustment,471,
07/25/2026,6072,Subject to Tax,,4895.76
07/25/2026,6072,Non-Taxable Sales,,15
07/25/2026,6072,3rd Party Tax Exempt,,32.7
07/25/2026,6072,Register Audit,639,
07/25/2026,6072,Sales Tax,,577.69
07/25/2026,6072,In-Store Credit Card,2503.74,
07/25/2026,6072,Payout,18.93,
07/25/2026,6072,Online Credit card,1552.32,
07/25/2026,6072,Online Gift Card,45.63,
07/25/2026,6072,Online Credit Card Tips,,41
07/25/2026,6072,In-Store Credit Card Tips,,130.46
07/25/2026,6072,Gift Card,68.99,
07/25/2026,6072,3rd Party - DoorDash,807.7,
07/25/2026,6072,3rd Party - GrubHub,24.42,
07/25/2026,6072,3rd Party - UberEats,32.7,
07/25/2026,6072,Cash Over/Short Adjustment,,0.82
07/25/2026,6074,Subject to Tax,,3157.89
07/25/2026,6074,Non-Taxable Sales,,10.5
07/25/2026,6074,3rd Party Tax Exempt,,158.63
07/25/2026,6074,Register Audit,228,
07/25/2026,6074,Sales Tax,,284.27
07/25/2026,6074,In-Store Credit Card,2369.07,
07/25/2026,6074,Online Credit card,1028.01,
07/25/2026,6074,Online Credit Card Tips,,33
07/25/2026,6074,In-Store Credit Card Tips,,152.61
07/25/2026,6074,3rd Party - GrubHub,13.67,
07/25/2026,6074,3rd Party - UberEats,158.63,
07/25/2026,6074,Cash Over/Short Adjustment,,0.48
07/25/2026,6076,Subject to Tax,,3027.2
07/25/2026,6076,Non-Taxable Sales,,16
07/25/2026,6076,3rd Party Tax Exempt,,25.38
07/25/2026,6076,Sales Tax,,272.48
07/25/2026,6076,In-Store Credit Card,1173.33,
07/25/2026,6076,Online Credit card,1743.49,
07/25/2026,6076,Online Gift Card,30,
07/25/2026,6076,Online Credit Card Tips,,26.34
07/25/2026,6076,In-Store Credit Card Tips,,68.55
07/25/2026,6076,3rd Party - DoorDash,351.27,
07/25/2026,6076,3rd Party - UberEats,25.38,
07/25/2026,6076,Cash Over/Short Adjustment,0.48,
07/25/2026,6076,Register Audit Adjustment,112,
07/25/2026,6083,Subject to Tax,,4139.49
07/25/2026,6083,Non-Taxable Sales,,26
07/25/2026,6083,Register Audit,1564.76,
07/25/2026,6083,Sales Tax,,372.62
07/25/2026,6083,In-Store Credit Card,1320.77,
07/25/2026,6083,Online Credit card,1519.74,
07/25/2026,6083,Online Gift Card,12,
07/25/2026,6083,Online Credit Card Tips,,46.6
07/25/2026,6083,In-Store Credit Card Tips,,93.45
07/25/2026,6083,Gift Card,22.35,
07/25/2026,6083,3rd Party - DoorDash,238.54,
07/25/2026,6088,Subject to Tax,,4069.75
07/25/2026,6088,Non-Taxable Sales,,5
07/25/2026,6088,3rd Party Tax Exempt,,191.81
07/25/2026,6088,Register Audit,273,
07/25/2026,6088,Sales Tax,,407.2
07/25/2026,6088,In-Store Credit Card,2166,
07/25/2026,6088,Online Credit card,1891.46,
07/25/2026,6088,Online Credit Card Tips,,70
07/25/2026,6088,In-Store Credit Card Tips,,138.55
07/25/2026,6088,3rd Party - DoorDash,243.75,
07/25/2026,6088,3rd Party - GrubHub,116.16,
07/25/2026,6088,3rd Party - UberEats,191.81,
07/25/2026,6088,Cash Over/Short Adjustment,0.13,
07/25/2026,6093,Subject to Tax,,3094.08
07/25/2026,6093,Non-Taxable Sales,,5
07/25/2026,6093,Register Audit,327,
07/25/2026,6093,Sales Tax,,349.7
07/25/2026,6093,In-Store Credit Card,1932.89,
07/25/2026,6093,Online Credit card,1138.51,
07/25/2026,6093,Online Credit Card Tips,,17
07/25/2026,6093,In-Store Credit Card Tips,,123.64
07/25/2026,6093,Gift Card,62.06,
07/25/2026,6093,3rd Party - DoorDash,128.98,
07/25/2026,6093,Cash Over/Short Adjustment,,0.02
07/25/2026,6094,Subject to Tax,,2158.92
07/25/2026,6094,Non-Taxable Sales,,30
07/25/2026,6094,3rd Party Tax Exempt,,79.5
07/25/2026,6094,Sales Tax,,215.99
07/25/2026,6094,In-Store Credit Card,1087.72,
07/25/2026,6094,Online Credit card,1059.94,
07/25/2026,6094,Online Credit Card Tips,,33
07/25/2026,6094,In-Store Credit Card Tips,,83.53
07/25/2026,6094,Gift Card,41.83,
07/25/2026,6094,3rd Party - DoorDash,168.85,
07/25/2026,6094,3rd Party - GrubHub,25.87,
07/25/2026,6094,3rd Party - UberEats,79.5,
07/25/2026,6094,Cash Over/Short Adjustment,0.23,
07/25/2026,6094,Register Audit Adjustment,137,
07/25/2026,6102,Subject to Tax,,2830.34
07/25/2026,6102,Non-Taxable Sales,,31
07/25/2026,6102,Sales Tax,,283.12
07/25/2026,6102,In-Store Credit Card,1422.61,
07/25/2026,6102,Online Credit card,1069.96,
07/25/2026,6102,Online Credit Card Tips,,28
07/25/2026,6102,In-Store Credit Card Tips,,67.52
07/25/2026,6102,Gift Card,20,
07/25/2026,6102,3rd Party - DoorDash,329.49,
07/25/2026,6102,3rd Party - GrubHub,167.91,
07/25/2026,6102,3rd Party - UberEats,101.08,
07/25/2026,6102,Cash Over/Short Adjustment,0.93,
07/25/2026,6102,Register Audit Adjustment,128,
07/25/2026,7024,Subject to Tax,,4025.85
07/25/2026,7024,3rd Party Tax Exempt,,610.91
07/25/2026,7024,Sales Tax,,348.97
07/25/2026,7024,In-Store Credit Card,2869.02,
07/25/2026,7024,Online Credit card,1305.53,
07/25/2026,7024,Online Credit Card Tips,,45
07/25/2026,7024,In-Store Credit Card Tips,,203.33
07/25/2026,7024,3rd Party - DoorDash,579.24,
07/25/2026,7024,3rd Party - UberEats,31.67,
07/25/2026,7024,Cash Over/Short Adjustment,0.6,
07/25/2026,7024,Register Audit Adjustment,448,
07/25/2026,7032,Subject to Tax,,2693.95
07/25/2026,7032,3rd Party Tax Exempt,,740.77
07/25/2026,7032,Sales Tax,,231.7
07/25/2026,7032,In-Store Credit Card,1482.45,
07/25/2026,7032,Online Credit card,1071.18,
07/25/2026,7032,Online Credit Card Tips,,23
07/25/2026,7032,In-Store Credit Card Tips,,101.58
07/25/2026,7032,Gift Card,1.94,
07/25/2026,7032,3rd Party - DoorDash,740.77,
07/25/2026,7032,Cash Over/Short Adjustment,0.66,
07/25/2026,7032,Register Audit Adjustment,494,
07/25/2026,7039,Subject to Tax,,2822.05
07/25/2026,7039,3rd Party Tax Exempt,,253.29
07/25/2026,7039,Sales Tax,,241.48
07/25/2026,7039,In-Store Credit Card,1683.98,
07/25/2026,7039,Online Credit card,1209.96,
07/25/2026,7039,Online Credit Card Tips,,51.05
07/25/2026,7039,In-Store Credit Card Tips,,87.15
07/25/2026,7039,Gift Card,24.17,
07/25/2026,7039,3rd Party - DoorDash,176.01,
07/25/2026,7039,3rd Party - UberEats,77.28,
07/25/2026,7039,Cash Over/Short Adjustment,0.62,
07/25/2026,7039,Register Audit Adjustment,283,
07/25/2026,7049,Subject to Tax,,4610.92
07/25/2026,7049,3rd Party Tax Exempt,,918.02
07/25/2026,7049,Sales Tax,,394.54
07/25/2026,7049,In-Store Credit Card,2634.76,
07/25/2026,7049,Online Credit card,2041.24,
07/25/2026,7049,Online Credit Card Tips,,100.55
07/25/2026,7049,In-Store Credit Card Tips,,147.75
07/25/2026,7049,Gift Card,31.23,
07/25/2026,7049,3rd Party - DoorDash,867.62,
07/25/2026,7049,3rd Party - UberEats,50.4,
07/25/2026,7049,Cash Over/Short Adjustment,0.53,
07/25/2026,7049,Register Audit Adjustment,546,
07/25/2026,7066,Subject to Tax,,2613.8
07/25/2026,7066,3rd Party Tax Exempt,,253.89
07/25/2026,7066,Sales Tax,,226.09
07/25/2026,7066,In-Store Credit Card,1640.33,
07/25/2026,7066,Online Credit card,871.54,
07/25/2026,7066,Online Credit Card Tips,,28
07/25/2026,7066,In-Store Credit Card Tips,,82.55
07/25/2026,7066,Gift Card,41.72,
07/25/2026,7066,3rd Party - DoorDash,253.89,
07/25/2026,7066,Cash Over/Short Adjustment,0.85,
07/25/2026,7066,Register Audit Adjustment,396,
07/25/2026,13026,Subject to Tax,,2513.43
07/25/2026,13026,Non-Taxable Sales,,31.52
07/25/2026,13026,3rd Party Tax Exempt,,447.4
07/25/2026,13026,Register Audit,91,
07/25/2026,13026,Sales Tax,,188.62
07/25/2026,13026,In-Store Credit Card,1840.27,
07/25/2026,13026,Online Credit card,908.71,
07/25/2026,13026,Online Credit Card Tips,,14.85
07/25/2026,13026,In-Store Credit Card Tips,,106.44
07/25/2026,13026,Gift Card,10,
07/25/2026,13026,3rd Party - DoorDash,278.36,
07/25/2026,13026,3rd Party - UberEats,174.74,
07/25/2026,13026,Cash Over/Short Adjustment,,0.82
07/25/2026,13062,Subject to Tax,,2672.92
07/25/2026,13062,Non-Taxable Sales,,7.68
07/25/2026,13062,3rd Party Tax Exempt,,540.67
07/25/2026,13062,Sales Tax,,187.11
07/25/2026,13062,In-Store Credit Card,1619.16,
07/25/2026,13062,Online Credit card,1007.24,
07/25/2026,13062,Online Credit Card Tips,,15
07/25/2026,13062,In-Store Credit Card Tips,,78.14
07/25/2026,13062,Gift Card,30,
07/25/2026,13062,3rd Party - DoorDash,405.66,
07/25/2026,13062,3rd Party - UberEats,135.01,
07/25/2026,13062,Cash Over/Short Adjustment,0.45,
07/25/2026,13062,Register Audit Adjustment,304,
07/25/2026,13082,Subject to Tax,,2449.83
07/25/2026,13082,Non-Taxable Sales,,19.54
07/25/2026,13082,3rd Party Tax Exempt,,355.08
07/25/2026,13082,Register Audit,447,
07/25/2026,13082,Sales Tax,,171.5
07/25/2026,13082,In-Store Credit Card,1520.24,
07/25/2026,13082,Payout,92.39,
07/25/2026,13082,Online Credit card,645.99,
07/25/2026,13082,Online Credit Card Tips,,20
07/25/2026,13082,In-Store Credit Card Tips,,124.78
07/25/2026,13082,Gift Card,49.62,
07/25/2026,13082,3rd Party - DoorDash,300.32,
07/25/2026,13082,3rd Party - GrubHub,13.92,
07/25/2026,13082,3rd Party - UberEats,72.22,
07/25/2026,13082,Cash Over/Short Adjustment,,0.97
07/25/2026,13106,Subject to Tax,,1791.63
07/25/2026,13106,Non-Taxable Sales,,6.93
07/25/2026,13106,3rd Party Tax Exempt,,555.95
07/25/2026,13106,Sales Tax,,134.47
07/25/2026,13106,In-Store Credit Card,1446.97,
07/25/2026,13106,Online Credit card,485.15,
07/25/2026,13106,Online Credit Card Tips,,18
07/25/2026,13106,In-Store Credit Card Tips,,90.78
07/25/2026,13106,Gift Card,14.62,
07/25/2026,13106,3rd Party - DoorDash,396.19,
07/25/2026,13106,3rd Party - GrubHub,15.21,
07/25/2026,13106,3rd Party - UberEats,163,
07/25/2026,13106,Cash Over/Short Adjustment,0.62,
07/25/2026,13106,Register Audit Adjustment,76,
07/25/2026,13116,Subject to Tax,,2991.58
07/25/2026,13116,Non-Taxable Sales,,47.92
07/25/2026,13116,3rd Party Tax Exempt,,771.77
07/25/2026,13116,Sales Tax,,209.42
07/25/2026,13116,In-Store Credit Card,1653.17,
07/25/2026,13116,Online Credit card,1153.89,
07/25/2026,13116,Online Gift Card,19.47,
07/25/2026,13116,In-Store Credit Card Tips,,74.28
07/25/2026,13116,3rd Party - DoorDash,511.59,
07/25/2026,13116,3rd Party - UberEats,291.86,
07/25/2026,13116,Cash Over/Short Adjustment,0.99,
07/25/2026,13116,Register Audit Adjustment,464,
07/25/2026,13138,Subject to Tax,,1747.97
07/25/2026,13138,Non-Taxable Sales,,10.73
07/25/2026,13138,3rd Party Tax Exempt,,293.88
07/25/2026,13138,Register Audit,183,
07/25/2026,13138,Sales Tax,,122.36
07/25/2026,13138,In-Store Credit Card,1137.2,
07/25/2026,13138,Online Credit card,663.36,
07/25/2026,13138,Online Credit Card Tips,,32
07/25/2026,13138,In-Store Credit Card Tips,,92.7
07/25/2026,13138,Gift Card,22.79,
07/25/2026,13138,3rd Party - DoorDash,293.88,
07/25/2026,13138,Cash Over/Short Adjustment,,0.59
07/25/2026,13148,Subject to Tax,,3349.63
07/25/2026,13148,Non-Taxable Sales,,39.58
07/25/2026,13148,3rd Party Tax Exempt,,504.6
07/25/2026,13148,Sales Tax,,217.71
07/25/2026,13148,In-Store Credit Card,1961.77,
07/25/2026,13148,Online Credit card,1670.68,
07/25/2026,13148,Online Credit Card Tips,,64
07/25/2026,13148,In-Store Credit Card Tips,,126.72
07/25/2026,13148,Gift Card,15,
07/25/2026,13148,3rd Party - DoorDash,392.09,
07/25/2026,13148,3rd Party - UberEats,118.99,
07/25/2026,13148,Cash Over/Short Adjustment,0.71,
07/25/2026,13148,Register Audit Adjustment,143,
07/25/2026,13160,Subject to Tax,,2910.99
07/25/2026,13160,Non-Taxable Sales,,11.76
07/25/2026,13160,3rd Party Tax Exempt,,145.31
07/25/2026,13160,Register Audit,527,
07/25/2026,13160,Sales Tax,,203.74
07/25/2026,13160,In-Store Credit Card,1946.94,
07/25/2026,13160,Online Credit card,747.22,
07/25/2026,13160,Online Credit Card Tips,,25
07/25/2026,13160,In-Store Credit Card Tips,,122.6
07/25/2026,13160,Gift Card,52.48,
07/25/2026,13160,3rd Party - DoorDash,80.1,
07/25/2026,13160,3rd Party - UberEats,65.21,
07/25/2026,13160,Cash Over/Short Adjustment,0.45,
07/25/2026,13162,Subject to Tax,,3153.15
07/25/2026,13162,Non-Taxable Sales,,20.3
07/25/2026,13162,3rd Party Tax Exempt,,538.48
07/25/2026,13162,Sales Tax,,220.72
07/25/2026,13162,In-Store Credit Card,2203.53,
07/25/2026,13162,Payout,10.69,
07/25/2026,13162,Online Credit card,1037.62,
07/25/2026,13162,Online Gift Card,10,
07/25/2026,13162,Online Credit Card Tips,,31
07/25/2026,13162,In-Store Credit Card Tips,,120.54
07/25/2026,13162,Gift Card,25,
07/25/2026,13162,3rd Party - DoorDash,391.25,
07/25/2026,13162,3rd Party - GrubHub,52.96,
07/25/2026,13162,3rd Party - UberEats,147.23,
07/25/2026,13162,Cash Over/Short Adjustment,0.91,
07/25/2026,13162,Register Audit Adjustment,205,
07/25/2026,13219,Subject to Tax,,2189.81
07/25/2026,13219,Non-Taxable Sales,,4.08
07/25/2026,13219,3rd Party Tax Exempt,,202.87
07/25/2026,13219,Sales Tax,,153.26
07/25/2026,13219,In-Store Credit Card,1261,
07/25/2026,13219,Online Credit card,614.28,
07/25/2026,13219,Online Gift Card,40,
07/25/2026,13219,Online Credit Card Tips,,25.45
07/25/2026,13219,In-Store Credit Card Tips,,83.58
07/25/2026,13219,Gift Card,14.55,
07/25/2026,13219,3rd Party - DoorDash,160.99,
07/25/2026,13219,3rd Party - GrubHub,17.89,
07/25/2026,13219,3rd Party - UberEats,43.92,
07/25/2026,13219,Cash Over/Short Adjustment,0.42,
07/25/2026,13219,Register Audit Adjustment,506,
07/25/2026,37001,Subject to Tax,,6499.32
07/25/2026,37001,Non-Taxable Sales,,711.11
07/25/2026,37001,Sales Tax,,552.63
07/25/2026,37001,In-Store Credit Card,3428.33,
07/25/2026,37001,Online Credit card,3250.02,
07/25/2026,37001,Online Gift Card,15.17,
07/25/2026,37001,Online Credit Card Tips,,68.17
07/25/2026,37001,In-Store Credit Card Tips,,197.17
07/25/2026,37001,Online Gift Card Tips,,1
07/25/2026,37001,Gift Card,47.51,
07/25/2026,37001,3rd Party - DoorDash,490.84,
07/25/2026,37001,Cash Over/Short Adjustment,0.53,
07/25/2026,37001,Register Audit Adjustment,797,
07/25/2026,37002,Subject to Tax,,4685.79
07/25/2026,37002,Non-Taxable Sales,,505.5
07/25/2026,37002,Sales Tax,,398.37
07/25/2026,37002,In-Store Credit Card,1869.65,
07/25/2026,37002,Online Credit card,2317.49,
07/25/2026,37002,Online Credit Card Tips,,67
07/25/2026,37002,In-Store Credit Card Tips,,109.44
07/25/2026,37002,Gift Card,10.74,
07/25/2026,37002,3rd Party - DoorDash,579.52,
07/25/2026,37002,3rd Party - GrubHub,114.31,
07/25/2026,37002,3rd Party - UberEats,50.52,
07/25/2026,37002,Cash Over/Short Adjustment,0.87,
07/25/2026,37002,Register Audit Adjustment,823,
07/25/2026,37004,Subject to Tax,,3270.25
07/25/2026,37004,Non-Taxable Sales,,406.5
07/25/2026,37004,Register Audit,410,
07/25/2026,37004,Sales Tax,,278
07/25/2026,37004,In-Store Credit Card,1709.47,
07/25/2026,37004,Online Credit card,1603.68,
07/25/2026,37004,Online Gift Card,9.71,
07/25/2026,37004,Online Credit Card Tips,,54.21
07/25/2026,37004,In-Store Credit Card Tips,,138.17
07/25/2026,37004,Gift Card,31.34,
07/25/2026,37004,3rd Party - DoorDash,344.72,
07/25/2026,37004,3rd Party - UberEats,43.56,
07/25/2026,37004,Cash Over/Short Adjustment,,0.35
07/25/2026,37004,Register Audit Adjustment,,5
07/25/2026,37006,Subject to Tax,,5490.3
07/25/2026,37006,Non-Taxable Sales,,697.25
07/25/2026,37006,Register Audit,522,
07/25/2026,37006,Sales Tax,,466.78
07/25/2026,37006,In-Store Credit Card,3456.97,
07/25/2026,37006,Payout,46,
07/25/2026,37006,Online Credit card,2452.92,
07/25/2026,37006,Online Gift Card,24.25,
07/25/2026,37006,Online Credit Card Tips,,76.47
07/25/2026,37006,In-Store Credit Card Tips,,194.89
07/25/2026,37006,Gift Card,62.06,
07/25/2026,37006,3rd Party - DoorDash,257.45,
07/25/2026,37006,3rd Party - GrubHub,31.51,
07/25/2026,37006,3rd Party - UberEats,83.99,
07/25/2026,37006,Cash Over/Short Adjustment,,0.46
07/25/2026,37006,Register Audit Adjustment,,11
07/25/2026,37007,Subject to Tax,,5193.84
07/25/2026,37007,Non-Taxable Sales,,537.85
07/25/2026,37007,Sales Tax,,441.64
07/25/2026,37007,In-Store Credit Card,2625.51,
07/25/2026,37007,Online Credit card,2027.79,
07/25/2026,37007,Online Credit Card Tips,,47.32
07/25/2026,37007,In-Store Credit Card Tips,,112.25
07/25/2026,37007,Gift Card,29.9,
07/25/2026,37007,Gift Card Sold,,50
07/25/2026,37007,3rd Party - DoorDash,1075.04,
07/25/2026,37007,3rd Party - GrubHub,36.59,
07/25/2026,37007,3rd Party - UberEats,117.98,
07/25/2026,37007,Cash Over/Short Adjustment,0.09,
07/25/2026,37007,Register Audit Adjustment,470,
07/25/2026,37009,Subject to Tax,,3698.08
07/25/2026,37009,Non-Taxable Sales,,426
07/25/2026,37009,Register Audit,453,
07/25/2026,37009,Sales Tax,,314.36
07/25/2026,37009,In-Store Credit Card,1813.55,
07/25/2026,37009,Online Credit card,1343.44,
07/25/2026,37009,Online Gift Card,18.17,
07/25/2026,37009,Online Credit Card Tips,,51
07/25/2026,37009,In-Store Credit Card Tips,,120.82
07/25/2026,37009,Gift Card,33.49,
07/25/2026,37009,3rd Party - DoorDash,869.97,
07/25/2026,37009,3rd Party - GrubHub,13.93,
07/25/2026,37009,3rd Party - UberEats,64.57,
07/25/2026,37009,Cash Over/Short Adjustment,0.14,
07/25/2026,37010,Subject to Tax,,7176.5
07/25/2026,37010,Non-Taxable Sales,,711.37
07/25/2026,37010,Register Audit,777.21,
07/25/2026,37010,Sales Tax,,610.13
07/25/2026,37010,In-Store Credit Card,4433.18,
07/25/2026,37010,Payout,22.98,
07/25/2026,37010,Online Credit card,2817.7,
07/25/2026,37010,Online Gift Card,80.27,
07/25/2026,37010,Online Credit Card Tips,,117
07/25/2026,37010,In-Store Credit Card Tips,,287.99
07/25/2026,37010,Online Gift Card Tips,,2
07/25/2026,37010,Gift Card,21.61,
07/25/2026,37010,3rd Party - DoorDash,632.36,
07/25/2026,37010,3rd Party - UberEats,119.68,
07/25/2026,37013,Subject to Tax,,3405.27
07/25/2026,37013,Non-Taxable Sales,,326.02
07/25/2026,37013,Sales Tax,,289.54
07/25/2026,37013,In-Store Credit Card,2566.06,
07/25/2026,37013,Online Credit card,877.67,
07/25/2026,37013,Online Gift Card,1.99,
07/25/2026,37013,Online Credit Card Tips,,35
07/25/2026,37013,In-Store Credit Card Tips,,195.02
07/25/2026,37013,Online Gift Card Tips,,-1
07/25/2026,37013,Gift Card,26.92,
07/25/2026,37013,Gift Card Sold,,50
07/25/2026,37013,3rd Party - DoorDash,93.15,
07/25/2026,37013,3rd Party - GrubHub,34.24,
07/25/2026,37013,Cash Over/Short Adjustment,0.82,
07/25/2026,37013,Register Audit Adjustment,699,
07/25/2026,37014,Subject to Tax,,3378.08
07/25/2026,37014,Non-Taxable Sales,,405.25
07/25/2026,37014,Register Audit,464,
07/25/2026,37014,Sales Tax,,287.15
07/25/2026,37014,In-Store Credit Card,1954.86,
07/25/2026,37014,Online Credit card,1400.78,
07/25/2026,37014,Online Credit Card Tips,,41
07/25/2026,37014,In-Store Credit Card Tips,,145.08
07/25/2026,37014,Gift Card,24.41,
07/25/2026,37014,3rd Party - DoorDash,387.12,
07/25/2026,37014,3rd Party - UberEats,33.97,
07/25/2026,37014,Cash Over/Short Adjustment,,0.58
07/25/2026,37014,Register Audit Adjustment,,8
07/25/2026,37016,Subject to Tax,,3521.18
07/25/2026,37016,Non-Taxable Sales,,365.12
07/25/2026,37016,Register Audit,577,
07/25/2026,37016,Sales Tax,,299.35
07/25/2026,37016,In-Store Credit Card,2214.99,
07/25/2026,37016,Online Credit card,1379.66,
07/25/2026,37016,Online Gift Card,11.34,
07/25/2026,37016,Online Credit Card Tips,,59.55
07/25/2026,37016,In-Store Credit Card Tips,,108.52
07/25/2026,37016,Gift Card,16.59,
07/25/2026,37016,3rd Party - DoorDash,154.16,
07/25/2026,37016,Cash Over/Short Adjustment,,0.02
07/25/2026,37020,Subject to Tax,,4425.37
07/25/2026,37020,Non-Taxable Sales,,446.13
07/25/2026,37020,Register Audit,558.2,
07/25/2026,37020,Sales Tax,,376.23
07/25/2026,37020,In-Store Credit Card,2268.97,
07/25/2026,37020,Online Credit card,2389.7,
07/25/2026,37020,Online Gift Card,33.26,
07/25/2026,37020,Online Credit Card Tips,,73.53
07/25/2026,37020,In-Store Credit Card Tips,,147.97
07/25/2026,37020,Gift Card,34.46,
07/25/2026,37020,3rd Party - DoorDash,194,
07/25/2026,37020,Cash Over/Short Adjustment,,0.36
07/25/2026,37020,Register Audit Adjustment,,9
07/25/2026,49001,Subject to Tax,,5671.45
07/25/2026,49001,3rd Party Tax Exempt,,550.48
07/25/2026,49001,Tax Exempt,,16.4
07/25/2026,49001,Sales Tax,,453.38
07/25/2026,49001,In-Store Credit Card,3411.81,
07/25/2026,49001,Online Credit card,2446.47,
07/25/2026,49001,Online Gift Card,11.56,
07/25/2026,49001,Online Credit Card Tips,,100
07/25/2026,49001,In-Store Credit Card Tips,,165.05
07/25/2026,49001,Gift Card,27.7,
07/25/2026,49001,3rd Party - DoorDash,511.26,
07/25/2026,49001,3rd Party - UberEats,39.22,
07/25/2026,49001,Cash Over/Short Adjustment,0.74,
07/25/2026,49001,Register Audit Adjustment,508,
07/25/2026,49002,Subject to Tax,,4442.5
07/25/2026,49002,3rd Party Tax Exempt,,389.8
07/25/2026,49002,Sales Tax,,355.34
07/25/2026,49002,In-Store Credit Card,2270.8,
07/25/2026,49002,Online Credit card,2144.66,
07/25/2026,49002,Online Credit Card Tips,,75.73
07/25/2026,49002,In-Store Credit Card Tips,,161.37
07/25/2026,49002,Gift Card,23.56,
07/25/2026,49002,Gift Card Sold,,12
07/25/2026,49002,3rd Party - DoorDash,362.14,
07/25/2026,49002,3rd Party - UberEats,27.66,
07/25/2026,49002,Cash Over/Short Adjustment,0.92,
07/25/2026,49002,Register Audit Adjustment,607,
07/25/2026,49003,Subject to Tax,,4622.55
07/25/2026,49003,3rd Party Tax Exempt,,242.66
07/25/2026,49003,Sales Tax,,369.7
07/25/2026,49003,In-Store Credit Card,2710.18,
07/25/2026,49003,Online Credit card,2102.86,
07/25/2026,49003,Online Credit Card Tips,,57
07/25/2026,49003,In-Store Credit Card Tips,,208.77
07/25/2026,49003,Gift Card,80.92,
07/25/2026,49003,Gift Card Sold,,15
07/25/2026,49003,3rd Party - DoorDash,165.87,
07/25/2026,49003,3rd Party - GrubHub,20.94,
07/25/2026,49003,3rd Party - UberEats,55.85,
07/25/2026,49003,Cash Over/Short Adjustment,0.06,
07/25/2026,49003,Register Audit Adjustment,379,
07/25/2026,49004,Subject to Tax,,4559.6
07/25/2026,49004,3rd Party Tax Exempt,,1023.11
07/25/2026,49004,Tax Exempt,,894
07/25/2026,49004,Sales Tax,,364.04
07/25/2026,49004,In-Store Credit Card,3480.78,
07/25/2026,49004,Online Credit card,2236.02,
07/25/2026,49004,Online Credit Card Tips,,37
07/25/2026,49004,In-Store Credit Card Tips,,128.74
07/25/2026,49004,Gift Card,32.57,
07/25/2026,49004,3rd Party - DoorDash,926.73,
07/25/2026,49004,3rd Party - UberEats,96.38,
07/25/2026,49004,Cash Over/Short Adjustment,0.01,
07/25/2026,49004,Register Audit Adjustment,234,
07/25/2026,49005,Subject to Tax,,4227
07/25/2026,49005,3rd Party Tax Exempt,,512.81
07/25/2026,49005,Sales Tax,,338.19
07/25/2026,49005,In-Store Credit Card,1794.62,
07/25/2026,49005,Online Credit card,2055.55,
07/25/2026,49005,Online Credit Card Tips,,62
07/25/2026,49005,In-Store Credit Card Tips,,147.98
07/25/2026,49005,Gift Card,15,
07/25/2026,49005,3rd Party - DoorDash,490.73,
07/25/2026,49005,3rd Party - UberEats,22.08,
07/25/2026,49005,Register Audit Adjustment,910,
07/25/2026,49006,Subject to Tax,,6154.55
07/25/2026,49006,3rd Party Tax Exempt,,998.36
07/25/2026,49006,Sales Tax,,492.25
07/25/2026,49006,In-Store Credit Card,2947.35,
07/25/2026,49006,Online Credit card,3159.64,
07/25/2026,49006,Online Credit Card Tips,,58
07/25/2026,49006,In-Store Credit Card Tips,,183.5
07/25/2026,49006,Gift Card,51.29,
07/25/2026,49006,3rd Party - DoorDash,880.06,
07/25/2026,49006,3rd Party - GrubHub,21.84,
07/25/2026,49006,3rd Party - UberEats,96.46,
07/25/2026,49006,Cash Over/Short Adjustment,0.02,
07/25/2026,49006,Register Audit Adjustment,730,
07/25/2026,49007,Subject to Tax,,2437.1
07/25/2026,49007,3rd Party Tax Exempt,,970.51
07/25/2026,49007,Register Audit,174.16,
07/25/2026,49007,Sales Tax,,194.75
07/25/2026,49007,In-Store Credit Card,1121.95,
07/25/2026,49007,Payout,15,
07/25/2026,49007,Online Credit card,1388.07,
07/25/2026,49007,Online Credit Card Tips,,45
07/25/2026,49007,In-Store Credit Card Tips,,65.82
07/25/2026,49007,Gift Card,43.49,
07/25/2026,49007,3rd Party - DoorDash,769.57,
07/25/2026,49007,3rd Party - UberEats,200.94,
07/25/2026,49008,Subject to Tax,,3706.8
07/25/2026,49008,3rd Party Tax Exempt,,496.29
07/25/2026,49008,Sales Tax,,296.51
07/25/2026,49008,In-Store Credit Card,2280.85,
07/25/2026,49008,Online Credit card,1353.14,
07/25/2026,49008,Online Credit Card Tips,,51
07/25/2026,49008,In-Store Credit Card Tips,,152.74
07/25/2026,49008,Gift Card,14.9,
07/25/2026,49008,3rd Party - DoorDash,452.25,
07/25/2026,49008,3rd Party - UberEats,44.04,
07/25/2026,49008,Cash Over/Short Adjustment,0.16,
07/25/2026,49008,Register Audit Adjustment,558,
07/25/2026,49009,Subject to Tax,,5149.35
07/25/2026,49009,3rd Party Tax Exempt,,555.47
07/25/2026,49009,Sales Tax,,412.1
07/25/2026,49009,In-Store Credit Card,2868.52,
07/25/2026,49009,Payout,16,
07/25/2026,49009,Online Credit card,1958.55,
07/25/2026,49009,Online Credit Card Tips,,70.11
07/25/2026,49009,In-Store Credit Card Tips,,153.93
07/25/2026,49009,Gift Card,46.73,
07/25/2026,49009,3rd Party - DoorDash,543.59,
07/25/2026,49009,3rd Party - UberEats,11.88,
07/25/2026,49009,Cash Over/Short Adjustment,0.69,
07/25/2026,49009,Register Audit Adjustment,895,
07/25/2026,49010,Subject to Tax,,3327.95
07/25/2026,49010,3rd Party Tax Exempt,,388.87
07/25/2026,49010,Sales Tax,,266.35
07/25/2026,49010,In-Store Credit Card,1889.95,
07/25/2026,49010,Online Credit card,1721.21,
07/25/2026,49010,Online Gift Card,15.72,
07/25/2026,49010,Online Credit Card Tips,,67.23
07/25/2026,49010,In-Store Credit Card Tips,,144.58
07/25/2026,49010,Online Gift Card Tips,,2
07/25/2026,49010,Gift Card Sold,,25
07/25/2026,49010,3rd Party - DoorDash,304.47,
07/25/2026,49010,3rd Party - UberEats,84.4,
07/25/2026,49010,Cash Over/Short Adjustment,0.23,
07/25/2026,49010,Register Audit Adjustment,206,
07/25/2026,49011,Subject to Tax,,3757.2
07/25/2026,49011,3rd Party Tax Exempt,,294.82
07/25/2026,49011,Register Audit,575,
07/25/2026,49011,Sales Tax,,300.4
07/25/2026,49011,In-Store Credit Card,2057.99,
07/25/2026,49011,Online Credit card,1611.1,
07/25/2026,49011,Online Gift Card,24.12,
07/25/2026,49011,Online Credit Card Tips,,59
07/25/2026,49011,In-Store Credit Card Tips,,151.22
07/25/2026,49011,Online Gift Card Tips,,1
07/25/2026,49011,3rd Party - DoorDash,195.46,
07/25/2026,49011,3rd Party - UberEats,99.36,
07/25/2026,49011,Cash Over/Short Adjustment,0.61,
07/26/2026,2006,Subject to Tax,,155.54
07/26/2026,2006,Non-Taxable Sales,,3311.25
07/26/2026,2006,3rd Party Tax Exempt,,11.16
07/26/2026,2006,Register Audit,210,
07/26/2026,2006,Sales Tax,,11.03
07/26/2026,2006,In-Store Credit Card,1586.14,
07/26/2026,2006,Payout,20,
07/26/2026,2006,Online Credit card,1326.98,
07/26/2026,2006,Online Gift Card,6.8,
07/26/2026,2006,Online Credit Card Tips,,55.65
07/26/2026,2006,In-Store Credit Card Tips,,92.35
07/26/2026,2006,Online Gift Card Tips,,0.8
07/26/2026,2006,Gift Card,8.32,
07/26/2026,2006,3rd Party - DoorDash,374.12,
07/26/2026,2006,3rd Party - UberEats,105.63,
07/26/2026,2006,Cash Over/Short Adjustment,,0.21
07/26/2026,2016,Subject to Tax,,198.16
07/26/2026,2016,Non-Taxable Sales,,3133.05
07/26/2026,2016,3rd Party Tax Exempt,,14.88
07/26/2026,2016,Register Audit,199,
07/26/2026,2016,Sales Tax,,13.14
07/26/2026,2016,In-Store Credit Card,1638.83,
07/26/2026,2016,Online Credit card,1027.18,
07/26/2026,2016,Online Credit Card Tips,,20
07/26/2026,2016,In-Store Credit Card Tips,,115.6
07/26/2026,2016,Gift Card,110.44,
07/26/2026,2016,3rd Party - DoorDash,455.4,
07/26/2026,2016,3rd Party - GrubHub,21.84,
07/26/2026,2016,3rd Party - UberEats,41.75,
07/26/2026,2016,Cash Over/Short Adjustment,0.39,
07/26/2026,2017,Subject to Tax,,83.04
07/26/2026,2017,Non-Taxable Sales,,2642.59
07/26/2026,2017,3rd Party Tax Exempt,,7.44
07/26/2026,2017,Register Audit,124,
07/26/2026,2017,Sales Tax,,6.06
07/26/2026,2017,In-Store Credit Card,1519.46,
07/26/2026,2017,Online Credit card,822.1,
07/26/2026,2017,Online Gift Card,23.4,
07/26/2026,2017,Online Credit Card Tips,,26
07/26/2026,2017,In-Store Credit Card Tips,,126.53
07/26/2026,2017,Online Gift Card Tips,,2
07/26/2026,2017,Gift Card,85.12,
07/26/2026,2017,3rd Party - DoorDash,268.39,
07/26/2026,2017,3rd Party - GrubHub,34.68,
07/26/2026,2017,3rd Party - UberEats,17.45,
07/26/2026,2017,Cash Over/Short Adjustment,,0.94
07/26/2026,2020,Subject to Tax,,375.89
07/26/2026,2020,Non-Taxable Sales,,3505.86
07/26/2026,2020,3rd Party Tax Exempt,,3.96
07/26/2026,2020,Register Audit,733,
07/26/2026,2020,Sales Tax,,26.63
07/26/2026,2020,In-Store Credit Card,1647.65,
07/26/2026,2020,Payout,207.33,
07/26/2026,2020,Online Credit card,991.71,
07/26/2026,2020,Online Credit Card Tips,,26
07/26/2026,2020,In-Store Credit Card Tips,,69.27
07/26/2026,2020,Gift Card,14.06,
07/26/2026,2020,3rd Party - DoorDash,360.88,
07/26/2026,2020,3rd Party - UberEats,53.03,
07/26/2026,2020,Cash Over/Short Adjustment,,0.05
07/26/2026,2023,Subject to Tax,,124.22
07/26/2026,2023,Non-Taxable Sales,,3899.07
07/26/2026,2023,3rd Party Tax Exempt,,14.88
07/26/2026,2023,Register Audit,191,
07/26/2026,2023,Sales Tax,,7.89
07/26/2026,2023,In-Store Credit Card,1826.22,
07/26/2026,2023,Online Credit card,1096.72,
07/26/2026,2023,Online Credit Card Tips,,30.25
07/26/2026,2023,In-Store Credit Card Tips,,118.43
07/26/2026,2023,Gift Card,38.78,
07/26/2026,2023,3rd Party - DoorDash,737.43,
07/26/2026,2023,3rd Party - GrubHub,73.14,
07/26/2026,2023,3rd Party - UberEats,231.7,
07/26/2026,2023,Cash Over/Short Adjustment,,0.25
07/26/2026,2024,Subject to Tax,,260.36
07/26/2026,2024,Non-Taxable Sales,,3781.55
07/26/2026,2024,3rd Party Tax Exempt,,38.34
07/26/2026,2024,Register Audit,172,
07/26/2026,2024,Sales Tax,,20.86
07/26/2026,2024,In-Store Credit Card,2705.21,
07/26/2026,2024,Online Credit card,764.09,
07/26/2026,2024,Online Gift Card,20,
07/26/2026,2024,Online Credit Card Tips,,18.2
07/26/2026,2024,In-Store Credit Card Tips,,155.49
07/26/2026,2024,3rd Party - DoorDash,533.84,
07/26/2026,2024,3rd Party - UberEats,79.62,
07/26/2026,2024,Cash Over/Short Adjustment,0.04,
07/26/2026,2047,Subject to Tax,,159.18
07/26/2026,2047,Non-Taxable Sales,,3515.11
07/26/2026,2047,Register Audit,280,
07/26/2026,2047,Sales Tax,,11.43
07/26/2026,2047,In-Store Credit Card,2121.64,
07/26/2026,2047,Payout,28.9,
07/26/2026,2047,Online Credit card,1038.71,
07/26/2026,2047,Online Gift Card,10.7,
07/26/2026,2047,Online Credit Card Tips,,12
07/26/2026,2047,In-Store Credit Card Tips,,154.23
07/26/2026,2047,Gift Card,67.47,
07/26/2026,2047,3rd Party - DoorDash,242.5,
07/26/2026,2047,3rd Party - GrubHub,44.63,
07/26/2026,2047,3rd Party - UberEats,17.46,
07/26/2026,2047,Cash Over/Short Adjustment,,0.06
07/26/2026,4003,Subject to Tax,,6594.19
07/26/2026,4003,Register Audit,181,
07/26/2026,4003,Sales Tax,,642.98
07/26/2026,4003,In-Store Credit Card,3423.43,
07/26/2026,4003,Payout,31.75,
07/26/2026,4003,Online Credit card,2408.2,
07/26/2026,4003,Online Gift Card,35.14,
07/26/2026,4003,Online Credit Card Tips,,66.5
07/26/2026,4003,In-Store Credit Card Tips,,231.59
07/26/2026,4003,Gift Card,54,
07/26/2026,4003,3rd Party - DoorDash,875.57,
07/26/2026,4003,3rd Party - GrubHub,40.89,
07/26/2026,4003,3rd Party - UberEats,485.62,
07/26/2026,4003,Cash Over/Short Adjustment,,0.34
07/26/2026,4004,Subject to Tax,,4168.17
07/26/2026,4004,Register Audit,95,
07/26/2026,4004,Sales Tax,,406.39
07/26/2026,4004,In-Store Credit Card,1896.02,
07/26/2026,4004,Online Credit card,991.56,
07/26/2026,4004,Online Credit Card Tips,,16
07/26/2026,4004,In-Store Credit Card Tips,,106.15
07/26/2026,4004,3rd Party - DoorDash,1086.09,
07/26/2026,4004,3rd Party - UberEats,628.54,
07/26/2026,4004,Cash Over/Short Adjustment,,0.5
07/26/2026,4005,Subject to Tax,,3945.97
07/26/2026,4005,Register Audit,256,
07/26/2026,4005,Sales Tax,,384.81
07/26/2026,4005,In-Store Credit Card,3480.43,
07/26/2026,4005,Online Credit card,568.36,
07/26/2026,4005,Online Gift Card,10,
07/26/2026,4005,In-Store Credit Card Tips,,252.27
07/26/2026,4005,Gift Card,19.32,
07/26/2026,4005,3rd Party - DoorDash,208.55,
07/26/2026,4005,Cash Over/Short Adjustment,0.88,
07/26/2026,4008,Subject to Tax,,3359.13
07/26/2026,4008,Register Audit,260,
07/26/2026,4008,Sales Tax,,327.51
07/26/2026,4008,In-Store Credit Card,1898.47,
07/26/2026,4008,Online Credit card,1139.71,
07/26/2026,4008,Online Gift Card,12.74,
07/26/2026,4008,Online Credit Card Tips,,28.91
07/26/2026,4008,In-Store Credit Card Tips,,116.27
07/26/2026,4008,Online Gift Card Tips,,1
07/26/2026,4008,Gift Card,80.12,
07/26/2026,4008,3rd Party - DoorDash,331.66,
07/26/2026,4008,3rd Party - UberEats,110.35,
07/26/2026,4008,Cash Over/Short Adjustment,,0.23
07/26/2026,4010,Subject to Tax,,3136.18
07/26/2026,4010,Register Audit,450,
07/26/2026,4010,Sales Tax,,305.79
07/26/2026,4010,In-Store Credit Card,1927.2,
07/26/2026,4010,Online Credit card,602.86,
07/26/2026,4010,In-Store Credit Card Tips,,178.02
07/26/2026,4010,3rd Party - DoorDash,356.48,
07/26/2026,4010,3rd Party - GrubHub,15.35,
07/26/2026,4010,3rd Party - UberEats,267.26,
07/26/2026,4010,Cash Over/Short Adjustment,0.84,
07/26/2026,4015,Subject to Tax,,4428.62
07/26/2026,4015,Register Audit,171,
07/26/2026,4015,Sales Tax,,431.79
07/26/2026,4015,In-Store Credit Card,2309.27,
07/26/2026,4015,Online Credit card,1576.15,
07/26/2026,4015,Online Gift Card,3.2,
07/26/2026,4015,Online Credit Card Tips,,55
07/26/2026,4015,In-Store Credit Card Tips,,157.22
07/26/2026,4015,Online Gift Card Tips,,1
07/26/2026,4015,Gift Card,53.64,
07/26/2026,4015,3rd Party - DoorDash,815.66,
07/26/2026,4015,3rd Party - UberEats,145.04,
07/26/2026,4015,Cash Over/Short Adjustment,,0.33
07/26/2026,4021,Subject to Tax,,3634.08
07/26/2026,4021,Sales Tax,,354.31
07/26/2026,4021,In-Store Credit Card,2211.67,
07/26/2026,4021,Online Credit card,944.3,
07/26/2026,4021,Online Gift Card,14.13,
07/26/2026,4021,Online Credit Card Tips,,29
07/26/2026,4021,In-Store Credit Card Tips,,153.1
07/26/2026,4021,Online Gift Card Tips,,3
07/26/2026,4021,3rd Party - DoorDash,395.26,
07/26/2026,4021,3rd Party - GrubHub,18.49,
07/26/2026,4021,3rd Party - UberEats,424.63,
07/26/2026,4021,Cash Over/Short Adjustment,0.01,
07/26/2026,4021,Register Audit Adjustment,165,
07/26/2026,4025,Subject to Tax,,3456.89
07/26/2026,4025,Register Audit,276,
07/26/2026,4025,Sales Tax,,337.06
07/26/2026,4025,In-Store Credit Card,1944.32,
07/26/2026,4025,Online Credit card,1044.7,
07/26/2026,4025,Online Gift Card,13.61,
07/26/2026,4025,Online Credit Card Tips,,29.18
07/26/2026,4025,In-Store Credit Card Tips,,127.27
07/26/2026,4025,Gift Card,19.97,
07/26/2026,4025,3rd Party - DoorDash,500.77,
07/26/2026,4025,3rd Party - UberEats,151.45,
07/26/2026,4025,Cash Over/Short Adjustment,,0.42
07/26/2026,4027,Subject to Tax,,3786.36
07/26/2026,4027,Tax Exempt,,742
07/26/2026,4027,Register Audit,441,
07/26/2026,4027,Sales Tax,,369.18
07/26/2026,4027,In-Store Credit Card,2101.04,
07/26/2026,4027,Online Credit card,685.23,
07/26/2026,4027,Online Gift Card,19.1,
07/26/2026,4027,In-Store Credit Card Tips,,104.5
07/26/2026,4027,Gift Card,755.55,
07/26/2026,4027,3rd Party - DoorDash,422.73,
07/26/2026,4027,3rd Party - UberEats,577.9,
07/26/2026,4027,Cash Over/Short Adjustment,,0.51
07/26/2026,4034,Subject to Tax,,3954.27
07/26/2026,4034,Register Audit,248,
07/26/2026,4034,Sales Tax,,385.58
07/26/2026,4034,In-Store Credit Card,2083.71,
07/26/2026,4034,Payout,32.87,
07/26/2026,4034,Online Credit card,1688.81,
07/26/2026,4034,Online Credit Card Tips,,34
07/26/2026,4034,In-Store Credit Card Tips,,124.48
07/26/2026,4034,Gift Card,16,
07/26/2026,4034,3rd Party - DoorDash,429.85,
07/26/2026,4034,Cash Over/Short Adjustment,,0.91
07/26/2026,4036,Subject to Tax,,4165.58
07/26/2026,4036,Register Audit,398,
07/26/2026,4036,Sales Tax,,406.18
07/26/2026,4036,In-Store Credit Card,2422.78,
07/26/2026,4036,Payout,36.2,
07/26/2026,4036,Online Credit card,888.19,
07/26/2026,4036,Online Gift Card,27.63,
07/26/2026,4036,Online Credit Card Tips,,30
07/26/2026,4036,In-Store Credit Card Tips,,162.21
07/26/2026,4036,Online Gift Card Tips,,3
07/26/2026,4036,Gift Card,10,
07/26/2026,4036,3rd Party - DoorDash,588.65,
07/26/2026,4036,3rd Party - GrubHub,58.61,
07/26/2026,4036,3rd Party - UberEats,336.66,
07/26/2026,4036,Cash Over/Short Adjustment,0.25,
07/26/2026,4042,Subject to Tax,,6865.61
07/26/2026,4042,Register Audit,487,
07/26/2026,4042,Sales Tax,,669.4
07/26/2026,4042,In-Store Credit Card,3258.69,
07/26/2026,4042,Online Credit card,2388.83,
07/26/2026,4042,Online Credit Card Tips,,64.66
07/26/2026,4042,In-Store Credit Card Tips,,172.7
07/26/2026,4042,Gift Card,61.89,
07/26/2026,4042,3rd Party - DoorDash,1390.67,
07/26/2026,4042,3rd Party - UberEats,148.89,
07/26/2026,4042,Cash Over/Short Adjustment,0.4,
07/26/2026,4042,Register Audit Adjustment,36,
07/26/2026,4052,Subject to Tax,,5106.69
07/26/2026,4052,Register Audit,576,
07/26/2026,4052,Sales Tax,,497.86
07/26/2026,4052,In-Store Credit Card,2303.36,
07/26/2026,4052,Online Credit card,1956.87,
07/26/2026,4052,Online Credit Card Tips,,42
07/26/2026,4052,In-Store Credit Card Tips,,131.43
07/26/2026,4052,3rd Party - DoorDash,895.23,
07/26/2026,4052,3rd Party - UberEats,46.22,
07/26/2026,4052,Cash Over/Short Adjustment,0.3,
07/26/2026,4061,Subject to Tax,,5033.26
07/26/2026,4061,Register Audit,391,
07/26/2026,4061,Sales Tax,,490.7
07/26/2026,4061,In-Store Credit Card,2699.88,
07/26/2026,4061,Online Credit card,1796.18,
07/26/2026,4061,Online Gift Card,58.54,
07/26/2026,4061,Online Credit Card Tips,,45
07/26/2026,4061,In-Store Credit Card Tips,,131.7
07/26/2026,4061,Online Gift Card Tips,,5
07/26/2026,4061,Gift Card,11.74,
07/26/2026,4061,3rd Party - DoorDash,380.28,
07/26/2026,4061,3rd Party - GrubHub,42.87,
07/26/2026,4061,3rd Party - UberEats,325.68,
07/26/2026,4061,Cash Over/Short Adjustment,,0.51
07/26/2026,4074,Subject to Tax,,3467.3
07/26/2026,4074,Register Audit,162,
07/26/2026,4074,Sales Tax,,338.03
07/26/2026,4074,In-Store Credit Card,1879.93,
07/26/2026,4074,Online Credit card,1373.81,
07/26/2026,4074,Online Credit Card Tips,,48
07/26/2026,4074,In-Store Credit Card Tips,,132.16
07/26/2026,4074,3rd Party - DoorDash,434.62,
07/26/2026,4074,3rd Party - GrubHub,93.43,
07/26/2026,4074,3rd Party - UberEats,42.59,
07/26/2026,4074,Cash Over/Short Adjustment,,0.89
07/26/2026,5042,Subject to Tax,,3526.99
07/26/2026,5042,Non-Taxable Sales,,20.5
07/26/2026,5042,3rd Party Tax Exempt,,895.9
07/26/2026,5042,Register Audit,218,
07/26/2026,5042,Sales Tax,,243.84
07/26/2026,5042,In-Store Credit Card,2202.47,
07/26/2026,5042,Payout,12.66,
07/26/2026,5042,Online Credit card,1545.41,
07/26/2026,5042,Online Gift Card,30.58,
07/26/2026,5042,Online Credit Card Tips,,51
07/26/2026,5042,In-Store Credit Card Tips,,184.73
07/26/2026,5042,Online Gift Card Tips,,1
07/26/2026,5042,Gift Card,19.34,
07/26/2026,5042,3rd Party - DoorDash,314.1,
07/26/2026,5042,3rd Party - GrubHub,35.64,
07/26/2026,5042,3rd Party - UberEats,546.16,
07/26/2026,5042,Cash Over/Short Adjustment,,0.4
07/26/2026,5043,Subject to Tax,,4310.35
07/26/2026,5043,Non-Taxable Sales,,27
07/26/2026,5043,3rd Party Tax Exempt,,1164.65
07/26/2026,5043,Register Audit,681,
07/26/2026,5043,Sales Tax,,295.91
07/26/2026,5043,In-Store Credit Card,2629.04,
07/26/2026,5043,Online Credit card,1425.33,
07/26/2026,5043,Online Gift Card,52.32,
07/26/2026,5043,Online Credit Card Tips,,26
07/26/2026,5043,In-Store Credit Card Tips,,138.1
07/26/2026,5043,Gift Card,10,
07/26/2026,5043,3rd Party - DoorDash,559.64,
07/26/2026,5043,3rd Party - GrubHub,35.16,
07/26/2026,5043,3rd Party - UberEats,569.85,
07/26/2026,5043,Cash Over/Short Adjustment,,0.33
07/26/2026,5049,Subject to Tax,,2355.62
07/26/2026,5049,3rd Party Tax Exempt,,573.84
07/26/2026,5049,Register Audit,220,
07/26/2026,5049,Sales Tax,,193.54
07/26/2026,5049,In-Store Credit Card,1686.78,
07/26/2026,5049,Online Credit card,771.42,
07/26/2026,5049,Online Credit Card Tips,,29.4
07/26/2026,5049,In-Store Credit Card Tips,,99.72
07/26/2026,5049,3rd Party - DoorDash,475.12,
07/26/2026,5049,3rd Party - UberEats,98.72,
07/26/2026,5049,Cash Over/Short Adjustment,0.08,
07/26/2026,5051,Subject to Tax,,3540.3
07/26/2026,5051,Non-Taxable Sales,,48.5
07/26/2026,5051,3rd Party Tax Exempt,,434.04
07/26/2026,5051,Register Audit,268,
07/26/2026,5051,Sales Tax,,245.53
07/26/2026,5051,In-Store Credit Card,2630.78,
07/26/2026,5051,Online Credit card,1056.81,
07/26/2026,5051,Online Gift Card,23.91,
07/26/2026,5051,Online Credit Card Tips,,16
07/26/2026,5051,In-Store Credit Card Tips,,128.89
07/26/2026,5051,3rd Party - DoorDash,285.92,
07/26/2026,5051,3rd Party - UberEats,148.12,
07/26/2026,5051,Cash Over/Short Adjustment,,0.28
07/26/2026,5057,Subject to Tax,,3440.75
07/26/2026,5057,Non-Taxable Sales,,5.5
07/26/2026,5057,3rd Party Tax Exempt,,480.02
07/26/2026,5057,Register Audit,182,
07/26/2026,5057,Sales Tax,,271.05
07/26/2026,5057,In-Store Credit Card,2381.33,
07/26/2026,5057,Payout,11.08,
07/26/2026,5057,Online Credit card,1257.59,
07/26/2026,5057,Online Gift Card,21.33,
07/26/2026,5057,Online Credit Card Tips,,35
07/26/2026,5057,In-Store Credit Card Tips,,126.9
07/26/2026,5057,Gift Card,26.77,
07/26/2026,5057,3rd Party - DoorDash,255.79,
07/26/2026,5057,3rd Party - UberEats,224.23,
07/26/2026,5057,Cash Over/Short Adjustment,,0.9
07/26/2026,5059,Subject to Tax,,3120.6
07/26/2026,5059,Non-Taxable Sales,,18.5
07/26/2026,5059,3rd Party Tax Exempt,,330.18
07/26/2026,5059,Sales Tax,,216.6
07/26/2026,5059,In-Store Credit Card,2373,
07/26/2026,5059,Online Credit card,800.45,
07/26/2026,5059,Online Credit Card Tips,,17
07/26/2026,5059,In-Store Credit Card Tips,,163.23
07/26/2026,5059,Gift Card,21.13,
07/26/2026,5059,3rd Party - DoorDash,171.27,
07/26/2026,5059,3rd Party - UberEats,158.91,
07/26/2026,5059,Cash Over/Short Adjustment,0.35,
07/26/2026,5059,Register Audit Adjustment,341,
07/26/2026,5062,Subject to Tax,,2945.75
07/26/2026,5062,Non-Taxable Sales,,25.5
07/26/2026,5062,3rd Party Tax Exempt,,278.51
07/26/2026,5062,Sales Tax,,204.46
07/26/2026,5062,In-Store Credit Card,2444.86,
07/26/2026,5062,Payout,59,
07/26/2026,5062,Online Credit card,819.38,
07/26/2026,5062,Online Credit Card Tips,,23
07/26/2026,5062,In-Store Credit Card Tips,,159.75
07/26/2026,5062,Gift Card,10,
07/26/2026,5062,3rd Party - DoorDash,187.37,
07/26/2026,5062,3rd Party - UberEats,91.14,
07/26/2026,5062,Cash Over/Short Adjustment,0.22,
07/26/2026,5062,Register Audit Adjustment,25,
07/26/2026,5101,Subject to Tax,,4134.9
07/26/2026,5101,Non-Taxable Sales,,27
07/26/2026,5101,3rd Party Tax Exempt,,403.27
07/26/2026,5101,Register Audit,302,
07/26/2026,5101,Sales Tax,,284.48
07/26/2026,5101,In-Store Credit Card,2706.84,
07/26/2026,5101,Online Credit card,1578.36,
07/26/2026,5101,Online Gift Card,28.36,
07/26/2026,5101,Online Credit Card Tips,,43
07/26/2026,5101,In-Store Credit Card Tips,,162.89
07/26/2026,5101,3rd Party - DoorDash,373.28,
07/26/2026,5101,3rd Party - GrubHub,17.15,
07/26/2026,5101,3rd Party - UberEats,12.84,
07/26/2026,5101,Cash Over/Short Adjustment,,0.31
07/26/2026,5112,Subject to Tax,,2932.2
07/26/2026,5112,Non-Taxable Sales,,5
07/26/2026,5112,3rd Party Tax Exempt,,307.23
07/26/2026,5112,Register Audit,250,
07/26/2026,5112,Sales Tax,,231.98
07/26/2026,5112,In-Store Credit Card,1882.93,
07/26/2026,5112,Online Credit card,1124.05,
07/26/2026,5112,Online Gift Card,24.04,
07/26/2026,5112,Online Credit Card Tips,,29.13
07/26/2026,5112,In-Store Credit Card Tips,,123.52
07/26/2026,5112,Gift Card,41.15,
07/26/2026,5112,3rd Party - DoorDash,307.23,
07/26/2026,5112,Cash Over/Short Adjustment,,0.34
07/26/2026,5127,Subject to Tax,,4585.15
07/26/2026,5127,Non-Taxable Sales,,6.5
07/26/2026,5127,3rd Party Tax Exempt,,140.45
07/26/2026,5127,Register Audit,364,
07/26/2026,5127,Sales Tax,,363.54
07/26/2026,5127,In-Store Credit Card,3599.74,
07/26/2026,5127,Online Credit card,1286.44,
07/26/2026,5127,Online Credit Card Tips,,45
07/26/2026,5127,In-Store Credit Card Tips,,249.73
07/26/2026,5127,3rd Party - DoorDash,121.85,
07/26/2026,5127,3rd Party - UberEats,18.6,
07/26/2026,5127,Cash Over/Short Adjustment,,0.26
07/26/2026,6021,Subject to Tax,,3432.23
07/26/2026,6021,Non-Taxable Sales,,20
07/26/2026,6021,3rd Party Tax Exempt,,33.94
07/26/2026,6021,Register Audit,129,
07/26/2026,6021,Sales Tax,,326.1
07/26/2026,6021,In-Store Credit Card,2208.11,
07/26/2026,6021,Online Credit card,924.33,
07/26/2026,6021,Online Credit Card Tips,,31
07/26/2026,6021,In-Store Credit Card Tips,,152.77
07/26/2026,6021,Gift Card,23.71,
07/26/2026,6021,Gift Card Sold,,20
07/26/2026,6021,3rd Party - DoorDash,677.84,
07/26/2026,6021,3rd Party - GrubHub,19.22,
07/26/2026,6021,3rd Party - UberEats,33.94,
07/26/2026,6021,Cash Over/Short Adjustment,,0.11
07/26/2026,6026,Subject to Tax,,3001.36
07/26/2026,6026,Non-Taxable Sales,,10.5
07/26/2026,6026,3rd Party Tax Exempt,,59.57
07/26/2026,6026,Register Audit,172,
07/26/2026,6026,Sales Tax,,180.04
07/26/2026,6026,In-Store Credit Card,1828.77,
07/26/2026,6026,Online Credit card,870.08,
07/26/2026,6026,Online Credit Card Tips,,40
07/26/2026,6026,In-Store Credit Card Tips,,116.19
07/26/2026,6026,3rd Party - DoorDash,457.93,
07/26/2026,6026,3rd Party - GrubHub,18.43,
07/26/2026,6026,3rd Party - UberEats,59.57,
07/26/2026,6026,Cash Over/Short Adjustment,0.88,
07/26/2026,6032,Subject to Tax,,3671.2
07/26/2026,6032,Non-Taxable Sales,,20.5
07/26/2026,6032,3rd Party Tax Exempt,,283.31
07/26/2026,6032,Sales Tax,,220.26
07/26/2026,6032,In-Store Credit Card,2196.64,
07/26/2026,6032,Online Credit card,1219.83,
07/26/2026,6032,Online Credit Card Tips,,38
07/26/2026,6032,In-Store Credit Card Tips,,107.4
07/26/2026,6032,3rd Party - DoorDash,410.52,
07/26/2026,6032,3rd Party - GrubHub,65.35,
07/26/2026,6032,3rd Party - UberEats,283.31,
07/26/2026,6032,Cash Over/Short Adjustment,0.02,
07/26/2026,6032,Register Audit Adjustment,165,
07/26/2026,6037,Subject to Tax,,4211.49
07/26/2026,6037,Non-Taxable Sales,,5
07/26/2026,6037,Register Audit,248,
07/26/2026,6037,Sales Tax,,463.47
07/26/2026,6037,In-Store Credit Card,2756.05,
07/26/2026,6037,Online Credit card,1445.45,
07/26/2026,6037,Online Credit Card Tips,,47
07/26/2026,6037,In-Store Credit Card Tips,,179.18
07/26/2026,6037,3rd Party - GrubHub,43.69,
07/26/2026,6037,3rd Party - UberEats,413.63,
07/26/2026,6037,Cash Over/Short Adjustment,,0.68
07/26/2026,6039,Subject to Tax,,3292.11
07/26/2026,6039,Non-Taxable Sales,,18.5
07/26/2026,6039,3rd Party Tax Exempt,,136.55
07/26/2026,6039,Sales Tax,,197.52
07/26/2026,6039,In-Store Credit Card,1769.67,
07/26/2026,6039,Online Credit card,1033.43,
07/26/2026,6039,Online Credit Card Tips,,19
07/26/2026,6039,In-Store Credit Card Tips,,147.25
07/26/2026,6039,Gift Card,26.36,
07/26/2026,6039,3rd Party - DoorDash,696.87,
07/26/2026,6039,3rd Party - GrubHub,62.39,
07/26/2026,6039,3rd Party - UberEats,136.55,
07/26/2026,6039,Cash Over/Short Adjustment,0.66,
07/26/2026,6039,Register Audit Adjustment,85,
07/26/2026,6044,Subject to Tax,,4381.68
07/26/2026,6044,Non-Taxable Sales,,11.5
07/26/2026,6044,Sales Tax,,495.2
07/26/2026,6044,In-Store Credit Card,2809.05,
07/26/2026,6044,Online Credit card,986.32,
07/26/2026,6044,Online Credit Card Tips,,21
07/26/2026,6044,In-Store Credit Card Tips,,162.76
07/26/2026,6044,Gift Card,58.67,
07/26/2026,6044,3rd Party - DoorDash,739.13,
07/26/2026,6044,Cash Over/Short Adjustment,0.97,
07/26/2026,6044,Register Audit Adjustment,478,
07/26/2026,6065,Subject to Tax,,3583.19
07/26/2026,6065,Non-Taxable Sales,,15
07/26/2026,6065,3rd Party Tax Exempt,,235.36
07/26/2026,6065,Sales Tax,,358.49
07/26/2026,6065,In-Store Credit Card,1995.33,
07/26/2026,6065,Online Credit card,1245.43,
07/26/2026,6065,Online Credit Card Tips,,41.82
07/26/2026,6065,In-Store Credit Card Tips,,119.76
07/26/2026,6065,Gift Card,40.36,
07/26/2026,6065,3rd Party - DoorDash,509.65,
07/26/2026,6065,3rd Party - GrubHub,20.71,
07/26/2026,6065,3rd Party - UberEats,235.36,
07/26/2026,6065,Cash Over/Short Adjustment,0.78,
07/26/2026,6065,Register Audit Adjustment,306,
07/26/2026,6067,Subject to Tax,,3553.2
07/26/2026,6067,Non-Taxable Sales,,20
07/26/2026,6067,3rd Party Tax Exempt,,21.84
07/26/2026,6067,Sales Tax,,401.6
07/26/2026,6067,In-Store Credit Card,2372.1,
07/26/2026,6067,Online Credit card,1220.84,
07/26/2026,6067,Online Credit Card Tips,,32
07/26/2026,6067,In-Store Credit Card Tips,,136.66
07/26/2026,6067,Gift Card,32.19,
07/26/2026,6067,3rd Party - DoorDash,406.58,
07/26/2026,6067,3rd Party - UberEats,21.84,
07/26/2026,6067,Cash Over/Short Adjustment,0.75,
07/26/2026,6067,Register Audit Adjustment,111,
07/26/2026,6072,Subject to Tax,,4541.74
07/26/2026,6072,Non-Taxable Sales,,12.5
07/26/2026,6072,3rd Party Tax Exempt,,217
07/26/2026,6072,Register Audit,538,
07/26/2026,6072,Sales Tax,,536.02
07/26/2026,6072,In-Store Credit Card,2693.17,
07/26/2026,6072,Online Credit card,1367.48,
07/26/2026,6072,Online Credit Card Tips,,42.38
07/26/2026,6072,In-Store Credit Card Tips,,173.05
07/26/2026,6072,Gift Card,3.68,
07/26/2026,6072,Gift Card Sold,,30
07/26/2026,6072,3rd Party - DoorDash,677.33,
07/26/2026,6072,3rd Party - GrubHub,56.68,
07/26/2026,6072,3rd Party - UberEats,217,
07/26/2026,6072,Cash Over/Short Adjustment,,0.65
07/26/2026,6074,Subject to Tax,,2615.51
07/26/2026,6074,Non-Taxable Sales,,5
07/26/2026,6074,3rd Party Tax Exempt,,87.57
07/26/2026,6074,Sales Tax,,235.34
07/26/2026,6074,In-Store Credit Card,1924.24,
07/26/2026,6074,Online Credit card,877.58,
07/26/2026,6074,Online Gift Card,30.23,
07/26/2026,6074,Online Credit Card Tips,,23
07/26/2026,6074,In-Store Credit Card Tips,,143.73
07/26/2026,6074,Online Gift Card Tips,,2
07/26/2026,6074,Gift Card,30.87,
07/26/2026,6074,3rd Party - GrubHub,25.9,
07/26/2026,6074,3rd Party - UberEats,87.57,
07/26/2026,6074,Cash Over/Short Adjustment,0.76,
07/26/2026,6074,Register Audit Adjustment,135,
07/26/2026,6076,Subject to Tax,,2675.68
07/26/2026,6076,Non-Taxable Sales,,10
07/26/2026,6076,3rd Party Tax Exempt,,280.09
07/26/2026,6076,Sales Tax,,240.76
07/26/2026,6076,In-Store Credit Card,1553.67,
07/26/2026,6076,Payout,40,
07/26/2026,6076,Online Credit card,567.45,
07/26/2026,6076,Online Gift Card,27.69,
07/26/2026,6076,Online Credit Card Tips,,11
07/26/2026,6076,In-Store Credit Card Tips,,95.46
07/26/2026,6076,Online Gift Card Tips,,2
07/26/2026,6076,Gift Card,30.01,
07/26/2026,6076,3rd Party - DoorDash,650.12,
07/26/2026,6076,3rd Party - UberEats,280.09,
07/26/2026,6076,Cash Over/Short Adjustment,0.96,
07/26/2026,6076,Register Audit Adjustment,165,
07/26/2026,6083,Subject to Tax,,3181.16
07/26/2026,6083,Non-Taxable Sales,,41
07/26/2026,6083,3rd Party Tax Exempt,,66.05
07/26/2026,6083,Sales Tax,,286.26
07/26/2026,6083,In-Store Credit Card,1562.14,
07/26/2026,6083,Online Credit card,1588.12,
07/26/2026,6083,Online Credit Card Tips,,32.65
07/26/2026,6083,In-Store Credit Card Tips,,105.64
07/26/2026,6083,3rd Party - DoorDash,309.67,
07/26/2026,6083,3rd Party - UberEats,66.05,
07/26/2026,6083,Cash Over/Short Adjustment,0.78,
07/26/2026,6083,Register Audit Adjustment,186,
07/26/2026,6088,Subject to Tax,,3336.22
07/26/2026,6088,Non-Taxable Sales,,25
07/26/2026,6088,3rd Party Tax Exempt,,243.27
07/26/2026,6088,Register Audit,126,
07/26/2026,6088,Sales Tax,,333.75
07/26/2026,6088,In-Store Credit Card,2068.22,
07/26/2026,6088,Online Credit card,1221.8,
07/26/2026,6088,Online Gift Card,25,
07/26/2026,6088,Online Credit Card Tips,,29
07/26/2026,6088,In-Store Credit Card Tips,,116.66
07/26/2026,6088,Gift Card,10,
07/26/2026,6088,3rd Party - DoorDash,389.1,
07/26/2026,6088,3rd Party - UberEats,243.27,
07/26/2026,6088,Cash Over/Short Adjustment,0.51,
07/26/2026,6093,Subject to Tax,,3414.54
07/26/2026,6093,3rd Party Tax Exempt,,21.12
07/26/2026,6093,Register Audit,594,
07/26/2026,6093,Sales Tax,,385.93
07/26/2026,6093,In-Store Credit Card,2318.79,
07/26/2026,6093,Online Credit card,806.48,
07/26/2026,6093,Online Credit Card Tips,,28
07/26/2026,6093,In-Store Credit Card Tips,,155.76
07/26/2026,6093,Gift Card,35.42,
07/26/2026,6093,3rd Party - DoorDash,229.71,
07/26/2026,6093,3rd Party - UberEats,21.12,
07/26/2026,6093,Cash Over/Short Adjustment,,0.17
07/26/2026,6094,Subject to Tax,,1995.6
07/26/2026,6094,Non-Taxable Sales,,10.5
07/26/2026,6094,3rd Party Tax Exempt,,94.47
07/26/2026,6094,Sales Tax,,199.65
07/26/2026,6094,In-Store Credit Card,943.14,
07/26/2026,6094,Online Credit card,909.86,
07/26/2026,6094,Online Credit Card Tips,,20
07/26/2026,6094,In-Store Credit Card Tips,,60.44
07/26/2026,6094,Gift Card,19.14,
07/26/2026,6094,3rd Party - DoorDash,402.28,
07/26/2026,6094,3rd Party - UberEats,94.47,
07/26/2026,6094,Cash Over/Short Adjustment,0.77,
07/26/2026,6094,Register Audit Adjustment,11,
07/26/2026,6102,Subject to Tax,,3012.5
07/26/2026,6102,Non-Taxable Sales,,17.5
07/26/2026,6102,Sales Tax,,301.4
07/26/2026,6102,In-Store Credit Card,1847.08,
07/26/2026,6102,Online Credit card,895.49,
07/26/2026,6102,Online Credit Card Tips,,23
07/26/2026,6102,In-Store Credit Card Tips,,113.52
07/26/2026,6102,3rd Party - DoorDash,372.44,
07/26/2026,6102,3rd Party - GrubHub,65.99,
07/26/2026,6102,3rd Party - UberEats,107.43,
07/26/2026,6102,Cash Over/Short Adjustment,0.49,
07/26/2026,6102,Register Audit Adjustment,179,
07/26/2026,7024,Subject to Tax,,3302.6
07/26/2026,7024,3rd Party Tax Exempt,,683.72
07/26/2026,7024,Sales Tax,,283.05
07/26/2026,7024,In-Store Credit Card,1816.87,
07/26/2026,7024,Online Credit card,1470.09,
07/26/2026,7024,Online Credit Card Tips,,50.45
07/26/2026,7024,In-Store Credit Card Tips,,115
07/26/2026,7024,Gift Card,34.12,
07/26/2026,7024,3rd Party - DoorDash,546.93,
07/26/2026,7024,3rd Party - UberEats,136.79,
07/26/2026,7024,Cash Over/Short Adjustment,0.02,
07/26/2026,7024,Register Audit Adjustment,430,
07/26/2026,7032,Subject to Tax,,3014.3
07/26/2026,7032,3rd Party Tax Exempt,,438.92
07/26/2026,7032,Sales Tax,,260.67
07/26/2026,7032,In-Store Credit Card,1697.59,
07/26/2026,7032,Online Credit card,1053.76,
07/26/2026,7032,Online Credit Card Tips,,56.65
07/26/2026,7032,In-Store Credit Card Tips,,116.8
07/26/2026,7032,Gift Card,15,
07/26/2026,7032,3rd Party - DoorDash,399.26,
07/26/2026,7032,3rd Party - GrubHub,24.06,
07/26/2026,7032,3rd Party - UberEats,15.6,
07/26/2026,7032,Cash Over/Short Adjustment,0.07,
07/26/2026,7032,Register Audit Adjustment,682,
07/26/2026,7039,Subject to Tax,,2394.8
07/26/2026,7039,3rd Party Tax Exempt,,320.93
07/26/2026,7039,Sales Tax,,210.45
07/26/2026,7039,In-Store Credit Card,1844.34,
07/26/2026,7039,Online Credit card,503.59,
07/26/2026,7039,Online Credit Card Tips,,26
07/26/2026,7039,In-Store Credit Card Tips,,134.46
07/26/2026,7039,Gift Card,35,
07/26/2026,7039,3rd Party - DoorDash,262.26,
07/26/2026,7039,3rd Party - GrubHub,20.27,
07/26/2026,7039,3rd Party - UberEats,38.4,
07/26/2026,7039,Cash Over/Short Adjustment,0.78,
07/26/2026,7039,Register Audit Adjustment,382,
07/26/2026,7049,Subject to Tax,,4125.8
07/26/2026,7049,3rd Party Tax Exempt,,769.75
07/26/2026,7049,Sales Tax,,351.37
07/26/2026,7049,In-Store Credit Card,2595.91,
07/26/2026,7049,Online Credit card,1846.66,
07/26/2026,7049,Online Credit Card Tips,,62
07/26/2026,7049,In-Store Credit Card Tips,,212.58
07/26/2026,7049,Gift Card,40.11,
07/26/2026,7049,3rd Party - DoorDash,605.88,
07/26/2026,7049,3rd Party - UberEats,163.87,
07/26/2026,7049,Cash Over/Short Adjustment,0.07,
07/26/2026,7049,Register Audit Adjustment,269,
07/26/2026,7066,Subject to Tax,,3024.05
07/26/2026,7066,3rd Party Tax Exempt,,292.82
07/26/2026,7066,Sales Tax,,262.37
07/26/2026,7066,In-Store Credit Card,1933.6,
07/26/2026,7066,Payout,15.2,
07/26/2026,7066,Online Credit card,976.27,
07/26/2026,7066,Online Credit Card Tips,,15
07/26/2026,7066,In-Store Credit Card Tips,,107.84
07/26/2026,7066,Gift Card,40.25,
07/26/2026,7066,3rd Party - DoorDash,292.82,
07/26/2026,7066,Cash Over/Short Adjustment,0.94,
07/26/2026,7066,Register Audit Adjustment,443,
07/26/2026,13026,Subject to Tax,,2855.6
07/26/2026,13026,Non-Taxable Sales,,31.62
07/26/2026,13026,3rd Party Tax Exempt,,588.6
07/26/2026,13026,Register Audit,118,
07/26/2026,13026,Sales Tax,,214.25
07/26/2026,13026,In-Store Credit Card,1797.9,
07/26/2026,13026,Online Credit card,1219.38,
07/26/2026,13026,Online Credit Card Tips,,12.73
07/26/2026,13026,In-Store Credit Card Tips,,88.54
07/26/2026,13026,Gift Card,47.09,
07/26/2026,13026,3rd Party - DoorDash,302.85,
07/26/2026,13026,3rd Party - UberEats,304.47,
07/26/2026,13026,Cash Over/Short Adjustment,0.65,
07/26/2026,13026,Register Audit Adjustment,1,
07/26/2026,13062,Subject to Tax,,2875.84
07/26/2026,13062,Non-Taxable Sales,,23.28
07/26/2026,13062,3rd Party Tax Exempt,,416.53
07/26/2026,13062,Sales Tax,,201.3
07/26/2026,13062,In-Store Credit Card,2271.8,
07/26/2026,13062,Online Credit card,628.27,
07/26/2026,13062,Online Credit Card Tips,,18
07/26/2026,13062,In-Store Credit Card Tips,,104.82
07/26/2026,13062,Gift Card,49.54,
07/26/2026,13062,3rd Party - DoorDash,200.38,
07/26/2026,13062,3rd Party - GrubHub,56.46,
07/26/2026,13062,3rd Party - UberEats,223.47,
07/26/2026,13062,Cash Over/Short Adjustment,0.85,
07/26/2026,13062,Register Audit Adjustment,209,
07/26/2026,13082,Subject to Tax,,1857.2
07/26/2026,13082,Non-Taxable Sales,,22.98
07/26/2026,13082,3rd Party Tax Exempt,,174.04
07/26/2026,13082,Register Audit,303,
07/26/2026,13082,Sales Tax,,129.97
07/26/2026,13082,In-Store Credit Card,1348.93,
07/26/2026,13082,Online Credit card,451.06,
07/26/2026,13082,Online Credit Card Tips,,10.4
07/26/2026,13082,In-Store Credit Card Tips,,94.57
07/26/2026,13082,3rd Party - DoorDash,159.11,
07/26/2026,13082,3rd Party - UberEats,27.11,
07/26/2026,13082,Cash Over/Short Adjustment,,0.05
07/26/2026,13106,Subject to Tax,,2451.41
07/26/2026,13106,Non-Taxable Sales,,34.9
07/26/2026,13106,3rd Party Tax Exempt,,489.56
07/26/2026,13106,Sales Tax,,183.92
07/26/2026,13106,In-Store Credit Card,1567.22,
07/26/2026,13106,Online Credit card,1097.48,
07/26/2026,13106,Online Credit Card Tips,,32
07/26/2026,13106,In-Store Credit Card Tips,,93.01
07/26/2026,13106,3rd Party - DoorDash,269.89,
07/26/2026,13106,3rd Party - UberEats,236.43,
07/26/2026,13106,Cash Over/Short Adjustment,0.78,
07/26/2026,13106,Register Audit Adjustment,113,
07/26/2026,13116,Subject to Tax,,3076.5
07/26/2026,13116,Non-Taxable Sales,,27.61
07/26/2026,13116,3rd Party Tax Exempt,,754.94
07/26/2026,13116,Sales Tax,,215.34
07/26/2026,13116,In-Store Credit Card,2001.83,
07/26/2026,13116,Online Credit card,1024,
07/26/2026,13116,In-Store Credit Card Tips,,114.11
07/26/2026,13116,3rd Party - DoorDash,738.44,
07/26/2026,13116,3rd Party - GrubHub,46.07,
07/26/2026,13116,3rd Party - UberEats,33.96,
07/26/2026,13116,Cash Over/Short Adjustment,0.2,
07/26/2026,13116,Register Audit Adjustment,344,
07/26/2026,13138,Subject to Tax,,1482.85
07/26/2026,13138,Non-Taxable Sales,,5.44
07/26/2026,13138,3rd Party Tax Exempt,,119.1
07/26/2026,13138,Register Audit,94,
07/26/2026,13138,Sales Tax,,103.74
07/26/2026,13138,In-Store Credit Card,1164.24,
07/26/2026,13138,Payout,10,
07/26/2026,13138,Online Credit card,353.73,
07/26/2026,13138,Online Gift Card,49.22,
07/26/2026,13138,Online Credit Card Tips,,22
07/26/2026,13138,In-Store Credit Card Tips,,75.08
07/26/2026,13138,Online Gift Card Tips,,3
07/26/2026,13138,Gift Card,19.47,
07/26/2026,13138,3rd Party - DoorDash,97.38,
07/26/2026,13138,3rd Party - UberEats,23.76,
07/26/2026,13138,Cash Over/Short Adjustment,,0.59
07/26/2026,13148,Subject to Tax,,3341.08
07/26/2026,13148,Non-Taxable Sales,,32.03
07/26/2026,13148,3rd Party Tax Exempt,,397.75
07/26/2026,13148,Sales Tax,,217.18
07/26/2026,13148,In-Store Credit Card,2316.37,
07/26/2026,13148,Online Credit card,1225.6,
07/26/2026,13148,Online Credit Card Tips,,45
07/26/2026,13148,In-Store Credit Card Tips,,136.88
07/26/2026,13148,Gift Card,15,
07/26/2026,13148,3rd Party - DoorDash,267.19,
07/26/2026,13148,3rd Party - GrubHub,25.3,
07/26/2026,13148,3rd Party - UberEats,135.84,
07/26/2026,13148,Cash Over/Short Adjustment,0.62,
07/26/2026,13148,Register Audit Adjustment,184,
07/26/2026,13160,Subject to Tax,,2411.7
07/26/2026,13160,Non-Taxable Sales,,28.4
07/26/2026,13160,3rd Party Tax Exempt,,170.21
07/26/2026,13160,Register Audit,445,
07/26/2026,13160,Sales Tax,,168.83
07/26/2026,13160,In-Store Credit Card,1461.38,
07/26/2026,13160,Online Credit card,791.78,
07/26/2026,13160,Online Credit Card Tips,,26
07/26/2026,13160,In-Store Credit Card Tips,,76.41
07/26/2026,13160,Gift Card,13.59,
07/26/2026,13160,3rd Party - DoorDash,131.88,
07/26/2026,13160,3rd Party - UberEats,38.33,
07/26/2026,13160,Cash Over/Short Adjustment,,0.41
07/26/2026,13162,Subject to Tax,,2494.88
07/26/2026,13162,Non-Taxable Sales,,21.94
07/26/2026,13162,3rd Party Tax Exempt,,951.99
07/26/2026,13162,Sales Tax,,174.62
07/26/2026,13162,In-Store Credit Card,1736.4,
07/26/2026,13162,Online Credit card,880.72,
07/26/2026,13162,Online Credit Card Tips,,22
07/26/2026,13162,In-Store Credit Card Tips,,110.54
07/26/2026,13162,3rd Party - DoorDash,636.71,
07/26/2026,13162,3rd Party - UberEats,329.5,
07/26/2026,13162,Cash Over/Short Adjustment,0.64,
07/26/2026,13162,Register Audit Adjustment,192,
07/26/2026,13219,Subject to Tax,,2302.49
07/26/2026,13219,Non-Taxable Sales,,81.92
07/26/2026,13219,3rd Party Tax Exempt,,181.02
07/26/2026,13219,Sales Tax,,161.16
07/26/2026,13219,In-Store Credit Card,1173.88,
07/26/2026,13219,Online Credit card,955.11,
07/26/2026,13219,Online Gift Card,25,
07/26/2026,13219,Online Credit Card Tips,,34.37
07/26/2026,13219,In-Store Credit Card Tips,,87.1
07/26/2026,13219,Gift Card,25,
07/26/2026,13219,3rd Party - DoorDash,192.78,
07/26/2026,13219,3rd Party - GrubHub,166.93,
07/26/2026,13219,Cash Over/Short Adjustment,0.36,
07/26/2026,13219,Register Audit Adjustment,309,
07/26/2026,37001,Subject to Tax,,5268.48
07/26/2026,37001,Non-Taxable Sales,,758.24
07/26/2026,37001,Register Audit,862.6,
07/26/2026,37001,Sales Tax,,447.92
07/26/2026,37001,In-Store Credit Card,2924.14,
07/26/2026,37001,Online Credit card,2035.8,
07/26/2026,37001,Online Gift Card,68.35,
07/26/2026,37001,Online Credit Card Tips,,57
07/26/2026,37001,In-Store Credit Card Tips,,211.25
07/26/2026,37001,Gift Card,49.83,
07/26/2026,37001,3rd Party - DoorDash,802.82,
07/26/2026,37001,Cash Over/Short Adjustment,,0.65
07/26/2026,37002,Subject to Tax,,4050.63
07/26/2026,37002,Non-Taxable Sales,,476.5
07/26/2026,37002,Sales Tax,,344.41
07/26/2026,37002,In-Store Credit Card,1797.95,
07/26/2026,37002,Online Credit card,1803.49,
07/26/2026,37002,Online Gift Card,46.09,
07/26/2026,37002,Online Credit Card Tips,,42
07/26/2026,37002,In-Store Credit Card Tips,,120.73
07/26/2026,37002,Gift Card,57.91,
07/26/2026,37002,3rd Party - DoorDash,679.09,
07/26/2026,37002,3rd Party - GrubHub,30.15,
07/26/2026,37002,Cash Over/Short Adjustment,0.59,
07/26/2026,37002,Register Audit Adjustment,619,
07/26/2026,37004,Subject to Tax,,3480.87
07/26/2026,37004,Non-Taxable Sales,,375.3
07/26/2026,37004,Register Audit,277,
07/26/2026,37004,Sales Tax,,295.9
07/26/2026,37004,In-Store Credit Card,1812.75,
07/26/2026,37004,Online Credit card,1808.3,
07/26/2026,37004,Online Gift Card,21.48,
07/26/2026,37004,Online Credit Card Tips,,70
07/26/2026,37004,In-Store Credit Card Tips,,123.26
07/26/2026,37004,3rd Party - DoorDash,397.75,
07/26/2026,37004,3rd Party - UberEats,30.13,
07/26/2026,37004,Cash Over/Short Adjustment,,0.08
07/26/2026,37004,Register Audit Adjustment,,2
07/26/2026,37006,Subject to Tax,,4536.39
07/26/2026,37006,Non-Taxable Sales,,481.25
07/26/2026,37006,Sales Tax,,385.66
07/26/2026,37006,In-Store Credit Card,2815.89,
07/26/2026,37006,Payout,15.75,
07/26/2026,37006,Online Credit card,1898.19,
07/26/2026,37006,Online Credit Card Tips,,65.07
07/26/2026,37006,In-Store Credit Card Tips,,188.63
07/26/2026,37006,3rd Party - DoorDash,379.34,
07/26/2026,37006,3rd Party - UberEats,86.25,
07/26/2026,37006,Cash Over/Short Adjustment,0.58,
07/26/2026,37006,Register Audit Adjustment,461,
07/26/2026,37007,Subject to Tax,,5138.35
07/26/2026,37007,Non-Taxable Sales,,597.04
07/26/2026,37007,Sales Tax,,436.84
07/26/2026,37007,In-Store Credit Card,2547.89,
07/26/2026,37007,Payout,67.58,
07/26/2026,37007,Online Credit card,1719.25,
07/26/2026,37007,Online Gift Card,15.41,
07/26/2026,37007,Online Credit Card Tips,,57
07/26/2026,37007,In-Store Credit Card Tips,,135.8
07/26/2026,37007,Online Gift Card Tips,,2
07/26/2026,37007,Gift Card,38.51,
07/26/2026,37007,3rd Party - DoorDash,1376.38,
07/26/2026,37007,3rd Party - GrubHub,57.88,
07/26/2026,37007,3rd Party - UberEats,87.93,
07/26/2026,37007,Cash Over/Short Adjustment,0.2,
07/26/2026,37007,Register Audit Adjustment,456,
07/26/2026,37009,Subject to Tax,,3823.08
07/26/2026,37009,Non-Taxable Sales,,470.92
07/26/2026,37009,Sales Tax,,325.1
07/26/2026,37009,In-Store Credit Card,2273.08,
07/26/2026,37009,Payout,78.99,
07/26/2026,37009,Online Credit card,1180.6,
07/26/2026,37009,Online Gift Card,25.12,
07/26/2026,37009,Online Credit Card Tips,,36
07/26/2026,37009,In-Store Credit Card Tips,,184.1
07/26/2026,37009,Gift Card,19.29,
07/26/2026,37009,3rd Party - DoorDash,813.06,
07/26/2026,37009,3rd Party - GrubHub,58.18,
07/26/2026,37009,3rd Party - UberEats,61.89,
07/26/2026,37009,Cash Over/Short Adjustment,0.99,
07/26/2026,37009,Register Audit Adjustment,328,
07/26/2026,37010,Subject to Tax,,6909.72
07/26/2026,37010,Non-Taxable Sales,,688.5
07/26/2026,37010,Register Audit,500.87,
07/26/2026,37010,Sales Tax,,587.43
07/26/2026,37010,In-Store Credit Card,4296.4,
07/26/2026,37010,Online Credit card,2951.8,
07/26/2026,37010,Online Credit Card Tips,,124
07/26/2026,37010,In-Store Credit Card Tips,,309.19
07/26/2026,37010,Gift Card,39.71,
07/26/2026,37010,3rd Party - DoorDash,712.16,
07/26/2026,37010,3rd Party - UberEats,117.9,
07/26/2026,37013,Subject to Tax,,4747.6
07/26/2026,37013,Non-Taxable Sales,,558
07/26/2026,37013,Register Audit,876,
07/26/2026,37013,Sales Tax,,403.62
07/26/2026,37013,In-Store Credit Card,3104.99,
07/26/2026,37013,Online Credit card,1793.68,
07/26/2026,37013,Online Gift Card,20,
07/26/2026,37013,Online Credit Card Tips,,83.6
07/26/2026,37013,In-Store Credit Card Tips,,225.19
07/26/2026,37013,Gift Card,2.93,
07/26/2026,37013,3rd Party - DoorDash,176.32,
07/26/2026,37013,3rd Party - GrubHub,23.7,
07/26/2026,37013,Cash Over/Short Adjustment,0.39,
07/26/2026,37013,Register Audit Adjustment,20,
07/26/2026,37014,Subject to Tax,,3363.19
07/26/2026,37014,Non-Taxable Sales,,376.43
07/26/2026,37014,Register Audit,314,
07/26/2026,37014,Sales Tax,,285.97
07/26/2026,37014,In-Store Credit Card,2116.54,
07/26/2026,37014,Payout,22,
07/26/2026,37014,Online Credit card,1242.75,
07/26/2026,37014,Online Credit Card Tips,,28
07/26/2026,37014,In-Store Credit Card Tips,,139.91
07/26/2026,37014,3rd Party - DoorDash,412.74,
07/26/2026,37014,3rd Party - GrubHub,27.86,
07/26/2026,37014,3rd Party - UberEats,61.01,
07/26/2026,37014,Cash Over/Short Adjustment,,0.4
07/26/2026,37014,Register Audit Adjustment,,3
07/26/2026,37016,Subject to Tax,,3853.55
07/26/2026,37016,Non-Taxable Sales,,339.84
07/26/2026,37016,Sales Tax,,327.61
07/26/2026,37016,In-Store Credit Card,2585.49,
07/26/2026,37016,Online Credit card,1436.96,
07/26/2026,37016,Online Gift Card,40.56,
07/26/2026,37016,Online Credit Card Tips,,41.68
07/26/2026,37016,In-Store Credit Card Tips,,169.11
07/26/2026,37016,Gift Card,15,
07/26/2026,37016,3rd Party - DoorDash,179.22,
07/26/2026,37016,Cash Over/Short Adjustment,0.56,
07/26/2026,37016,Register Audit Adjustment,474,
07/26/2026,37020,Subject to Tax,,3350.11
07/26/2026,37020,Non-Taxable Sales,,298.36
07/26/2026,37020,Register Audit,476.95,
07/26/2026,37020,Sales Tax,,284.8
07/26/2026,37020,In-Store Credit Card,1425.61,
07/26/2026,37020,Online Credit card,1821.34,
07/26/2026,37020,Online Gift Card,15.87,
07/26/2026,37020,Online Credit Card Tips,,47.51
07/26/2026,37020,In-Store Credit Card Tips,,86.25
07/26/2026,37020,Gift Card,30,
07/26/2026,37020,3rd Party - DoorDash,291.43,
07/26/2026,37020,Cash Over/Short Adjustment,0.83,
07/26/2026,37020,Register Audit Adjustment,5,
07/26/2026,49001,Subject to Tax,,4679.3
07/26/2026,49001,3rd Party Tax Exempt,,441.91
07/26/2026,49001,Tax Exempt,,14.6
07/26/2026,49001,Sales Tax,,374.56
07/26/2026,49001,In-Store Credit Card,2921.99,
07/26/2026,49001,Online Credit card,1885.78,
07/26/2026,49001,Online Gift Card,19.66,
07/26/2026,49001,Online Credit Card Tips,,65.44
07/26/2026,49001,In-Store Credit Card Tips,,195.93
07/26/2026,49001,Gift Card,11.56,
07/26/2026,49001,3rd Party - DoorDash,309.81,
07/26/2026,49001,3rd Party - UberEats,132.1,
07/26/2026,49001,Cash Over/Short Adjustment,0.84,
07/26/2026,49001,Register Audit Adjustment,490,
07/26/2026,49002,Subject to Tax,,4487.75
07/26/2026,49002,3rd Party Tax Exempt,,506.46
07/26/2026,49002,Sales Tax,,358.96
07/26/2026,49002,In-Store Credit Card,2620.35,
07/26/2026,49002,Payout,10.53,
07/26/2026,49002,Online Credit card,2056.33,
07/26/2026,49002,Online Gift Card,40,
07/26/2026,49002,Online Credit Card Tips,,57
07/26/2026,49002,In-Store Credit Card Tips,,157.53
07/26/2026,49002,Gift Card,10,
07/26/2026,49002,3rd Party - DoorDash,398.26,
07/26/2026,49002,3rd Party - UberEats,108.2,
07/26/2026,49002,Cash Over/Short Adjustment,0.03,
07/26/2026,49002,Register Audit Adjustment,324,
07/26/2026,49003,Subject to Tax,,3774.74
07/26/2026,49003,3rd Party Tax Exempt,,385.74
07/26/2026,49003,Sales Tax,,302.07
07/26/2026,49003,In-Store Credit Card,2161.68,
07/26/2026,49003,Online Credit card,1359.48,
07/26/2026,49003,Online Gift Card,13.61,
07/26/2026,49003,Online Credit Card Tips,,47
07/26/2026,49003,In-Store Credit Card Tips,,118.96
07/26/2026,49003,3rd Party - DoorDash,355.4,
07/26/2026,49003,3rd Party - UberEats,30.34,
07/26/2026,49003,Register Audit Adjustment,708,
07/26/2026,49004,Subject to Tax,,3844.85
07/26/2026,49004,3rd Party Tax Exempt,,1294.48
07/26/2026,49004,Register Audit,357,
07/26/2026,49004,Sales Tax,,307.33
07/26/2026,49004,In-Store Credit Card,2147.37,
07/26/2026,49004,Online Credit card,1733.46,
07/26/2026,49004,Online Gift Card,40.39,
07/26/2026,49004,Online Credit Card Tips,,63
07/26/2026,49004,In-Store Credit Card Tips,,139.48
07/26/2026,49004,Gift Card,76.17,
07/26/2026,49004,3rd Party - DoorDash,1142.95,
07/26/2026,49004,3rd Party - GrubHub,47.39,
07/26/2026,49004,3rd Party - UberEats,104.14,
07/26/2026,49004,Cash Over/Short Adjustment,0.27,
07/26/2026,49005,Subject to Tax,,3825.95
07/26/2026,49005,3rd Party Tax Exempt,,355.91
07/26/2026,49005,Sales Tax,,306.03
07/26/2026,49005,In-Store Credit Card,2043.25,
07/26/2026,49005,Payout,2.49,
07/26/2026,49005,Online Credit card,1664.39,
07/26/2026,49005,Online Credit Card Tips,,63
07/26/2026,49005,In-Store Credit Card Tips,,137.77
07/26/2026,49005,Gift Card,91.2,
07/26/2026,49005,3rd Party - DoorDash,355.91,
07/26/2026,49005,Cash Over/Short Adjustment,0.42,
07/26/2026,49005,Register Audit Adjustment,531,
07/26/2026,49006,Subject to Tax,,6064.2
07/26/2026,49006,3rd Party Tax Exempt,,1211.54
07/26/2026,49006,Register Audit,891,
07/26/2026,49006,Sales Tax,,484.8
07/26/2026,49006,In-Store Credit Card,3483.82,
07/26/2026,49006,Online Credit card,2369.76,
07/26/2026,49006,Online Gift Card,34.41,
07/26/2026,49006,Online Credit Card Tips,,64.09
07/26/2026,49006,In-Store Credit Card Tips,,204.78
07/26/2026,49006,Gift Card,39.8,
07/26/2026,49006,3rd Party - DoorDash,1127.61,
07/26/2026,49006,3rd Party - UberEats,83.93,
07/26/2026,49006,Cash Over/Short Adjustment,,0.98
07/26/2026,49006,Register Audit Adjustment,,48
07/26/2026,49007,Subject to Tax,,2588
07/26/2026,49007,3rd Party Tax Exempt,,1196.07
07/26/2026,49007,Register Audit,236.63,
07/26/2026,49007,Sales Tax,,206.54
07/26/2026,49007,In-Store Credit Card,1474.7,
07/26/2026,49007,Online Credit card,1184.36,
07/26/2026,49007,Online Gift Card,23.28,
07/26/2026,49007,Online Credit Card Tips,,22
07/26/2026,49007,In-Store Credit Card Tips,,67.43
07/26/2026,49007,Gift Card,15,
07/26/2026,49007,Gift Card Sold,,50
07/26/2026,49007,3rd Party - DoorDash,908.1,
07/26/2026,49007,3rd Party - GrubHub,71.94,
07/26/2026,49007,3rd Party - UberEats,216.03,
07/26/2026,49009,Subject to Tax,,4345.3
07/26/2026,49009,3rd Party Tax Exempt,,671.87
07/26/2026,49009,Sales Tax,,347.28
07/26/2026,49009,In-Store Credit Card,3035.82,
07/26/2026,49009,Online Credit card,1356.47,
07/26/2026,49009,Online Credit Card Tips,,32
07/26/2026,49009,In-Store Credit Card Tips,,177.66
07/26/2026,49009,3rd Party - DoorDash,641.65,
07/26/2026,49009,3rd Party - UberEats,30.22,
07/26/2026,49009,Cash Over/Short Adjustment,0.95,
07/26/2026,49009,Register Audit Adjustment,509,
07/26/2026,49010,Subject to Tax,,3793.7
07/26/2026,49010,3rd Party Tax Exempt,,674.67
07/26/2026,49010,Sales Tax,,303.52
07/26/2026,49010,In-Store Credit Card,1841.26,
07/26/2026,49010,Online Credit card,2285.48,
07/26/2026,49010,Online Credit Card Tips,,68.17
07/26/2026,49010,In-Store Credit Card Tips,,132.75
07/26/2026,49010,3rd Party - DoorDash,612.34,
07/26/2026,49010,3rd Party - GrubHub,27.95,
07/26/2026,49010,3rd Party - UberEats,34.38,
07/26/2026,49010,Cash Over/Short Adjustment,0.4,
07/26/2026,49010,Register Audit Adjustment,171,
07/26/2026,49011,Subject to Tax,,4900.3
07/26/2026,49011,3rd Party Tax Exempt,,371.27
07/26/2026,49011,Register Audit,739,
07/26/2026,49011,Sales Tax,,391.64
07/26/2026,49011,In-Store Credit Card,2500.98,
07/26/2026,49011,Online Credit card,2293.05,
07/26/2026,49011,Online Credit Card Tips,,79
07/26/2026,49011,In-Store Credit Card Tips,,181.47
07/26/2026,49011,Gift Card,19.66,
07/26/2026,49011,3rd Party - DoorDash,321.83,
07/26/2026,49011,3rd Party - UberEats,49.44,
07/26/2026,49011,Cash Over/Short Adjustment,,0.28
07/20/2026,2017,Subject to Tax,,175.4
07/20/2026,2017,Non-Taxable Sales,,3181.07
07/20/2026,2017,Register Audit,96,
07/20/2026,2017,Sales Tax,,12.52
07/20/2026,2017,In-Store Credit Card,1814.69,
07/20/2026,2017,Payout,11.87,
07/20/2026,2017,Online Credit card,1171.24,
07/20/2026,2017,Online Gift Card,17.6,
07/20/2026,2017,Online Credit Card Tips,,42
07/20/2026,2017,In-Store Credit Card Tips,,117.7
07/20/2026,2017,Gift Card,35.45,
07/20/2026,2017,3rd Party - DoorDash,257.88,
07/20/2026,2017,3rd Party - GrubHub,61.79,
07/20/2026,2017,3rd Party - UberEats,62.26,
07/20/2026,2017,Cash Over/Short Adjustment,,0.09
07/20/2026,37007,Subject to Tax,,4855.15
07/20/2026,37007,Non-Taxable Sales,,623.9
07/20/2026,37007,Sales Tax,,412.7
07/20/2026,37007,In-Store Credit Card,2444.39,
07/20/2026,37007,Online Credit card,1616.11,
07/20/2026,37007,Online Gift Card,9.71,
07/20/2026,37007,Online Credit Card Tips,,21.5
07/20/2026,37007,In-Store Credit Card Tips,,133.49
07/20/2026,37007,Gift Card,19.55,
07/20/2026,37007,3rd Party - DoorDash,1270.64,
07/20/2026,37007,3rd Party - UberEats,73.48,
07/20/2026,37007,Cash Over/Short Adjustment,0.86,
07/20/2026,37007,Register Audit Adjustment,612,
07/21/2026,13160,Subject to Tax,,3188.6
07/21/2026,13160,Non-Taxable Sales,,14.89
07/21/2026,13160,3rd Party Tax Exempt,,256.04
07/21/2026,13160,Register Audit,835,
07/21/2026,13160,Sales Tax,,223.26
07/21/2026,13160,In-Store Credit Card,1630.69,
07/21/2026,13160,Online Credit card,1001.59,
07/21/2026,13160,Online Credit Card Tips,,28
07/21/2026,13160,In-Store Credit Card Tips,,96.4
07/21/2026,13160,Gift Card,81.8,
07/21/2026,13160,3rd Party - DoorDash,205.89,
07/21/2026,13160,3rd Party - UberEats,52.19,
07/21/2026,13160,Cash Over/Short Adjustment,0.03,
07/22/2026,4004,Subject to Tax,,4815.72
07/22/2026,4004,Register Audit,199,
07/22/2026,4004,Sales Tax,,469.51
07/22/2026,4004,In-Store Credit Card,2104.86,
07/22/2026,4004,Online Credit card,1579.67,
07/22/2026,4004,Online Credit Card Tips,,31
07/22/2026,4004,In-Store Credit Card Tips,,137.54
07/22/2026,4004,Gift Card,0.9,
07/22/2026,4004,3rd Party - DoorDash,643.82,
07/22/2026,4004,3rd Party - GrubHub,88.48,
07/22/2026,4004,3rd Party - UberEats,837.79,
07/22/2026,4004,Cash Over/Short Adjustment,,0.75
07/22/2026,4061,Subject to Tax,,2760.62
07/22/2026,4061,Sales Tax,,269.16
07/22/2026,4061,In-Store Credit Card,1460.4,
07/22/2026,4061,Payout,30,
07/22/2026,4061,Online Credit card,616.2,
07/22/2026,4061,Online Credit Card Tips,,22.09
07/22/2026,4061,In-Store Credit Card Tips,,109.84
07/22/2026,4061,Gift Card,48.9,
07/22/2026,4061,3rd Party - DoorDash,506.25,
07/22/2026,4061,3rd Party - GrubHub,23.97,
07/22/2026,4061,3rd Party - UberEats,56,
07/22/2026,4061,Cash Over/Short Adjustment,0.99,
07/22/2026,4061,Register Audit Adjustment,419,
07/22/2026,6039,Subject to Tax,,3582.54
07/22/2026,6039,Non-Taxable Sales,,11.5
07/22/2026,6039,3rd Party Tax Exempt,,386.42
07/22/2026,6039,Sales Tax,,214.95
07/22/2026,6039,In-Store Credit Card,1589.79,
07/22/2026,6039,Payout,7.23,
07/22/2026,6039,Online Credit card,1583.35,
07/22/2026,6039,Online Gift Card,49.99,
07/22/2026,6039,Online Credit Card Tips,,64.5
07/22/2026,6039,In-Store Credit Card Tips,,82.48
07/22/2026,6039,Online Gift Card Tips,,1
07/22/2026,6039,Gift Card,20.99,
07/22/2026,6039,3rd Party - DoorDash,566.76,
07/22/2026,6039,3rd Party - UberEats,386.42,
07/22/2026,6039,Cash Over/Short Adjustment,0.86,
07/22/2026,6039,Register Audit Adjustment,138,
07/23/2026,13160,Subject to Tax,,3372.82
07/23/2026,13160,Non-Taxable Sales,,47.77
07/23/2026,13160,3rd Party Tax Exempt,,209.46
07/23/2026,13160,Register Audit,1195.5,
07/23/2026,13160,Sales Tax,,236.1
07/23/2026,13160,In-Store Credit Card,1987.34,
07/23/2026,13160,Payout,1.85,
07/23/2026,13160,Online Credit card,1187.9,
07/23/2026,13160,Online Credit Card Tips,,31
07/23/2026,13160,In-Store Credit Card Tips,,126.82
07/23/2026,13160,Gift Card,56.28,
07/23/2026,13160,3rd Party - DoorDash,181.4,
07/23/2026,13160,3rd Party - UberEats,37,
07/23/2026,13160,Payin,,633
07/23/2026,13160,Cash Over/Short Adjustment,0.7,
07/23/2026,13160,Register Audit Adjustment,9,
07/24/2026,4008,Subject to Tax,,4100.71
07/24/2026,4008,Register Audit,703,
07/24/2026,4008,Sales Tax,,399.74
07/24/2026,4008,In-Store Credit Card,2416.32,
07/24/2026,4008,Payout,50,
07/24/2026,4008,Online Credit card,1324.51,
07/24/2026,4008,Online Gift Card,0.9,
07/24/2026,4008,Online Credit Card Tips,,26.03
07/24/2026,4008,In-Store Credit Card Tips,,142.76
07/24/2026,4008,Gift Card,35.03,
07/24/2026,4008,3rd Party - DoorDash,347.16,
07/24/2026,4008,3rd Party - UberEats,78.02,
07/24/2026,4008,Payin,,285
07/24/2026,4008,Cash Over/Short Adjustment,,0.7
07/24/2026,5051,Subject to Tax,,2734.9
07/24/2026,5051,Non-Taxable Sales,,5
07/24/2026,5051,3rd Party Tax Exempt,,626.34
07/24/2026,5051,Register Audit,400,
07/24/2026,5051,Sales Tax,,188.18
07/24/2026,5051,In-Store Credit Card,1783.19,
07/24/2026,5051,Online Credit card,946.99,
07/24/2026,5051,Online Gift Card,57.33,
07/24/2026,5051,Online Credit Card Tips,,32
07/24/2026,5051,In-Store Credit Card Tips,,99.47
07/24/2026,5051,Gift Card,4.73,
07/24/2026,5051,3rd Party - DoorDash,453.79,
07/24/2026,5051,3rd Party - UberEats,172.55,
07/24/2026,5051,Payin,,132
07/24/2026,5051,Cash Over/Short Adjustment,,0.69
07/24/2026,6067,Subject to Tax,,3814.41
07/24/2026,6067,Non-Taxable Sales,,31.5
07/24/2026,6067,3rd Party Tax Exempt,,10.74
07/24/2026,6067,Sales Tax,,431.03
07/24/2026,6067,In-Store Credit Card,2331.67,
07/24/2026,6067,Payout,39.83,
07/24/2026,6067,Online Credit card,1222.47,
07/24/2026,6067,Online Credit Card Tips,,39
07/24/2026,6067,In-Store Credit Card Tips,,138.48
07/24/2026,6067,Gift Card,11.02,
07/24/2026,6067,3rd Party - DoorDash,473,
07/24/2026,6067,3rd Party - GrubHub,24.31,
07/24/2026,6067,3rd Party - UberEats,10.74,
07/24/2026,6067,Payin,,292
07/24/2026,6067,Cash Over/Short Adjustment,0.12,
07/24/2026,6067,Register Audit Adjustment,644,
07/24/2026,49011,Subject to Tax,,5536.3
07/24/2026,49011,3rd Party Tax Exempt,,483.77
07/24/2026,49011,Register Audit,813,
07/24/2026,49011,Sales Tax,,442.59
07/24/2026,49011,In-Store Credit Card,2677.45,
07/24/2026,49011,Online Credit card,3206.6,
07/24/2026,49011,Online Gift Card,61.44,
07/24/2026,49011,Online Credit Card Tips,,141
07/24/2026,49011,In-Store Credit Card Tips,,161.66
07/24/2026,49011,Online Gift Card Tips,,1.78
07/24/2026,49011,Gift Card,21.22,
07/24/2026,49011,3rd Party - DoorDash,458.93,
07/24/2026,49011,3rd Party - UberEats,24.84,
07/24/2026,49011,Payin,,497
07/24/2026,49011,Cash Over/Short Adjustment,0.62,
07/25/2026,4061,Subject to Tax,,2806.62
07/25/2026,4061,Register Audit,112,
07/25/2026,4061,Sales Tax,,273.69
07/25/2026,4061,In-Store Credit Card,1882.16,
07/25/2026,4061,Online Credit card,770.34,
07/25/2026,4061,Online Credit Card Tips,,17
07/25/2026,4061,In-Store Credit Card Tips,,101.65
07/25/2026,4061,3rd Party - DoorDash,208.56,
07/25/2026,4061,3rd Party - GrubHub,13.76,
07/25/2026,4061,3rd Party - UberEats,82.14,
07/25/2026,4061,Register Audit Adjustment,130,
07/25/2026,5062,Subject to Tax,,3446.57
07/25/2026,5062,Non-Taxable Sales,,22
07/25/2026,5062,3rd Party Tax Exempt,,382.32
07/25/2026,5062,Sales Tax,,240.08
07/25/2026,5062,In-Store Credit Card,3128.26,
07/25/2026,5062,Online Credit card,730.89,
07/25/2026,5062,Online Credit Card Tips,,24
07/25/2026,5062,In-Store Credit Card Tips,,234.04
07/25/2026,5062,3rd Party - DoorDash,287.91,
07/25/2026,5062,3rd Party - UberEats,94.41,
07/25/2026,5062,Cash Over/Short Adjustment,0.54,
07/25/2026,5062,Register Audit Adjustment,107,
07/25/2026,6044,Subject to Tax,,3895.74
07/25/2026,6044,Non-Taxable Sales,,17
07/25/2026,6044,3rd Party Tax Exempt,,51
07/25/2026,6044,Sales Tax,,440.2
07/25/2026,6044,In-Store Credit Card,1926.79,
07/25/2026,6044,Online Credit card,1318.66,
07/25/2026,6044,Online Gift Card,25,
07/25/2026,6044,Online Credit Card Tips,,16
07/25/2026,6044,In-Store Credit Card Tips,,109.03
07/25/2026,6044,Online Gift Card Tips,,10
07/25/2026,6044,Gift Card,25,
07/25/2026,6044,3rd Party - DoorDash,784.33,
07/25/2026,6044,3rd Party - UberEats,51,
07/25/2026,6044,Cash Over/Short Adjustment,0.19,
07/25/2026,6044,Register Audit Adjustment,408,
07/26/2026,4009,Subject to Tax,,1943.75
07/26/2026,4009,Register Audit,206,
07/26/2026,4009,Sales Tax,,189.54
07/26/2026,4009,In-Store Credit Card,954.79,
07/26/2026,4009,Online Credit card,395.39,
07/26/2026,4009,Online Credit Card Tips,,18
07/26/2026,4009,In-Store Credit Card Tips,,48.52
07/26/2026,4009,Gift Card,15.8,
07/26/2026,4009,3rd Party - DoorDash,615.55,
07/26/2026,4009,3rd Party - UberEats,13.04,
07/26/2026,4009,Cash Over/Short Adjustment,,0.76
07/26/2026,49008,Subject to Tax,,4524.3
07/26/2026,49008,3rd Party Tax Exempt,,968.26
07/26/2026,49008,Sales Tax,,361.41
07/26/2026,49008,In-Store Credit Card,2225.29,
07/26/2026,49008,Online Credit card,2378.61,
07/26/2026,49008,Online Gift Card,11.69,
07/26/2026,49008,Online Credit Card Tips,,43
07/26/2026,49008,In-Store Credit Card Tips,,106.38
07/26/2026,49008,Online Gift Card Tips,,2
07/26/2026,49008,Gift Card,2.32,
07/26/2026,49008,3rd Party - DoorDash,968.26,
07/26/2026,49008,Cash Over/Short Adjustment,0.18,
07/26/2026,49008,Register Audit Adjustment,419,
