Date,Class,Transaction Category,Debit,Credit
07/13/2026,2006,Subject to Tax,,152.38
07/13/2026,2006,Non-Taxable Sales,,3157.88
07/13/2026,2006,3rd Party Tax Exempt,,29.28
07/13/2026,2006,Register Audit,211,
07/13/2026,2006,Sales Tax,,10.26
07/13/2026,2006,In-Store Credit Card,1905.72,
07/13/2026,2006,Payout,42.38,
07/13/2026,2006,Online Credit card,636.84,
07/13/2026,2006,Online Gift Card,10.7,
07/13/2026,2006,Online Credit Card Tips,,12
07/13/2026,2006,In-Store Credit Card Tips,,115.71
07/13/2026,2006,Gift Card,14.9,
07/13/2026,2006,3rd Party - DoorDash,457.67,
07/13/2026,2006,3rd Party - GrubHub,68.28,
07/13/2026,2006,3rd Party - UberEats,130.04,
07/13/2026,2006,Cash Over/Short Adjustment,,0.02
07/13/2026,2016,Subject to Tax,,169.14
07/13/2026,2016,Non-Taxable Sales,,3563.18
07/13/2026,2016,3rd Party Tax Exempt,,18.6
07/13/2026,2016,Register Audit,513,
07/13/2026,2016,Sales Tax,,11.16
07/13/2026,2016,In-Store Credit Card,1850.28,
07/13/2026,2016,Online Credit card,1011.45,
07/13/2026,2016,Online Gift Card,2.8,
07/13/2026,2016,Online Credit Card Tips,,39.24
07/13/2026,2016,In-Store Credit Card Tips,,96.27
07/13/2026,2016,Gift Card,46.5,
07/13/2026,2016,3rd Party - DoorDash,452.01,
07/13/2026,2016,3rd Party - UberEats,21.84,
07/13/2026,2016,Cash Over/Short Adjustment,,0.29
07/13/2026,2017,Subject to Tax,,151.56
07/13/2026,2017,Non-Taxable Sales,,2981.14
07/13/2026,2017,3rd Party Tax Exempt,,7.44
07/13/2026,2017,Register Audit,46,
07/13/2026,2017,Sales Tax,,10.42
07/13/2026,2017,In-Store Credit Card,1964.44,
07/13/2026,2017,Payout,50,
07/13/2026,2017,Online Credit card,850.29,
07/13/2026,2017,Online Gift Card,17.4,
07/13/2026,2017,Online Credit Card Tips,,24
07/13/2026,2017,In-Store Credit Card Tips,,133.56
07/13/2026,2017,Gift Card,22.5,
07/13/2026,2017,3rd Party - DoorDash,306.43,
07/13/2026,2017,3rd Party - GrubHub,11.51,
07/13/2026,2017,3rd Party - UberEats,40.5,
07/13/2026,2017,Cash Over/Short Adjustment,,0.95
07/13/2026,2020,Subject to Tax,,335.66
07/13/2026,2020,Non-Taxable Sales,,3587.33
07/13/2026,2020,3rd Party Tax Exempt,,14.52
07/13/2026,2020,Register Audit,472,
07/13/2026,2020,Sales Tax,,23.98
07/13/2026,2020,In-Store Credit Card,2196.01,
07/13/2026,2020,Online Credit card,1007.45,
07/13/2026,2020,Online Credit Card Tips,,20
07/13/2026,2020,In-Store Credit Card Tips,,120.09
07/13/2026,2020,Gift Card,10,
07/13/2026,2020,3rd Party - DoorDash,394.74,
07/13/2026,2020,3rd Party - UberEats,21.84,
07/13/2026,2020,Cash Over/Short Adjustment,,0.46
07/13/2026,2023,Subject to Tax,,227.91
07/13/2026,2023,Non-Taxable Sales,,3728.31
07/13/2026,2023,3rd Party Tax Exempt,,33.12
07/13/2026,2023,Register Audit,276,
07/13/2026,2023,Sales Tax,,16.14
07/13/2026,2023,In-Store Credit Card,2025.39,
07/13/2026,2023,Payout,14.02,
07/13/2026,2023,Online Credit card,925.67,
07/13/2026,2023,Online Credit Card Tips,,18
07/13/2026,2023,In-Store Credit Card Tips,,137.11
07/13/2026,2023,Gift Card,142.3,
07/13/2026,2023,3rd Party - DoorDash,506.24,
07/13/2026,2023,3rd Party - GrubHub,68.02,
07/13/2026,2023,3rd Party - UberEats,202.98,
07/13/2026,2023,Cash Over/Short Adjustment,,0.03
07/13/2026,2024,Subject to Tax,,170.3
07/13/2026,2024,Non-Taxable Sales,,3081.33
07/13/2026,2024,3rd Party Tax Exempt,,47.52
07/13/2026,2024,Register Audit,320.05,
07/13/2026,2024,Sales Tax,,13.67
07/13/2026,2024,In-Store Credit Card,1871.49,
07/13/2026,2024,Online Credit card,553.23,
07/13/2026,2024,Online Gift Card,6.85,
07/13/2026,2024,Online Credit Card Tips,,14
07/13/2026,2024,In-Store Credit Card Tips,,96.47
07/13/2026,2024,Gift Card,38.5,
07/13/2026,2024,3rd Party - DoorDash,444.79,
07/13/2026,2024,3rd Party - GrubHub,55.05,
07/13/2026,2024,3rd Party - UberEats,133.33,
07/13/2026,2047,Subject to Tax,,169.06
07/13/2026,2047,Non-Taxable Sales,,2958.49
07/13/2026,2047,3rd Party Tax Exempt,,29.04
07/13/2026,2047,Register Audit,410,
07/13/2026,2047,Sales Tax,,11.95
07/13/2026,2047,In-Store Credit Card,1365.96,
07/13/2026,2047,Online Credit card,659.37,
07/13/2026,2047,Online Credit Card Tips,,20.11
07/13/2026,2047,In-Store Credit Card Tips,,73.2
07/13/2026,2047,Gift Card,19.76,
07/13/2026,2047,3rd Party - DoorDash,772.93,
07/13/2026,2047,3rd Party - UberEats,33.84,
07/13/2026,2047,Cash Over/Short Adjustment,,0.01
07/13/2026,4003,Subject to Tax,,3524.4
07/13/2026,4003,Register Audit,340,
07/13/2026,4003,Sales Tax,,343.65
07/13/2026,4003,In-Store Credit Card,2224.88,
07/13/2026,4003,Online Credit card,851.2,
07/13/2026,4003,Online Gift Card,25,
07/13/2026,4003,Online Credit Card Tips,,27.98
07/13/2026,4003,In-Store Credit Card Tips,,119.27
07/13/2026,4003,Gift Card,10.87,
07/13/2026,4003,3rd Party - DoorDash,326.32,
07/13/2026,4003,3rd Party - GrubHub,2.24,
07/13/2026,4003,3rd Party - UberEats,233.29,
07/13/2026,4003,Cash Over/Short Adjustment,0.5,
07/13/2026,4003,Register Audit Adjustment,1,
07/13/2026,4004,Subject to Tax,,4365.64
07/13/2026,4004,Register Audit,115,
07/13/2026,4004,Sales Tax,,425.61
07/13/2026,4004,In-Store Credit Card,2018.66,
07/13/2026,4004,Online Credit card,1139.33,
07/13/2026,4004,Online Credit Card Tips,,21
07/13/2026,4004,In-Store Credit Card Tips,,115.43
07/13/2026,4004,Gift Card,13.83,
07/13/2026,4004,3rd Party - DoorDash,933.4,
07/13/2026,4004,3rd Party - UberEats,707.62,
07/13/2026,4004,Cash Over/Short Adjustment,,0.16
07/13/2026,4008,Subject to Tax,,2752.02
07/13/2026,4008,Register Audit,281,
07/13/2026,4008,Sales Tax,,268.34
07/13/2026,4008,In-Store Credit Card,1547.39,
07/13/2026,4008,Online Credit card,1012.9,
07/13/2026,4008,Online Credit Card Tips,,22.12
07/13/2026,4008,In-Store Credit Card Tips,,105.87
07/13/2026,4008,3rd Party - DoorDash,208.37,
07/13/2026,4008,3rd Party - GrubHub,62.5,
07/13/2026,4008,3rd Party - UberEats,36.52,
07/13/2026,4008,Cash Over/Short Adjustment,,0.33
07/13/2026,4009,Subject to Tax,,2909.57
07/13/2026,4009,Register Audit,201,
07/13/2026,4009,Sales Tax,,283.61
07/13/2026,4009,In-Store Credit Card,1927.88,
07/13/2026,4009,Payout,105.14,
07/13/2026,4009,Online Credit card,414.88,
07/13/2026,4009,Online Credit Card Tips,,9
07/13/2026,4009,In-Store Credit Card Tips,,93.01
07/13/2026,4009,Gift Card,33.51,
07/13/2026,4009,3rd Party - DoorDash,232.96,
07/13/2026,4009,3rd Party - GrubHub,27.78,
07/13/2026,4009,3rd Party - UberEats,352.83,
07/13/2026,4009,Cash Over/Short Adjustment,,0.79
07/13/2026,4010,Subject to Tax,,2588.12
07/13/2026,4010,Register Audit,230,
07/13/2026,4010,Sales Tax,,252.3
07/13/2026,4010,In-Store Credit Card,1684.94,
07/13/2026,4010,Online Credit card,423.58,
07/13/2026,4010,In-Store Credit Card Tips,,131.5
07/13/2026,4010,Gift Card,22.39,
07/13/2026,4010,3rd Party - DoorDash,293.9,
07/13/2026,4010,3rd Party - UberEats,316.98,
07/13/2026,4010,Cash Over/Short Adjustment,0.13,
07/13/2026,4015,Subject to Tax,,3502.29
07/13/2026,4015,Register Audit,286,
07/13/2026,4015,Sales Tax,,341.35
07/13/2026,4015,In-Store Credit Card,1853.9,
07/13/2026,4015,Online Credit card,1129.49,
07/13/2026,4015,Online Gift Card,56.71,
07/13/2026,4015,Online Credit Card Tips,,37
07/13/2026,4015,In-Store Credit Card Tips,,130.73
07/13/2026,4015,Online Gift Card Tips,,2
07/13/2026,4015,Gift Card,72.52,
07/13/2026,4015,3rd Party - DoorDash,442.63,
07/13/2026,4015,3rd Party - UberEats,173,
07/13/2026,4015,Cash Over/Short Adjustment,,0.88
07/13/2026,4021,Subject to Tax,,3694.3
07/13/2026,4021,Sales Tax,,360.13
07/13/2026,4021,In-Store Credit Card,2201.61,
07/13/2026,4021,Payout,3.87,
07/13/2026,4021,Online Credit card,1080.17,
07/13/2026,4021,Online Gift Card,19.32,
07/13/2026,4021,Online Credit Card Tips,,28
07/13/2026,4021,In-Store Credit Card Tips,,172.71
07/13/2026,4021,3rd Party - DoorDash,362.57,
07/13/2026,4021,3rd Party - UberEats,391.95,
07/13/2026,4021,Cash Over/Short Adjustment,0.65,
07/13/2026,4021,Register Audit Adjustment,195,
07/13/2026,4025,Subject to Tax,,2913.6
07/13/2026,4025,Register Audit,235,
07/13/2026,4025,Sales Tax,,284.02
07/13/2026,4025,In-Store Credit Card,1558.9,
07/13/2026,4025,Online Credit card,664.42,
07/13/2026,4025,Online Credit Card Tips,,18
07/13/2026,4025,In-Store Credit Card Tips,,93.89
07/13/2026,4025,Gift Card,29.82,
07/13/2026,4025,3rd Party - DoorDash,438.22,
07/13/2026,4025,3rd Party - GrubHub,23.97,
07/13/2026,4025,3rd Party - UberEats,359.2,
07/13/2026,4025,Cash Over/Short Adjustment,,0.02
07/13/2026,4027,Subject to Tax,,4836.46
07/13/2026,4027,Register Audit,347,
07/13/2026,4027,Sales Tax,,471.57
07/13/2026,4027,In-Store Credit Card,2430.38,
07/13/2026,4027,Online Credit card,975.95,
07/13/2026,4027,Online Gift Card,11.74,
07/13/2026,4027,In-Store Credit Card Tips,,143.96
07/13/2026,4027,Gift Card,49.29,
07/13/2026,4027,3rd Party - DoorDash,913.46,
07/13/2026,4027,3rd Party - GrubHub,13.76,
07/13/2026,4027,3rd Party - UberEats,709.64,
07/13/2026,4027,Cash Over/Short Adjustment,0.77,
07/13/2026,4034,Subject to Tax,,3500.85
07/13/2026,4034,Register Audit,246,
07/13/2026,4034,Sales Tax,,341.41
07/13/2026,4034,In-Store Credit Card,2156.09,
07/13/2026,4034,Online Credit card,991.94,
07/13/2026,4034,Online Gift Card,19.93,
07/13/2026,4034,Online Credit Card Tips,,22
07/13/2026,4034,In-Store Credit Card Tips,,118.38
07/13/2026,4034,Online Gift Card Tips,,1
07/13/2026,4034,Gift Card,25,
07/13/2026,4034,Gift Card Sold,,25
07/13/2026,4034,3rd Party - DoorDash,570.41,
07/13/2026,4034,Cash Over/Short Adjustment,,0.73
07/13/2026,4036,Subject to Tax,,4630.95
07/13/2026,4036,Register Audit,390,
07/13/2026,4036,Sales Tax,,451.48
07/13/2026,4036,In-Store Credit Card,2761.14,
07/13/2026,4036,Online Credit card,908.18,
07/13/2026,4036,Online Credit Card Tips,,19
07/13/2026,4036,In-Store Credit Card Tips,,179.11
07/13/2026,4036,Gift Card,8.18,
07/13/2026,4036,3rd Party - DoorDash,859.53,
07/13/2026,4036,3rd Party - UberEats,353.03,
07/13/2026,4036,Cash Over/Short Adjustment,0.48,
07/13/2026,4042,Subject to Tax,,4014.1
07/13/2026,4042,Sales Tax,,391.39
07/13/2026,4042,In-Store Credit Card,1821.65,
07/13/2026,4042,Payout,153.96,
07/13/2026,4042,Online Credit card,1257.24,
07/13/2026,4042,Online Credit Card Tips,,33.37
07/13/2026,4042,In-Store Credit Card Tips,,130.26
07/13/2026,4042,Gift Card,35,
07/13/2026,4042,3rd Party - DoorDash,871.53,
07/13/2026,4042,3rd Party - UberEats,330.45,
07/13/2026,4042,Cash Over/Short Adjustment,0.29,
07/13/2026,4042,Register Audit Adjustment,99,
07/13/2026,4052,Subject to Tax,,4496.41
07/13/2026,4052,Register Audit,694,
07/13/2026,4052,Sales Tax,,438.31
07/13/2026,4052,In-Store Credit Card,2433.44,
07/13/2026,4052,Payout,21.73,
07/13/2026,4052,Online Credit card,1421.87,
07/13/2026,4052,Online Credit Card Tips,,47.12
07/13/2026,4052,In-Store Credit Card Tips,,124.9
07/13/2026,4052,Gift Card,10,
07/13/2026,4052,3rd Party - DoorDash,526.3,
07/13/2026,4052,Cash Over/Short Adjustment,,0.6
07/13/2026,4061,Subject to Tax,,3666.47
07/13/2026,4061,Register Audit,410,
07/13/2026,4061,Sales Tax,,357.44
07/13/2026,4061,In-Store Credit Card,1716.2,
07/13/2026,4061,Online Credit card,1231.58,
07/13/2026,4061,Online Credit Card Tips,,51
07/13/2026,4061,In-Store Credit Card Tips,,89.57
07/13/2026,4061,Gift Card,10.26,
07/13/2026,4061,3rd Party - DoorDash,476.94,
07/13/2026,4061,3rd Party - UberEats,319.77,
07/13/2026,4061,Cash Over/Short Adjustment,,0.27
07/13/2026,4074,Subject to Tax,,2128.67
07/13/2026,4074,Register Audit,107,
07/13/2026,4074,Sales Tax,,207.57
07/13/2026,4074,In-Store Credit Card,1701.35,
07/13/2026,4074,Online Credit card,463.83,
07/13/2026,4074,Online Credit Card Tips,,19
07/13/2026,4074,In-Store Credit Card Tips,,130.65
07/13/2026,4074,3rd Party - DoorDash,88.37,
07/13/2026,4074,3rd Party - UberEats,124.84,
07/13/2026,4074,Cash Over/Short Adjustment,0.5,
07/13/2026,5042,Subject to Tax,,3021.65
07/13/2026,5042,Non-Taxable Sales,,5
07/13/2026,5042,3rd Party Tax Exempt,,385.74
07/13/2026,5042,Register Audit,292,
07/13/2026,5042,Sales Tax,,208.68
07/13/2026,5042,In-Store Credit Card,1874.61,
07/13/2026,5042,Online Credit card,1236.12,
07/13/2026,5042,Online Gift Card,21.48,
07/13/2026,5042,Online Credit Card Tips,,53
07/13/2026,5042,In-Store Credit Card Tips,,159.67
07/13/2026,5042,Online Gift Card Tips,,1
07/13/2026,5042,Gift Card,25,
07/13/2026,5042,3rd Party - DoorDash,222.37,
07/13/2026,5042,3rd Party - UberEats,163.37,
07/13/2026,5042,Cash Over/Short Adjustment,,0.06
07/13/2026,5043,Subject to Tax,,4376.45
07/13/2026,5043,Non-Taxable Sales,,15.5
07/13/2026,5043,3rd Party Tax Exempt,,1116.67
07/13/2026,5043,Tax Exempt,,208.6
07/13/2026,5043,Register Audit,666,
07/13/2026,5043,Sales Tax,,300.97
07/13/2026,5043,In-Store Credit Card,2777.39,
07/13/2026,5043,Payout,20,
07/13/2026,5043,Online Credit card,1425.68,
07/13/2026,5043,Online Gift Card,10,
07/13/2026,5043,Online Credit Card Tips,,37
07/13/2026,5043,In-Store Credit Card Tips,,160.11
07/13/2026,5043,Online Gift Card Tips,,2
07/13/2026,5043,Gift Card,14.42,
07/13/2026,5043,3rd Party - DoorDash,590.39,
07/13/2026,5043,3rd Party - GrubHub,37.29,
07/13/2026,5043,3rd Party - UberEats,488.99,
07/13/2026,5043,Cash Over/Short Adjustment,0.14,
07/13/2026,5043,Register Audit Adjustment,187,
07/13/2026,5049,Subject to Tax,,2751.1
07/13/2026,5049,Non-Taxable Sales,,5
07/13/2026,5049,3rd Party Tax Exempt,,241.63
07/13/2026,5049,Register Audit,402,
07/13/2026,5049,Sales Tax,,223.23
07/13/2026,5049,In-Store Credit Card,1675.75,
07/13/2026,5049,Online Credit card,1004.45,
07/13/2026,5049,Online Credit Card Tips,,20
07/13/2026,5049,In-Store Credit Card Tips,,92.68
07/13/2026,5049,Gift Card,10.69,
07/13/2026,5049,3rd Party - DoorDash,160.39,
07/13/2026,5049,3rd Party - UberEats,81.24,
07/13/2026,5049,Cash Over/Short Adjustment,,0.88
07/13/2026,5051,Subject to Tax,,3128.85
07/13/2026,5051,Non-Taxable Sales,,43.5
07/13/2026,5051,3rd Party Tax Exempt,,654.67
07/13/2026,5051,Register Audit,247,
07/13/2026,5051,Sales Tax,,214.4
07/13/2026,5051,In-Store Credit Card,1874.74,
07/13/2026,5051,Online Credit card,1413.21,
07/13/2026,5051,Online Gift Card,20.12,
07/13/2026,5051,Online Credit Card Tips,,69
07/13/2026,5051,In-Store Credit Card Tips,,98.52
07/13/2026,5051,3rd Party - DoorDash,493,
07/13/2026,5051,3rd Party - UberEats,161.67,
07/13/2026,5051,Cash Over/Short Adjustment,,0.8
07/13/2026,5057,Subject to Tax,,2713.95
07/13/2026,5057,Non-Taxable Sales,,10
07/13/2026,5057,3rd Party Tax Exempt,,703.17
07/13/2026,5057,Sales Tax,,215.19
07/13/2026,5057,In-Store Credit Card,1876.18,
07/13/2026,5057,Payout,9.93,
07/13/2026,5057,Online Credit card,884,
07/13/2026,5057,Online Credit Card Tips,,22.21
07/13/2026,5057,In-Store Credit Card Tips,,128.5
07/13/2026,5057,Gift Card,41.22,
07/13/2026,5057,3rd Party - DoorDash,510.57,
07/13/2026,5057,3rd Party - UberEats,192.6,
07/13/2026,5057,Cash Over/Short Adjustment,0.52,
07/13/2026,5057,Register Audit Adjustment,278,
07/13/2026,5062,Subject to Tax,,1777.42
07/13/2026,5062,Non-Taxable Sales,,5
07/13/2026,5062,3rd Party Tax Exempt,,322.98
07/13/2026,5062,Sales Tax,,123.04
07/13/2026,5062,In-Store Credit Card,1576.77,
07/13/2026,5062,Online Credit card,386.67,
07/13/2026,5062,Online Credit Card Tips,,15
07/13/2026,5062,In-Store Credit Card Tips,,115.7
07/13/2026,5062,3rd Party - DoorDash,155.86,
07/13/2026,5062,3rd Party - UberEats,167.12,
07/13/2026,5062,Cash Over/Short Adjustment,0.72,
07/13/2026,5062,Register Audit Adjustment,72,
07/13/2026,5101,Subject to Tax,,2952.45
07/13/2026,5101,Non-Taxable Sales,,10
07/13/2026,5101,3rd Party Tax Exempt,,244.58
07/13/2026,5101,Register Audit,268,
07/13/2026,5101,Sales Tax,,203.22
07/13/2026,5101,In-Store Credit Card,1527.83,
07/13/2026,5101,Online Credit card,1530.85,
07/13/2026,5101,Online Credit Card Tips,,66
07/13/2026,5101,In-Store Credit Card Tips,,94.63
07/13/2026,5101,3rd Party - DoorDash,180.03,
07/13/2026,5101,3rd Party - UberEats,64.55,
07/13/2026,5101,Cash Over/Short Adjustment,,0.38
07/13/2026,5112,Subject to Tax,,2113.2
07/13/2026,5112,Non-Taxable Sales,,15.5
07/13/2026,5112,3rd Party Tax Exempt,,321.33
07/13/2026,5112,Register Audit,325,
07/13/2026,5112,Sales Tax,,166.08
07/13/2026,5112,In-Store Credit Card,1387.42,
07/13/2026,5112,Online Credit card,685.92,
07/13/2026,5112,Online Credit Card Tips,,21
07/13/2026,5112,In-Store Credit Card Tips,,83.08
07/13/2026,5112,Gift Card,1.42,
07/13/2026,5112,3rd Party - DoorDash,222.05,
07/13/2026,5112,3rd Party - UberEats,99.28,
07/13/2026,5112,Cash Over/Short Adjustment,,0.9
07/13/2026,5127,Subject to Tax,,3091.65
07/13/2026,5127,Non-Taxable Sales,,8
07/13/2026,5127,3rd Party Tax Exempt,,258.08
07/13/2026,5127,Register Audit,351,
07/13/2026,5127,Sales Tax,,245.13
07/13/2026,5127,In-Store Credit Card,2136.44,
07/13/2026,5127,Online Credit card,1041.02,
07/13/2026,5127,Online Credit Card Tips,,41
07/13/2026,5127,In-Store Credit Card Tips,,142.86
07/13/2026,5127,3rd Party - DoorDash,198.98,
07/13/2026,5127,3rd Party - UberEats,59.1,
07/13/2026,5127,Cash Over/Short Adjustment,0.18,
07/13/2026,6021,Subject to Tax,,3533.98
07/13/2026,6021,Non-Taxable Sales,,15
07/13/2026,6021,3rd Party Tax Exempt,,156.58
07/13/2026,6021,Register Audit,238,
07/13/2026,6021,Sales Tax,,335.75
07/13/2026,6021,In-Store Credit Card,2020.4,
07/13/2026,6021,Online Credit card,1299.32,
07/13/2026,6021,Online Credit Card Tips,,61.01
07/13/2026,6021,In-Store Credit Card Tips,,137.09
07/13/2026,6021,3rd Party - DoorDash,470.97,
07/13/2026,6021,3rd Party - GrubHub,54.46,
07/13/2026,6021,3rd Party - UberEats,156.58,
07/13/2026,6021,Cash Over/Short Adjustment,,0.32
07/13/2026,6026,Subject to Tax,,2927.45
07/13/2026,6026,Non-Taxable Sales,,5
07/13/2026,6026,3rd Party Tax Exempt,,130.84
07/13/2026,6026,Register Audit,162,
07/13/2026,6026,Sales Tax,,175.61
07/13/2026,6026,In-Store Credit Card,1802.84,
07/13/2026,6026,Online Credit card,911.06,
07/13/2026,6026,Online Credit Card Tips,,18.62
07/13/2026,6026,In-Store Credit Card Tips,,127.92
07/13/2026,6026,3rd Party - DoorDash,334.33,
07/13/2026,6026,3rd Party - GrubHub,44.04,
07/13/2026,6026,3rd Party - UberEats,130.84,
07/13/2026,6026,Cash Over/Short Adjustment,0.33,
07/13/2026,6032,Subject to Tax,,3455.85
07/13/2026,6032,Non-Taxable Sales,,47
07/13/2026,6032,3rd Party Tax Exempt,,275.48
07/13/2026,6032,Sales Tax,,207.36
07/13/2026,6032,In-Store Credit Card,2093.25,
07/13/2026,6032,Online Credit card,1109.11,
07/13/2026,6032,Online Credit Card Tips,,32
07/13/2026,6032,In-Store Credit Card Tips,,121.18
07/13/2026,6032,Gift Card,4.91,
07/13/2026,6032,3rd Party - DoorDash,502.12,
07/13/2026,6032,3rd Party - UberEats,275.48,
07/13/2026,6032,Register Audit Adjustment,154,
07/13/2026,6037,Subject to Tax,,3846.75
07/13/2026,6037,Non-Taxable Sales,,10
07/13/2026,6037,Tax Exempt,,44.3
07/13/2026,6037,Sales Tax,,423.29
07/13/2026,6037,In-Store Credit Card,2639.55,
07/13/2026,6037,Online Credit card,1577.82,
07/13/2026,6037,Online Gift Card,28.31,
07/13/2026,6037,Online Credit Card Tips,,56.01
07/13/2026,6037,In-Store Credit Card Tips,,180.57
07/13/2026,6037,Gift Card,44.95,
07/13/2026,6037,3rd Party - UberEats,45.28,
07/13/2026,6037,Cash Over/Short Adjustment,0.01,
07/13/2026,6037,Register Audit Adjustment,225,
07/13/2026,6039,Subject to Tax,,3657.16
07/13/2026,6039,Non-Taxable Sales,,40.5
07/13/2026,6039,3rd Party Tax Exempt,,358.98
07/13/2026,6039,Sales Tax,,219.44
07/13/2026,6039,In-Store Credit Card,2043.75,
07/13/2026,6039,Online Credit card,1365.88,
07/13/2026,6039,Online Credit Card Tips,,24
07/13/2026,6039,In-Store Credit Card Tips,,143.91
07/13/2026,6039,Gift Card,20,
07/13/2026,6039,3rd Party - DoorDash,508.22,
07/13/2026,6039,3rd Party - UberEats,358.98,
07/13/2026,6039,Cash Over/Short Adjustment,0.16,
07/13/2026,6039,Register Audit Adjustment,147,
07/13/2026,6044,Subject to Tax,,4276.73
07/13/2026,6044,Non-Taxable Sales,,44
07/13/2026,6044,3rd Party Tax Exempt,,21.84
07/13/2026,6044,Sales Tax,,483.29
07/13/2026,6044,In-Store Credit Card,2123.44,
07/13/2026,6044,Payout,28.31,
07/13/2026,6044,Online Credit card,1766,
07/13/2026,6044,Online Gift Card,10,
07/13/2026,6044,Online Credit Card Tips,,42
07/13/2026,6044,In-Store Credit Card Tips,,135.1
07/13/2026,6044,Online Gift Card Tips,,1
07/13/2026,6044,Gift Card,48.57,
07/13/2026,6044,Gift Card Sold,,20
07/13/2026,6044,3rd Party - DoorDash,714.71,
07/13/2026,6044,3rd Party - UberEats,21.84,
07/13/2026,6044,Cash Over/Short Adjustment,0.09,
07/13/2026,6044,Register Audit Adjustment,311,
07/13/2026,6065,Subject to Tax,,3149.75
07/13/2026,6065,Non-Taxable Sales,,30.5
07/13/2026,6065,3rd Party Tax Exempt,,144.38
07/13/2026,6065,Sales Tax,,315.22
07/13/2026,6065,In-Store Credit Card,2022.36,
07/13/2026,6065,Online Credit card,1327.37,
07/13/2026,6065,Online Credit Card Tips,,41
07/13/2026,6065,In-Store Credit Card Tips,,149.05
07/13/2026,6065,Gift Card,9.96,
07/13/2026,6065,3rd Party - DoorDash,83.07,
07/13/2026,6065,3rd Party - GrubHub,45.07,
07/13/2026,6065,3rd Party - UberEats,144.38,
07/13/2026,6065,Cash Over/Short Adjustment,0.7,
07/13/2026,6065,Register Audit Adjustment,197,
07/13/2026,6067,Subject to Tax,,2817.3
07/13/2026,6067,Non-Taxable Sales,,28
07/13/2026,6067,3rd Party Tax Exempt,,195.12
07/13/2026,6067,Sales Tax,,318.4
07/13/2026,6067,In-Store Credit Card,1776.2,
07/13/2026,6067,Online Credit card,796.48,
07/13/2026,6067,Online Credit Card Tips,,20.34
07/13/2026,6067,In-Store Credit Card Tips,,111.81
07/13/2026,6067,Gift Card,10,
07/13/2026,6067,3rd Party - DoorDash,294.45,
07/13/2026,6067,3rd Party - UberEats,195.12,
07/13/2026,6067,Cash Over/Short Adjustment,0.72,
07/13/2026,6067,Register Audit Adjustment,418,
07/13/2026,6072,Subject to Tax,,4544.37
07/13/2026,6072,Non-Taxable Sales,,5
07/13/2026,6072,3rd Party Tax Exempt,,139.59
07/13/2026,6072,Register Audit,651,
07/13/2026,6072,Sales Tax,,536.26
07/13/2026,6072,In-Store Credit Card,2240.14,
07/13/2026,6072,Online Credit card,1663.55,
07/13/2026,6072,Online Credit Card Tips,,75.8
07/13/2026,6072,In-Store Credit Card Tips,,131.7
07/13/2026,6072,Gift Card,40.43,
07/13/2026,6072,Gift Card Sold,,50
07/13/2026,6072,3rd Party - DoorDash,681.13,
07/13/2026,6072,3rd Party - GrubHub,67.68,
07/13/2026,6072,3rd Party - UberEats,139.59,
07/13/2026,6072,Cash Over/Short Adjustment,,0.8
07/13/2026,6074,Subject to Tax,,2375.85
07/13/2026,6074,Non-Taxable Sales,,27.5
07/13/2026,6074,3rd Party Tax Exempt,,86.68
07/13/2026,6074,Register Audit,65,
07/13/2026,6074,Sales Tax,,213.87
07/13/2026,6074,In-Store Credit Card,1769.49,
07/13/2026,6074,Payout,171.52,
07/13/2026,6074,Online Credit card,864.27,
07/13/2026,6074,Online Credit Card Tips,,13
07/13/2026,6074,In-Store Credit Card Tips,,109.59
07/13/2026,6074,3rd Party - UberEats,86.68,
07/13/2026,6074,Cash Over/Short Adjustment,,0.47
07/13/2026,6074,Register Audit Adjustment,,130
07/13/2026,6076,Subject to Tax,,2174
07/13/2026,6076,Non-Taxable Sales,,22
07/13/2026,6076,Sales Tax,,195.59
07/13/2026,6076,In-Store Credit Card,1553.97,
07/13/2026,6076,Online Credit card,512.32,
07/13/2026,6076,Online Credit Card Tips,,16
07/13/2026,6076,In-Store Credit Card Tips,,89.12
07/13/2026,6076,Cash Over/Short Adjustment,0.42,
07/13/2026,6076,Register Audit Adjustment,430,
07/13/2026,6083,Subject to Tax,,2785.75
07/13/2026,6083,Non-Taxable Sales,,5
07/13/2026,6083,3rd Party Tax Exempt,,18.6
07/13/2026,6083,Register Audit,203,
07/13/2026,6083,Sales Tax,,250.72
07/13/2026,6083,In-Store Credit Card,1614.62,
07/13/2026,6083,Online Credit card,1126.2,
07/13/2026,6083,Online Credit Card Tips,,35
07/13/2026,6083,In-Store Credit Card Tips,,116.19
07/13/2026,6083,Gift Card,23.05,
07/13/2026,6083,3rd Party - DoorDash,151.33,
07/13/2026,6083,3rd Party - GrubHub,74.74,
07/13/2026,6083,3rd Party - UberEats,18.6,
07/13/2026,6083,Cash Over/Short Adjustment,,0.28
07/13/2026,6088,Subject to Tax,,4029.94
07/13/2026,6088,Non-Taxable Sales,,30
07/13/2026,6088,3rd Party Tax Exempt,,155.94
07/13/2026,6088,Register Audit,224,
07/13/2026,6088,Sales Tax,,403.23
07/13/2026,6088,In-Store Credit Card,2097.9,
07/13/2026,6088,Payout,55,
07/13/2026,6088,Online Credit card,1774.01,
07/13/2026,6088,Online Credit Card Tips,,47
07/13/2026,6088,In-Store Credit Card Tips,,102.33
07/13/2026,6088,Gift Card,39.99,
07/13/2026,6088,3rd Party - DoorDash,421.12,
07/13/2026,6088,3rd Party - UberEats,155.94,
07/13/2026,6088,Cash Over/Short Adjustment,0.48,
07/13/2026,6093,Subject to Tax,,3549.81
07/13/2026,6093,Non-Taxable Sales,,5
07/13/2026,6093,Register Audit,480,
07/13/2026,6093,Sales Tax,,401.14
07/13/2026,6093,In-Store Credit Card,2786.58,
07/13/2026,6093,Payout,40,
07/13/2026,6093,Online Credit card,703.55,
07/13/2026,6093,Online Gift Card,23.81,
07/13/2026,6093,Online Credit Card Tips,,35
07/13/2026,6093,In-Store Credit Card Tips,,165.68
07/13/2026,6093,3rd Party - DoorDash,123.16,
07/13/2026,6093,Cash Over/Short Adjustment,,0.47
07/13/2026,6094,Subject to Tax,,1944.24
07/13/2026,6094,Non-Taxable Sales,,10.5
07/13/2026,6094,3rd Party Tax Exempt,,75.59
07/13/2026,6094,Register Audit,167,
07/13/2026,6094,Sales Tax,,194.55
07/13/2026,6094,In-Store Credit Card,1317.26,
07/13/2026,6094,Payout,20,
07/13/2026,6094,Online Credit card,619.93,
07/13/2026,6094,Online Credit Card Tips,,23
07/13/2026,6094,In-Store Credit Card Tips,,112.28
07/13/2026,6094,Gift Card Sold,,25
07/13/2026,6094,3rd Party - DoorDash,186.22,
07/13/2026,6094,3rd Party - UberEats,75.59,
07/13/2026,6094,Cash Over/Short Adjustment,,0.84
07/13/2026,6102,Subject to Tax,,2699.55
07/13/2026,6102,Non-Taxable Sales,,23
07/13/2026,6102,Sales Tax,,270.13
07/13/2026,6102,In-Store Credit Card,1393.32,
07/13/2026,6102,Online Credit card,702.67,
07/13/2026,6102,Online Credit Card Tips,,15.82
07/13/2026,6102,In-Store Credit Card Tips,,69.53
07/13/2026,6102,Gift Card,9.85,
07/13/2026,6102,3rd Party - DoorDash,510.22,
07/13/2026,6102,3rd Party - GrubHub,88.16,
07/13/2026,6102,3rd Party - UberEats,241.44,
07/13/2026,6102,Cash Over/Short Adjustment,0.37,
07/13/2026,6102,Register Audit Adjustment,132,
07/13/2026,7024,Subject to Tax,,4613.5
07/13/2026,7024,3rd Party Tax Exempt,,589.78
07/13/2026,7024,Sales Tax,,399.94
07/13/2026,7024,In-Store Credit Card,3063.56,
07/13/2026,7024,Online Credit card,1445.61,
07/13/2026,7024,Online Gift Card,22.84,
07/13/2026,7024,Online Credit Card Tips,,26.57
07/13/2026,7024,In-Store Credit Card Tips,,158.62
07/13/2026,7024,Gift Card,20.05,
07/13/2026,7024,3rd Party - DoorDash,441.17,
07/13/2026,7024,3rd Party - UberEats,148.61,
07/13/2026,7024,Cash Over/Short Adjustment,0.89,
07/13/2026,7024,Register Audit Adjustment,646,
07/13/2026,7032,Subject to Tax,,3094.9
07/13/2026,7032,3rd Party Tax Exempt,,724.41
07/13/2026,7032,Register Audit,449,
07/13/2026,7032,Sales Tax,,265.49
07/13/2026,7032,In-Store Credit Card,1832.45,
07/13/2026,7032,Online Credit card,1195.41,
07/13/2026,7032,Online Credit Card Tips,,21
07/13/2026,7032,In-Store Credit Card Tips,,95.83
07/13/2026,7032,3rd Party - DoorDash,685.6,
07/13/2026,7032,3rd Party - UberEats,38.81,
07/13/2026,7032,Cash Over/Short Adjustment,0.36,
07/13/2026,7039,Subject to Tax,,2430.7
07/13/2026,7039,3rd Party Tax Exempt,,390.83
07/13/2026,7039,Sales Tax,,209.19
07/13/2026,7039,In-Store Credit Card,1567.2,
07/13/2026,7039,Payout,34,
07/13/2026,7039,Online Credit card,826.1,
07/13/2026,7039,Online Credit Card Tips,,37
07/13/2026,7039,In-Store Credit Card Tips,,117.81
07/13/2026,7039,Gift Card,35.48,
07/13/2026,7039,3rd Party - DoorDash,349.55,
07/13/2026,7039,3rd Party - UberEats,41.28,
07/13/2026,7039,Cash Over/Short Adjustment,0.92,
07/13/2026,7039,Register Audit Adjustment,331,
07/13/2026,7049,Subject to Tax,,4338.19
07/13/2026,7049,3rd Party Tax Exempt,,623.65
07/13/2026,7049,Sales Tax,,370.72
07/13/2026,7049,In-Store Credit Card,2628.64,
07/13/2026,7049,Online Credit card,1908.15,
07/13/2026,7049,Online Credit Card Tips,,78.33
07/13/2026,7049,In-Store Credit Card Tips,,194.44
07/13/2026,7049,3rd Party - DoorDash,492.04,
07/13/2026,7049,3rd Party - UberEats,131.61,
07/13/2026,7049,Cash Over/Short Adjustment,0.89,
07/13/2026,7049,Register Audit Adjustment,444,
07/13/2026,7066,Subject to Tax,,2210.3
07/13/2026,7066,3rd Party Tax Exempt,,357.25
07/13/2026,7066,Sales Tax,,193.4
07/13/2026,7066,In-Store Credit Card,1637.46,
07/13/2026,7066,Online Credit card,541.93,
07/13/2026,7066,Online Gift Card,2.04,
07/13/2026,7066,Online Credit Card Tips,,21
07/13/2026,7066,In-Store Credit Card Tips,,104.7
07/13/2026,7066,3rd Party - DoorDash,336.37,
07/13/2026,7066,3rd Party - UberEats,20.88,
07/13/2026,7066,Cash Over/Short Adjustment,0.97,
07/13/2026,7066,Register Audit Adjustment,347,
07/13/2026,13026,Subject to Tax,,2951.98
07/13/2026,13026,Non-Taxable Sales,,75.06
07/13/2026,13026,3rd Party Tax Exempt,,809.06
07/13/2026,13026,Register Audit,272,
07/13/2026,13026,Sales Tax,,221.5
07/13/2026,13026,In-Store Credit Card,1562.16,
07/13/2026,13026,Online Credit card,1498.76,
07/13/2026,13026,Online Credit Card Tips,,20
07/13/2026,13026,In-Store Credit Card Tips,,73.47
07/13/2026,13026,3rd Party - DoorDash,517.66,
07/13/2026,13026,3rd Party - UberEats,300.34,
07/13/2026,13026,Cash Over/Short Adjustment,0.15,
07/13/2026,13062,Subject to Tax,,2624.1
07/13/2026,13062,Non-Taxable Sales,,31.65
07/13/2026,13062,3rd Party Tax Exempt,,669.55
07/13/2026,13062,Sales Tax,,183.66
07/13/2026,13062,In-Store Credit Card,2099.12,
07/13/2026,13062,Online Credit card,544.61,
07/13/2026,13062,Online Credit Card Tips,,13
07/13/2026,13062,In-Store Credit Card Tips,,90.37
07/13/2026,13062,Gift Card,20,
07/13/2026,13062,3rd Party - DoorDash,229.32,
07/13/2026,13062,3rd Party - UberEats,465.43,
07/13/2026,13062,Cash Over/Short Adjustment,0.85,
07/13/2026,13062,Register Audit Adjustment,253,
07/13/2026,13082,Subject to Tax,,2165.86
07/13/2026,13082,Non-Taxable Sales,,7.98
07/13/2026,13082,3rd Party Tax Exempt,,241.39
07/13/2026,13082,Register Audit,363,
07/13/2026,13082,Sales Tax,,151.63
07/13/2026,13082,In-Store Credit Card,1280.82,
07/13/2026,13082,Online Credit card,743.19,
07/13/2026,13082,Online Gift Card,26.59,
07/13/2026,13082,Online Credit Card Tips,,29
07/13/2026,13082,In-Store Credit Card Tips,,93.43
07/13/2026,13082,Gift Card,30,
07/13/2026,13082,3rd Party - DoorDash,246.67,
07/13/2026,13082,Cash Over/Short Adjustment,,0.98
07/13/2026,13106,Subject to Tax,,1461.89
07/13/2026,13106,Non-Taxable Sales,,16.39
07/13/2026,13106,3rd Party Tax Exempt,,333.96
07/13/2026,13106,Sales Tax,,109.66
07/13/2026,13106,In-Store Credit Card,1104.1,
07/13/2026,13106,Payout,14.37,
07/13/2026,13106,Online Credit card,401.39,
07/13/2026,13106,Online Credit Card Tips,,12
07/13/2026,13106,In-Store Credit Card Tips,,79.4
07/13/2026,13106,3rd Party - DoorDash,153.22,
07/13/2026,13106,3rd Party - GrubHub,13.8,
07/13/2026,13106,3rd Party - UberEats,189.68,
07/13/2026,13106,Cash Over/Short Adjustment,0.74,
07/13/2026,13106,Register Audit Adjustment,136,
07/13/2026,13116,Subject to Tax,,2692.8
07/13/2026,13116,Non-Taxable Sales,,35.25
07/13/2026,13116,3rd Party Tax Exempt,,884.64
07/13/2026,13116,Sales Tax,,188.52
07/13/2026,13116,In-Store Credit Card,1726.71,
07/13/2026,13116,Online Credit card,779.67,
07/13/2026,13116,In-Store Credit Card Tips,,87.53
07/13/2026,13116,Gift Card,70.01,
07/13/2026,13116,3rd Party - DoorDash,688.83,
07/13/2026,13116,3rd Party - UberEats,209.61,
07/13/2026,13116,Cash Over/Short Adjustment,0.91,
07/13/2026,13116,Register Audit Adjustment,413,
07/13/2026,13138,Subject to Tax,,2209.46
07/13/2026,13138,Non-Taxable Sales,,15.03
07/13/2026,13138,3rd Party Tax Exempt,,191.29
07/13/2026,13138,Register Audit,368,
07/13/2026,13138,Sales Tax,,154.71
07/13/2026,13138,In-Store Credit Card,1576,
07/13/2026,13138,Online Credit card,523,
07/13/2026,13138,Online Credit Card Tips,,21.13
07/13/2026,13138,In-Store Credit Card Tips,,88.6
07/13/2026,13138,Gift Card,18.91,
07/13/2026,13138,3rd Party - DoorDash,154.27,
07/13/2026,13138,3rd Party - UberEats,40.26,
07/13/2026,13138,Cash Over/Short Adjustment,,0.22
07/13/2026,13148,Subject to Tax,,3547.97
07/13/2026,13148,Non-Taxable Sales,,28.22
07/13/2026,13148,3rd Party Tax Exempt,,295.9
07/13/2026,13148,Sales Tax,,230.66
07/13/2026,13148,In-Store Credit Card,2438.63,
07/13/2026,13148,Online Credit card,1318.95,
07/13/2026,13148,Online Gift Card,26.31,
07/13/2026,13148,Online Credit Card Tips,,49
07/13/2026,13148,In-Store Credit Card Tips,,150.3
07/13/2026,13148,Online Gift Card Tips,,3
07/13/2026,13148,Gift Card,29.92,
07/13/2026,13148,3rd Party - DoorDash,157.36,
07/13/2026,13148,3rd Party - UberEats,148.26,
07/13/2026,13148,Cash Over/Short Adjustment,0.62,
07/13/2026,13148,Register Audit Adjustment,185,
07/13/2026,13160,Subject to Tax,,3122.85
07/13/2026,13160,Non-Taxable Sales,,24.95
07/13/2026,13160,3rd Party Tax Exempt,,415.78
07/13/2026,13160,Register Audit,655,
07/13/2026,13160,Sales Tax,,218.67
07/13/2026,13160,In-Store Credit Card,1905.35,
07/13/2026,13160,Online Credit card,892.84,
07/13/2026,13160,Online Credit Card Tips,,23
07/13/2026,13160,In-Store Credit Card Tips,,127.56
07/13/2026,13160,3rd Party - DoorDash,392.5,
07/13/2026,13160,3rd Party - GrubHub,64.9,
07/13/2026,13160,3rd Party - UberEats,23.28,
07/13/2026,13160,Cash Over/Short Adjustment,,0.06
07/13/2026,13160,Register Audit Adjustment,,1
07/13/2026,13162,Subject to Tax,,2702.06
07/13/2026,13162,Non-Taxable Sales,,20.65
07/13/2026,13162,3rd Party Tax Exempt,,826.12
07/13/2026,13162,Sales Tax,,189.22
07/13/2026,13162,In-Store Credit Card,1729.79,
07/13/2026,13162,Online Credit card,1099.51,
07/13/2026,13162,Online Gift Card,12.45,
07/13/2026,13162,Online Credit Card Tips,,25
07/13/2026,13162,In-Store Credit Card Tips,,110.24
07/13/2026,13162,Online Gift Card Tips,,1
07/13/2026,13162,Gift Card Sold,,20
07/13/2026,13162,3rd Party - DoorDash,582.34,
07/13/2026,13162,3rd Party - UberEats,260.04,
07/13/2026,13162,Cash Over/Short Adjustment,0.16,
07/13/2026,13162,Register Audit Adjustment,210,
07/13/2026,13219,Subject to Tax,,3881.7
07/13/2026,13219,Non-Taxable Sales,,274.01
07/13/2026,13219,3rd Party Tax Exempt,,332.4
07/13/2026,13219,Sales Tax,,271.7
07/13/2026,13219,In-Store Credit Card,3425.31,
07/13/2026,13219,Online Credit card,771.57,
07/13/2026,13219,Online Credit Card Tips,,38
07/13/2026,13219,In-Store Credit Card Tips,,215.36
07/13/2026,13219,Gift Card,60.86,
07/13/2026,13219,3rd Party - DoorDash,262.75,
07/13/2026,13219,3rd Party - UberEats,91.61,
07/13/2026,13219,Cash Over/Short Adjustment,0.07,
07/13/2026,13219,Register Audit Adjustment,401,
07/13/2026,37001,Subject to Tax,,5435.51
07/13/2026,37001,Non-Taxable Sales,,683.2
07/13/2026,37001,Sales Tax,,462.13
07/13/2026,37001,In-Store Credit Card,3106,
07/13/2026,37001,Online Credit card,1782.64,
07/13/2026,37001,Online Gift Card,13.73,
07/13/2026,37001,Online Credit Card Tips,,60
07/13/2026,37001,In-Store Credit Card Tips,,175.28
07/13/2026,37001,Gift Card,65.33,
07/13/2026,37001,3rd Party - DoorDash,810.5,
07/13/2026,37001,3rd Party - UberEats,21.35,
07/13/2026,37001,Cash Over/Short Adjustment,0.57,
07/13/2026,37001,Register Audit Adjustment,1016,
07/13/2026,37002,Subject to Tax,,4093.44
07/13/2026,37002,Non-Taxable Sales,,503.95
07/13/2026,37002,Sales Tax,,347.99
07/13/2026,37002,In-Store Credit Card,1820.64,
07/13/2026,37002,Online Credit card,1812.06,
07/13/2026,37002,Online Gift Card,20,
07/13/2026,37002,Online Credit Card Tips,,53.12
07/13/2026,37002,In-Store Credit Card Tips,,125.5
07/13/2026,37002,Gift Card,63.89,
07/13/2026,37002,Gift Card Sold,,30
07/13/2026,37002,3rd Party - DoorDash,865.88,
07/13/2026,37002,3rd Party - GrubHub,25.58,
07/13/2026,37002,3rd Party - UberEats,144.64,
07/13/2026,37002,Cash Over/Short Adjustment,0.31,
07/13/2026,37002,Register Audit Adjustment,401,
07/13/2026,37004,Subject to Tax,,1978.16
07/13/2026,37004,Non-Taxable Sales,,206.47
07/13/2026,37004,Sales Tax,,168.22
07/13/2026,37004,In-Store Credit Card,1499.15,
07/13/2026,37004,Online Credit card,628.48,
07/13/2026,37004,Online Gift Card,4.29,
07/13/2026,37004,Online Credit Card Tips,,16.78
07/13/2026,37004,In-Store Credit Card Tips,,130.72
07/13/2026,37004,Online Gift Card Tips,,1
07/13/2026,37004,3rd Party - DoorDash,165.37,
07/13/2026,37004,3rd Party - UberEats,23.7,
07/13/2026,37004,Cash Over/Short Adjustment,0.36,
07/13/2026,37004,Register Audit Adjustment,180,
07/13/2026,37006,Subject to Tax,,3580.09
07/13/2026,37006,Non-Taxable Sales,,412.61
07/13/2026,37006,Sales Tax,,304.42
07/13/2026,37006,In-Store Credit Card,2103.03,
07/13/2026,37006,Online Credit card,1279.38,
07/13/2026,37006,Online Credit Card Tips,,68
07/13/2026,37006,In-Store Credit Card Tips,,157.52
07/13/2026,37006,Gift Card,25.15,
07/13/2026,37006,3rd Party - DoorDash,331.87,
07/13/2026,37006,3rd Party - GrubHub,46.62,
07/13/2026,37006,3rd Party - UberEats,59.29,
07/13/2026,37006,Cash Over/Short Adjustment,0.3,
07/13/2026,37006,Register Audit Adjustment,677,
07/13/2026,37007,Subject to Tax,,4849.56
07/13/2026,37007,Non-Taxable Sales,,622.37
07/13/2026,37007,Sales Tax,,412.27
07/13/2026,37007,In-Store Credit Card,3240.98,
07/13/2026,37007,Online Credit card,1277.69,
07/13/2026,37007,Online Credit Card Tips,,37
07/13/2026,37007,In-Store Credit Card Tips,,124.56
07/13/2026,37007,Gift Card,14.8,
07/13/2026,37007,3rd Party - DoorDash,964.38,
07/13/2026,37007,3rd Party - GrubHub,63.29,
07/13/2026,37007,3rd Party - UberEats,110.67,
07/13/2026,37007,Cash Over/Short Adjustment,0.95,
07/13/2026,37007,Register Audit Adjustment,373,
07/13/2026,37009,Subject to Tax,,3376.5
07/13/2026,37009,Non-Taxable Sales,,325.58
07/13/2026,37009,Register Audit,531,
07/13/2026,37009,Sales Tax,,287.04
07/13/2026,37009,In-Store Credit Card,1281.54,
07/13/2026,37009,Online Credit card,1486.09,
07/13/2026,37009,Online Credit Card Tips,,54.3
07/13/2026,37009,In-Store Credit Card Tips,,96.71
07/13/2026,37009,Gift Card,39.23,
07/13/2026,37009,3rd Party - DoorDash,765.16,
07/13/2026,37009,3rd Party - UberEats,36.85,
07/13/2026,37009,Cash Over/Short Adjustment,0.26,
07/13/2026,37010,Subject to Tax,,6438.75
07/13/2026,37010,Non-Taxable Sales,,599.82
07/13/2026,37010,Register Audit,941,
07/13/2026,37010,Sales Tax,,547.5
07/13/2026,37010,In-Store Credit Card,3673.61,
07/13/2026,37010,Online Credit card,2891.96,
07/13/2026,37010,Online Credit Card Tips,,115
07/13/2026,37010,In-Store Credit Card Tips,,278.48
07/13/2026,37010,Gift Card,48.15,
07/13/2026,37010,Gift Card Sold,,85
07/13/2026,37010,3rd Party - DoorDash,509,
07/13/2026,37010,Cash Over/Short Adjustment,,0.35
07/13/2026,37010,Register Audit Adjustment,,40
07/13/2026,37013,Subject to Tax,,2994.29
07/13/2026,37013,Non-Taxable Sales,,358.83
07/13/2026,37013,Register Audit,576,
07/13/2026,37013,Sales Tax,,254.58
07/13/2026,37013,In-Store Credit Card,1691.98,
07/13/2026,37013,Online Credit card,1355.18,
07/13/2026,37013,Online Gift Card,25,
07/13/2026,37013,Online Credit Card Tips,,41
07/13/2026,37013,In-Store Credit Card Tips,,101.54
07/13/2026,37013,Gift Card,44.01,
07/13/2026,37013,Gift Card Sold,,45
07/13/2026,37013,3rd Party - DoorDash,103.51,
07/13/2026,37013,Cash Over/Short Adjustment,,0.44
07/13/2026,37016,Subject to Tax,,2905.35
07/13/2026,37016,Non-Taxable Sales,,367.73
07/13/2026,37016,Register Audit,491,
07/13/2026,37016,Sales Tax,,247
07/13/2026,37016,In-Store Credit Card,2101.77,
07/13/2026,37016,Online Credit card,880.08,
07/13/2026,37016,Online Credit Card Tips,,51
07/13/2026,37016,In-Store Credit Card Tips,,150.6
07/13/2026,37016,Gift Card,12.46,
07/13/2026,37016,3rd Party - DoorDash,245.52,
07/13/2026,37016,Cash Over/Short Adjustment,,0.15
07/13/2026,37016,Register Audit Adjustment,,9
07/13/2026,37020,Subject to Tax,,2783.75
07/13/2026,37020,Non-Taxable Sales,,344.45
07/13/2026,37020,Register Audit,498.41,
07/13/2026,37020,Sales Tax,,236.67
07/13/2026,37020,In-Store Credit Card,1276.3,
07/13/2026,37020,Online Credit card,1517.85,
07/13/2026,37020,Online Gift Card,25,
07/13/2026,37020,Online Credit Card Tips,,45
07/13/2026,37020,In-Store Credit Card Tips,,69.3
07/13/2026,37020,3rd Party - DoorDash,159.09,
07/13/2026,37020,Cash Over/Short Adjustment,0.52,
07/13/2026,37020,Register Audit Adjustment,2,
07/13/2026,49002,Subject to Tax,,4011.9
07/13/2026,49002,3rd Party Tax Exempt,,520.86
07/13/2026,49002,Sales Tax,,320.95
07/13/2026,49002,In-Store Credit Card,2139.78,
07/13/2026,49002,Online Credit card,1806.81,
07/13/2026,49002,Online Gift Card,55,
07/13/2026,49002,Online Credit Card Tips,,50
07/13/2026,49002,In-Store Credit Card Tips,,141.24
07/13/2026,49002,Gift Card,23.63,
07/13/2026,49002,3rd Party - DoorDash,441.07,
07/13/2026,49002,3rd Party - GrubHub,34.02,
07/13/2026,49002,3rd Party - UberEats,45.77,
07/13/2026,49002,Cash Over/Short Adjustment,0.87,
07/13/2026,49002,Register Audit Adjustment,498,
07/13/2026,49003,Subject to Tax,,3328.4
07/13/2026,49003,3rd Party Tax Exempt,,231.95
07/13/2026,49003,Sales Tax,,266.12
07/13/2026,49003,In-Store Credit Card,2178.47,
07/13/2026,49003,Online Credit card,1146.38,
07/13/2026,49003,Online Gift Card,11.29,
07/13/2026,49003,Online Credit Card Tips,,34
07/13/2026,49003,In-Store Credit Card Tips,,162.44
07/13/2026,49003,Gift Card,79.86,
07/13/2026,49003,3rd Party - DoorDash,231.95,
07/13/2026,49003,Cash Over/Short Adjustment,0.96,
07/13/2026,49003,Register Audit Adjustment,374,
07/13/2026,49004,Subject to Tax,,4086.35
07/13/2026,49004,3rd Party Tax Exempt,,1126.5
07/13/2026,49004,Sales Tax,,326.79
07/13/2026,49004,In-Store Credit Card,2482.67,
07/13/2026,49004,Online Credit card,1551.32,
07/13/2026,49004,Online Gift Card,22.23,
07/13/2026,49004,Online Credit Card Tips,,36
07/13/2026,49004,In-Store Credit Card Tips,,128.79
07/13/2026,49004,Online Gift Card Tips,,1
07/13/2026,49004,Gift Card,41.53,
07/13/2026,49004,3rd Party - DoorDash,1062.42,
07/13/2026,49004,3rd Party - UberEats,64.08,
07/13/2026,49004,Cash Over/Short Adjustment,0.18,
07/13/2026,49004,Register Audit Adjustment,481,
07/13/2026,49005,Subject to Tax,,4298.15
07/13/2026,49005,3rd Party Tax Exempt,,567.76
07/13/2026,49005,Tax Exempt,,358.5
07/13/2026,49005,Sales Tax,,343.77
07/13/2026,49005,In-Store Credit Card,3172.14,
07/13/2026,49005,Payout,37.96,
07/13/2026,49005,Online Credit card,1742.59,
07/13/2026,49005,Online Credit Card Tips,,67.22
07/13/2026,49005,In-Store Credit Card Tips,,193.48
07/13/2026,49005,3rd Party - DoorDash,480.48,
07/13/2026,49005,3rd Party - UberEats,87.28,
07/13/2026,49005,Cash Over/Short Adjustment,0.43,
07/13/2026,49005,Register Audit Adjustment,308,
07/13/2026,49006,Subject to Tax,,6234.85
07/13/2026,49006,3rd Party Tax Exempt,,850.81
07/13/2026,49006,Register Audit,976,
07/13/2026,49006,Sales Tax,,497.99
07/13/2026,49006,In-Store Credit Card,2769.28,
07/13/2026,49006,Payout,120,
07/13/2026,49006,Online Credit card,2945.33,
07/13/2026,49006,Online Gift Card,166.03,
07/13/2026,49006,Online Credit Card Tips,,59
07/13/2026,49006,In-Store Credit Card Tips,,164.77
07/13/2026,49006,Online Gift Card Tips,,50
07/13/2026,49006,Gift Card,27.04,
07/13/2026,49006,Gift Card Sold,,50
07/13/2026,49006,3rd Party - DoorDash,790.9,
07/13/2026,49006,3rd Party - UberEats,59.91,
07/13/2026,49006,Cash Over/Short Adjustment,0.36,
07/13/2026,49007,Subject to Tax,,3094.6
07/13/2026,49007,3rd Party Tax Exempt,,1156.14
07/13/2026,49007,Sales Tax,,247.05
07/13/2026,49007,In-Store Credit Card,1456.36,
07/13/2026,49007,Online Credit card,1650.71,
07/13/2026,49007,Online Gift Card,44.75,
07/13/2026,49007,Online Credit Card Tips,,94
07/13/2026,49007,In-Store Credit Card Tips,,82.26
07/13/2026,49007,Online Gift Card Tips,,3
07/13/2026,49007,Gift Card,10,
07/13/2026,49007,3rd Party - DoorDash,1082.24,
07/13/2026,49007,3rd Party - UberEats,73.9,
07/13/2026,49007,Cash Over/Short Adjustment,0.09,
07/13/2026,49007,Register Audit Adjustment,359,
07/13/2026,49008,Subject to Tax,,3576.7
07/13/2026,49008,3rd Party Tax Exempt,,688.97
07/13/2026,49008,Sales Tax,,286.03
07/13/2026,49008,In-Store Credit Card,2067.4,
07/13/2026,49008,Online Credit card,1092.14,
07/13/2026,49008,Online Gift Card,70.21,
07/13/2026,49008,Online Credit Card Tips,,35.33
07/13/2026,49008,In-Store Credit Card Tips,,121.58
07/13/2026,49008,Online Gift Card Tips,,2
07/13/2026,49008,Gift Card,41.9,
07/13/2026,49008,3rd Party - DoorDash,647.52,
07/13/2026,49008,3rd Party - UberEats,41.45,
07/13/2026,49008,Cash Over/Short Adjustment,0.99,
07/13/2026,49008,Register Audit Adjustment,749,
07/13/2026,49009,Subject to Tax,,3715.19
07/13/2026,49009,3rd Party Tax Exempt,,815.9
07/13/2026,49009,Register Audit,349,
07/13/2026,49009,Sales Tax,,296.73
07/13/2026,49009,In-Store Credit Card,2516.44,
07/13/2026,49009,Payout,10,
07/13/2026,49009,Online Credit card,1255.95,
07/13/2026,49009,Online Gift Card,28.44,
07/13/2026,49009,Online Credit Card Tips,,24
07/13/2026,49009,In-Store Credit Card Tips,,158.72
07/13/2026,49009,Gift Card,44.61,
07/13/2026,49009,3rd Party - DoorDash,815.9,
07/13/2026,49009,Cash Over/Short Adjustment,0.2,
07/13/2026,49010,Subject to Tax,,3285.9
07/13/2026,49010,3rd Party Tax Exempt,,385.54
07/13/2026,49010,Register Audit,280.98,
07/13/2026,49010,Sales Tax,,263.09
07/13/2026,49010,In-Store Credit Card,1753.54,
07/13/2026,49010,Online Credit card,1649.78,
07/13/2026,49010,Online Gift Card,10.69,
07/13/2026,49010,Online Credit Card Tips,,56
07/13/2026,49010,In-Store Credit Card Tips,,103.77
07/13/2026,49010,Gift Card,13.77,
07/13/2026,49010,3rd Party - DoorDash,244.32,
07/13/2026,49010,3rd Party - GrubHub,27.72,
07/13/2026,49010,3rd Party - UberEats,113.5,
07/13/2026,49011,Subject to Tax,,4442.85
07/13/2026,49011,3rd Party Tax Exempt,,258.15
07/13/2026,49011,Sales Tax,,355.21
07/13/2026,49011,In-Store Credit Card,2491.53,
07/13/2026,49011,Payout,21.82,
07/13/2026,49011,Online Credit card,1586.16,
07/13/2026,49011,Online Gift Card,8.95,
07/13/2026,49011,Online Credit Card Tips,,57
07/13/2026,49011,In-Store Credit Card Tips,,159.29
07/13/2026,49011,Online Gift Card Tips,,2
07/13/2026,49011,Gift Card,64.37,
07/13/2026,49011,3rd Party - DoorDash,258.15,
07/13/2026,49011,Cash Over/Short Adjustment,0.52,
07/13/2026,49011,Register Audit Adjustment,843,
07/14/2026,2006,Subject to Tax,,111.26
07/14/2026,2006,Non-Taxable Sales,,3124.92
07/14/2026,2006,3rd Party Tax Exempt,,26.64
07/14/2026,2006,Register Audit,170,
07/14/2026,2006,Sales Tax,,7.96
07/14/2026,2006,In-Store Credit Card,1605.19,
07/14/2026,2006,Online Credit card,883.4,
07/14/2026,2006,Online Gift Card,12.06,
07/14/2026,2006,Online Credit Card Tips,,27.15
07/14/2026,2006,In-Store Credit Card Tips,,109.06
07/14/2026,2006,Gift Card,107.25,
07/14/2026,2006,3rd Party - DoorDash,471.34,
07/14/2026,2006,3rd Party - UberEats,157.78,
07/14/2026,2006,Cash Over/Short Adjustment,,0.03
07/14/2026,2016,Subject to Tax,,200.16
07/14/2026,2016,Non-Taxable Sales,,3804.4
07/14/2026,2016,3rd Party Tax Exempt,,7.44
07/14/2026,2016,Register Audit,375,
07/14/2026,2016,Sales Tax,,13.24
07/14/2026,2016,In-Store Credit Card,1895.74,
07/14/2026,2016,Online Credit card,1085.84,
07/14/2026,2016,Online Gift Card,16.4,
07/14/2026,2016,Online Credit Card Tips,,28
07/14/2026,2016,In-Store Credit Card Tips,,111.04
07/14/2026,2016,Gift Card,95.82,
07/14/2026,2016,3rd Party - DoorDash,561.54,
07/14/2026,2016,3rd Party - GrubHub,11.51,
07/14/2026,2016,3rd Party - UberEats,122.7,
07/14/2026,2016,Cash Over/Short Adjustment,,0.27
07/14/2026,2017,Subject to Tax,,322.72
07/14/2026,2017,Non-Taxable Sales,,3592.57
07/14/2026,2017,Register Audit,314,
07/14/2026,2017,Sales Tax,,22.43
07/14/2026,2017,In-Store Credit Card,1674.38,
07/14/2026,2017,Online Credit card,1563.88,
07/14/2026,2017,Online Gift Card,44.47,
07/14/2026,2017,Online Credit Card Tips,,47
07/14/2026,2017,In-Store Credit Card Tips,,86.99
07/14/2026,2017,Online Gift Card Tips,,3
07/14/2026,2017,Gift Card,49.81,
07/14/2026,2017,Gift Card Sold,,50
07/14/2026,2017,3rd Party - DoorDash,344.61,
07/14/2026,2017,3rd Party - UberEats,134.14,
07/14/2026,2017,Cash Over/Short Adjustment,,0.58
07/14/2026,2020,Subject to Tax,,220.93
07/14/2026,2020,Non-Taxable Sales,,3864.43
07/14/2026,2020,3rd Party Tax Exempt,,10.8
07/14/2026,2020,Register Audit,395,
07/14/2026,2020,Sales Tax,,15.67
07/14/2026,2020,In-Store Credit Card,2154.96,
07/14/2026,2020,Payout,122.34,
07/14/2026,2020,Online Credit card,952.2,
07/14/2026,2020,Online Gift Card,23,
07/14/2026,2020,Online Credit Card Tips,,15
07/14/2026,2020,In-Store Credit Card Tips,,117.01
07/14/2026,2020,Gift Card,46.75,
07/14/2026,2020,3rd Party - DoorDash,483.62,
07/14/2026,2020,3rd Party - GrubHub,31.37,
07/14/2026,2020,3rd Party - UberEats,34.68,
07/14/2026,2020,Cash Over/Short Adjustment,,0.08
07/14/2026,2023,Subject to Tax,,191.16
07/14/2026,2023,Non-Taxable Sales,,4263.82
07/14/2026,2023,3rd Party Tax Exempt,,29.4
07/14/2026,2023,Register Audit,422,
07/14/2026,2023,Sales Tax,,13.43
07/14/2026,2023,In-Store Credit Card,2094.69,
07/14/2026,2023,Online Credit card,1222.15,
07/14/2026,2023,Online Gift Card,8.95,
07/14/2026,2023,Online Credit Card Tips,,50.02
07/14/2026,2023,In-Store Credit Card Tips,,158.52
07/14/2026,2023,Gift Card,60.85,
07/14/2026,2023,3rd Party - DoorDash,694.9,
07/14/2026,2023,3rd Party - GrubHub,12.84,
07/14/2026,2023,3rd Party - UberEats,190.14,
07/14/2026,2023,Cash Over/Short Adjustment,,0.17
07/14/2026,2024,Subject to Tax,,161.54
07/14/2026,2024,Non-Taxable Sales,,3442.53
07/14/2026,2024,3rd Party Tax Exempt,,33
07/14/2026,2024,Register Audit,230,
07/14/2026,2024,Sales Tax,,12.93
07/14/2026,2024,In-Store Credit Card,1641.44,
07/14/2026,2024,Payout,6,
07/14/2026,2024,Online Credit card,874.84,
07/14/2026,2024,Online Gift Card,11.1,
07/14/2026,2024,Online Credit Card Tips,,18
07/14/2026,2024,In-Store Credit Card Tips,,108.14
07/14/2026,2024,Gift Card,25,
07/14/2026,2024,3rd Party - DoorDash,573.85,
07/14/2026,2024,3rd Party - GrubHub,123.83,
07/14/2026,2024,3rd Party - UberEats,290.25,
07/14/2026,2024,Cash Over/Short Adjustment,,0.17
07/14/2026,2047,Subject to Tax,,204.46
07/14/2026,2047,Non-Taxable Sales,,2853.43
07/14/2026,2047,3rd Party Tax Exempt,,14.88
07/14/2026,2047,Register Audit,343,
07/14/2026,2047,Sales Tax,,13.95
07/14/2026,2047,In-Store Credit Card,1724.5,
07/14/2026,2047,Payout,1.29,
07/14/2026,2047,Online Credit card,566.52,
07/14/2026,2047,Online Gift Card,10.7,
07/14/2026,2047,Online Credit Card Tips,,16
07/14/2026,2047,In-Store Credit Card Tips,,106.15
07/14/2026,2047,Gift Card,74.81,
07/14/2026,2047,3rd Party - DoorDash,411.22,
07/14/2026,2047,3rd Party - UberEats,76.2,
07/14/2026,2047,Cash Over/Short Adjustment,0.63,
07/14/2026,4003,Subject to Tax,,3685.27
07/14/2026,4003,Register Audit,316.7,
07/14/2026,4003,Sales Tax,,359.32
07/14/2026,4003,In-Store Credit Card,2265.66,
07/14/2026,4003,Online Credit card,779.71,
07/14/2026,4003,Online Credit Card Tips,,16
07/14/2026,4003,In-Store Credit Card Tips,,141.55
07/14/2026,4003,Gift Card,19.97,
07/14/2026,4003,3rd Party - DoorDash,434.33,
07/14/2026,4003,3rd Party - UberEats,385.29,
07/14/2026,4003,Cash Over/Short Adjustment,0.48,
07/14/2026,4004,Subject to Tax,,4126.66
07/14/2026,4004,Sales Tax,,402.29
07/14/2026,4004,In-Store Credit Card,1953.59,
07/14/2026,4004,Online Credit card,964.37,
07/14/2026,4004,Online Credit Card Tips,,17
07/14/2026,4004,In-Store Credit Card Tips,,101.21
07/14/2026,4004,Gift Card,14.93,
07/14/2026,4004,3rd Party - DoorDash,563.48,
07/14/2026,4004,3rd Party - GrubHub,11.79,
07/14/2026,4004,3rd Party - UberEats,901.15,
07/14/2026,4004,Cash Over/Short Adjustment,0.85,
07/14/2026,4004,Register Audit Adjustment,237,
07/14/2026,4005,Subject to Tax,,4657.63
07/14/2026,4005,Register Audit,398,
07/14/2026,4005,Sales Tax,,454.14
07/14/2026,4005,In-Store Credit Card,3157.83,
07/14/2026,4005,Online Credit card,781.43,
07/14/2026,4005,In-Store Credit Card Tips,,201.51
07/14/2026,4005,3rd Party - DoorDash,474.48,
07/14/2026,4005,3rd Party - UberEats,501.23,
07/14/2026,4005,Cash Over/Short Adjustment,0.31,
07/14/2026,4008,Subject to Tax,,3351.21
07/14/2026,4008,Register Audit,223,
07/14/2026,4008,Sales Tax,,326.74
07/14/2026,4008,In-Store Credit Card,2261.93,
07/14/2026,4008,Online Credit card,1138.36,
07/14/2026,4008,Online Credit Card Tips,,38
07/14/2026,4008,In-Store Credit Card Tips,,152.94
07/14/2026,4008,Gift Card,4.04,
07/14/2026,4008,3rd Party - DoorDash,121.76,
07/14/2026,4008,3rd Party - UberEats,120.4,
07/14/2026,4008,Cash Over/Short Adjustment,,0.6
07/14/2026,4009,Subject to Tax,,2549.54
07/14/2026,4009,Register Audit,233,
07/14/2026,4009,Sales Tax,,248.58
07/14/2026,4009,In-Store Credit Card,1349.88,
07/14/2026,4009,Payout,35.08,
07/14/2026,4009,Online Credit card,719.1,
07/14/2026,4009,Online Credit Card Tips,,18.18
07/14/2026,4009,In-Store Credit Card Tips,,73.36
07/14/2026,4009,3rd Party - DoorDash,570.41,
07/14/2026,4009,Cash Over/Short Adjustment,,0.27
07/14/2026,4010,Subject to Tax,,2917.04
07/14/2026,4010,Register Audit,238,
07/14/2026,4010,Sales Tax,,284.5
07/14/2026,4010,In-Store Credit Card,1407.3,
07/14/2026,4010,Online Credit card,962.3,
07/14/2026,4010,In-Store Credit Card Tips,,105.92
07/14/2026,4010,Gift Card,39.64,
07/14/2026,4010,3rd Party - DoorDash,340.78,
07/14/2026,4010,3rd Party - UberEats,319.32,
07/14/2026,4010,Cash Over/Short Adjustment,0.12,
07/14/2026,4015,Subject to Tax,,3872.23
07/14/2026,4015,Register Audit,506,
07/14/2026,4015,Sales Tax,,377.57
07/14/2026,4015,In-Store Credit Card,2240.65,
07/14/2026,4015,Online Credit card,1049.97,
07/14/2026,4015,Online Gift Card,11.74,
07/14/2026,4015,Online Credit Card Tips,,33
07/14/2026,4015,In-Store Credit Card Tips,,126.52
07/14/2026,4015,Gift Card,6.87,
07/14/2026,4015,3rd Party - DoorDash,412.46,
07/14/2026,4015,3rd Party - UberEats,182.31,
07/14/2026,4015,Cash Over/Short Adjustment,,0.68
07/14/2026,4021,Subject to Tax,,3599.95
07/14/2026,4021,Sales Tax,,350.84
07/14/2026,4021,In-Store Credit Card,2206.57,
07/14/2026,4021,Online Credit card,1015.34,
07/14/2026,4021,Online Gift Card,63.93,
07/14/2026,4021,Online Credit Card Tips,,36.51
07/14/2026,4021,In-Store Credit Card Tips,,154.19
07/14/2026,4021,Online Gift Card Tips,,10
07/14/2026,4021,Gift Card,18.99,
07/14/2026,4021,3rd Party - DoorDash,102.18,
07/14/2026,4021,3rd Party - UberEats,561.52,
07/14/2026,4021,Cash Over/Short Adjustment,0.96,
07/14/2026,4021,Register Audit Adjustment,182,
07/14/2026,4025,Subject to Tax,,3389.51
07/14/2026,4025,Register Audit,198,
07/14/2026,4025,Sales Tax,,330.49
07/14/2026,4025,In-Store Credit Card,1857.06,
07/14/2026,4025,Payout,9.84,
07/14/2026,4025,Online Credit card,986.62,
07/14/2026,4025,Online Credit Card Tips,,43.1
07/14/2026,4025,In-Store Credit Card Tips,,121.91
07/14/2026,4025,Gift Card,29.34,
07/14/2026,4025,3rd Party - DoorDash,381.03,
07/14/2026,4025,3rd Party - GrubHub,30.49,
07/14/2026,4025,3rd Party - UberEats,393.52,
07/14/2026,4025,Cash Over/Short Adjustment,,0.89
07/14/2026,4027,Subject to Tax,,4960.36
07/14/2026,4027,Register Audit,373,
07/14/2026,4027,Sales Tax,,483.58
07/14/2026,4027,In-Store Credit Card,2706.84,
07/14/2026,4027,Online Credit card,1433.63,
07/14/2026,4027,In-Store Credit Card Tips,,150.09
07/14/2026,4027,Gift Card,44.92,
07/14/2026,4027,Gift Card Sold,,15
07/14/2026,4027,3rd Party - DoorDash,459.78,
07/14/2026,4027,3rd Party - UberEats,590.36,
07/14/2026,4027,Cash Over/Short Adjustment,0.5,
07/14/2026,4034,Subject to Tax,,2917.87
07/14/2026,4034,Register Audit,250,
07/14/2026,4034,Sales Tax,,284.48
07/14/2026,4034,In-Store Credit Card,1875.51,
07/14/2026,4034,Online Credit card,552.8,
07/14/2026,4034,Online Credit Card Tips,,16
07/14/2026,4034,In-Store Credit Card Tips,,120.71
07/14/2026,4034,Gift Card,60.21,
07/14/2026,4034,3rd Party - DoorDash,440.59,
07/14/2026,4034,3rd Party - UberEats,160.18,
07/14/2026,4034,Cash Over/Short Adjustment,,0.23
07/14/2026,4036,Subject to Tax,,6858.9
07/14/2026,4036,Register Audit,293,
07/14/2026,4036,Sales Tax,,668.78
07/14/2026,4036,In-Store Credit Card,4946.24,
07/14/2026,4036,Online Credit card,1424.08,
07/14/2026,4036,Online Credit Card Tips,,38.31
07/14/2026,4036,In-Store Credit Card Tips,,160.24
07/14/2026,4036,3rd Party - DoorDash,428.62,
07/14/2026,4036,3rd Party - UberEats,634.36,
07/14/2026,4036,Cash Over/Short Adjustment,,0.07
07/14/2026,4042,Subject to Tax,,4875.96
07/14/2026,4042,Sales Tax,,475.42
07/14/2026,4042,In-Store Credit Card,2259.85,
07/14/2026,4042,Online Credit card,1712.1,
07/14/2026,4042,Online Gift Card,68.03,
07/14/2026,4042,Online Credit Card Tips,,43.71
07/14/2026,4042,In-Store Credit Card Tips,,122.52
07/14/2026,4042,Online Gift Card Tips,,7
07/14/2026,4042,Gift Card,20,
07/14/2026,4042,3rd Party - DoorDash,1113.41,
07/14/2026,4042,3rd Party - UberEats,135.54,
07/14/2026,4042,Cash Over/Short Adjustment,0.68,
07/14/2026,4042,Register Audit Adjustment,215,
07/14/2026,4052,Subject to Tax,,4795.04
07/14/2026,4052,Register Audit,932,
07/14/2026,4052,Sales Tax,,467.53
07/14/2026,4052,In-Store Credit Card,2168.71,
07/14/2026,4052,Payout,10.9,
07/14/2026,4052,Online Credit card,1723.76,
07/14/2026,4052,Online Gift Card,27.75,
07/14/2026,4052,Online Credit Card Tips,,33
07/14/2026,4052,In-Store Credit Card Tips,,99.02
07/14/2026,4052,Online Gift Card Tips,,3
07/14/2026,4052,Gift Card,32.58,
07/14/2026,4052,3rd Party - DoorDash,440.46,
07/14/2026,4052,3rd Party - UberEats,62.03,
07/14/2026,4052,Cash Over/Short Adjustment,,0.6
07/14/2026,4061,Subject to Tax,,3860.42
07/14/2026,4061,Register Audit,455,
07/14/2026,4061,Sales Tax,,376.33
07/14/2026,4061,In-Store Credit Card,1851.99,
07/14/2026,4061,Online Credit card,1135.35,
07/14/2026,4061,Online Credit Card Tips,,58
07/14/2026,4061,In-Store Credit Card Tips,,107.83
07/14/2026,4061,Gift Card,54.52,
07/14/2026,4061,3rd Party - DoorDash,524.73,
07/14/2026,4061,3rd Party - GrubHub,86.3,
07/14/2026,4061,3rd Party - UberEats,295.09,
07/14/2026,4061,Cash Over/Short Adjustment,,0.4
07/14/2026,4074,Subject to Tax,,3570.72
07/14/2026,4074,Register Audit,105,
07/14/2026,4074,Sales Tax,,348.11
07/14/2026,4074,In-Store Credit Card,1978.97,
07/14/2026,4074,Online Credit card,912.01,
07/14/2026,4074,Online Gift Card,15.64,
07/14/2026,4074,Online Credit Card Tips,,25.34
07/14/2026,4074,In-Store Credit Card Tips,,199.3
07/14/2026,4074,Gift Card,13.55,
07/14/2026,4074,3rd Party - DoorDash,705.04,
07/14/2026,4074,3rd Party - UberEats,412.75,
07/14/2026,4074,Cash Over/Short Adjustment,0.51,
07/14/2026,5042,Subject to Tax,,3049.2
07/14/2026,5042,Non-Taxable Sales,,5
07/14/2026,5042,3rd Party Tax Exempt,,768.89
07/14/2026,5042,Register Audit,201,
07/14/2026,5042,Sales Tax,,209.63
07/14/2026,5042,In-Store Credit Card,1980.34,
07/14/2026,5042,Payout,87.3,
07/14/2026,5042,Online Credit card,1182.24,
07/14/2026,5042,Online Credit Card Tips,,45
07/14/2026,5042,In-Store Credit Card Tips,,160.1
07/14/2026,5042,Gift Card,18.83,
07/14/2026,5042,3rd Party - DoorDash,503.41,
07/14/2026,5042,3rd Party - UberEats,265.48,
07/14/2026,5042,Cash Over/Short Adjustment,,0.78
07/14/2026,5043,Subject to Tax,,5981
07/14/2026,5043,Non-Taxable Sales,,36.5
07/14/2026,5043,3rd Party Tax Exempt,,1196.47
07/14/2026,5043,Register Audit,980,
07/14/2026,5043,Sales Tax,,412.24
07/14/2026,5043,In-Store Credit Card,3858.39,
07/14/2026,5043,Payout,46.35,
07/14/2026,5043,Online Credit card,1730.19,
07/14/2026,5043,Online Gift Card,6.38,
07/14/2026,5043,Online Credit Card Tips,,48
07/14/2026,5043,In-Store Credit Card Tips,,188.4
07/14/2026,5043,Gift Card,45.41,
07/14/2026,5043,3rd Party - DoorDash,579.18,
07/14/2026,5043,3rd Party - UberEats,617.29,
07/14/2026,5043,Cash Over/Short Adjustment,,0.58
07/14/2026,5049,Subject to Tax,,2590.2
07/14/2026,5049,Non-Taxable Sales,,10
07/14/2026,5049,3rd Party Tax Exempt,,345.08
07/14/2026,5049,Register Audit,416,
07/14/2026,5049,Sales Tax,,210.43
07/14/2026,5049,In-Store Credit Card,1949.5,
07/14/2026,5049,Online Credit card,530.73,
07/14/2026,5049,Online Gift Card,34,
07/14/2026,5049,Online Credit Card Tips,,15
07/14/2026,5049,In-Store Credit Card Tips,,104.45
07/14/2026,5049,3rd Party - DoorDash,301.35,
07/14/2026,5049,3rd Party - GrubHub,15.9,
07/14/2026,5049,3rd Party - UberEats,27.83,
07/14/2026,5049,Cash Over/Short Adjustment,,0.15
07/14/2026,5051,Subject to Tax,,2696.05
07/14/2026,5051,Non-Taxable Sales,,12
07/14/2026,5051,3rd Party Tax Exempt,,598.87
07/14/2026,5051,Register Audit,199,
07/14/2026,5051,Sales Tax,,183.1
07/14/2026,5051,In-Store Credit Card,1968.83,
07/14/2026,5051,Payout,5.35,
07/14/2026,5051,Online Credit card,872.34,
07/14/2026,5051,Online Credit Card Tips,,50
07/14/2026,5051,In-Store Credit Card Tips,,138.05
07/14/2026,5051,Gift Card,39.18,
07/14/2026,5051,3rd Party - DoorDash,442.54,
07/14/2026,5051,3rd Party - UberEats,156.33,
07/14/2026,5051,Cash Over/Short Adjustment,,0.15
07/14/2026,5057,Subject to Tax,,3263.1
07/14/2026,5057,3rd Party Tax Exempt,,565.21
07/14/2026,5057,Register Audit,367,
07/14/2026,5057,Sales Tax,,258.03
07/14/2026,5057,In-Store Credit Card,1963.97,
07/14/2026,5057,Payout,52.1,
07/14/2026,5057,Online Credit card,1288.01,
07/14/2026,5057,Online Credit Card Tips,,43
07/14/2026,5057,In-Store Credit Card Tips,,131.19
07/14/2026,5057,Gift Card,25,
07/14/2026,5057,3rd Party - DoorDash,353.55,
07/14/2026,5057,3rd Party - GrubHub,18.24,
07/14/2026,5057,3rd Party - UberEats,193.42,
07/14/2026,5057,Cash Over/Short Adjustment,,0.76
07/14/2026,5059,Subject to Tax,,3060.3
07/14/2026,5059,Non-Taxable Sales,,27.5
07/14/2026,5059,3rd Party Tax Exempt,,412.27
07/14/2026,5059,Sales Tax,,211.6
07/14/2026,5059,In-Store Credit Card,2215.52,
07/14/2026,5059,Online Credit card,917.26,
07/14/2026,5059,Online Credit Card Tips,,13
07/14/2026,5059,In-Store Credit Card Tips,,83.7
07/14/2026,5059,Gift Card,14.98,
07/14/2026,5059,3rd Party - DoorDash,292.99,
07/14/2026,5059,3rd Party - GrubHub,17.22,
07/14/2026,5059,3rd Party - UberEats,102.06,
07/14/2026,5059,Cash Over/Short Adjustment,0.34,
07/14/2026,5059,Register Audit Adjustment,248,
07/14/2026,5101,Subject to Tax,,2357.6
07/14/2026,5101,Non-Taxable Sales,,5
07/14/2026,5101,3rd Party Tax Exempt,,307.57
07/14/2026,5101,Register Audit,308,
07/14/2026,5101,Sales Tax,,163.42
07/14/2026,5101,In-Store Credit Card,1761.53,
07/14/2026,5101,Online Credit card,566.68,
07/14/2026,5101,Online Credit Card Tips,,12
07/14/2026,5101,In-Store Credit Card Tips,,97.49
07/14/2026,5101,3rd Party - DoorDash,226.63,
07/14/2026,5101,3rd Party - UberEats,80.94,
07/14/2026,5101,Cash Over/Short Adjustment,,0.7
07/14/2026,5112,Subject to Tax,,2269.65
07/14/2026,5112,Non-Taxable Sales,,12.5
07/14/2026,5112,3rd Party Tax Exempt,,288.47
07/14/2026,5112,Register Audit,288,
07/14/2026,5112,Sales Tax,,178.72
07/14/2026,5112,In-Store Credit Card,1169.6,
07/14/2026,5112,Payout,17.24,
07/14/2026,5112,Online Credit card,1071.35,
07/14/2026,5112,Online Credit Card Tips,,40
07/14/2026,5112,In-Store Credit Card Tips,,66.24
07/14/2026,5112,Gift Card,21.82,
07/14/2026,5112,3rd Party - DoorDash,288.47,
07/14/2026,5112,Cash Over/Short Adjustment,,0.9
07/14/2026,5127,Subject to Tax,,2851
07/14/2026,5127,Non-Taxable Sales,,7
07/14/2026,5127,3rd Party Tax Exempt,,222.73
07/14/2026,5127,Register Audit,499,
07/14/2026,5127,Sales Tax,,223.9
07/14/2026,5127,In-Store Credit Card,1532.61,
07/14/2026,5127,Online Credit card,1161.05,
07/14/2026,5127,Online Credit Card Tips,,48
07/14/2026,5127,In-Store Credit Card Tips,,95.03
07/14/2026,5127,Gift Card,32.68,
07/14/2026,5127,3rd Party - DoorDash,173.12,
07/14/2026,5127,3rd Party - UberEats,49.61,
07/14/2026,5127,Cash Over/Short Adjustment,,0.41
07/14/2026,6021,Subject to Tax,,3526.48
07/14/2026,6021,Non-Taxable Sales,,15
07/14/2026,6021,3rd Party Tax Exempt,,194.92
07/14/2026,6021,Register Audit,334,
07/14/2026,6021,Sales Tax,,335.05
07/14/2026,6021,In-Store Credit Card,2077.81,
07/14/2026,6021,Online Credit card,890.52,
07/14/2026,6021,Online Gift Card,49,
07/14/2026,6021,Online Credit Card Tips,,16.44
07/14/2026,6021,In-Store Credit Card Tips,,141.53
07/14/2026,6021,Online Gift Card Tips,,3
07/14/2026,6021,Gift Card,1.56,
07/14/2026,6021,Gift Card Sold,,25
07/14/2026,6021,3rd Party - DoorDash,710.58,
07/14/2026,6021,3rd Party - UberEats,194.92,
07/14/2026,6021,Cash Over/Short Adjustment,,0.97
07/14/2026,6026,Subject to Tax,,3086.57
07/14/2026,6026,Non-Taxable Sales,,15
07/14/2026,6026,3rd Party Tax Exempt,,212.19
07/14/2026,6026,Register Audit,149,
07/14/2026,6026,Sales Tax,,185.19
07/14/2026,6026,In-Store Credit Card,1533.51,
07/14/2026,6026,Payout,64.58,
07/14/2026,6026,Online Credit card,1133.89,
07/14/2026,6026,Online Gift Card,19.44,
07/14/2026,6026,Online Credit Card Tips,,38.2
07/14/2026,6026,In-Store Credit Card Tips,,98.93
07/14/2026,6026,Online Gift Card Tips,,3
07/14/2026,6026,Gift Card,33.82,
07/14/2026,6026,3rd Party - DoorDash,471.44,
07/14/2026,6026,3rd Party - GrubHub,19.45,
07/14/2026,6026,3rd Party - UberEats,212.19,
07/14/2026,6026,Cash Over/Short Adjustment,0.76,
07/14/2026,6026,Register Audit Adjustment,1,
07/14/2026,6032,Subject to Tax,,4132.89
07/14/2026,6032,Non-Taxable Sales,,37.5
07/14/2026,6032,3rd Party Tax Exempt,,308.73
07/14/2026,6032,Sales Tax,,247.94
07/14/2026,6032,In-Store Credit Card,2293.91,
07/14/2026,6032,Online Credit card,1400.94,
07/14/2026,6032,Online Credit Card Tips,,34
07/14/2026,6032,In-Store Credit Card Tips,,149.28
07/14/2026,6032,Gift Card,30,
07/14/2026,6032,3rd Party - DoorDash,543.83,
07/14/2026,6032,3rd Party - UberEats,308.73,
07/14/2026,6032,Cash Over/Short Adjustment,0.93,
07/14/2026,6032,Register Audit Adjustment,332,
07/14/2026,6037,Subject to Tax,,3961.4
07/14/2026,6037,Non-Taxable Sales,,10
07/14/2026,6037,Tax Exempt,,140.15
07/14/2026,6037,Register Audit,308,
07/14/2026,6037,Sales Tax,,435.91
07/14/2026,6037,In-Store Credit Card,2834.23,
07/14/2026,6037,Online Credit card,1448.04,
07/14/2026,6037,Online Credit Card Tips,,40
07/14/2026,6037,In-Store Credit Card Tips,,202.64
07/14/2026,6037,3rd Party - UberEats,200.13,
07/14/2026,6037,Cash Over/Short Adjustment,,0.3
07/14/2026,6039,Subject to Tax,,3079.11
07/14/2026,6039,Non-Taxable Sales,,18.5
07/14/2026,6039,3rd Party Tax Exempt,,311.25
07/14/2026,6039,Sales Tax,,184.77
07/14/2026,6039,In-Store Credit Card,1829.4,
07/14/2026,6039,Payout,38.09,
07/14/2026,6039,Online Credit card,1003.47,
07/14/2026,6039,Online Gift Card,32.31,
07/14/2026,6039,Online Credit Card Tips,,14
07/14/2026,6039,In-Store Credit Card Tips,,122.74
07/14/2026,6039,Online Gift Card Tips,,3
07/14/2026,6039,Gift Card,11.34,
07/14/2026,6039,3rd Party - DoorDash,263.1,
07/14/2026,6039,3rd Party - GrubHub,49.35,
07/14/2026,6039,3rd Party - UberEats,311.25,
07/14/2026,6039,Cash Over/Short Adjustment,0.06,
07/14/2026,6039,Register Audit Adjustment,195,
07/14/2026,6044,Subject to Tax,,2763.91
07/14/2026,6044,Non-Taxable Sales,,18
07/14/2026,6044,3rd Party Tax Exempt,,21.84
07/14/2026,6044,Sales Tax,,312.38
07/14/2026,6044,In-Store Credit Card,1481.22,
07/14/2026,6044,Payout,68.89,
07/14/2026,6044,Online Credit card,957.6,
07/14/2026,6044,Online Gift Card,4.85,
07/14/2026,6044,Online Credit Card Tips,,23.4
07/14/2026,6044,In-Store Credit Card Tips,,88.54
07/14/2026,6044,Gift Card,20.28,
07/14/2026,6044,3rd Party - DoorDash,403.16,
07/14/2026,6044,3rd Party - GrubHub,13.22,
07/14/2026,6044,3rd Party - UberEats,21.84,
07/14/2026,6044,Cash Over/Short Adjustment,0.01,
07/14/2026,6044,Register Audit Adjustment,257,
07/14/2026,6065,Subject to Tax,,3253.34
07/14/2026,6065,Non-Taxable Sales,,15.5
07/14/2026,6065,3rd Party Tax Exempt,,230.61
07/14/2026,6065,Sales Tax,,325.5
07/14/2026,6065,In-Store Credit Card,1979.89,
07/14/2026,6065,Online Credit card,1203.48,
07/14/2026,6065,Online Credit Card Tips,,45
07/14/2026,6065,In-Store Credit Card Tips,,120.7
07/14/2026,6065,Gift Card,10,
07/14/2026,6065,3rd Party - DoorDash,257.75,
07/14/2026,6065,3rd Party - GrubHub,77.05,
07/14/2026,6065,3rd Party - UberEats,230.61,
07/14/2026,6065,Cash Over/Short Adjustment,0.87,
07/14/2026,6065,Register Audit Adjustment,231,
07/14/2026,6067,Subject to Tax,,3703.01
07/14/2026,6067,Non-Taxable Sales,,16
07/14/2026,6067,3rd Party Tax Exempt,,29.99
07/14/2026,6067,Sales Tax,,418.47
07/14/2026,6067,In-Store Credit Card,2270.85,
07/14/2026,6067,Payout,12.34,
07/14/2026,6067,Online Credit card,1347.36,
07/14/2026,6067,Online Gift Card,20,
07/14/2026,6067,Online Credit Card Tips,,52
07/14/2026,6067,In-Store Credit Card Tips,,139.92
07/14/2026,6067,Gift Card,15.05,
07/14/2026,6067,3rd Party - DoorDash,312.88,
07/14/2026,6067,3rd Party - UberEats,29.99,
07/14/2026,6067,Cash Over/Short Adjustment,0.92,
07/14/2026,6067,Register Audit Adjustment,350,
07/14/2026,6072,Subject to Tax,,4766.66
07/14/2026,6072,Non-Taxable Sales,,42
07/14/2026,6072,3rd Party Tax Exempt,,121.68
07/14/2026,6072,Register Audit,561,
07/14/2026,6072,Sales Tax,,562.48
07/14/2026,6072,In-Store Credit Card,2534.6,
07/14/2026,6072,Payout,7.45,
07/14/2026,6072,Online Credit card,1448.32,
07/14/2026,6072,Online Credit Card Tips,,34
07/14/2026,6072,In-Store Credit Card Tips,,127.37
07/14/2026,6072,Gift Card,100.87,
07/14/2026,6072,3rd Party - DoorDash,800.63,
07/14/2026,6072,3rd Party - GrubHub,80.63,
07/14/2026,6072,3rd Party - UberEats,121.68,
07/14/2026,6072,Cash Over/Short Adjustment,,0.99
07/14/2026,6074,Subject to Tax,,2674
07/14/2026,6074,Non-Taxable Sales,,5
07/14/2026,6074,3rd Party Tax Exempt,,152.81
07/14/2026,6074,Sales Tax,,240.65
07/14/2026,6074,In-Store Credit Card,1795.43,
07/14/2026,6074,Online Credit card,955.9,
07/14/2026,6074,Online Gift Card,25,
07/14/2026,6074,Online Credit Card Tips,,32
07/14/2026,6074,In-Store Credit Card Tips,,117.7
07/14/2026,6074,Online Gift Card Tips,,2
07/14/2026,6074,Gift Card,81.58,
07/14/2026,6074,3rd Party - UberEats,152.81,
07/14/2026,6074,Cash Over/Short Adjustment,0.44,
07/14/2026,6074,Register Audit Adjustment,213,
07/14/2026,6076,Subject to Tax,,1969.85
07/14/2026,6076,Non-Taxable Sales,,10
07/14/2026,6076,Sales Tax,,177.28
07/14/2026,6076,In-Store Credit Card,1251,
07/14/2026,6076,Payout,36.27,
07/14/2026,6076,Online Credit card,741.94,
07/14/2026,6076,Online Credit Card Tips,,21
07/14/2026,6076,In-Store Credit Card Tips,,55.82
07/14/2026,6076,Gift Card,22.13,
07/14/2026,6076,Cash Over/Short Adjustment,0.61,
07/14/2026,6076,Register Audit Adjustment,182,
07/14/2026,6083,Subject to Tax,,3996.32
07/14/2026,6083,Non-Taxable Sales,,20
07/14/2026,6083,3rd Party Tax Exempt,,109.24
07/14/2026,6083,Register Audit,120,
07/14/2026,6083,Sales Tax,,359.7
07/14/2026,6083,In-Store Credit Card,2395.87,
07/14/2026,6083,Payout,47.06,
07/14/2026,6083,Online Credit card,1627.47,
07/14/2026,6083,Online Credit Card Tips,,49
07/14/2026,6083,In-Store Credit Card Tips,,161.94
07/14/2026,6083,Gift Card,19.84,
07/14/2026,6083,3rd Party - DoorDash,288.27,
07/14/2026,6083,3rd Party - GrubHub,88.81,
07/14/2026,6083,3rd Party - UberEats,109.24,
07/14/2026,6083,Cash Over/Short Adjustment,,0.36
07/14/2026,6088,Subject to Tax,,3056.04
07/14/2026,6088,Non-Taxable Sales,,25
07/14/2026,6088,3rd Party Tax Exempt,,45.42
07/14/2026,6088,Register Audit,180,
07/14/2026,6088,Sales Tax,,305.81
07/14/2026,6088,In-Store Credit Card,1763.62,
07/14/2026,6088,Online Credit card,1126.95,
07/14/2026,6088,Online Gift Card,19.36,
07/14/2026,6088,Online Credit Card Tips,,33.54
07/14/2026,6088,In-Store Credit Card Tips,,112.46
07/14/2026,6088,Gift Card,103.79,
07/14/2026,6088,3rd Party - DoorDash,338.85,
07/14/2026,6088,3rd Party - UberEats,45.42,
07/14/2026,6088,Cash Over/Short Adjustment,0.28,
07/14/2026,6093,Subject to Tax,,2505.66
07/14/2026,6093,Non-Taxable Sales,,8
07/14/2026,6093,3rd Party Tax Exempt,,41.52
07/14/2026,6093,Register Audit,554,
07/14/2026,6093,Sales Tax,,283.15
07/14/2026,6093,In-Store Credit Card,1647.36,
07/14/2026,6093,Online Credit card,531.89,
07/14/2026,6093,Online Credit Card Tips,,13
07/14/2026,6093,In-Store Credit Card Tips,,100.88
07/14/2026,6093,Gift Card,20,
07/14/2026,6093,3rd Party - DoorDash,157.73,
07/14/2026,6093,3rd Party - UberEats,41.52,
07/14/2026,6093,Cash Over/Short Adjustment,,0.29
07/14/2026,6094,Subject to Tax,,1909.27
07/14/2026,6094,3rd Party Tax Exempt,,180.09
07/14/2026,6094,Register Audit,77,
07/14/2026,6094,Sales Tax,,191.05
07/14/2026,6094,In-Store Credit Card,1359.18,
07/14/2026,6094,Online Credit card,483.02,
07/14/2026,6094,Online Credit Card Tips,,20
07/14/2026,6094,In-Store Credit Card Tips,,106.02
07/14/2026,6094,3rd Party - DoorDash,295.3,
07/14/2026,6094,3rd Party - GrubHub,11.95,
07/14/2026,6094,3rd Party - UberEats,180.09,
07/14/2026,6094,Cash Over/Short Adjustment,,0.11
07/14/2026,6102,Subject to Tax,,3087.25
07/14/2026,6102,Non-Taxable Sales,,15
07/14/2026,6102,Tax Exempt,,78.45
07/14/2026,6102,Sales Tax,,308.88
07/14/2026,6102,In-Store Credit Card,2021.07,
07/14/2026,6102,Online Credit card,661.55,
07/14/2026,6102,Online Credit Card Tips,,13
07/14/2026,6102,In-Store Credit Card Tips,,117.53
07/14/2026,6102,Gift Card,8.2,
07/14/2026,6102,3rd Party - DoorDash,252.59,
07/14/2026,6102,3rd Party - GrubHub,84.14,
07/14/2026,6102,3rd Party - UberEats,345.31,
07/14/2026,6102,Cash Over/Short Adjustment,0.25,
07/14/2026,6102,Register Audit Adjustment,247,
07/14/2026,7024,Subject to Tax,,796
07/14/2026,7024,3rd Party Tax Exempt,,76.99
07/14/2026,7024,Sales Tax,,68.21
07/14/2026,7024,In-Store Credit Card,488.73,
07/14/2026,7024,Online Credit card,350.61,
07/14/2026,7024,Online Credit Card Tips,,3.6
07/14/2026,7024,In-Store Credit Card Tips,,18.35
07/14/2026,7024,3rd Party - DoorDash,61.88,
07/14/2026,7024,3rd Party - UberEats,15.11,
07/14/2026,7024,Cash Over/Short Adjustment,0.82,
07/14/2026,7024,Register Audit Adjustment,46,
07/14/2026,7032,Subject to Tax,,2814.35
07/14/2026,7032,3rd Party Tax Exempt,,405.75
07/14/2026,7032,Sales Tax,,245.76
07/14/2026,7032,In-Store Credit Card,1924.84,
07/14/2026,7032,Payout,24.85,
07/14/2026,7032,Online Credit card,722.89,
07/14/2026,7032,Online Credit Card Tips,,17
07/14/2026,7032,In-Store Credit Card Tips,,87.4
07/14/2026,7032,Gift Card,30,
07/14/2026,7032,3rd Party - DoorDash,323.98,
07/14/2026,7032,3rd Party - UberEats,81.77,
07/14/2026,7032,Cash Over/Short Adjustment,0.93,
07/14/2026,7032,Register Audit Adjustment,461,
07/14/2026,7039,Subject to Tax,,2518.15
07/14/2026,7039,3rd Party Tax Exempt,,562.61
07/14/2026,7039,Sales Tax,,217.49
07/14/2026,7039,In-Store Credit Card,1931.9,
07/14/2026,7039,Online Credit card,789.65,
07/14/2026,7039,Online Credit Card Tips,,46
07/14/2026,7039,In-Store Credit Card Tips,,148.09
07/14/2026,7039,3rd Party - DoorDash,444.36,
07/14/2026,7039,3rd Party - UberEats,118.25,
07/14/2026,7039,Cash Over/Short Adjustment,0.18,
07/14/2026,7039,Register Audit Adjustment,208,
07/14/2026,7049,Subject to Tax,,3803.8
07/14/2026,7049,3rd Party Tax Exempt,,1121.08
07/14/2026,7049,Sales Tax,,324.41
07/14/2026,7049,In-Store Credit Card,1993.99,
07/14/2026,7049,Online Credit card,1705.03,
07/14/2026,7049,Online Credit Card Tips,,71
07/14/2026,7049,In-Store Credit Card Tips,,136.59
07/14/2026,7049,Gift Card,19.84,
07/14/2026,7049,3rd Party - DoorDash,793.88,
07/14/2026,7049,3rd Party - GrubHub,170.46,
07/14/2026,7049,3rd Party - UberEats,156.74,
07/14/2026,7049,Cash Over/Short Adjustment,0.94,
07/14/2026,7049,Register Audit Adjustment,616,
07/14/2026,7066,Subject to Tax,,2226.85
07/14/2026,7066,3rd Party Tax Exempt,,219.71
07/14/2026,7066,Sales Tax,,193.76
07/14/2026,7066,In-Store Credit Card,1470.82,
07/14/2026,7066,Payout,130.62,
07/14/2026,7066,Online Credit card,637.36,
07/14/2026,7066,Online Credit Card Tips,,24
07/14/2026,7066,In-Store Credit Card Tips,,97.12
07/14/2026,7066,Gift Card,10,
07/14/2026,7066,3rd Party - DoorDash,219.71,
07/14/2026,7066,Cash Over/Short Adjustment,0.93,
07/14/2026,7066,Register Audit Adjustment,292,
07/14/2026,13026,Subject to Tax,,3176.96
07/14/2026,13026,Non-Taxable Sales,,73.83
07/14/2026,13026,3rd Party Tax Exempt,,921.26
07/14/2026,13026,Register Audit,253,
07/14/2026,13026,Sales Tax,,238.33
07/14/2026,13026,In-Store Credit Card,1677.71,
07/14/2026,13026,Online Credit card,1589.81,
07/14/2026,13026,Online Gift Card,27.12,
07/14/2026,13026,Online Credit Card Tips,,62
07/14/2026,13026,In-Store Credit Card Tips,,83.61
07/14/2026,13026,Gift Card,45.75,
07/14/2026,13026,3rd Party - DoorDash,436.48,
07/14/2026,13026,3rd Party - GrubHub,21.8,
07/14/2026,13026,3rd Party - UberEats,503.44,
07/14/2026,13026,Cash Over/Short Adjustment,0.88,
07/14/2026,13062,Subject to Tax,,2904.97
07/14/2026,13062,Non-Taxable Sales,,24.67
07/14/2026,13062,3rd Party Tax Exempt,,628.84
07/14/2026,13062,Sales Tax,,203.34
07/14/2026,13062,In-Store Credit Card,1854.01,
07/14/2026,13062,Online Credit card,1063.06,
07/14/2026,13062,Online Gift Card,7,
07/14/2026,13062,Online Credit Card Tips,,13
07/14/2026,13062,In-Store Credit Card Tips,,101.67
07/14/2026,13062,Gift Card,49.21,
07/14/2026,13062,Gift Card Sold,,30
07/14/2026,13062,3rd Party - DoorDash,369.68,
07/14/2026,13062,3rd Party - UberEats,279.08,
07/14/2026,13062,Cash Over/Short Adjustment,0.45,
07/14/2026,13062,Register Audit Adjustment,284,
07/14/2026,13082,Subject to Tax,,2505.8
07/14/2026,13082,Non-Taxable Sales,,16.39
07/14/2026,13082,3rd Party Tax Exempt,,377.95
07/14/2026,13082,Register Audit,578,
07/14/2026,13082,Sales Tax,,175.43
07/14/2026,13082,In-Store Credit Card,1574.46,
07/14/2026,13082,Online Credit card,655.17,
07/14/2026,13082,Online Credit Card Tips,,15.88
07/14/2026,13082,In-Store Credit Card Tips,,114.2
07/14/2026,13082,Gift Card,11.93,
07/14/2026,13082,3rd Party - DoorDash,371.77,
07/14/2026,13082,3rd Party - UberEats,15.12,
07/14/2026,13082,Cash Over/Short Adjustment,,0.8
07/14/2026,13106,Subject to Tax,,1923.65
07/14/2026,13106,Non-Taxable Sales,,34.99
07/14/2026,13106,3rd Party Tax Exempt,,505.66
07/14/2026,13106,Sales Tax,,144.3
07/14/2026,13106,In-Store Credit Card,1177.35,
07/14/2026,13106,Online Credit card,741.79,
07/14/2026,13106,Online Credit Card Tips,,32
07/14/2026,13106,In-Store Credit Card Tips,,83.96
07/14/2026,13106,Gift Card,178.17,
07/14/2026,13106,3rd Party - DoorDash,365.47,
07/14/2026,13106,3rd Party - UberEats,147.93,
07/14/2026,13106,Cash Over/Short Adjustment,0.85,
07/14/2026,13106,Register Audit Adjustment,113,
07/14/2026,13116,Subject to Tax,,2918.17
07/14/2026,13116,Non-Taxable Sales,,17.55
07/14/2026,13116,3rd Party Tax Exempt,,878.42
07/14/2026,13116,Sales Tax,,204.24
07/14/2026,13116,In-Store Credit Card,1959.18,
07/14/2026,13116,Online Credit card,829.18,
07/14/2026,13116,Online Gift Card,10,
07/14/2026,13116,In-Store Credit Card Tips,,71.16
07/14/2026,13116,3rd Party - DoorDash,593.32,
07/14/2026,13116,3rd Party - GrubHub,60.85,
07/14/2026,13116,3rd Party - UberEats,292.5,
07/14/2026,13116,Cash Over/Short Adjustment,0.51,
07/14/2026,13116,Register Audit Adjustment,344,
07/14/2026,13138,Subject to Tax,,2235.75
07/14/2026,13138,Non-Taxable Sales,,10.03
07/14/2026,13138,3rd Party Tax Exempt,,143.32
07/14/2026,13138,Register Audit,546,
07/14/2026,13138,Sales Tax,,156.48
07/14/2026,13138,In-Store Credit Card,1434,
07/14/2026,13138,Online Credit card,521.1,
07/14/2026,13138,Online Credit Card Tips,,25
07/14/2026,13138,In-Store Credit Card Tips,,104.76
07/14/2026,13138,Gift Card,50.9,
07/14/2026,13138,Gift Card Sold,,25
07/14/2026,13138,3rd Party - DoorDash,148.6,
07/14/2026,13138,Cash Over/Short Adjustment,,0.26
07/14/2026,13148,Subject to Tax,,3157.12
07/14/2026,13148,Non-Taxable Sales,,43.65
07/14/2026,13148,3rd Party Tax Exempt,,486.69
07/14/2026,13148,Sales Tax,,205.3
07/14/2026,13148,In-Store Credit Card,1992.14,
07/14/2026,13148,Payout,17.38,
07/14/2026,13148,Online Credit card,1301.31,
07/14/2026,13148,Online Credit Card Tips,,63
07/14/2026,13148,In-Store Credit Card Tips,,137.85
07/14/2026,13148,Gift Card,38.66,
07/14/2026,13148,3rd Party - DoorDash,318.03,
07/14/2026,13148,3rd Party - GrubHub,12.65,
07/14/2026,13148,3rd Party - UberEats,191.4,
07/14/2026,13148,Cash Over/Short Adjustment,0.04,
07/14/2026,13148,Register Audit Adjustment,222,
07/14/2026,13160,Subject to Tax,,3055.25
07/14/2026,13160,Non-Taxable Sales,,7.45
07/14/2026,13160,3rd Party Tax Exempt,,283.53
07/14/2026,13160,Register Audit,423.5,
07/14/2026,13160,Sales Tax,,213.87
07/14/2026,13160,In-Store Credit Card,2181.56,
07/14/2026,13160,Online Credit card,819.08,
07/14/2026,13160,Online Credit Card Tips,,22
07/14/2026,13160,In-Store Credit Card Tips,,142.66
07/14/2026,13160,Gift Card,18.04,
07/14/2026,13160,3rd Party - DoorDash,201.8,
07/14/2026,13160,3rd Party - UberEats,81.73,
07/14/2026,13160,Cash Over/Short Adjustment,,0.95
07/14/2026,13162,Subject to Tax,,4286.3
07/14/2026,13162,Non-Taxable Sales,,46.39
07/14/2026,13162,3rd Party Tax Exempt,,1068.33
07/14/2026,13162,Sales Tax,,300.1
07/14/2026,13162,In-Store Credit Card,3543.87,
07/14/2026,13162,Online Credit card,797.16,
07/14/2026,13162,Online Gift Card,19,
07/14/2026,13162,Online Credit Card Tips,,8
07/14/2026,13162,In-Store Credit Card Tips,,152.49
07/14/2026,13162,Gift Card,4.72,
07/14/2026,13162,3rd Party - DoorDash,808.01,
07/14/2026,13162,3rd Party - GrubHub,27.66,
07/14/2026,13162,3rd Party - UberEats,283.06,
07/14/2026,13162,Cash Over/Short Adjustment,0.13,
07/14/2026,13162,Register Audit Adjustment,378,
07/14/2026,13219,Subject to Tax,,2507
07/14/2026,13219,Non-Taxable Sales,,21.77
07/14/2026,13219,3rd Party Tax Exempt,,576.39
07/14/2026,13219,Sales Tax,,175.52
07/14/2026,13219,In-Store Credit Card,1735.91,
07/14/2026,13219,Online Credit card,815.67,
07/14/2026,13219,Online Credit Card Tips,,39
07/14/2026,13219,In-Store Credit Card Tips,,136.16
07/14/2026,13219,3rd Party - DoorDash,414.54,
07/14/2026,13219,3rd Party - UberEats,170.37,
07/14/2026,13219,Cash Over/Short Adjustment,0.35,
07/14/2026,13219,Register Audit Adjustment,319,
07/14/2026,37001,Subject to Tax,,5216.96
07/14/2026,37001,Non-Taxable Sales,,735.7
07/14/2026,37001,Sales Tax,,443.61
07/14/2026,37001,In-Store Credit Card,2806.25,
07/14/2026,37001,Online Credit card,2338.58,
07/14/2026,37001,Online Gift Card,25.93,
07/14/2026,37001,Online Credit Card Tips,,79.45
07/14/2026,37001,In-Store Credit Card Tips,,205.07
07/14/2026,37001,3rd Party - DoorDash,663.29,
07/14/2026,37001,3rd Party - UberEats,23.7,
07/14/2026,37001,Cash Over/Short Adjustment,0.04,
07/14/2026,37001,Register Audit Adjustment,823,
07/14/2026,37002,Subject to Tax,,3830.97
07/14/2026,37002,Non-Taxable Sales,,531.49
07/14/2026,37002,Register Audit,663,
07/14/2026,37002,Sales Tax,,325.7
07/14/2026,37002,In-Store Credit Card,2118.74,
07/14/2026,37002,Online Credit card,1388.67,
07/14/2026,37002,Online Gift Card,16.17,
07/14/2026,37002,Online Credit Card Tips,,32
07/14/2026,37002,In-Store Credit Card Tips,,112.49
07/14/2026,37002,Gift Card,71.49,
07/14/2026,37002,3rd Party - DoorDash,526,
07/14/2026,37002,3rd Party - GrubHub,47.78,
07/14/2026,37002,Cash Over/Short Adjustment,0.8,
07/14/2026,37004,Subject to Tax,,1801.92
07/14/2026,37004,Non-Taxable Sales,,194.07
07/14/2026,37004,Register Audit,172,
07/14/2026,37004,Sales Tax,,153.24
07/14/2026,37004,In-Store Credit Card,1134.91,
07/14/2026,37004,Payout,73.12,
07/14/2026,37004,Online Credit card,768.54,
07/14/2026,37004,Online Credit Card Tips,,32
07/14/2026,37004,In-Store Credit Card Tips,,102.68
07/14/2026,37004,3rd Party - DoorDash,98.61,
07/14/2026,37004,3rd Party - GrubHub,12.89,
07/14/2026,37004,3rd Party - UberEats,23.7,
07/14/2026,37004,Cash Over/Short Adjustment,0.14,
07/14/2026,37007,Subject to Tax,,6295.32
07/14/2026,37007,Non-Taxable Sales,,674.52
07/14/2026,37007,Sales Tax,,535.12
07/14/2026,37007,In-Store Credit Card,2938.85,
07/14/2026,37007,Online Credit card,1893.45,
07/14/2026,37007,Online Credit Card Tips,,42
07/14/2026,37007,In-Store Credit Card Tips,,182.74
07/14/2026,37007,Gift Card,11.61,
07/14/2026,37007,3rd Party - DoorDash,1774.9,
07/14/2026,37007,3rd Party - GrubHub,181.75,
07/14/2026,37007,3rd Party - UberEats,211.32,
07/14/2026,37007,Cash Over/Short Adjustment,0.82,
07/14/2026,37007,Register Audit Adjustment,717,
07/14/2026,37009,Subject to Tax,,3754.88
07/14/2026,37009,Non-Taxable Sales,,390.52
07/14/2026,37009,Register Audit,332,
07/14/2026,37009,Sales Tax,,319.2
07/14/2026,37009,In-Store Credit Card,1991.49,
07/14/2026,37009,Payout,20,
07/14/2026,37009,Online Credit card,1614.16,
07/14/2026,37009,Online Gift Card,19.23,
07/14/2026,37009,Online Credit Card Tips,,59
07/14/2026,37009,In-Store Credit Card Tips,,138.79
07/14/2026,37009,Gift Card,9.94,
07/14/2026,37009,3rd Party - DoorDash,568.82,
07/14/2026,37009,3rd Party - UberEats,105.84,
07/14/2026,37009,Cash Over/Short Adjustment,0.91,
07/14/2026,37010,Subject to Tax,,6501.93
07/14/2026,37010,Non-Taxable Sales,,690.19
07/14/2026,37010,Register Audit,671,
07/14/2026,37010,Sales Tax,,552.78
07/14/2026,37010,In-Store Credit Card,3698.59,
07/14/2026,37010,Payout,19.98,
07/14/2026,37010,Online Credit card,2849.44,
07/14/2026,37010,Online Credit Card Tips,,99.45
07/14/2026,37010,In-Store Credit Card Tips,,268.07
07/14/2026,37010,Gift Card,43.83,
07/14/2026,37010,Gift Card Sold,,20
07/14/2026,37010,3rd Party - DoorDash,719.83,
07/14/2026,37010,3rd Party - GrubHub,57.5,
07/14/2026,37010,3rd Party - UberEats,14.32,
07/14/2026,37010,Cash Over/Short Adjustment,0.93,
07/14/2026,37010,Register Audit Adjustment,57,
07/14/2026,37013,Subject to Tax,,3147.57
07/14/2026,37013,Non-Taxable Sales,,335.35
07/14/2026,37013,Register Audit,423,
07/14/2026,37013,Sales Tax,,267.67
07/14/2026,37013,In-Store Credit Card,1743.87,
07/14/2026,37013,Payout,99.82,
07/14/2026,37013,Online Credit card,1374.11,
07/14/2026,37013,Online Credit Card Tips,,74
07/14/2026,37013,In-Store Credit Card Tips,,100.64
07/14/2026,37013,Gift Card,27.67,
07/14/2026,37013,3rd Party - DoorDash,256.08,
07/14/2026,37013,Cash Over/Short Adjustment,0.68,
07/14/2026,37014,Subject to Tax,,3466.94
07/14/2026,37014,Non-Taxable Sales,,437.2
07/14/2026,37014,Sales Tax,,294.67
07/14/2026,37014,In-Store Credit Card,1739.9,
07/14/2026,37014,Online Credit card,1377.15,
07/14/2026,37014,Online Credit Card Tips,,63.49
07/14/2026,37014,In-Store Credit Card Tips,,113.4
07/14/2026,37014,3rd Party - DoorDash,584.48,
07/14/2026,37014,3rd Party - UberEats,209.9,
07/14/2026,37014,Cash Over/Short Adjustment,0.27,
07/14/2026,37014,Register Audit Adjustment,464,
07/14/2026,37016,Subject to Tax,,3169.12
07/14/2026,37016,Non-Taxable Sales,,349.8
07/14/2026,37016,Tax Exempt,,10.7
07/14/2026,37016,Register Audit,644,
07/14/2026,37016,Sales Tax,,269.42
07/14/2026,37016,In-Store Credit Card,1787.45,
07/14/2026,37016,Online Credit card,1310.79,
07/14/2026,37016,Online Credit Card Tips,,61.71
07/14/2026,37016,In-Store Credit Card Tips,,100.26
07/14/2026,37016,Gift Card,15,
07/14/2026,37016,3rd Party - DoorDash,309.18,
07/14/2026,37016,Cash Over/Short Adjustment,,0.41
07/14/2026,37016,Register Audit Adjustment,,105
07/14/2026,37020,Subject to Tax,,2993.69
07/14/2026,37020,Non-Taxable Sales,,257.61
07/14/2026,37020,Register Audit,624,
07/14/2026,37020,Sales Tax,,254.54
07/14/2026,37020,In-Store Credit Card,1432.36,
07/14/2026,37020,Online Credit card,1424.44,
07/14/2026,37020,Online Credit Card Tips,,37
07/14/2026,37020,In-Store Credit Card Tips,,87.3
07/14/2026,37020,Gift Card,25,
07/14/2026,37020,3rd Party - DoorDash,148.61,
07/14/2026,37020,Cash Over/Short Adjustment,,0.27
07/14/2026,37020,Register Audit Adjustment,,24
07/14/2026,49002,Subject to Tax,,3663.2
07/14/2026,49002,3rd Party Tax Exempt,,419.42
07/14/2026,49002,Sales Tax,,293.24
07/14/2026,49002,In-Store Credit Card,2137.96,
07/14/2026,49002,Online Credit card,1486.15,
07/14/2026,49002,Online Gift Card,28.26,
07/14/2026,49002,Online Credit Card Tips,,48
07/14/2026,49002,In-Store Credit Card Tips,,123.96
07/14/2026,49002,Online Gift Card Tips,,3
07/14/2026,49002,Gift Card,63.57,
07/14/2026,49002,3rd Party - DoorDash,419.42,
07/14/2026,49002,Cash Over/Short Adjustment,0.46,
07/14/2026,49002,Register Audit Adjustment,415,
07/14/2026,49003,Subject to Tax,,3828.86
07/14/2026,49003,3rd Party Tax Exempt,,226.84
07/14/2026,49003,Sales Tax,,306.08
07/14/2026,49003,In-Store Credit Card,2374.56,
07/14/2026,49003,Online Credit card,1371.46,
07/14/2026,49003,Online Credit Card Tips,,44
07/14/2026,49003,In-Store Credit Card Tips,,161.58
07/14/2026,49003,Gift Card,21.39,
07/14/2026,49003,3rd Party - DoorDash,226.84,
07/14/2026,49003,Cash Over/Short Adjustment,0.11,
07/14/2026,49003,Register Audit Adjustment,573,
07/14/2026,49004,Subject to Tax,,4490.1
07/14/2026,49004,3rd Party Tax Exempt,,768.33
07/14/2026,49004,Sales Tax,,359.23
07/14/2026,49004,In-Store Credit Card,2316.66,
07/14/2026,49004,Payout,8.25,
07/14/2026,49004,Online Credit card,1997.49,
07/14/2026,49004,Online Credit Card Tips,,49
07/14/2026,49004,In-Store Credit Card Tips,,159.06
07/14/2026,49004,Gift Card,11.56,
07/14/2026,49004,3rd Party - DoorDash,592.44,
07/14/2026,49004,3rd Party - GrubHub,14.58,
07/14/2026,49004,3rd Party - UberEats,161.31,
07/14/2026,49004,Cash Over/Short Adjustment,0.43,
07/14/2026,49004,Register Audit Adjustment,723,
07/14/2026,49005,Subject to Tax,,4079.6
07/14/2026,49005,3rd Party Tax Exempt,,554.64
07/14/2026,49005,Sales Tax,,326.66
07/14/2026,49005,In-Store Credit Card,2137.44,
07/14/2026,49005,Online Credit card,1715.51,
07/14/2026,49005,Online Gift Card,53.66,
07/14/2026,49005,Online Credit Card Tips,,67
07/14/2026,49005,In-Store Credit Card Tips,,140.99
07/14/2026,49005,Online Gift Card Tips,,3
07/14/2026,49005,Gift Card,30.57,
07/14/2026,49005,3rd Party - DoorDash,506.18,
07/14/2026,49005,3rd Party - UberEats,48.46,
07/14/2026,49005,Cash Over/Short Adjustment,0.07,
07/14/2026,49005,Register Audit Adjustment,680,
07/14/2026,49006,Subject to Tax,,4594.75
07/14/2026,49006,3rd Party Tax Exempt,,615.17
07/14/2026,49006,Register Audit,545,
07/14/2026,49006,Sales Tax,,367.66
07/14/2026,49006,In-Store Credit Card,2458.27,
07/14/2026,49006,Online Credit card,2119.84,
07/14/2026,49006,Online Credit Card Tips,,64
07/14/2026,49006,In-Store Credit Card Tips,,147.45
07/14/2026,49006,Gift Card,77.24,
07/14/2026,49006,3rd Party - DoorDash,527.39,
07/14/2026,49006,3rd Party - UberEats,87.78,
07/14/2026,49006,Cash Over/Short Adjustment,,0.49
07/14/2026,49006,Register Audit Adjustment,,26
07/14/2026,49007,Subject to Tax,,2852.45
07/14/2026,49007,3rd Party Tax Exempt,,964.39
07/14/2026,49007,Register Audit,266.39,
07/14/2026,49007,Sales Tax,,227.91
07/14/2026,49007,In-Store Credit Card,1306.91,
07/14/2026,49007,Online Credit card,1643.86,
07/14/2026,49007,Online Credit Card Tips,,74.97
07/14/2026,49007,In-Store Credit Card Tips,,61.83
07/14/2026,49007,3rd Party - DoorDash,801.09,
07/14/2026,49007,3rd Party - UberEats,163.3,
07/14/2026,49008,Subject to Tax,,3510.55
07/14/2026,49008,3rd Party Tax Exempt,,498.99
07/14/2026,49008,Sales Tax,,280.78
07/14/2026,49008,In-Store Credit Card,2073.68,
07/14/2026,49008,Online Credit card,1357.06,
07/14/2026,49008,Online Credit Card Tips,,40.86
07/14/2026,49008,In-Store Credit Card Tips,,163.74
07/14/2026,49008,Gift Card,7.23,
07/14/2026,49008,3rd Party - DoorDash,411.89,
07/14/2026,49008,3rd Party - UberEats,87.1,
07/14/2026,49008,Cash Over/Short Adjustment,0.96,
07/14/2026,49008,Register Audit Adjustment,557,
07/14/2026,49009,Subject to Tax,,4072.25
07/14/2026,49009,3rd Party Tax Exempt,,510.24
07/14/2026,49009,Register Audit,487,
07/14/2026,49009,Sales Tax,,325.73
07/14/2026,49009,In-Store Credit Card,2302.3,
07/14/2026,49009,Payout,64.17,
07/14/2026,49009,Online Credit card,1569.24,
07/14/2026,49009,Online Gift Card,54.51,
07/14/2026,49009,Online Credit Card Tips,,50.44
07/14/2026,49009,In-Store Credit Card Tips,,130.37
07/14/2026,49009,Online Gift Card Tips,,1
07/14/2026,49009,Gift Card,101.68,
07/14/2026,49009,3rd Party - DoorDash,510.24,
07/14/2026,49009,Cash Over/Short Adjustment,0.89,
07/14/2026,49010,Subject to Tax,,3059.6
07/14/2026,49010,3rd Party Tax Exempt,,216.59
07/14/2026,49010,Tax Exempt,,245.5
07/14/2026,49010,Sales Tax,,244.8
07/14/2026,49010,In-Store Credit Card,2060.82,
07/14/2026,49010,Online Credit card,1339.63,
07/14/2026,49010,Online Gift Card,2.4,
07/14/2026,49010,Online Credit Card Tips,,76.6
07/14/2026,49010,In-Store Credit Card Tips,,129.05
07/14/2026,49010,Online Gift Card Tips,,2.4
07/14/2026,49010,Gift Card,18.79,
07/14/2026,49010,3rd Party - DoorDash,204.05,
07/14/2026,49010,3rd Party - UberEats,12.54,
07/14/2026,49010,Cash Over/Short Adjustment,0.31,
07/14/2026,49010,Register Audit Adjustment,336,
07/14/2026,49011,Subject to Tax,,4646.75
07/14/2026,49011,3rd Party Tax Exempt,,281.7
07/14/2026,49011,Register Audit,621,
07/14/2026,49011,Sales Tax,,371.51
07/14/2026,49011,In-Store Credit Card,2633.02,
07/14/2026,49011,Online Credit card,1949.63,
07/14/2026,49011,Online Gift Card,20,
07/14/2026,49011,Online Credit Card Tips,,64.84
07/14/2026,49011,In-Store Credit Card Tips,,174.26
07/14/2026,49011,Online Gift Card Tips,,2
07/14/2026,49011,Gift Card,75.54,
07/14/2026,49011,Gift Card Sold,,40
07/14/2026,49011,3rd Party - DoorDash,281.7,
07/14/2026,49011,Cash Over/Short Adjustment,0.17,
07/15/2026,2006,Subject to Tax,,151.46
07/15/2026,2006,Non-Taxable Sales,,3620.14
07/15/2026,2006,3rd Party Tax Exempt,,14.76
07/15/2026,2006,Register Audit,382,
07/15/2026,2006,Sales Tax,,10.88
07/15/2026,2006,In-Store Credit Card,1894.69,
07/15/2026,2006,Online Credit card,1121.3,
07/15/2026,2006,Online Credit Card Tips,,33.25
07/15/2026,2006,In-Store Credit Card Tips,,138.66
07/15/2026,2006,Gift Card,67,
07/15/2026,2006,3rd Party - DoorDash,368.96,
07/15/2026,2006,3rd Party - UberEats,135.4,
07/15/2026,2006,Cash Over/Short Adjustment,,0.2
07/15/2026,2016,Subject to Tax,,139.15
07/15/2026,2016,Non-Taxable Sales,,4263.06
07/15/2026,2016,3rd Party Tax Exempt,,7.44
07/15/2026,2016,Register Audit,296,
07/15/2026,2016,Sales Tax,,9.42
07/15/2026,2016,In-Store Credit Card,2105.32,
07/15/2026,2016,Online Credit card,1274.14,
07/15/2026,2016,Online Gift Card,20,
07/15/2026,2016,Online Credit Card Tips,,30.8
07/15/2026,2016,In-Store Credit Card Tips,,124.44
07/15/2026,2016,Online Gift Card Tips,,3
07/15/2026,2016,Gift Card,94.41,
07/15/2026,2016,3rd Party - DoorDash,580.26,
07/15/2026,2016,3rd Party - GrubHub,53.21,
07/15/2026,2016,3rd Party - UberEats,153.53,
07/15/2026,2016,Cash Over/Short Adjustment,0.44,
07/15/2026,2017,Subject to Tax,,227.5
07/15/2026,2017,Non-Taxable Sales,,3382.36
07/15/2026,2017,Register Audit,123,
07/15/2026,2017,Sales Tax,,15.88
07/15/2026,2017,In-Store Credit Card,2200.43,
07/15/2026,2017,Online Credit card,1073.66,
07/15/2026,2017,Online Credit Card Tips,,28
07/15/2026,2017,In-Store Credit Card Tips,,167.48
07/15/2026,2017,Gift Card,34.4,
07/15/2026,2017,3rd Party - DoorDash,281.55,
07/15/2026,2017,3rd Party - GrubHub,67.62,
07/15/2026,2017,3rd Party - UberEats,40.79,
07/15/2026,2017,Cash Over/Short Adjustment,,0.23
07/15/2026,2020,Subject to Tax,,307.01
07/15/2026,2020,Non-Taxable Sales,,4235.84
07/15/2026,2020,3rd Party Tax Exempt,,21.96
07/15/2026,2020,Register Audit,373,
07/15/2026,2020,Sales Tax,,21.65
07/15/2026,2020,In-Store Credit Card,2302.35,
07/15/2026,2020,Online Credit card,1363.81,
07/15/2026,2020,Online Gift Card,74.65,
07/15/2026,2020,Online Credit Card Tips,,22
07/15/2026,2020,In-Store Credit Card Tips,,167.41
07/15/2026,2020,Gift Card,17.4,
07/15/2026,2020,3rd Party - DoorDash,534.47,
07/15/2026,2020,3rd Party - GrubHub,12.84,
07/15/2026,2020,3rd Party - UberEats,97,
07/15/2026,2020,Cash Over/Short Adjustment,0.35,
07/15/2026,2023,Subject to Tax,,216.37
07/15/2026,2023,Non-Taxable Sales,,4133.35
07/15/2026,2023,3rd Party Tax Exempt,,40.56
07/15/2026,2023,Register Audit,194,
07/15/2026,2023,Sales Tax,,14.91
07/15/2026,2023,In-Store Credit Card,2284.34,
07/15/2026,2023,Payout,33.73,
07/15/2026,2023,Online Credit card,1333.14,
07/15/2026,2023,Online Gift Card,39.41,
07/15/2026,2023,Online Credit Card Tips,,50.55
07/15/2026,2023,In-Store Credit Card Tips,,141.47
07/15/2026,2023,Gift Card,18.2,
07/15/2026,2023,Gift Card Sold,,15
07/15/2026,2023,3rd Party - DoorDash,555.68,
07/15/2026,2023,3rd Party - UberEats,154,
07/15/2026,2023,Cash Over/Short Adjustment,,0.29
07/15/2026,2047,Subject to Tax,,242.08
07/15/2026,2047,Non-Taxable Sales,,3638.39
07/15/2026,2047,3rd Party Tax Exempt,,44.52
07/15/2026,2047,Register Audit,291,
07/15/2026,2047,Sales Tax,,17.31
07/15/2026,2047,In-Store Credit Card,1868.46,
07/15/2026,2047,Online Credit card,952.2,
07/15/2026,2047,Online Credit Card Tips,,18
07/15/2026,2047,In-Store Credit Card Tips,,78.87
07/15/2026,2047,Gift Card,11.8,
07/15/2026,2047,3rd Party - DoorDash,689.39,
07/15/2026,2047,3rd Party - GrubHub,127.12,
07/15/2026,2047,3rd Party - UberEats,99.2,
07/15/2026,4003,Subject to Tax,,5180.1
07/15/2026,4003,Register Audit,400,
07/15/2026,4003,Sales Tax,,505.04
07/15/2026,4003,In-Store Credit Card,3355.78,
07/15/2026,4003,Online Credit card,1331.21,
07/15/2026,4003,Online Gift Card,39.95,
07/15/2026,4003,Online Credit Card Tips,,76.94
07/15/2026,4003,In-Store Credit Card Tips,,242.32
07/15/2026,4003,Gift Card,22.06,
07/15/2026,4003,3rd Party - DoorDash,517.09,
07/15/2026,4003,3rd Party - GrubHub,49.99,
07/15/2026,4003,3rd Party - UberEats,288.83,
07/15/2026,4003,Cash Over/Short Adjustment,,0.51
07/15/2026,4004,Subject to Tax,,5117.69
07/15/2026,4004,Sales Tax,,498.91
07/15/2026,4004,In-Store Credit Card,2783.43,
07/15/2026,4004,Online Credit card,1283.31,
07/15/2026,4004,Online Credit Card Tips,,33.5
07/15/2026,4004,In-Store Credit Card Tips,,132.33
07/15/2026,4004,Gift Card,15.64,
07/15/2026,4004,3rd Party - DoorDash,719.53,
07/15/2026,4004,3rd Party - UberEats,612.49,
07/15/2026,4004,Cash Over/Short Adjustment,0.03,
07/15/2026,4004,Register Audit Adjustment,368,
07/15/2026,4005,Subject to Tax,,4534.28
07/15/2026,4005,Register Audit,212,
07/15/2026,4005,Sales Tax,,442.07
07/15/2026,4005,In-Store Credit Card,3219.64,
07/15/2026,4005,Online Credit card,927.3,
07/15/2026,4005,In-Store Credit Card Tips,,197.81
07/15/2026,4005,3rd Party - DoorDash,342.64,
07/15/2026,4005,3rd Party - GrubHub,24.09,
07/15/2026,4005,3rd Party - UberEats,448.29,
07/15/2026,4005,Cash Over/Short Adjustment,0.2,
07/15/2026,4008,Subject to Tax,,3340.24
07/15/2026,4008,Register Audit,446,
07/15/2026,4008,Sales Tax,,325.61
07/15/2026,4008,In-Store Credit Card,1553.16,
07/15/2026,4008,Online Credit card,1175.17,
07/15/2026,4008,Online Gift Card,12.74,
07/15/2026,4008,Online Credit Card Tips,,36
07/15/2026,4008,In-Store Credit Card Tips,,95.81
07/15/2026,4008,Online Gift Card Tips,,1
07/15/2026,4008,Gift Card,23.38,
07/15/2026,4008,Gift Card Sold,,20
07/15/2026,4008,3rd Party - DoorDash,387.93,
07/15/2026,4008,3rd Party - UberEats,220.3,
07/15/2026,4008,Cash Over/Short Adjustment,,0.02
07/15/2026,4009,Subject to Tax,,2690.35
07/15/2026,4009,Sales Tax,,262.18
07/15/2026,4009,In-Store Credit Card,1776.34,
07/15/2026,4009,Online Credit card,397.01,
07/15/2026,4009,Online Credit Card Tips,,10
07/15/2026,4009,In-Store Credit Card Tips,,95.61
07/15/2026,4009,Gift Card,21.91,
07/15/2026,4009,3rd Party - DoorDash,380.46,
07/15/2026,4009,3rd Party - UberEats,238.84,
07/15/2026,4009,Cash Over/Short Adjustment,0.58,
07/15/2026,4009,Register Audit Adjustment,243,
07/15/2026,4010,Subject to Tax,,3382.39
07/15/2026,4010,Sales Tax,,329.78
07/15/2026,4010,In-Store Credit Card,1809.74,
07/15/2026,4010,Online Credit card,1119.09,
07/15/2026,4010,Online Gift Card,12.83,
07/15/2026,4010,In-Store Credit Card Tips,,132.39
07/15/2026,4010,Gift Card,9.47,
07/15/2026,4010,3rd Party - DoorDash,281.98,
07/15/2026,4010,3rd Party - GrubHub,39.75,
07/15/2026,4010,3rd Party - UberEats,338.21,
07/15/2026,4010,Cash Over/Short Adjustment,0.49,
07/15/2026,4010,Register Audit Adjustment,233,
07/15/2026,4015,Subject to Tax,,4932.42
07/15/2026,4015,Register Audit,355,
07/15/2026,4015,Sales Tax,,480.85
07/15/2026,4015,In-Store Credit Card,2797.19,
07/15/2026,4015,Online Credit card,1299.57,
07/15/2026,4015,Online Credit Card Tips,,24
07/15/2026,4015,In-Store Credit Card Tips,,149.68
07/15/2026,4015,Gift Card,99.33,
07/15/2026,4015,3rd Party - DoorDash,760.09,
07/15/2026,4015,3rd Party - UberEats,276.09,
07/15/2026,4015,Cash Over/Short Adjustment,,0.32
07/15/2026,4021,Subject to Tax,,4560.63
07/15/2026,4021,Register Audit,365,
07/15/2026,4021,Sales Tax,,444.64
07/15/2026,4021,In-Store Credit Card,2201.16,
07/15/2026,4021,Online Credit card,1588.46,
07/15/2026,4021,Online Credit Card Tips,,71
07/15/2026,4021,In-Store Credit Card Tips,,152.05
07/15/2026,4021,3rd Party - DoorDash,761.97,
07/15/2026,4021,3rd Party - GrubHub,19.15,
07/15/2026,4021,3rd Party - UberEats,292.17,
07/15/2026,4021,Cash Over/Short Adjustment,0.41,
07/15/2026,4025,Subject to Tax,,3317.53
07/15/2026,4025,Register Audit,300,
07/15/2026,4025,Sales Tax,,323.45
07/15/2026,4025,In-Store Credit Card,1769.46,
07/15/2026,4025,Online Credit card,964.45,
07/15/2026,4025,Online Gift Card,44.18,
07/15/2026,4025,Online Credit Card Tips,,30.06
07/15/2026,4025,In-Store Credit Card Tips,,94.16
07/15/2026,4025,Gift Card,34.52,
07/15/2026,4025,3rd Party - DoorDash,272.33,
07/15/2026,4025,3rd Party - GrubHub,43.58,
07/15/2026,4025,3rd Party - UberEats,337.19,
07/15/2026,4025,Cash Over/Short Adjustment,,0.51
07/15/2026,4027,Subject to Tax,,5007.81
07/15/2026,4027,Sales Tax,,488.27
07/15/2026,4027,In-Store Credit Card,2667.59,
07/15/2026,4027,Online Credit card,1034.98,
07/15/2026,4027,In-Store Credit Card Tips,,133.17
07/15/2026,4027,3rd Party - DoorDash,668.25,
07/15/2026,4027,3rd Party - GrubHub,235.04,
07/15/2026,4027,3rd Party - UberEats,459.6,
07/15/2026,4027,Cash Over/Short Adjustment,0.79,
07/15/2026,4027,Register Audit Adjustment,563,
07/15/2026,4034,Subject to Tax,,3822.89
07/15/2026,4034,Register Audit,306,
07/15/2026,4034,Sales Tax,,372.69
07/15/2026,4034,In-Store Credit Card,2086.3,
07/15/2026,4034,Online Credit card,1028.61,
07/15/2026,4034,Online Gift Card,66.52,
07/15/2026,4034,Online Credit Card Tips,,26.5
07/15/2026,4034,In-Store Credit Card Tips,,117.13
07/15/2026,4034,Online Gift Card Tips,,1
07/15/2026,4034,Gift Card,88.38,
07/15/2026,4034,3rd Party - DoorDash,449.85,
07/15/2026,4034,3rd Party - GrubHub,14.09,
07/15/2026,4034,3rd Party - UberEats,300.78,
07/15/2026,4034,Cash Over/Short Adjustment,,0.32
07/15/2026,4036,Subject to Tax,,6806.53
07/15/2026,4036,Register Audit,218,
07/15/2026,4036,Sales Tax,,663.38
07/15/2026,4036,In-Store Credit Card,4669.05,
07/15/2026,4036,Payout,21.94,
07/15/2026,4036,Online Credit card,1533.35,
07/15/2026,4036,Online Credit Card Tips,,57
07/15/2026,4036,In-Store Credit Card Tips,,125.27
07/15/2026,4036,Gift Card,68.37,
07/15/2026,4036,3rd Party - DoorDash,713.13,
07/15/2026,4036,3rd Party - UberEats,427.88,
07/15/2026,4036,Cash Over/Short Adjustment,0.46,
07/15/2026,4042,Subject to Tax,,5048.39
07/15/2026,4042,Sales Tax,,492.34
07/15/2026,4042,In-Store Credit Card,2797.39,
07/15/2026,4042,Payout,4.59,
07/15/2026,4042,Online Credit card,1583.45,
07/15/2026,4042,Online Gift Card,61.89,
07/15/2026,4042,Online Credit Card Tips,,41.56
07/15/2026,4042,In-Store Credit Card Tips,,130.46
07/15/2026,4042,Online Gift Card Tips,,5
07/15/2026,4042,Gift Card,21.29,
07/15/2026,4042,3rd Party - DoorDash,894.7,
07/15/2026,4042,3rd Party - GrubHub,15.53,
07/15/2026,4042,3rd Party - UberEats,87.72,
07/15/2026,4042,Cash Over/Short Adjustment,0.19,
07/15/2026,4042,Register Audit Adjustment,251,
07/15/2026,4052,Subject to Tax,,5812.51
07/15/2026,4052,Register Audit,630,
07/15/2026,4052,Sales Tax,,566.56
07/15/2026,4052,In-Store Credit Card,2484.29,
07/15/2026,4052,Online Credit card,2113.62,
07/15/2026,4052,Online Gift Card,25.21,
07/15/2026,4052,Online Credit Card Tips,,96.89
07/15/2026,4052,In-Store Credit Card Tips,,131.49
07/15/2026,4052,Gift Card,21.74,
07/15/2026,4052,3rd Party - DoorDash,1152.75,
07/15/2026,4052,3rd Party - GrubHub,24.83,
07/15/2026,4052,3rd Party - UberEats,124.09,
07/15/2026,4052,Cash Over/Short Adjustment,0.92,
07/15/2026,4052,Register Audit Adjustment,30,
07/15/2026,4061,Subject to Tax,,3862.51
07/15/2026,4061,Sales Tax,,376.58
07/15/2026,4061,In-Store Credit Card,2207.82,
07/15/2026,4061,Payout,70.97,
07/15/2026,4061,Online Credit card,996.95,
07/15/2026,4061,Online Gift Card,50,
07/15/2026,4061,Online Credit Card Tips,,30
07/15/2026,4061,In-Store Credit Card Tips,,149.8
07/15/2026,4061,Online Gift Card Tips,,2
07/15/2026,4061,Gift Card,10.99,
07/15/2026,4061,3rd Party - DoorDash,442.09,
07/15/2026,4061,3rd Party - GrubHub,68.74,
07/15/2026,4061,3rd Party - UberEats,250.8,
07/15/2026,4061,Cash Over/Short Adjustment,0.53,
07/15/2026,4061,Register Audit Adjustment,322,
07/15/2026,4074,Subject to Tax,,2570.28
07/15/2026,4074,Register Audit,121,
07/15/2026,4074,Sales Tax,,250.6
07/15/2026,4074,In-Store Credit Card,1540.72,
07/15/2026,4074,Online Credit card,752.68,
07/15/2026,4074,Online Gift Card,11.74,
07/15/2026,4074,Online Credit Card Tips,,30
07/15/2026,4074,In-Store Credit Card Tips,,112.83
07/15/2026,4074,Gift Card,15.15,
07/15/2026,4074,3rd Party - DoorDash,299.62,
07/15/2026,4074,3rd Party - GrubHub,23.97,
07/15/2026,4074,3rd Party - UberEats,198.72,
07/15/2026,4074,Cash Over/Short Adjustment,0.11,
07/15/2026,5042,Subject to Tax,,3347.25
07/15/2026,5042,Non-Taxable Sales,,16
07/15/2026,5042,3rd Party Tax Exempt,,640.89
07/15/2026,5042,Register Audit,376,
07/15/2026,5042,Sales Tax,,230.67
07/15/2026,5042,In-Store Credit Card,1945.65,
07/15/2026,5042,Online Credit card,1426.81,
07/15/2026,5042,Online Credit Card Tips,,56
07/15/2026,5042,In-Store Credit Card Tips,,142.86
07/15/2026,5042,Gift Card,45.05,
07/15/2026,5042,3rd Party - DoorDash,310.19,
07/15/2026,5042,3rd Party - UberEats,330.7,
07/15/2026,5042,Cash Over/Short Adjustment,,0.73
07/15/2026,5043,Subject to Tax,,5131.55
07/15/2026,5043,Non-Taxable Sales,,24
07/15/2026,5043,3rd Party Tax Exempt,,1260.15
07/15/2026,5043,Tax Exempt,,1174.2
07/15/2026,5043,Register Audit,761,
07/15/2026,5043,Sales Tax,,350.67
07/15/2026,5043,In-Store Credit Card,3953.28,
07/15/2026,5043,Online Credit card,2298.31,
07/15/2026,5043,Online Gift Card,30,
07/15/2026,5043,Online Credit Card Tips,,60.76
07/15/2026,5043,In-Store Credit Card Tips,,331.48
07/15/2026,5043,Gift Card,29.59,
07/15/2026,5043,3rd Party - DoorDash,754.48,
07/15/2026,5043,3rd Party - GrubHub,47.27,
07/15/2026,5043,3rd Party - UberEats,458.4,
07/15/2026,5043,Cash Over/Short Adjustment,0.48,
07/15/2026,5049,Subject to Tax,,2487
07/15/2026,5049,Non-Taxable Sales,,17
07/15/2026,5049,3rd Party Tax Exempt,,333.31
07/15/2026,5049,Register Audit,332,
07/15/2026,5049,Sales Tax,,204.41
07/15/2026,5049,In-Store Credit Card,1656.65,
07/15/2026,5049,Online Credit card,785.61,
07/15/2026,5049,Online Gift Card,11.59,
07/15/2026,5049,Online Credit Card Tips,,14
07/15/2026,5049,In-Store Credit Card Tips,,82.16
07/15/2026,5049,Gift Card,19.66,
07/15/2026,5049,3rd Party - DoorDash,240.2,
07/15/2026,5049,3rd Party - GrubHub,11.88,
07/15/2026,5049,3rd Party - UberEats,81.23,
07/15/2026,5049,Cash Over/Short Adjustment,,0.94
07/15/2026,5051,Subject to Tax,,3718.75
07/15/2026,5051,Non-Taxable Sales,,45.5
07/15/2026,5051,3rd Party Tax Exempt,,689.74
07/15/2026,5051,Register Audit,305,
07/15/2026,5051,Sales Tax,,251.41
07/15/2026,5051,In-Store Credit Card,2198.16,
07/15/2026,5051,Payout,20,
07/15/2026,5051,Online Credit card,1660.37,
07/15/2026,5051,Online Credit Card Tips,,62.62
07/15/2026,5051,In-Store Credit Card Tips,,104.67
07/15/2026,5051,3rd Party - DoorDash,541.02,
07/15/2026,5051,3rd Party - GrubHub,40.79,
07/15/2026,5051,3rd Party - UberEats,107.93,
07/15/2026,5051,Cash Over/Short Adjustment,,0.58
07/15/2026,5057,Subject to Tax,,2743.05
07/15/2026,5057,Non-Taxable Sales,,13.5
07/15/2026,5057,3rd Party Tax Exempt,,688.77
07/15/2026,5057,Register Audit,327,
07/15/2026,5057,Sales Tax,,216.94
07/15/2026,5057,In-Store Credit Card,1872,
07/15/2026,5057,Online Credit card,883.38,
07/15/2026,5057,Online Gift Card,10.47,
07/15/2026,5057,Online Credit Card Tips,,23
07/15/2026,5057,In-Store Credit Card Tips,,109.84
07/15/2026,5057,Gift Card,13.66,
07/15/2026,5057,3rd Party - DoorDash,469.77,
07/15/2026,5057,3rd Party - UberEats,219,
07/15/2026,5057,Cash Over/Short Adjustment,,0.18
07/15/2026,5059,Subject to Tax,,2722
07/15/2026,5059,Non-Taxable Sales,,8
07/15/2026,5059,3rd Party Tax Exempt,,481.14
07/15/2026,5059,Sales Tax,,187.6
07/15/2026,5059,In-Store Credit Card,2136.23,
07/15/2026,5059,Payout,8.24,
07/15/2026,5059,Online Credit card,701.13,
07/15/2026,5059,Online Gift Card,9.14,
07/15/2026,5059,Online Credit Card Tips,,17
07/15/2026,5059,In-Store Credit Card Tips,,120.83
07/15/2026,5059,Gift Card,12.56,
07/15/2026,5059,3rd Party - DoorDash,305.14,
07/15/2026,5059,3rd Party - GrubHub,11.88,
07/15/2026,5059,3rd Party - UberEats,164.12,
07/15/2026,5059,Cash Over/Short Adjustment,0.13,
07/15/2026,5059,Register Audit Adjustment,188,
07/15/2026,5062,Subject to Tax,,2754.67
07/15/2026,5062,Non-Taxable Sales,,30
07/15/2026,5062,3rd Party Tax Exempt,,207.67
07/15/2026,5062,Sales Tax,,189.17
07/15/2026,5062,In-Store Credit Card,1848.86,
07/15/2026,5062,Online Credit card,1123.4,
07/15/2026,5062,Online Credit Card Tips,,38
07/15/2026,5062,In-Store Credit Card Tips,,133.44
07/15/2026,5062,Gift Card,45.75,
07/15/2026,5062,3rd Party - DoorDash,180.68,
07/15/2026,5062,3rd Party - UberEats,26.99,
07/15/2026,5062,Cash Over/Short Adjustment,0.27,
07/15/2026,5062,Register Audit Adjustment,127,
07/15/2026,5101,Subject to Tax,,2877.85
07/15/2026,5101,Non-Taxable Sales,,11
07/15/2026,5101,3rd Party Tax Exempt,,334.35
07/15/2026,5101,Register Audit,315,
07/15/2026,5101,Sales Tax,,199.01
07/15/2026,5101,In-Store Credit Card,2031.16,
07/15/2026,5101,Online Credit card,858.65,
07/15/2026,5101,Online Credit Card Tips,,22
07/15/2026,5101,In-Store Credit Card Tips,,94.69
07/15/2026,5101,3rd Party - DoorDash,271.72,
07/15/2026,5101,3rd Party - UberEats,62.63,
07/15/2026,5101,Cash Over/Short Adjustment,,0.26
07/15/2026,5112,Subject to Tax,,2660.15
07/15/2026,5112,Non-Taxable Sales,,13
07/15/2026,5112,3rd Party Tax Exempt,,292.83
07/15/2026,5112,Register Audit,254,
07/15/2026,5112,Sales Tax,,209.94
07/15/2026,5112,In-Store Credit Card,1677.5,
07/15/2026,5112,Online Credit card,1090.93,
07/15/2026,5112,Online Credit Card Tips,,33
07/15/2026,5112,In-Store Credit Card Tips,,106.2
07/15/2026,5112,3rd Party - DoorDash,228.75,
07/15/2026,5112,3rd Party - UberEats,64.08,
07/15/2026,5112,Cash Over/Short Adjustment,,0.14
07/15/2026,5127,Subject to Tax,,3419.2
07/15/2026,5127,Non-Taxable Sales,,20.5
07/15/2026,5127,3rd Party Tax Exempt,,191.19
07/15/2026,5127,Tax Exempt,,59.6
07/15/2026,5127,Register Audit,452,
07/15/2026,5127,Sales Tax,,269.73
07/15/2026,5127,In-Store Credit Card,2206.83,
07/15/2026,5127,Online Credit card,1302.27,
07/15/2026,5127,Online Gift Card,20,
07/15/2026,5127,Online Credit Card Tips,,71
07/15/2026,5127,In-Store Credit Card Tips,,160.23
07/15/2026,5127,Gift Card,19.66,
07/15/2026,5127,3rd Party - DoorDash,191.19,
07/15/2026,5127,Cash Over/Short Adjustment,,0.5
07/15/2026,6021,Subject to Tax,,3251.89
07/15/2026,6021,Non-Taxable Sales,,5
07/15/2026,6021,3rd Party Tax Exempt,,160.45
07/15/2026,6021,Register Audit,172,
07/15/2026,6021,Sales Tax,,308.96
07/15/2026,6021,In-Store Credit Card,2300.68,
07/15/2026,6021,Online Credit card,848.7,
07/15/2026,6021,Online Credit Card Tips,,44
07/15/2026,6021,In-Store Credit Card Tips,,169.39
07/15/2026,6021,Gift Card,26.23,
07/15/2026,6021,Gift Card Sold,,30
07/15/2026,6021,3rd Party - DoorDash,443.19,
07/15/2026,6021,3rd Party - GrubHub,19.18,
07/15/2026,6021,3rd Party - UberEats,160.45,
07/15/2026,6021,Cash Over/Short Adjustment,,0.74
07/15/2026,6026,Subject to Tax,,2668.11
07/15/2026,6026,Non-Taxable Sales,,10
07/15/2026,6026,3rd Party Tax Exempt,,208.93
07/15/2026,6026,Sales Tax,,160.1
07/15/2026,6026,In-Store Credit Card,1786.42,
07/15/2026,6026,Online Credit card,565.56,
07/15/2026,6026,Online Credit Card Tips,,15
07/15/2026,6026,In-Store Credit Card Tips,,123.05
07/15/2026,6026,Gift Card,57.68,
07/15/2026,6026,3rd Party - DoorDash,251.17,
07/15/2026,6026,3rd Party - GrubHub,82.41,
07/15/2026,6026,3rd Party - UberEats,208.93,
07/15/2026,6026,Cash Over/Short Adjustment,0.02,
07/15/2026,6026,Register Audit Adjustment,233,
07/15/2026,6032,Subject to Tax,,3333.35
07/15/2026,6032,Non-Taxable Sales,,28.5
07/15/2026,6032,3rd Party Tax Exempt,,86.92
07/15/2026,6032,Sales Tax,,199.93
07/15/2026,6032,In-Store Credit Card,2100.61,
07/15/2026,6032,Online Credit card,1035.76,
07/15/2026,6032,Online Gift Card,47.07,
07/15/2026,6032,Online Credit Card Tips,,26
07/15/2026,6032,In-Store Credit Card Tips,,129.97
07/15/2026,6032,Gift Card,24.31,
07/15/2026,6032,3rd Party - DoorDash,362.87,
07/15/2026,6032,3rd Party - GrubHub,38.97,
07/15/2026,6032,3rd Party - UberEats,86.92,
07/15/2026,6032,Cash Over/Short Adjustment,0.16,
07/15/2026,6032,Register Audit Adjustment,108,
07/15/2026,6037,Subject to Tax,,3220.23
07/15/2026,6037,Non-Taxable Sales,,10
07/15/2026,6037,Tax Exempt,,14.15
07/15/2026,6037,Register Audit,166,
07/15/2026,6037,Sales Tax,,354.36
07/15/2026,6037,In-Store Credit Card,2290.42,
07/15/2026,6037,Payout,100.73,
07/15/2026,6037,Online Credit card,1115.03,
07/15/2026,6037,Online Credit Card Tips,,43.75
07/15/2026,6037,In-Store Credit Card Tips,,168.42
07/15/2026,6037,Gift Card,19.46,
07/15/2026,6037,3rd Party - UberEats,119.47,
07/15/2026,6037,Cash Over/Short Adjustment,,0.2
07/15/2026,6039,Subject to Tax,,4817.21
07/15/2026,6039,Non-Taxable Sales,,12.5
07/15/2026,6039,3rd Party Tax Exempt,,373.2
07/15/2026,6039,Register Audit,103,
07/15/2026,6039,Sales Tax,,289.04
07/15/2026,6039,In-Store Credit Card,2990.38,
07/15/2026,6039,Payout,12.71,
07/15/2026,6039,Online Credit card,1561.42,
07/15/2026,6039,Online Gift Card,87.8,
07/15/2026,6039,Online Credit Card Tips,,41
07/15/2026,6039,In-Store Credit Card Tips,,212.55
07/15/2026,6039,Online Gift Card Tips,,2
07/15/2026,6039,Gift Card,30,
07/15/2026,6039,3rd Party - DoorDash,546.86,
07/15/2026,6039,3rd Party - GrubHub,42.79,
07/15/2026,6039,3rd Party - UberEats,373.2,
07/15/2026,6039,Cash Over/Short Adjustment,,0.66
07/15/2026,6044,Subject to Tax,,4406.95
07/15/2026,6044,Non-Taxable Sales,,27
07/15/2026,6044,Sales Tax,,498.03
07/15/2026,6044,In-Store Credit Card,2817.14,
07/15/2026,6044,Online Credit card,1320.15,
07/15/2026,6044,Online Gift Card,15.97,
07/15/2026,6044,Online Credit Card Tips,,46
07/15/2026,6044,In-Store Credit Card Tips,,167.78
07/15/2026,6044,Gift Card,39.19,
07/15/2026,6044,Gift Card Sold,,30
07/15/2026,6044,3rd Party - DoorDash,674.58,
07/15/2026,6044,Cash Over/Short Adjustment,0.73,
07/15/2026,6044,Register Audit Adjustment,308,
07/15/2026,6065,Subject to Tax,,2936.12
07/15/2026,6065,Non-Taxable Sales,,5
07/15/2026,6065,3rd Party Tax Exempt,,144.33
07/15/2026,6065,Sales Tax,,293.79
07/15/2026,6065,In-Store Credit Card,1784.54,
07/15/2026,6065,Online Credit card,935.67,
07/15/2026,6065,Online Credit Card Tips,,42.8
07/15/2026,6065,In-Store Credit Card Tips,,113.25
07/15/2026,6065,3rd Party - DoorDash,397.65,
07/15/2026,6065,3rd Party - GrubHub,27.32,
07/15/2026,6065,3rd Party - UberEats,144.33,
07/15/2026,6065,Cash Over/Short Adjustment,0.78,
07/15/2026,6065,Register Audit Adjustment,245,
07/15/2026,6067,Subject to Tax,,3470.85
07/15/2026,6067,Non-Taxable Sales,,10
07/15/2026,6067,Sales Tax,,392.3
07/15/2026,6067,In-Store Credit Card,2246.69,
07/15/2026,6067,Online Credit card,1163.63,
07/15/2026,6067,Online Credit Card Tips,,47
07/15/2026,6067,In-Store Credit Card Tips,,154.6
07/15/2026,6067,Gift Card,8.29,
07/15/2026,6067,3rd Party - DoorDash,405.3,
07/15/2026,6067,Cash Over/Short Adjustment,0.84,
07/15/2026,6067,Register Audit Adjustment,250,
07/15/2026,6072,Subject to Tax,,5432.77
07/15/2026,6072,Non-Taxable Sales,,29.5
07/15/2026,6072,3rd Party Tax Exempt,,194.65
07/15/2026,6072,Register Audit,349,
07/15/2026,6072,Sales Tax,,641.09
07/15/2026,6072,In-Store Credit Card,3004.58,
07/15/2026,6072,Online Credit card,1842.58,
07/15/2026,6072,Online Credit Card Tips,,49
07/15/2026,6072,In-Store Credit Card Tips,,159.53
07/15/2026,6072,Gift Card,20,
07/15/2026,6072,3rd Party - DoorDash,1046.08,
07/15/2026,6072,3rd Party - GrubHub,50.1,
07/15/2026,6072,3rd Party - UberEats,194.65,
07/15/2026,6072,Cash Over/Short Adjustment,,0.45
07/15/2026,6074,Subject to Tax,,3070.99
07/15/2026,6074,Non-Taxable Sales,,17.5
07/15/2026,6074,3rd Party Tax Exempt,,101.7
07/15/2026,6074,Sales Tax,,276.36
07/15/2026,6074,In-Store Credit Card,2206.89,
07/15/2026,6074,Online Credit card,945.76,
07/15/2026,6074,Online Credit Card Tips,,21
07/15/2026,6074,In-Store Credit Card Tips,,142.89
07/15/2026,6074,Gift Card,14.21,
07/15/2026,6074,3rd Party - GrubHub,132.1,
07/15/2026,6074,3rd Party - UberEats,101.7,
07/15/2026,6074,Cash Over/Short Adjustment,0.78,
07/15/2026,6074,Register Audit Adjustment,229,
07/15/2026,6076,Subject to Tax,,2355.9
07/15/2026,6076,Non-Taxable Sales,,31
07/15/2026,6076,Sales Tax,,212.05
07/15/2026,6076,In-Store Credit Card,1515.66,
07/15/2026,6076,Online Credit card,889.12,
07/15/2026,6076,Online Gift Card,12.39,
07/15/2026,6076,Online Credit Card Tips,,13
07/15/2026,6076,In-Store Credit Card Tips,,96.79
07/15/2026,6076,Online Gift Card Tips,,1
07/15/2026,6076,Cash Over/Short Adjustment,0.57,
07/15/2026,6076,Register Audit Adjustment,292,
07/15/2026,6083,Subject to Tax,,2882.11
07/15/2026,6083,Non-Taxable Sales,,43.5
07/15/2026,6083,3rd Party Tax Exempt,,69.26
07/15/2026,6083,Register Audit,36,
07/15/2026,6083,Sales Tax,,259.38
07/15/2026,6083,In-Store Credit Card,1260.9,
07/15/2026,6083,Payout,102.73,
07/15/2026,6083,Online Credit card,1597.37,
07/15/2026,6083,Online Credit Card Tips,,43.31
07/15/2026,6083,In-Store Credit Card Tips,,77.17
07/15/2026,6083,Gift Card,15,
07/15/2026,6083,3rd Party - DoorDash,261.95,
07/15/2026,6083,3rd Party - GrubHub,31.33,
07/15/2026,6083,3rd Party - UberEats,69.26,
07/15/2026,6083,Cash Over/Short Adjustment,0.19,
07/15/2026,6088,Subject to Tax,,3281.17
07/15/2026,6088,Non-Taxable Sales,,30
07/15/2026,6088,3rd Party Tax Exempt,,133.84
07/15/2026,6088,Register Audit,288,
07/15/2026,6088,Sales Tax,,328.27
07/15/2026,6088,In-Store Credit Card,1554.68,
07/15/2026,6088,Online Credit card,1612.13,
07/15/2026,6088,Online Credit Card Tips,,44
07/15/2026,6088,In-Store Credit Card Tips,,78.63
07/15/2026,6088,3rd Party - DoorDash,268.17,
07/15/2026,6088,3rd Party - GrubHub,38.81,
07/15/2026,6088,3rd Party - UberEats,133.84,
07/15/2026,6088,Cash Over/Short Adjustment,0.28,
07/15/2026,6093,Subject to Tax,,2997.37
07/15/2026,6093,Non-Taxable Sales,,5
07/15/2026,6093,Register Audit,366,
07/15/2026,6093,Sales Tax,,338.82
07/15/2026,6093,In-Store Credit Card,2270.49,
07/15/2026,6093,Payout,18.56,
07/15/2026,6093,Online Credit card,755.87,
07/15/2026,6093,Online Credit Card Tips,,27
07/15/2026,6093,In-Store Credit Card Tips,,151.9
07/15/2026,6093,Gift Card,36.61,
07/15/2026,6093,3rd Party - DoorDash,72.92,
07/15/2026,6093,Cash Over/Short Adjustment,,0.36
07/15/2026,6094,Subject to Tax,,1971.48
07/15/2026,6094,Non-Taxable Sales,,5
07/15/2026,6094,3rd Party Tax Exempt,,47.87
07/15/2026,6094,Register Audit,66,
07/15/2026,6094,Sales Tax,,197.25
07/15/2026,6094,In-Store Credit Card,1050.29,
07/15/2026,6094,Online Credit card,705.85,
07/15/2026,6094,Online Gift Card,30,
07/15/2026,6094,Online Credit Card Tips,,22
07/15/2026,6094,In-Store Credit Card Tips,,72.9
07/15/2026,6094,3rd Party - DoorDash,388.19,
07/15/2026,6094,3rd Party - GrubHub,28.24,
07/15/2026,6094,3rd Party - UberEats,47.87,
07/15/2026,6094,Cash Over/Short Adjustment,0.06,
07/15/2026,6102,Subject to Tax,,2827.93
07/15/2026,6102,Non-Taxable Sales,,20
07/15/2026,6102,Sales Tax,,282.9
07/15/2026,6102,In-Store Credit Card,1658.1,
07/15/2026,6102,Online Credit card,554.16,
07/15/2026,6102,Online Gift Card,10.89,
07/15/2026,6102,Online Credit Card Tips,,10
07/15/2026,6102,In-Store Credit Card Tips,,108.19
07/15/2026,6102,Gift Card,3.77,
07/15/2026,6102,3rd Party - DoorDash,638.19,
07/15/2026,6102,3rd Party - UberEats,134.68,
07/15/2026,6102,Cash Over/Short Adjustment,0.23,
07/15/2026,6102,Register Audit Adjustment,249,
07/15/2026,7024,Subject to Tax,,3190.1
07/15/2026,7024,3rd Party Tax Exempt,,773.81
07/15/2026,7024,Sales Tax,,273.04
07/15/2026,7024,In-Store Credit Card,1857.08,
07/15/2026,7024,Payout,7,
07/15/2026,7024,Online Credit card,1304.22,
07/15/2026,7024,Online Credit Card Tips,,34.13
07/15/2026,7024,In-Store Credit Card Tips,,97.47
07/15/2026,7024,Gift Card,9.37,
07/15/2026,7024,3rd Party - DoorDash,562.39,
07/15/2026,7024,3rd Party - UberEats,211.42,
07/15/2026,7024,Cash Over/Short Adjustment,0.07,
07/15/2026,7024,Register Audit Adjustment,417,
07/15/2026,7032,Subject to Tax,,2542.8
07/15/2026,7032,3rd Party Tax Exempt,,653.78
07/15/2026,7032,Sales Tax,,216.26
07/15/2026,7032,In-Store Credit Card,1358.42,
07/15/2026,7032,Payout,119.83,
07/15/2026,7032,Online Credit card,1138.82,
07/15/2026,7032,Online Gift Card,15,
07/15/2026,7032,Online Credit Card Tips,,25
07/15/2026,7032,In-Store Credit Card Tips,,88.91
07/15/2026,7032,Gift Card,5.89,
07/15/2026,7032,3rd Party - DoorDash,574.9,
07/15/2026,7032,3rd Party - UberEats,78.88,
07/15/2026,7032,Cash Over/Short Adjustment,0.01,
07/15/2026,7032,Register Audit Adjustment,235,
07/15/2026,7039,Subject to Tax,,2421.15
07/15/2026,7039,3rd Party Tax Exempt,,509.93
07/15/2026,7039,Sales Tax,,209.92
07/15/2026,7039,In-Store Credit Card,1787.26,
07/15/2026,7039,Payout,26.48,
07/15/2026,7039,Online Credit card,672.89,
07/15/2026,7039,Online Credit Card Tips,,17
07/15/2026,7039,In-Store Credit Card Tips,,136.56
07/15/2026,7039,Gift Card,33.81,
07/15/2026,7039,3rd Party - DoorDash,372.41,
07/15/2026,7039,3rd Party - UberEats,137.52,
07/15/2026,7039,Cash Over/Short Adjustment,0.63,
07/15/2026,7039,Register Audit Adjustment,264,
07/15/2026,7049,Subject to Tax,,4301.1
07/15/2026,7049,3rd Party Tax Exempt,,835.58
07/15/2026,7049,Sales Tax,,372.31
07/15/2026,7049,In-Store Credit Card,3017.22,
07/15/2026,7049,Online Credit card,1458.04,
07/15/2026,7049,Online Credit Card Tips,,56
07/15/2026,7049,In-Store Credit Card Tips,,204.32
07/15/2026,7049,Gift Card,6.46,
07/15/2026,7049,3rd Party - DoorDash,607.95,
07/15/2026,7049,3rd Party - GrubHub,127.74,
07/15/2026,7049,3rd Party - UberEats,99.89,
07/15/2026,7049,Cash Over/Short Adjustment,0.01,
07/15/2026,7049,Register Audit Adjustment,452,
07/15/2026,7066,Subject to Tax,,2239.95
07/15/2026,7066,3rd Party Tax Exempt,,117.01
07/15/2026,7066,Sales Tax,,195.18
07/15/2026,7066,In-Store Credit Card,1650.45,
07/15/2026,7066,Payout,19.92,
07/15/2026,7066,Online Credit card,594.19,
07/15/2026,7066,Online Credit Card Tips,,31
07/15/2026,7066,In-Store Credit Card Tips,,98.62
07/15/2026,7066,Gift Card,15.88,
07/15/2026,7066,3rd Party - DoorDash,117.01,
07/15/2026,7066,Cash Over/Short Adjustment,0.31,
07/15/2026,7066,Register Audit Adjustment,284,
07/15/2026,13026,Subject to Tax,,2424.25
07/15/2026,13026,Non-Taxable Sales,,46.51
07/15/2026,13026,3rd Party Tax Exempt,,553.2
07/15/2026,13026,Register Audit,203,
07/15/2026,13026,Sales Tax,,181.9
07/15/2026,13026,In-Store Credit Card,1938.53,
07/15/2026,13026,Online Credit card,614.91,
07/15/2026,13026,Online Gift Card,5.99,
07/15/2026,13026,Online Credit Card Tips,,17.37
07/15/2026,13026,In-Store Credit Card Tips,,113.42
07/15/2026,13026,Gift Card,10,
07/15/2026,13026,3rd Party - DoorDash,253.27,
07/15/2026,13026,3rd Party - UberEats,310.49,
07/15/2026,13026,Cash Over/Short Adjustment,0.46,
07/15/2026,13062,Subject to Tax,,2638.08
07/15/2026,13062,Non-Taxable Sales,,12.89
07/15/2026,13062,3rd Party Tax Exempt,,575.68
07/15/2026,13062,Sales Tax,,184.66
07/15/2026,13062,In-Store Credit Card,1863.88,
07/15/2026,13062,Online Credit card,745.74,
07/15/2026,13062,Online Credit Card Tips,,15
07/15/2026,13062,In-Store Credit Card Tips,,92.88
07/15/2026,13062,Gift Card,5.58,
07/15/2026,13062,3rd Party - DoorDash,396.88,
07/15/2026,13062,3rd Party - GrubHub,53.15,
07/15/2026,13062,3rd Party - UberEats,180.84,
07/15/2026,13062,Cash Over/Short Adjustment,0.12,
07/15/2026,13062,Register Audit Adjustment,273,
07/15/2026,13082,Subject to Tax,,2217.17
07/15/2026,13082,Non-Taxable Sales,,19.87
07/15/2026,13082,3rd Party Tax Exempt,,267.13
07/15/2026,13082,Register Audit,658,
07/15/2026,13082,Sales Tax,,155.23
07/15/2026,13082,In-Store Credit Card,1201.02,
07/15/2026,13082,Online Credit card,540.94,
07/15/2026,13082,Online Credit Card Tips,,15.41
07/15/2026,13082,In-Store Credit Card Tips,,76.79
07/15/2026,13082,Gift Card,30.69,
07/15/2026,13082,3rd Party - DoorDash,186.94,
07/15/2026,13082,3rd Party - GrubHub,44.43,
07/15/2026,13082,3rd Party - UberEats,89.91,
07/15/2026,13082,Cash Over/Short Adjustment,,0.33
07/15/2026,13106,Subject to Tax,,2226.51
07/15/2026,13106,Non-Taxable Sales,,47.63
07/15/2026,13106,3rd Party Tax Exempt,,582.73
07/15/2026,13106,Sales Tax,,167.09
07/15/2026,13106,In-Store Credit Card,1495.98,
07/15/2026,13106,Payout,11.79,
07/15/2026,13106,Online Credit card,743.62,
07/15/2026,13106,Online Gift Card,20.08,
07/15/2026,13106,Online Credit Card Tips,,25.5
07/15/2026,13106,In-Store Credit Card Tips,,104.61
07/15/2026,13106,Gift Card,26.56,
07/15/2026,13106,3rd Party - DoorDash,371.95,
07/15/2026,13106,3rd Party - GrubHub,119.06,
07/15/2026,13106,3rd Party - UberEats,231.48,
07/15/2026,13106,Cash Over/Short Adjustment,0.55,
07/15/2026,13106,Register Audit Adjustment,133,
07/15/2026,13116,Subject to Tax,,2771.43
07/15/2026,13116,Non-Taxable Sales,,98.29
07/15/2026,13116,3rd Party Tax Exempt,,994.3
07/15/2026,13116,Tax Exempt,,521.8
07/15/2026,13116,Sales Tax,,194.02
07/15/2026,13116,In-Store Credit Card,1948.36,
07/15/2026,13116,Online Credit card,1237.75,
07/15/2026,13116,In-Store Credit Card Tips,,101.45
07/15/2026,13116,Gift Card,52.22,
07/15/2026,13116,3rd Party - DoorDash,616.08,
07/15/2026,13116,3rd Party - UberEats,386.74,
07/15/2026,13116,Cash Over/Short Adjustment,0.14,
07/15/2026,13116,Register Audit Adjustment,440,
07/15/2026,13138,Subject to Tax,,2633.7
07/15/2026,13138,Non-Taxable Sales,,12.39
07/15/2026,13138,3rd Party Tax Exempt,,262.53
07/15/2026,13138,Register Audit,765,
07/15/2026,13138,Sales Tax,,184.27
07/15/2026,13138,In-Store Credit Card,1429.17,
07/15/2026,13138,Online Credit card,702.35,
07/15/2026,13138,Online Gift Card,45.96,
07/15/2026,13138,Online Credit Card Tips,,27
07/15/2026,13138,In-Store Credit Card Tips,,92.46
07/15/2026,13138,Gift Card,4.13,
07/15/2026,13138,3rd Party - DoorDash,206.91,
07/15/2026,13138,3rd Party - UberEats,58.86,
07/15/2026,13138,Cash Over/Short Adjustment,,0.03
07/15/2026,13148,Subject to Tax,,5005.78
07/15/2026,13148,Non-Taxable Sales,,179.04
07/15/2026,13148,3rd Party Tax Exempt,,531.85
07/15/2026,13148,Sales Tax,,325.44
07/15/2026,13148,In-Store Credit Card,2710.12,
07/15/2026,13148,Online Credit card,2749.7,
07/15/2026,13148,Online Gift Card,19.38,
07/15/2026,13148,Online Credit Card Tips,,62.46
07/15/2026,13148,In-Store Credit Card Tips,,192.2
07/15/2026,13148,Gift Card,18.72,
07/15/2026,13148,3rd Party - DoorDash,460.07,
07/15/2026,13148,3rd Party - UberEats,94.52,
07/15/2026,13148,Cash Over/Short Adjustment,0.26,
07/15/2026,13148,Register Audit Adjustment,244,
07/15/2026,13162,Subject to Tax,,3296.64
07/15/2026,13162,Non-Taxable Sales,,36.54
07/15/2026,13162,3rd Party Tax Exempt,,709.14
07/15/2026,13162,Sales Tax,,230.78
07/15/2026,13162,In-Store Credit Card,2194.57,
07/15/2026,13162,Payout,26.95,
07/15/2026,13162,Online Credit card,1193.33,
07/15/2026,13162,Online Credit Card Tips,,36
07/15/2026,13162,In-Store Credit Card Tips,,135.95
07/15/2026,13162,Gift Card,10,
07/15/2026,13162,3rd Party - DoorDash,463.65,
07/15/2026,13162,3rd Party - GrubHub,30.22,
07/15/2026,13162,3rd Party - UberEats,273.93,
07/15/2026,13162,Cash Over/Short Adjustment,0.4,
07/15/2026,13162,Register Audit Adjustment,252,
07/15/2026,13219,Subject to Tax,,3160.1
07/15/2026,13219,Non-Taxable Sales,,26.89
07/15/2026,13219,3rd Party Tax Exempt,,462.72
07/15/2026,13219,Sales Tax,,221.18
07/15/2026,13219,In-Store Credit Card,1921.38,
07/15/2026,13219,Payout,53.5,
07/15/2026,13219,Online Credit card,873.7,
07/15/2026,13219,Online Credit Card Tips,,36
07/15/2026,13219,In-Store Credit Card Tips,,111.07
07/15/2026,13219,Gift Card Sold,,20
07/15/2026,13219,3rd Party - DoorDash,394.5,
07/15/2026,13219,3rd Party - UberEats,71.46,
07/15/2026,13219,Cash Over/Short Adjustment,0.42,
07/15/2026,13219,Register Audit Adjustment,723,
07/15/2026,37001,Subject to Tax,,5784.46
07/15/2026,37001,Non-Taxable Sales,,624.69
07/15/2026,37001,Register Audit,816.9,
07/15/2026,37001,Sales Tax,,491.73
07/15/2026,37001,In-Store Credit Card,3267.12,
07/15/2026,37001,Online Credit card,2485.68,
07/15/2026,37001,Online Gift Card,24.69,
07/15/2026,37001,Online Credit Card Tips,,93
07/15/2026,37001,In-Store Credit Card Tips,,198.79
07/15/2026,37001,Gift Card,61.01,
07/15/2026,37001,Gift Card Sold,,75
07/15/2026,37001,3rd Party - DoorDash,598.14,
07/15/2026,37001,3rd Party - UberEats,27.61,
07/15/2026,37001,Cash Over/Short Adjustment,,0.48
07/15/2026,37001,Register Audit Adjustment,,13
07/15/2026,37002,Subject to Tax,,4459.32
07/15/2026,37002,Non-Taxable Sales,,475.69
07/15/2026,37002,Sales Tax,,379.06
07/15/2026,37002,In-Store Credit Card,2161.13,
07/15/2026,37002,Online Credit card,1604.28,
07/15/2026,37002,Online Gift Card,0.75,
07/15/2026,37002,Online Credit Card Tips,,53.25
07/15/2026,37002,In-Store Credit Card Tips,,122.39
07/15/2026,37002,Online Gift Card Tips,,0.75
07/15/2026,37002,Gift Card,28.8,
07/15/2026,37002,3rd Party - DoorDash,863.87,
07/15/2026,37002,3rd Party - GrubHub,48.18,
07/15/2026,37002,3rd Party - UberEats,238.65,
07/15/2026,37002,Cash Over/Short Adjustment,0.8,
07/15/2026,37002,Register Audit Adjustment,544,
07/15/2026,37004,Subject to Tax,,1795.86
07/15/2026,37004,Non-Taxable Sales,,227.65
07/15/2026,37004,Register Audit,239,
07/15/2026,37004,Sales Tax,,152.67
07/15/2026,37004,In-Store Credit Card,1131.28,
07/15/2026,37004,Online Credit card,855.68,
07/15/2026,37004,Online Credit Card Tips,,38
07/15/2026,37004,In-Store Credit Card Tips,,83.06
07/15/2026,37004,Gift Card,15,
07/15/2026,37004,3rd Party - DoorDash,55.72,
07/15/2026,37004,Cash Over/Short Adjustment,0.56,
07/15/2026,37006,Subject to Tax,,4646.18
07/15/2026,37006,Non-Taxable Sales,,538.33
07/15/2026,37006,Sales Tax,,394.94
07/15/2026,37006,In-Store Credit Card,3125.43,
07/15/2026,37006,Online Credit card,1959.72,
07/15/2026,37006,Online Gift Card,14.74,
07/15/2026,37006,Online Credit Card Tips,,57
07/15/2026,37006,In-Store Credit Card Tips,,238.91
07/15/2026,37006,Gift Card,11.24,
07/15/2026,37006,3rd Party - DoorDash,368.16,
07/15/2026,37006,Cash Over/Short Adjustment,0.07,
07/15/2026,37006,Register Audit Adjustment,396,
07/15/2026,37009,Subject to Tax,,4247.85
07/15/2026,37009,Non-Taxable Sales,,389.79
07/15/2026,37009,Register Audit,425,
07/15/2026,37009,Sales Tax,,361.11
07/15/2026,37009,In-Store Credit Card,1822.17,
07/15/2026,37009,Online Credit card,2244.81,
07/15/2026,37009,Online Credit Card Tips,,102.92
07/15/2026,37009,In-Store Credit Card Tips,,184.03
07/15/2026,37009,Gift Card,10,
07/15/2026,37009,3rd Party - DoorDash,706.77,
07/15/2026,37009,3rd Party - UberEats,76.1,
07/15/2026,37009,Cash Over/Short Adjustment,0.85,
07/15/2026,37013,Subject to Tax,,3866.31
07/15/2026,37013,Non-Taxable Sales,,400.97
07/15/2026,37013,Register Audit,526,
07/15/2026,37013,Sales Tax,,328.68
07/15/2026,37013,In-Store Credit Card,2375.32,
07/15/2026,37013,Online Credit card,1487.56,
07/15/2026,37013,Online Credit Card Tips,,53
07/15/2026,37013,In-Store Credit Card Tips,,168.8
07/15/2026,37013,Gift Card,17.79,
07/15/2026,37013,3rd Party - DoorDash,411.01,
07/15/2026,37013,Cash Over/Short Adjustment,0.08,
07/15/2026,37014,Subject to Tax,,3358.82
07/15/2026,37014,Non-Taxable Sales,,301.03
07/15/2026,37014,Register Audit,447,
07/15/2026,37014,Sales Tax,,285.57
07/15/2026,37014,In-Store Credit Card,1438.67,
07/15/2026,37014,Online Credit card,1495.16,
07/15/2026,37014,Online Gift Card,74.29,
07/15/2026,37014,Online Credit Card Tips,,52.05
07/15/2026,37014,In-Store Credit Card Tips,,106.96
07/15/2026,37014,Gift Card,7.2,
07/15/2026,37014,3rd Party - DoorDash,541.03,
07/15/2026,37014,3rd Party - UberEats,99.14,
07/15/2026,37014,Cash Over/Short Adjustment,0.94,
07/15/2026,37014,Register Audit Adjustment,1,
07/15/2026,37016,Subject to Tax,,3686.29
07/15/2026,37016,Non-Taxable Sales,,411.89
07/15/2026,37016,Sales Tax,,313.37
07/15/2026,37016,In-Store Credit Card,2250.5,
07/15/2026,37016,Online Credit card,1461.15,
07/15/2026,37016,Online Credit Card Tips,,48.87
07/15/2026,37016,In-Store Credit Card Tips,,165.2
07/15/2026,37016,Gift Card,95.36,
07/15/2026,37016,Gift Card Sold,,125
07/15/2026,37016,3rd Party - DoorDash,13.59,
07/15/2026,37016,Cash Over/Short Adjustment,0.02,
07/15/2026,37016,Register Audit Adjustment,930,
07/15/2026,37020,Subject to Tax,,3139.78
07/15/2026,37020,Non-Taxable Sales,,307.57
07/15/2026,37020,Register Audit,469.35,
07/15/2026,37020,Sales Tax,,266.92
07/15/2026,37020,In-Store Credit Card,1573.42,
07/15/2026,37020,Payout,3.29,
07/15/2026,37020,Online Credit card,1601.9,
07/15/2026,37020,Online Credit Card Tips,,46
07/15/2026,37020,In-Store Credit Card Tips,,86.44
07/15/2026,37020,Gift Card,29.4,
07/15/2026,37020,3rd Party - DoorDash,159.25,
07/15/2026,37020,Cash Over/Short Adjustment,0.1,
07/15/2026,37020,Register Audit Adjustment,10,
07/15/2026,49001,Subject to Tax,,4276.85
07/15/2026,49001,3rd Party Tax Exempt,,713.34
07/15/2026,49001,Sales Tax,,341.88
07/15/2026,49001,In-Store Credit Card,2544.9,
07/15/2026,49001,Payout,38.19,
07/15/2026,49001,Online Credit card,1919.06,
07/15/2026,49001,Online Gift Card,13.77,
07/15/2026,49001,Online Credit Card Tips,,68.5
07/15/2026,49001,In-Store Credit Card Tips,,183.74
07/15/2026,49001,Online Gift Card Tips,,2
07/15/2026,49001,Gift Card,33.59,
07/15/2026,49001,3rd Party - DoorDash,646.21,
07/15/2026,49001,3rd Party - UberEats,67.13,
07/15/2026,49001,Cash Over/Short Adjustment,0.46,
07/15/2026,49001,Register Audit Adjustment,323,
07/15/2026,49002,Subject to Tax,,3323.4
07/15/2026,49002,3rd Party Tax Exempt,,532.09
07/15/2026,49002,Sales Tax,,265.99
07/15/2026,49002,In-Store Credit Card,2164.17,
07/15/2026,49002,Online Credit card,1097.02,
07/15/2026,49002,Online Credit Card Tips,,37
07/15/2026,49002,In-Store Credit Card Tips,,153.82
07/15/2026,49002,Gift Card,46.12,
07/15/2026,49002,Gift Card Sold,,25
07/15/2026,49002,3rd Party - DoorDash,464.62,
07/15/2026,49002,3rd Party - GrubHub,14.15,
07/15/2026,49002,3rd Party - UberEats,53.32,
07/15/2026,49002,Cash Over/Short Adjustment,0.9,
07/15/2026,49002,Register Audit Adjustment,497,
07/15/2026,49003,Subject to Tax,,3263.59
07/15/2026,49003,3rd Party Tax Exempt,,377.13
07/15/2026,49003,Sales Tax,,261.26
07/15/2026,49003,In-Store Credit Card,2146.22,
07/15/2026,49003,Payout,120.34,
07/15/2026,49003,Online Credit card,1004.98,
07/15/2026,49003,Online Gift Card,22.84,
07/15/2026,49003,Online Credit Card Tips,,45
07/15/2026,49003,In-Store Credit Card Tips,,165.93
07/15/2026,49003,Gift Card,29.69,
07/15/2026,49003,3rd Party - DoorDash,377.13,
07/15/2026,49003,Cash Over/Short Adjustment,0.71,
07/15/2026,49003,Register Audit Adjustment,411,
07/15/2026,49004,Subject to Tax,,4003.95
07/15/2026,49004,3rd Party Tax Exempt,,662.89
07/15/2026,49004,Sales Tax,,319.97
07/15/2026,49004,In-Store Credit Card,2059.91,
07/15/2026,49004,Payout,6.76,
07/15/2026,49004,Online Credit card,1868.77,
07/15/2026,49004,Online Gift Card,36.78,
07/15/2026,49004,Online Credit Card Tips,,52.2
07/15/2026,49004,In-Store Credit Card Tips,,160.66
07/15/2026,49004,Gift Card,25,
07/15/2026,49004,3rd Party - DoorDash,598.39,
07/15/2026,49004,3rd Party - GrubHub,14.58,
07/15/2026,49004,3rd Party - UberEats,49.92,
07/15/2026,49004,Cash Over/Short Adjustment,0.56,
07/15/2026,49004,Register Audit Adjustment,539,
07/15/2026,49005,Subject to Tax,,5058.5
07/15/2026,49005,3rd Party Tax Exempt,,504.47
07/15/2026,49005,Sales Tax,,404.91
07/15/2026,49005,In-Store Credit Card,2736.27,
07/15/2026,49005,Payout,80,
07/15/2026,49005,Online Credit card,2322,
07/15/2026,49005,Online Gift Card,30.14,
07/15/2026,49005,Online Credit Card Tips,,53
07/15/2026,49005,In-Store Credit Card Tips,,193.21
07/15/2026,49005,Online Gift Card Tips,,2
07/15/2026,49005,Gift Card,10.34,
07/15/2026,49005,3rd Party - DoorDash,426.11,
07/15/2026,49005,3rd Party - UberEats,78.36,
07/15/2026,49005,Cash Over/Short Adjustment,0.87,
07/15/2026,49005,Register Audit Adjustment,532,
07/15/2026,49006,Subject to Tax,,5875.55
07/15/2026,49006,3rd Party Tax Exempt,,1070.22
07/15/2026,49006,Sales Tax,,470.24
07/15/2026,49006,In-Store Credit Card,3154.23,
07/15/2026,49006,Online Credit card,2515.64,
07/15/2026,49006,Online Credit Card Tips,,52.39
07/15/2026,49006,In-Store Credit Card Tips,,194.68
07/15/2026,49006,Gift Card,53.13,
07/15/2026,49006,Gift Card Sold,,50
07/15/2026,49006,3rd Party - DoorDash,912.65,
07/15/2026,49006,3rd Party - GrubHub,12.84,
07/15/2026,49006,3rd Party - UberEats,144.73,
07/15/2026,49006,Cash Over/Short Adjustment,0.86,
07/15/2026,49006,Register Audit Adjustment,919,
07/15/2026,49007,Subject to Tax,,2837.9
07/15/2026,49007,3rd Party Tax Exempt,,1322.87
07/15/2026,49007,Register Audit,439.47,
07/15/2026,49007,Sales Tax,,226.83
07/15/2026,49007,In-Store Credit Card,1353.14,
07/15/2026,49007,Online Credit card,1341.63,
07/15/2026,49007,Online Gift Card,46.15,
07/15/2026,49007,Online Credit Card Tips,,47.96
07/15/2026,49007,In-Store Credit Card Tips,,77.47
07/15/2026,49007,Online Gift Card Tips,,2
07/15/2026,49007,Gift Card,11.77,
07/15/2026,49007,3rd Party - DoorDash,1121.19,
07/15/2026,49007,3rd Party - UberEats,201.68,
07/15/2026,49008,Subject to Tax,,3220.6
07/15/2026,49008,3rd Party Tax Exempt,,553.93
07/15/2026,49008,Sales Tax,,257.43
07/15/2026,49008,In-Store Credit Card,1753.08,
07/15/2026,49008,Online Credit card,1539.86,
07/15/2026,49008,Online Credit Card Tips,,62.71
07/15/2026,49008,In-Store Credit Card Tips,,84.7
07/15/2026,49008,Gift Card,53.75,
07/15/2026,49008,3rd Party - DoorDash,553.93,
07/15/2026,49008,Cash Over/Short Adjustment,0.75,
07/15/2026,49008,Register Audit Adjustment,278,
07/15/2026,49009,Subject to Tax,,4736.55
07/15/2026,49009,3rd Party Tax Exempt,,452.17
07/15/2026,49009,Register Audit,563,
07/15/2026,49009,Sales Tax,,378.66
07/15/2026,49009,In-Store Credit Card,3154.57,
07/15/2026,49009,Online Credit card,1615.23,
07/15/2026,49009,Online Gift Card,5.39,
07/15/2026,49009,Online Credit Card Tips,,33.34
07/15/2026,49009,In-Store Credit Card Tips,,201.37
07/15/2026,49009,Gift Card,36.61,
07/15/2026,49009,Gift Card Sold,,50
07/15/2026,49009,3rd Party - DoorDash,452.17,
07/15/2026,49009,Cash Over/Short Adjustment,0.12,
07/15/2026,49009,Register Audit Adjustment,25,
07/15/2026,49010,Subject to Tax,,3565.6
07/15/2026,49010,3rd Party Tax Exempt,,324.64
07/15/2026,49010,Sales Tax,,284.45
07/15/2026,49010,In-Store Credit Card,1899.35,
07/15/2026,49010,Online Credit card,1886.11,
07/15/2026,49010,Online Gift Card,41.53,
07/15/2026,49010,Online Credit Card Tips,,76
07/15/2026,49010,In-Store Credit Card Tips,,135.59
07/15/2026,49010,Gift Card,43.47,
07/15/2026,49010,3rd Party - DoorDash,263.75,
07/15/2026,49010,3rd Party - GrubHub,12.84,
07/15/2026,49010,3rd Party - UberEats,48.05,
07/15/2026,49010,Cash Over/Short Adjustment,0.18,
07/15/2026,49010,Register Audit Adjustment,191,
07/15/2026,49011,Subject to Tax,,4898.2
07/15/2026,49011,3rd Party Tax Exempt,,275.53
07/15/2026,49011,Sales Tax,,391.29
07/15/2026,49011,In-Store Credit Card,2004.67,
07/15/2026,49011,Payout,5.16,
07/15/2026,49011,Online Credit card,2656.04,
07/15/2026,49011,Online Credit Card Tips,,94
07/15/2026,49011,In-Store Credit Card Tips,,158.98
07/15/2026,49011,Gift Card,47.75,
07/15/2026,49011,3rd Party - DoorDash,232.7,
07/15/2026,49011,3rd Party - GrubHub,18.35,
07/15/2026,49011,3rd Party - UberEats,24.48,
07/15/2026,49011,Cash Over/Short Adjustment,0.85,
07/15/2026,49011,Register Audit Adjustment,828,
07/16/2026,2006,Subject to Tax,,166.34
07/16/2026,2006,Non-Taxable Sales,,3716.47
07/16/2026,2006,3rd Party Tax Exempt,,30.12
07/16/2026,2006,Register Audit,290,
07/16/2026,2006,Sales Tax,,11.71
07/16/2026,2006,In-Store Credit Card,1521.55,
07/16/2026,2006,Payout,90,
07/16/2026,2006,Online Credit card,1319.9,
07/16/2026,2006,Online Credit Card Tips,,29
07/16/2026,2006,In-Store Credit Card Tips,,89.09
07/16/2026,2006,Gift Card,89.05,
07/16/2026,2006,3rd Party - DoorDash,572.18,
07/16/2026,2006,3rd Party - GrubHub,21.12,
07/16/2026,2006,3rd Party - UberEats,229.53,
07/16/2026,2006,Cash Over/Short Adjustment,,0.6
07/16/2026,2016,Subject to Tax,,138.68
07/16/2026,2016,Non-Taxable Sales,,4118.92
07/16/2026,2016,3rd Party Tax Exempt,,26.04
07/16/2026,2016,Register Audit,455,
07/16/2026,2016,Sales Tax,,9.39
07/16/2026,2016,In-Store Credit Card,1992.91,
07/16/2026,2016,Online Credit card,964.89,
07/16/2026,2016,Online Gift Card,95,
07/16/2026,2016,Online Credit Card Tips,,39.19
07/16/2026,2016,In-Store Credit Card Tips,,109.42
07/16/2026,2016,Gift Card,23.9,
07/16/2026,2016,3rd Party - DoorDash,637.45,
07/16/2026,2016,3rd Party - GrubHub,96.36,
07/16/2026,2016,3rd Party - UberEats,175.83,
07/16/2026,2016,Cash Over/Short Adjustment,0.3,
07/16/2026,2017,Subject to Tax,,210.72
07/16/2026,2017,Non-Taxable Sales,,4067.69
07/16/2026,2017,3rd Party Tax Exempt,,7.68
07/16/2026,2017,Register Audit,343,
07/16/2026,2017,Sales Tax,,14.94
07/16/2026,2017,In-Store Credit Card,2140.89,
07/16/2026,2017,Payout,6.99,
07/16/2026,2017,Online Credit card,1348.23,
07/16/2026,2017,Online Gift Card,94.88,
07/16/2026,2017,Online Credit Card Tips,,51
07/16/2026,2017,In-Store Credit Card Tips,,131.82
07/16/2026,2017,Online Gift Card Tips,,1
07/16/2026,2017,Gift Card,28.66,
07/16/2026,2017,3rd Party - DoorDash,458.26,
07/16/2026,2017,3rd Party - GrubHub,18.23,
07/16/2026,2017,3rd Party - UberEats,46.56,
07/16/2026,2017,Cash Over/Short Adjustment,,0.85
07/16/2026,2020,Subject to Tax,,324.06
07/16/2026,2020,Non-Taxable Sales,,3942.57
07/16/2026,2020,3rd Party Tax Exempt,,17.88
07/16/2026,2020,Register Audit,660,
07/16/2026,2020,Sales Tax,,23.14
07/16/2026,2020,In-Store Credit Card,2040.05,
07/16/2026,2020,Payout,1.34,
07/16/2026,2020,Online Credit card,966.75,
07/16/2026,2020,Online Gift Card,41.55,
07/16/2026,2020,Online Credit Card Tips,,32
07/16/2026,2020,In-Store Credit Card Tips,,122.36
07/16/2026,2020,Online Gift Card Tips,,2
07/16/2026,2020,Gift Card,20.7,
07/16/2026,2020,3rd Party - DoorDash,554.98,
07/16/2026,2020,3rd Party - GrubHub,57.35,
07/16/2026,2020,3rd Party - UberEats,121.08,
07/16/2026,2020,Cash Over/Short Adjustment,0.21,
07/16/2026,2023,Subject to Tax,,205.24
07/16/2026,2023,Non-Taxable Sales,,4019.18
07/16/2026,2023,3rd Party Tax Exempt,,14.52
07/16/2026,2023,Register Audit,248,
07/16/2026,2023,Sales Tax,,14.34
07/16/2026,2023,In-Store Credit Card,2443.85,
07/16/2026,2023,Payout,23.73,
07/16/2026,2023,Online Credit card,1073.03,
07/16/2026,2023,Online Credit Card Tips,,24
07/16/2026,2023,In-Store Credit Card Tips,,165.86
07/16/2026,2023,Gift Card,38.8,
07/16/2026,2023,3rd Party - DoorDash,450.31,
07/16/2026,2023,3rd Party - GrubHub,15.11,
07/16/2026,2023,3rd Party - UberEats,150.34,
07/16/2026,2023,Cash Over/Short Adjustment,,0.03
07/16/2026,2024,Subject to Tax,,248.35
07/16/2026,2024,Non-Taxable Sales,,4105.68
07/16/2026,2024,3rd Party Tax Exempt,,36.64
07/16/2026,2024,Register Audit,100,
07/16/2026,2024,Sales Tax,,18.84
07/16/2026,2024,In-Store Credit Card,2556.78,
07/16/2026,2024,Online Credit card,1321.76,
07/16/2026,2024,Online Credit Card Tips,,40.8
07/16/2026,2024,In-Store Credit Card Tips,,167.65
07/16/2026,2024,Gift Card,73.03,
07/16/2026,2024,3rd Party - DoorDash,402.24,
07/16/2026,2024,3rd Party - UberEats,163.93,
07/16/2026,2024,Cash Over/Short Adjustment,0.22,
07/16/2026,2047,Subject to Tax,,188.84
07/16/2026,2047,Non-Taxable Sales,,3705.6
07/16/2026,2047,3rd Party Tax Exempt,,33.96
07/16/2026,2047,Register Audit,343,
07/16/2026,2047,Sales Tax,,13.06
07/16/2026,2047,In-Store Credit Card,2130.83,
07/16/2026,2047,Online Credit card,795.77,
07/16/2026,2047,Online Credit Card Tips,,7
07/16/2026,2047,In-Store Credit Card Tips,,133.78
07/16/2026,2047,Gift Card,6.3,
07/16/2026,2047,3rd Party - DoorDash,550.48,
07/16/2026,2047,3rd Party - GrubHub,27.12,
07/16/2026,2047,3rd Party - UberEats,228.14,
07/16/2026,2047,Cash Over/Short Adjustment,0.6,
07/16/2026,4003,Subject to Tax,,4650.8
07/16/2026,4003,Register Audit,320.91,
07/16/2026,4003,Sales Tax,,453.47
07/16/2026,4003,In-Store Credit Card,2473.35,
07/16/2026,4003,Online Credit card,1216.9,
07/16/2026,4003,Online Gift Card,59.74,
07/16/2026,4003,Online Credit Card Tips,,53.62
07/16/2026,4003,In-Store Credit Card Tips,,173.89
07/16/2026,4003,Online Gift Card Tips,,1
07/16/2026,4003,Gift Card,78.48,
07/16/2026,4003,3rd Party - DoorDash,948.54,
07/16/2026,4003,3rd Party - UberEats,234.52,
07/16/2026,4003,Cash Over/Short Adjustment,0.34,
07/16/2026,4004,Subject to Tax,,4860.49
07/16/2026,4004,Register Audit,280,
07/16/2026,4004,Sales Tax,,473.92
07/16/2026,4004,In-Store Credit Card,2262.89,
07/16/2026,4004,Online Credit card,1065.29,
07/16/2026,4004,Online Credit Card Tips,,16
07/16/2026,4004,In-Store Credit Card Tips,,146.31
07/16/2026,4004,3rd Party - DoorDash,1311.47,
07/16/2026,4004,3rd Party - GrubHub,53.52,
07/16/2026,4004,3rd Party - UberEats,524.38,
07/16/2026,4004,Cash Over/Short Adjustment,,0.83
07/16/2026,4005,Subject to Tax,,4464.57
07/16/2026,4005,Register Audit,444,
07/16/2026,4005,Sales Tax,,435.37
07/16/2026,4005,In-Store Credit Card,3041.54,
07/16/2026,4005,Online Credit card,864.76,
07/16/2026,4005,Online Gift Card,11.78,
07/16/2026,4005,In-Store Credit Card Tips,,224.96
07/16/2026,4005,Gift Card,46.91,
07/16/2026,4005,3rd Party - DoorDash,364.2,
07/16/2026,4005,3rd Party - UberEats,351.55,
07/16/2026,4005,Cash Over/Short Adjustment,0.16,
07/16/2026,4008,Subject to Tax,,2987.62
07/16/2026,4008,Register Audit,260,
07/16/2026,4008,Sales Tax,,291.27
07/16/2026,4008,In-Store Credit Card,1770.55,
07/16/2026,4008,Online Credit card,833.95,
07/16/2026,4008,Online Credit Card Tips,,24
07/16/2026,4008,In-Store Credit Card Tips,,89.47
07/16/2026,4008,3rd Party - DoorDash,366.24,
07/16/2026,4008,3rd Party - UberEats,162.19,
07/16/2026,4008,Cash Over/Short Adjustment,,0.57
07/16/2026,4009,Subject to Tax,,2923.6
07/16/2026,4009,Register Audit,182,
07/16/2026,4009,Sales Tax,,284.98
07/16/2026,4009,In-Store Credit Card,1631.83,
07/16/2026,4009,Payout,3.73,
07/16/2026,4009,Online Credit card,786.13,
07/16/2026,4009,Online Gift Card,10.56,
07/16/2026,4009,Online Credit Card Tips,,19
07/16/2026,4009,In-Store Credit Card Tips,,93.89
07/16/2026,4009,Online Gift Card Tips,,1
07/16/2026,4009,Gift Card,38.99,
07/16/2026,4009,3rd Party - DoorDash,465.44,
07/16/2026,4009,3rd Party - GrubHub,16.25,
07/16/2026,4009,3rd Party - UberEats,186.9,
07/16/2026,4009,Cash Over/Short Adjustment,0.64,
07/16/2026,4010,Subject to Tax,,2747.72
07/16/2026,4010,Register Audit,227,
07/16/2026,4010,Sales Tax,,267.9
07/16/2026,4010,In-Store Credit Card,1864.7,
07/16/2026,4010,Online Credit card,469.78,
07/16/2026,4010,In-Store Credit Card Tips,,139.82
07/16/2026,4010,Gift Card Sold,,25
07/16/2026,4010,3rd Party - DoorDash,375.08,
07/16/2026,4010,3rd Party - UberEats,243.6,
07/16/2026,4010,Cash Over/Short Adjustment,0.28,
07/16/2026,4015,Subject to Tax,,4338.9
07/16/2026,4015,Register Audit,434,
07/16/2026,4015,Sales Tax,,423.1
07/16/2026,4015,In-Store Credit Card,2761.96,
07/16/2026,4015,Online Credit card,1146.31,
07/16/2026,4015,Online Credit Card Tips,,26
07/16/2026,4015,In-Store Credit Card Tips,,161.01
07/16/2026,4015,3rd Party - DoorDash,460.06,
07/16/2026,4015,3rd Party - UberEats,147.49,
07/16/2026,4015,Cash Over/Short Adjustment,,0.81
07/16/2026,4021,Subject to Tax,,3654.89
07/16/2026,4021,Sales Tax,,356.3
07/16/2026,4021,In-Store Credit Card,2019.03,
07/16/2026,4021,Online Credit card,1232.29,
07/16/2026,4021,Online Gift Card,14.13,
07/16/2026,4021,Online Credit Card Tips,,37
07/16/2026,4021,In-Store Credit Card Tips,,143.54
07/16/2026,4021,Gift Card,29.72,
07/16/2026,4021,Gift Card Sold,,20
07/16/2026,4021,3rd Party - DoorDash,205.39,
07/16/2026,4021,3rd Party - UberEats,430.88,
07/16/2026,4021,Cash Over/Short Adjustment,0.29,
07/16/2026,4021,Register Audit Adjustment,280,
07/16/2026,4025,Subject to Tax,,3144.24
07/16/2026,4025,Register Audit,305,
07/16/2026,4025,Sales Tax,,306.58
07/16/2026,4025,In-Store Credit Card,1635.14,
07/16/2026,4025,Online Credit card,922.62,
07/16/2026,4025,Online Credit Card Tips,,10
07/16/2026,4025,In-Store Credit Card Tips,,110.44
07/16/2026,4025,Gift Card,71.56,
07/16/2026,4025,3rd Party - DoorDash,388.13,
07/16/2026,4025,3rd Party - UberEats,249.16,
07/16/2026,4025,Cash Over/Short Adjustment,,0.35
07/16/2026,4034,Subject to Tax,,4519.68
07/16/2026,4034,Register Audit,287,
07/16/2026,4034,Sales Tax,,440.67
07/16/2026,4034,In-Store Credit Card,2254.83,
07/16/2026,4034,Online Credit card,1639.28,
07/16/2026,4034,Online Gift Card,13.88,
07/16/2026,4034,Online Credit Card Tips,,34.23
07/16/2026,4034,In-Store Credit Card Tips,,148.33
07/16/2026,4034,3rd Party - DoorDash,701.24,
07/16/2026,4034,3rd Party - UberEats,247.17,
07/16/2026,4034,Cash Over/Short Adjustment,,0.49
07/16/2026,4036,Subject to Tax,,8804.47
07/16/2026,4036,Register Audit,308,
07/16/2026,4036,Sales Tax,,858.46
07/16/2026,4036,In-Store Credit Card,7240.4,
07/16/2026,4036,Online Credit card,1214.5,
07/16/2026,4036,Online Credit Card Tips,,40
07/16/2026,4036,In-Store Credit Card Tips,,584.72
07/16/2026,4036,Gift Card,31.71,
07/16/2026,4036,3rd Party - DoorDash,841.87,
07/16/2026,4036,3rd Party - GrubHub,43.99,
07/16/2026,4036,3rd Party - UberEats,606.72,
07/16/2026,4036,Cash Over/Short Adjustment,0.46,
07/16/2026,4042,Subject to Tax,,6886.44
07/16/2026,4042,Sales Tax,,671.47
07/16/2026,4042,In-Store Credit Card,3167.99,
07/16/2026,4042,Online Credit card,2842.2,
07/16/2026,4042,Online Gift Card,25,
07/16/2026,4042,Online Credit Card Tips,,53
07/16/2026,4042,In-Store Credit Card Tips,,192.06
07/16/2026,4042,Gift Card,57.59,
07/16/2026,4042,3rd Party - DoorDash,1319.03,
07/16/2026,4042,3rd Party - UberEats,205.14,
07/16/2026,4042,Cash Over/Short Adjustment,0.02,
07/16/2026,4042,Register Audit Adjustment,186,
07/16/2026,4052,Subject to Tax,,5649.82
07/16/2026,4052,Tax Exempt,,538.6
07/16/2026,4052,Register Audit,915,
07/16/2026,4052,Sales Tax,,550.85
07/16/2026,4052,In-Store Credit Card,2999.42,
07/16/2026,4052,Payout,13.64,
07/16/2026,4052,Online Credit card,2235.38,
07/16/2026,4052,Online Gift Card,10,
07/16/2026,4052,Online Credit Card Tips,,128
07/16/2026,4052,In-Store Credit Card Tips,,185.07
07/16/2026,4052,3rd Party - DoorDash,776.38,
07/16/2026,4052,3rd Party - GrubHub,14.09,
07/16/2026,4052,3rd Party - UberEats,89.3,
07/16/2026,4052,Cash Over/Short Adjustment,,0.87
07/16/2026,4061,Subject to Tax,,3906.12
07/16/2026,4061,Tax Exempt,,521.5
07/16/2026,4061,Register Audit,117,
07/16/2026,4061,Sales Tax,,380.89
07/16/2026,4061,In-Store Credit Card,3223.01,
07/16/2026,4061,Payout,39.75,
07/16/2026,4061,Online Credit card,1041.98,
07/16/2026,4061,Online Credit Card Tips,,32
07/16/2026,4061,In-Store Credit Card Tips,,187.88
07/16/2026,4061,Gift Card,39.82,
07/16/2026,4061,3rd Party - DoorDash,318.24,
07/16/2026,4061,3rd Party - UberEats,248.85,
07/16/2026,4061,Cash Over/Short Adjustment,,0.26
07/16/2026,4074,Subject to Tax,,2247.02
07/16/2026,4074,Register Audit,185,
07/16/2026,4074,Sales Tax,,219.06
07/16/2026,4074,In-Store Credit Card,1731.04,
07/16/2026,4074,Payout,19.72,
07/16/2026,4074,Online Credit card,568.35,
07/16/2026,4074,Online Credit Card Tips,,7
07/16/2026,4074,In-Store Credit Card Tips,,146.19
07/16/2026,4074,Gift Card,37.15,
07/16/2026,4074,3rd Party - DoorDash,14.09,
07/16/2026,4074,3rd Party - GrubHub,64.39,
07/16/2026,4074,Cash Over/Short Adjustment,,0.47
07/16/2026,5042,Subject to Tax,,3936.45
07/16/2026,5042,Non-Taxable Sales,,16.5
07/16/2026,5042,3rd Party Tax Exempt,,382.53
07/16/2026,5042,Register Audit,515,
07/16/2026,5042,Sales Tax,,271.4
07/16/2026,5042,In-Store Credit Card,2662.57,
07/16/2026,5042,Online Credit card,1257.18,
07/16/2026,5042,Online Credit Card Tips,,53
07/16/2026,5042,In-Store Credit Card Tips,,184.7
07/16/2026,5042,Gift Card,28.14,
07/16/2026,5042,3rd Party - DoorDash,214.15,
07/16/2026,5042,3rd Party - UberEats,168.38,
07/16/2026,5042,Cash Over/Short Adjustment,,0.84
07/16/2026,5043,Subject to Tax,,5272.4
07/16/2026,5043,Non-Taxable Sales,,20
07/16/2026,5043,3rd Party Tax Exempt,,1231.07
07/16/2026,5043,Register Audit,500,
07/16/2026,5043,Sales Tax,,361.48
07/16/2026,5043,In-Store Credit Card,3582.02,
07/16/2026,5043,Online Credit card,1791.59,
07/16/2026,5043,Online Gift Card,29.47,
07/16/2026,5043,Online Credit Card Tips,,66
07/16/2026,5043,In-Store Credit Card Tips,,186.7
07/16/2026,5043,Online Gift Card Tips,,2
07/16/2026,5043,Gift Card,5.53,
07/16/2026,5043,3rd Party - DoorDash,818.02,
07/16/2026,5043,3rd Party - GrubHub,14.58,
07/16/2026,5043,3rd Party - UberEats,398.47,
07/16/2026,5043,Cash Over/Short Adjustment,,0.03
07/16/2026,5049,Subject to Tax,,2661.95
07/16/2026,5049,Non-Taxable Sales,,5
07/16/2026,5049,3rd Party Tax Exempt,,618.04
07/16/2026,5049,Register Audit,434,
07/16/2026,5049,Sales Tax,,219.13
07/16/2026,5049,In-Store Credit Card,1733.44,
07/16/2026,5049,Online Credit card,837.5,
07/16/2026,5049,Online Credit Card Tips,,14
07/16/2026,5049,In-Store Credit Card Tips,,104.58
07/16/2026,5049,3rd Party - DoorDash,555.1,
07/16/2026,5049,3rd Party - UberEats,62.94,
07/16/2026,5049,Cash Over/Short Adjustment,,0.28
07/16/2026,5051,Subject to Tax,,2825.5
07/16/2026,5051,Non-Taxable Sales,,20.5
07/16/2026,5051,3rd Party Tax Exempt,,640.14
07/16/2026,5051,Register Audit,192,
07/16/2026,5051,Sales Tax,,194.52
07/16/2026,5051,In-Store Credit Card,1938.28,
07/16/2026,5051,Online Credit card,1013.96,
07/16/2026,5051,Online Credit Card Tips,,25
07/16/2026,5051,In-Store Credit Card Tips,,97.07
07/16/2026,5051,Gift Card,18.83,
07/16/2026,5051,3rd Party - DoorDash,428.49,
07/16/2026,5051,3rd Party - UberEats,211.65,
07/16/2026,5051,Cash Over/Short Adjustment,,0.48
07/16/2026,5057,Subject to Tax,,3414.8
07/16/2026,5057,Non-Taxable Sales,,22.5
07/16/2026,5057,3rd Party Tax Exempt,,739.72
07/16/2026,5057,Register Audit,355,
07/16/2026,5057,Sales Tax,,269.84
07/16/2026,5057,In-Store Credit Card,2040.91,
07/16/2026,5057,Payout,76.66,
07/16/2026,5057,Online Credit card,1352.49,
07/16/2026,5057,Online Credit Card Tips,,34
07/16/2026,5057,In-Store Credit Card Tips,,106.67
07/16/2026,5057,Gift Card,23.22,
07/16/2026,5057,3rd Party - DoorDash,548.76,
07/16/2026,5057,3rd Party - GrubHub,13.13,
07/16/2026,5057,3rd Party - UberEats,177.83,
07/16/2026,5057,Cash Over/Short Adjustment,,0.47
07/16/2026,5059,Subject to Tax,,2480.6
07/16/2026,5059,Non-Taxable Sales,,12.5
07/16/2026,5059,3rd Party Tax Exempt,,427.65
07/16/2026,5059,Sales Tax,,171.55
07/16/2026,5059,In-Store Credit Card,1795.82,
07/16/2026,5059,Online Credit card,716.65,
07/16/2026,5059,Online Credit Card Tips,,15
07/16/2026,5059,In-Store Credit Card Tips,,108.27
07/16/2026,5059,Gift Card,23.96,
07/16/2026,5059,3rd Party - DoorDash,247.53,
07/16/2026,5059,3rd Party - UberEats,180.12,
07/16/2026,5059,Cash Over/Short Adjustment,0.49,
07/16/2026,5059,Register Audit Adjustment,251,
07/16/2026,5062,Subject to Tax,,2528.61
07/16/2026,5062,Non-Taxable Sales,,15
07/16/2026,5062,3rd Party Tax Exempt,,261.98
07/16/2026,5062,Sales Tax,,175.43
07/16/2026,5062,In-Store Credit Card,2001.05,
07/16/2026,5062,Online Credit card,608.88,
07/16/2026,5062,Online Credit Card Tips,,10
07/16/2026,5062,In-Store Credit Card Tips,,138.57
07/16/2026,5062,Gift Card,38.95,
07/16/2026,5062,3rd Party - DoorDash,136.59,
07/16/2026,5062,3rd Party - UberEats,125.39,
07/16/2026,5062,Cash Over/Short Adjustment,0.73,
07/16/2026,5062,Register Audit Adjustment,218,
07/16/2026,5101,Subject to Tax,,2467.8
07/16/2026,5101,Non-Taxable Sales,,15.5
07/16/2026,5101,3rd Party Tax Exempt,,355.88
07/16/2026,5101,Register Audit,115,
07/16/2026,5101,Sales Tax,,171.02
07/16/2026,5101,In-Store Credit Card,1902.48,
07/16/2026,5101,Online Credit card,759.18,
07/16/2026,5101,Online Credit Card Tips,,18
07/16/2026,5101,In-Store Credit Card Tips,,123.89
07/16/2026,5101,Gift Card,19.9,
07/16/2026,5101,3rd Party - DoorDash,257.5,
07/16/2026,5101,3rd Party - GrubHub,28.19,
07/16/2026,5101,3rd Party - UberEats,70.19,
07/16/2026,5101,Cash Over/Short Adjustment,,0.35
07/16/2026,5112,Subject to Tax,,3124.75
07/16/2026,5112,Non-Taxable Sales,,26
07/16/2026,5112,3rd Party Tax Exempt,,482.23
07/16/2026,5112,Register Audit,132,
07/16/2026,5112,Sales Tax,,243.5
07/16/2026,5112,In-Store Credit Card,1762.48,
07/16/2026,5112,Online Credit card,1541.26,
07/16/2026,5112,Online Gift Card,78.87,
07/16/2026,5112,Online Credit Card Tips,,34
07/16/2026,5112,In-Store Credit Card Tips,,117.5
07/16/2026,5112,Gift Card,31.8,
07/16/2026,5112,3rd Party - DoorDash,482.23,
07/16/2026,5112,Cash Over/Short Adjustment,,0.66
07/16/2026,5127,Subject to Tax,,4087.05
07/16/2026,5127,Non-Taxable Sales,,5
07/16/2026,5127,3rd Party Tax Exempt,,155.78
07/16/2026,5127,Register Audit,467,
07/16/2026,5127,Sales Tax,,321.74
07/16/2026,5127,In-Store Credit Card,2700.3,
07/16/2026,5127,Online Credit card,1454.45,
07/16/2026,5127,Online Gift Card,25,
07/16/2026,5127,Online Credit Card Tips,,65
07/16/2026,5127,In-Store Credit Card Tips,,179.09
07/16/2026,5127,Online Gift Card Tips,,6
07/16/2026,5127,Gift Card,17.17,
07/16/2026,5127,3rd Party - DoorDash,155.78,
07/16/2026,5127,Cash Over/Short Adjustment,,0.04
07/16/2026,6021,Subject to Tax,,4142.87
07/16/2026,6021,Non-Taxable Sales,,32
07/16/2026,6021,3rd Party Tax Exempt,,138.75
07/16/2026,6021,Register Audit,221,
07/16/2026,6021,Sales Tax,,393.58
07/16/2026,6021,In-Store Credit Card,2178.93,
07/16/2026,6021,Online Credit card,1335.04,
07/16/2026,6021,Online Credit Card Tips,,28
07/16/2026,6021,In-Store Credit Card Tips,,125.63
07/16/2026,6021,Gift Card,43.14,
07/16/2026,6021,3rd Party - DoorDash,944.17,
07/16/2026,6021,3rd Party - UberEats,138.75,
07/16/2026,6021,Cash Over/Short Adjustment,,0.2
07/16/2026,6026,Subject to Tax,,3893.65
07/16/2026,6026,Non-Taxable Sales,,37.5
07/16/2026,6026,3rd Party Tax Exempt,,48.89
07/16/2026,6026,Sales Tax,,233.63
07/16/2026,6026,In-Store Credit Card,2019.27,
07/16/2026,6026,Online Credit card,1185.5,
07/16/2026,6026,Online Gift Card,35,
07/16/2026,6026,Online Credit Card Tips,,32
07/16/2026,6026,In-Store Credit Card Tips,,122.22
07/16/2026,6026,Gift Card,51.08,
07/16/2026,6026,3rd Party - DoorDash,491.42,
07/16/2026,6026,3rd Party - GrubHub,62.32,
07/16/2026,6026,3rd Party - UberEats,48.89,
07/16/2026,6026,Cash Over/Short Adjustment,0.41,
07/16/2026,6026,Register Audit Adjustment,474,
07/16/2026,6032,Subject to Tax,,4839.04
07/16/2026,6032,Non-Taxable Sales,,47.5
07/16/2026,6032,3rd Party Tax Exempt,,237.62
07/16/2026,6032,Sales Tax,,290.19
07/16/2026,6032,In-Store Credit Card,2584.08,
07/16/2026,6032,Online Credit card,1377.37,
07/16/2026,6032,Online Gift Card,49.93,
07/16/2026,6032,Online Credit Card Tips,,40
07/16/2026,6032,In-Store Credit Card Tips,,137.93
07/16/2026,6032,Gift Card,33.17,
07/16/2026,6032,3rd Party - DoorDash,721.55,
07/16/2026,6032,3rd Party - GrubHub,167.04,
07/16/2026,6032,3rd Party - UberEats,237.62,
07/16/2026,6032,Cash Over/Short Adjustment,0.52,
07/16/2026,6032,Register Audit Adjustment,421,
07/16/2026,6037,Subject to Tax,,3678.33
07/16/2026,6037,Register Audit,315,
07/16/2026,6037,Sales Tax,,404.82
07/16/2026,6037,In-Store Credit Card,2524.46,
07/16/2026,6037,Online Credit card,1351.49,
07/16/2026,6037,Online Gift Card,40,
07/16/2026,6037,Online Credit Card Tips,,66
07/16/2026,6037,In-Store Credit Card Tips,,175.87
07/16/2026,6037,Gift Card,77.01,
07/16/2026,6037,3rd Party - UberEats,17.85,
07/16/2026,6037,Cash Over/Short Adjustment,,0.79
07/16/2026,6039,Subject to Tax,,4126.87
07/16/2026,6039,Non-Taxable Sales,,28.5
07/16/2026,6039,3rd Party Tax Exempt,,399.94
07/16/2026,6039,Sales Tax,,247.55
07/16/2026,6039,In-Store Credit Card,2219.39,
07/16/2026,6039,Online Credit card,1456.31,
07/16/2026,6039,Online Gift Card,30,
07/16/2026,6039,Online Credit Card Tips,,61
07/16/2026,6039,In-Store Credit Card Tips,,148.93
07/16/2026,6039,Online Gift Card Tips,,1.7
07/16/2026,6039,Gift Card,27.94,
07/16/2026,6039,3rd Party - DoorDash,663.46,
07/16/2026,6039,3rd Party - UberEats,399.94,
07/16/2026,6039,Cash Over/Short Adjustment,0.45,
07/16/2026,6039,Register Audit Adjustment,217,
07/16/2026,6044,Subject to Tax,,4686.12
07/16/2026,6044,Non-Taxable Sales,,30
07/16/2026,6044,3rd Party Tax Exempt,,21.66
07/16/2026,6044,Sales Tax,,529.54
07/16/2026,6044,In-Store Credit Card,2635.99,
07/16/2026,6044,Online Credit card,1604.87,
07/16/2026,6044,Online Credit Card Tips,,33
07/16/2026,6044,In-Store Credit Card Tips,,120.38
07/16/2026,6044,Gift Card,78.09,
07/16/2026,6044,3rd Party - DoorDash,693.37,
07/16/2026,6044,3rd Party - UberEats,21.66,
07/16/2026,6044,Cash Over/Short Adjustment,0.72,
07/16/2026,6044,Register Audit Adjustment,386,
07/16/2026,6065,Subject to Tax,,3872.3
07/16/2026,6065,Non-Taxable Sales,,20
07/16/2026,6065,3rd Party Tax Exempt,,193.39
07/16/2026,6065,Sales Tax,,387.46
07/16/2026,6065,In-Store Credit Card,2136.56,
07/16/2026,6065,Online Credit card,1635.21,
07/16/2026,6065,Online Credit Card Tips,,30
07/16/2026,6065,In-Store Credit Card Tips,,103.69
07/16/2026,6065,Gift Card,42.05,
07/16/2026,6065,3rd Party - DoorDash,322.8,
07/16/2026,6065,3rd Party - GrubHub,53.72,
07/16/2026,6065,3rd Party - UberEats,193.39,
07/16/2026,6065,Cash Over/Short Adjustment,0.11,
07/16/2026,6065,Register Audit Adjustment,223,
07/16/2026,6067,Subject to Tax,,4427.72
07/16/2026,6067,Non-Taxable Sales,,25.5
07/16/2026,6067,3rd Party Tax Exempt,,82.01
07/16/2026,6067,Sales Tax,,500.47
07/16/2026,6067,In-Store Credit Card,2676.41,
07/16/2026,6067,Online Credit card,1483.47,
07/16/2026,6067,Online Credit Card Tips,,29
07/16/2026,6067,In-Store Credit Card Tips,,139.03
07/16/2026,6067,3rd Party - DoorDash,506.48,
07/16/2026,6067,3rd Party - UberEats,82.01,
07/16/2026,6067,Cash Over/Short Adjustment,0.36,
07/16/2026,6067,Register Audit Adjustment,455,
07/16/2026,6072,Subject to Tax,,5263.57
07/16/2026,6072,Non-Taxable Sales,,22
07/16/2026,6072,3rd Party Tax Exempt,,101.54
07/16/2026,6072,Register Audit,734,
07/16/2026,6072,Sales Tax,,621.11
07/16/2026,6072,In-Store Credit Card,2938.62,
07/16/2026,6072,Online Credit card,1345.86,
07/16/2026,6072,Online Gift Card,40.75,
07/16/2026,6072,Online Credit Card Tips,,39
07/16/2026,6072,In-Store Credit Card Tips,,174.37
07/16/2026,6072,Gift Card,45.95,
07/16/2026,6072,3rd Party - DoorDash,966.71,
07/16/2026,6072,3rd Party - GrubHub,48.96,
07/16/2026,6072,3rd Party - UberEats,101.54,
07/16/2026,6072,Cash Over/Short Adjustment,,0.8
07/16/2026,6074,Subject to Tax,,3037.85
07/16/2026,6074,Non-Taxable Sales,,15
07/16/2026,6074,3rd Party Tax Exempt,,152.71
07/16/2026,6074,Register Audit,88,
07/16/2026,6074,Sales Tax,,273.4
07/16/2026,6074,In-Store Credit Card,2268.46,
07/16/2026,6074,Online Credit card,1121.34,
07/16/2026,6074,Online Credit Card Tips,,42.88
07/16/2026,6074,In-Store Credit Card Tips,,147.65
07/16/2026,6074,Gift Card,38.62,
07/16/2026,6074,3rd Party - UberEats,152.71,
07/16/2026,6074,Cash Over/Short Adjustment,0.36,
07/16/2026,6076,Subject to Tax,,2760.1
07/16/2026,6076,Non-Taxable Sales,,45
07/16/2026,6076,3rd Party Tax Exempt,,83.5
07/16/2026,6076,Sales Tax,,248.44
07/16/2026,6076,In-Store Credit Card,1954.34,
07/16/2026,6076,Online Credit card,1015.46,
07/16/2026,6076,Online Credit Card Tips,,44
07/16/2026,6076,In-Store Credit Card Tips,,84.93
07/16/2026,6076,Gift Card,11.94,
07/16/2026,6076,3rd Party - UberEats,83.5,
07/16/2026,6076,Cash Over/Short Adjustment,0.73,
07/16/2026,6076,Register Audit Adjustment,200,
07/16/2026,6083,Subject to Tax,,3082.71
07/16/2026,6083,Non-Taxable Sales,,10
07/16/2026,6083,3rd Party Tax Exempt,,105.3
07/16/2026,6083,Register Audit,141,
07/16/2026,6083,Sales Tax,,277.42
07/16/2026,6083,In-Store Credit Card,1862.63,
07/16/2026,6083,Payout,98.27,
07/16/2026,6083,Online Credit card,911.78,
07/16/2026,6083,Online Credit Card Tips,,30
07/16/2026,6083,In-Store Credit Card Tips,,142.89
07/16/2026,6083,Gift Card,63.21,
07/16/2026,6083,3rd Party - DoorDash,443.61,
07/16/2026,6083,3rd Party - GrubHub,22.11,
07/16/2026,6083,3rd Party - UberEats,105.3,
07/16/2026,6083,Cash Over/Short Adjustment,0.41,
07/16/2026,6088,Subject to Tax,,3646.6
07/16/2026,6088,Non-Taxable Sales,,30
07/16/2026,6088,3rd Party Tax Exempt,,260.09
07/16/2026,6088,Register Audit,225,
07/16/2026,6088,Sales Tax,,364.87
07/16/2026,6088,In-Store Credit Card,2102.39,
07/16/2026,6088,Online Credit card,1501.76,
07/16/2026,6088,Online Credit Card Tips,,30.34
07/16/2026,6088,In-Store Credit Card Tips,,126.06
07/16/2026,6088,Gift Card,11.99,
07/16/2026,6088,3rd Party - DoorDash,306.02,
07/16/2026,6088,3rd Party - GrubHub,50.55,
07/16/2026,6088,3rd Party - UberEats,260.09,
07/16/2026,6088,Cash Over/Short Adjustment,0.16,
07/16/2026,6093,Subject to Tax,,3323.46
07/16/2026,6093,Non-Taxable Sales,,13
07/16/2026,6093,Register Audit,378,
07/16/2026,6093,Sales Tax,,375.66
07/16/2026,6093,In-Store Credit Card,2225.76,
07/16/2026,6093,Online Credit card,1036.59,
07/16/2026,6093,Online Credit Card Tips,,29
07/16/2026,6093,In-Store Credit Card Tips,,116.31
07/16/2026,6093,Gift Card,84.9,
07/16/2026,6093,3rd Party - DoorDash,134.08,
07/16/2026,6093,Cash Over/Short Adjustment,,0.9
07/16/2026,6093,Register Audit Adjustment,,1
07/16/2026,6094,Subject to Tax,,2209.78
07/16/2026,6094,Non-Taxable Sales,,20.5
07/16/2026,6094,3rd Party Tax Exempt,,122.38
07/16/2026,6094,Register Audit,106,
07/16/2026,6094,Sales Tax,,221.09
07/16/2026,6094,In-Store Credit Card,1462.99,
07/16/2026,6094,Online Credit card,634.63,
07/16/2026,6094,Online Credit Card Tips,,16
07/16/2026,6094,In-Store Credit Card Tips,,84.22
07/16/2026,6094,3rd Party - DoorDash,308.29,
07/16/2026,6094,3rd Party - GrubHub,39.85,
07/16/2026,6094,3rd Party - UberEats,122.38,
07/16/2026,6094,Cash Over/Short Adjustment,,0.17
07/16/2026,6102,Subject to Tax,,3463.02
07/16/2026,6102,Non-Taxable Sales,,15
07/16/2026,6102,Tax Exempt,,129.06
07/16/2026,6102,Sales Tax,,346.49
07/16/2026,6102,In-Store Credit Card,1963.32,
07/16/2026,6102,Payout,67.92,
07/16/2026,6102,Online Credit card,1179.36,
07/16/2026,6102,Online Credit Card Tips,,25
07/16/2026,6102,In-Store Credit Card Tips,,126.73
07/16/2026,6102,Gift Card,13.62,
07/16/2026,6102,3rd Party - DoorDash,431.81,
07/16/2026,6102,3rd Party - GrubHub,28.24,
07/16/2026,6102,3rd Party - UberEats,278.06,
07/16/2026,6102,Cash Over/Short Adjustment,0.97,
07/16/2026,6102,Register Audit Adjustment,142,
07/16/2026,7024,Subject to Tax,,3585.2
07/16/2026,7024,3rd Party Tax Exempt,,866.84
07/16/2026,7024,Sales Tax,,308.58
07/16/2026,7024,In-Store Credit Card,2235.58,
07/16/2026,7024,Online Credit card,1359.12,
07/16/2026,7024,Online Credit Card Tips,,39.23
07/16/2026,7024,In-Store Credit Card Tips,,145.5
07/16/2026,7024,Gift Card,77.94,
07/16/2026,7024,3rd Party - DoorDash,743.19,
07/16/2026,7024,3rd Party - GrubHub,16.56,
07/16/2026,7024,3rd Party - UberEats,107.09,
07/16/2026,7024,Cash Over/Short Adjustment,0.87,
07/16/2026,7024,Register Audit Adjustment,405,
07/16/2026,7032,Subject to Tax,,3181.25
07/16/2026,7032,3rd Party Tax Exempt,,825.38
07/16/2026,7032,Sales Tax,,275.39
07/16/2026,7032,In-Store Credit Card,1844.57,
07/16/2026,7032,Online Credit card,1024.57,
07/16/2026,7032,Online Credit Card Tips,,22
07/16/2026,7032,In-Store Credit Card Tips,,105.28
07/16/2026,7032,3rd Party - DoorDash,558.96,
07/16/2026,7032,3rd Party - UberEats,266.42,
07/16/2026,7032,Cash Over/Short Adjustment,0.78,
07/16/2026,7032,Register Audit Adjustment,714,
07/16/2026,7039,Subject to Tax,,2402.15
07/16/2026,7039,3rd Party Tax Exempt,,463.42
07/16/2026,7039,Sales Tax,,207.85
07/16/2026,7039,In-Store Credit Card,1771.99,
07/16/2026,7039,Online Credit card,775.24,
07/16/2026,7039,Online Credit Card Tips,,26.45
07/16/2026,7039,In-Store Credit Card Tips,,122.99
07/16/2026,7039,Gift Card,30,
07/16/2026,7039,3rd Party - DoorDash,339.73,
07/16/2026,7039,3rd Party - UberEats,123.69,
07/16/2026,7039,Cash Over/Short Adjustment,0.31,
07/16/2026,7039,Register Audit Adjustment,182,
07/16/2026,7049,Subject to Tax,,5474.59
07/16/2026,7049,3rd Party Tax Exempt,,1302.42
07/16/2026,7049,Sales Tax,,470.4
07/16/2026,7049,In-Store Credit Card,3521.12,
07/16/2026,7049,Online Credit card,2094.48,
07/16/2026,7049,Online Gift Card,36.25,
07/16/2026,7049,Online Credit Card Tips,,70
07/16/2026,7049,In-Store Credit Card Tips,,260.91
07/16/2026,7049,Online Gift Card Tips,,2
07/16/2026,7049,3rd Party - DoorDash,1043.66,
07/16/2026,7049,3rd Party - GrubHub,108.9,
07/16/2026,7049,3rd Party - UberEats,149.86,
07/16/2026,7049,Cash Over/Short Adjustment,0.05,
07/16/2026,7049,Register Audit Adjustment,626,
07/16/2026,7066,Subject to Tax,,2374.15
07/16/2026,7066,3rd Party Tax Exempt,,298.59
07/16/2026,7066,Register Audit,392,
07/16/2026,7066,Sales Tax,,206.86
07/16/2026,7066,In-Store Credit Card,1666.23,
07/16/2026,7066,Online Credit card,652.44,
07/16/2026,7066,Online Credit Card Tips,,21.9
07/16/2026,7066,In-Store Credit Card Tips,,107.07
07/16/2026,7066,3rd Party - DoorDash,272.56,
07/16/2026,7066,3rd Party - UberEats,26.03,
07/16/2026,7066,Cash Over/Short Adjustment,,0.69
07/16/2026,13026,Subject to Tax,,2496.73
07/16/2026,13026,Non-Taxable Sales,,33.92
07/16/2026,13026,3rd Party Tax Exempt,,791.95
07/16/2026,13026,Register Audit,164,
07/16/2026,13026,Sales Tax,,187.31
07/16/2026,13026,In-Store Credit Card,1684.28,
07/16/2026,13026,Online Credit card,938.22,
07/16/2026,13026,Online Credit Card Tips,,14
07/16/2026,13026,In-Store Credit Card Tips,,69.87
07/16/2026,13026,3rd Party - DoorDash,543.82,
07/16/2026,13026,3rd Party - UberEats,263.13,
07/16/2026,13026,Cash Over/Short Adjustment,0.33,
07/16/2026,13062,Subject to Tax,,2470.72
07/16/2026,13062,Non-Taxable Sales,,34.33
07/16/2026,13062,3rd Party Tax Exempt,,473.97
07/16/2026,13062,Sales Tax,,172.94
07/16/2026,13062,In-Store Credit Card,1778.15,
07/16/2026,13062,Online Credit card,649.38,
07/16/2026,13062,Online Gift Card,12.45,
07/16/2026,13062,Online Credit Card Tips,,19.39
07/16/2026,13062,In-Store Credit Card Tips,,75.83
07/16/2026,13062,Online Gift Card Tips,,1
07/16/2026,13062,Gift Card,45.69,
07/16/2026,13062,Gift Card Sold,,50
07/16/2026,13062,3rd Party - DoorDash,291.43,
07/16/2026,13062,3rd Party - GrubHub,20.67,
07/16/2026,13062,3rd Party - UberEats,192.32,
07/16/2026,13062,Cash Over/Short Adjustment,0.09,
07/16/2026,13062,Register Audit Adjustment,308,
07/16/2026,13082,Subject to Tax,,1874.07
07/16/2026,13082,Non-Taxable Sales,,23.49
07/16/2026,13082,3rd Party Tax Exempt,,252.15
07/16/2026,13082,Register Audit,246,
07/16/2026,13082,Sales Tax,,131.23
07/16/2026,13082,In-Store Credit Card,1106.13,
07/16/2026,13082,Payout,42.8,
07/16/2026,13082,Online Credit card,625.52,
07/16/2026,13082,Online Credit Card Tips,,14
07/16/2026,13082,In-Store Credit Card Tips,,85.62
07/16/2026,13082,Gift Card,30.07,
07/16/2026,13082,3rd Party - DoorDash,258.63,
07/16/2026,13082,3rd Party - GrubHub,72.01,
07/16/2026,13082,Cash Over/Short Adjustment,,0.6
07/16/2026,13106,Subject to Tax,,1689.08
07/16/2026,13106,Non-Taxable Sales,,33.33
07/16/2026,13106,3rd Party Tax Exempt,,752.59
07/16/2026,13106,Sales Tax,,126.76
07/16/2026,13106,In-Store Credit Card,1119.62,
07/16/2026,13106,Payout,37.63,
07/16/2026,13106,Online Credit card,734.87,
07/16/2026,13106,Online Credit Card Tips,,27
07/16/2026,13106,In-Store Credit Card Tips,,78.95
07/16/2026,13106,3rd Party - DoorDash,416.4,
07/16/2026,13106,3rd Party - UberEats,345.33,
07/16/2026,13106,Cash Over/Short Adjustment,0.86,
07/16/2026,13106,Register Audit Adjustment,53,
07/16/2026,13116,Subject to Tax,,2787.46
07/16/2026,13116,Non-Taxable Sales,,21.33
07/16/2026,13116,3rd Party Tax Exempt,,597.84
07/16/2026,13116,Sales Tax,,195.15
07/16/2026,13116,In-Store Credit Card,2176,
07/16/2026,13116,Online Credit card,615.57,
07/16/2026,13116,In-Store Credit Card Tips,,120.72
07/16/2026,13116,Gift Card,6.04,
07/16/2026,13116,Gift Card Sold,,50
07/16/2026,13116,3rd Party - DoorDash,450.95,
07/16/2026,13116,3rd Party - GrubHub,19.77,
07/16/2026,13116,3rd Party - UberEats,156.61,
07/16/2026,13116,Cash Over/Short Adjustment,0.56,
07/16/2026,13116,Register Audit Adjustment,347,
07/16/2026,13138,Subject to Tax,,2518.32
07/16/2026,13138,Non-Taxable Sales,,16.13
07/16/2026,13138,3rd Party Tax Exempt,,503.35
07/16/2026,13138,Sales Tax,,176.32
07/16/2026,13138,In-Store Credit Card,1792.39,
07/16/2026,13138,Online Credit card,710.22,
07/16/2026,13138,Online Gift Card,10,
07/16/2026,13138,Online Credit Card Tips,,28
07/16/2026,13138,In-Store Credit Card Tips,,134.82
07/16/2026,13138,Online Gift Card Tips,,1
07/16/2026,13138,Gift Card,39.92,
07/16/2026,13138,3rd Party - DoorDash,508.63,
07/16/2026,13138,3rd Party - GrubHub,28.7,
07/16/2026,13138,Cash Over/Short Adjustment,0.08,
07/16/2026,13138,Register Audit Adjustment,288,
07/16/2026,13148,Subject to Tax,,3114.34
07/16/2026,13148,Non-Taxable Sales,,74.57
07/16/2026,13148,3rd Party Tax Exempt,,486.31
07/16/2026,13148,Tax Exempt,,912.3
07/16/2026,13148,Sales Tax,,202.44
07/16/2026,13148,In-Store Credit Card,3803.98,
07/16/2026,13148,Online Credit card,530.38,
07/16/2026,13148,Online Gift Card,16.08,
07/16/2026,13148,Online Credit Card Tips,,45.68
07/16/2026,13148,In-Store Credit Card Tips,,274.3
07/16/2026,13148,Online Gift Card Tips,,1
07/16/2026,13148,Gift Card,29.93,
07/16/2026,13148,3rd Party - DoorDash,294.21,
07/16/2026,13148,3rd Party - UberEats,211.6,
07/16/2026,13148,Cash Over/Short Adjustment,0.76,
07/16/2026,13148,Register Audit Adjustment,224,
07/16/2026,13160,Subject to Tax,,2969.45
07/16/2026,13160,Non-Taxable Sales,,23.25
07/16/2026,13160,3rd Party Tax Exempt,,371.97
07/16/2026,13160,Register Audit,584.48,
07/16/2026,13160,Sales Tax,,207.88
07/16/2026,13160,In-Store Credit Card,1829.87,
07/16/2026,13160,Payout,53.5,
07/16/2026,13160,Online Credit card,811.02,
07/16/2026,13160,Online Gift Card,20,
07/16/2026,13160,Online Credit Card Tips,,30
07/16/2026,13160,In-Store Credit Card Tips,,147.26
07/16/2026,13160,Gift Card,67.57,
07/16/2026,13160,3rd Party - DoorDash,353.25,
07/16/2026,13160,3rd Party - UberEats,30.12,
07/16/2026,13162,Subject to Tax,,3581.33
07/16/2026,13162,Non-Taxable Sales,,36.02
07/16/2026,13162,3rd Party Tax Exempt,,576.08
07/16/2026,13162,Sales Tax,,250.71
07/16/2026,13162,In-Store Credit Card,2285.43,
07/16/2026,13162,Payout,44.64,
07/16/2026,13162,Online Credit card,1378.09,
07/16/2026,13162,Online Gift Card,17.55,
07/16/2026,13162,Online Credit Card Tips,,20
07/16/2026,13162,In-Store Credit Card Tips,,135.63
07/16/2026,13162,Online Gift Card Tips,,2
07/16/2026,13162,Gift Card,24.95,
07/16/2026,13162,3rd Party - DoorDash,411.91,
07/16/2026,13162,3rd Party - UberEats,168.25,
07/16/2026,13162,Cash Over/Short Adjustment,0.95,
07/16/2026,13162,Register Audit Adjustment,270,
07/16/2026,13219,Subject to Tax,,3247.62
07/16/2026,13219,Non-Taxable Sales,,41.44
07/16/2026,13219,3rd Party Tax Exempt,,453.32
07/16/2026,13219,Sales Tax,,227.39
07/16/2026,13219,In-Store Credit Card,2164.81,
07/16/2026,13219,Online Credit card,1068.08,
07/16/2026,13219,Online Credit Card Tips,,48
07/16/2026,13219,In-Store Credit Card Tips,,156.8
07/16/2026,13219,Gift Card,21.45,
07/16/2026,13219,3rd Party - DoorDash,326.03,
07/16/2026,13219,3rd Party - UberEats,136.23,
07/16/2026,13219,Cash Over/Short Adjustment,0.97,
07/16/2026,13219,Register Audit Adjustment,457,
07/16/2026,37001,Subject to Tax,,5928.52
07/16/2026,37001,Non-Taxable Sales,,617.95
07/16/2026,37001,Sales Tax,,503.97
07/16/2026,37001,In-Store Credit Card,3037.51,
07/16/2026,37001,Online Credit card,2638.08,
07/16/2026,37001,Online Gift Card,9.71,
07/16/2026,37001,Online Credit Card Tips,,75.22
07/16/2026,37001,In-Store Credit Card Tips,,156.38
07/16/2026,37001,Gift Card,64.31,
07/16/2026,37001,3rd Party - DoorDash,746.06,
07/16/2026,37001,3rd Party - UberEats,88.36,
07/16/2026,37001,Cash Over/Short Adjustment,0.01,
07/16/2026,37001,Register Audit Adjustment,698,
07/16/2026,37002,Subject to Tax,,5655.96
07/16/2026,37002,Non-Taxable Sales,,605.28
07/16/2026,37002,Sales Tax,,480.87
07/16/2026,37002,In-Store Credit Card,2250.81,
07/16/2026,37002,Online Credit card,2604.6,
07/16/2026,37002,Online Gift Card,48.24,
07/16/2026,37002,Online Credit Card Tips,,52
07/16/2026,37002,In-Store Credit Card Tips,,140.75
07/16/2026,37002,Gift Card,5.25,
07/16/2026,37002,3rd Party - DoorDash,1236.42,
07/16/2026,37002,3rd Party - GrubHub,51.44,
07/16/2026,37002,3rd Party - UberEats,180.94,
07/16/2026,37002,Cash Over/Short Adjustment,0.16,
07/16/2026,37002,Register Audit Adjustment,557,
07/16/2026,37004,Subject to Tax,,2280.5
07/16/2026,37004,Non-Taxable Sales,,267.3
07/16/2026,37004,Register Audit,245,
07/16/2026,37004,Sales Tax,,193.88
07/16/2026,37004,In-Store Credit Card,1507.49,
07/16/2026,37004,Online Credit card,934.59,
07/16/2026,37004,Online Credit Card Tips,,41.39
07/16/2026,37004,In-Store Credit Card Tips,,108.67
07/16/2026,37004,Gift Card,27.35,
07/16/2026,37004,3rd Party - DoorDash,142.75,
07/16/2026,37004,3rd Party - UberEats,24.67,
07/16/2026,37004,Cash Over/Short Adjustment,0.89,
07/16/2026,37004,Register Audit Adjustment,9,
07/16/2026,37006,Subject to Tax,,4212.97
07/16/2026,37006,Non-Taxable Sales,,549.37
07/16/2026,37006,Sales Tax,,358.2
07/16/2026,37006,In-Store Credit Card,2659.68,
07/16/2026,37006,Payout,22.99,
07/16/2026,37006,Online Credit card,1372.48,
07/16/2026,37006,Online Gift Card,13.84,
07/16/2026,37006,Online Credit Card Tips,,43
07/16/2026,37006,In-Store Credit Card Tips,,190.91
07/16/2026,37006,Gift Card,1.32,
07/16/2026,37006,3rd Party - DoorDash,470.71,
07/16/2026,37006,Cash Over/Short Adjustment,0.43,
07/16/2026,37006,Register Audit Adjustment,813,
07/16/2026,37007,Subject to Tax,,6021.36
07/16/2026,37007,Non-Taxable Sales,,601.22
07/16/2026,37007,Sales Tax,,511.84
07/16/2026,37007,In-Store Credit Card,2662.47,
07/16/2026,37007,Online Credit card,2207.54,
07/16/2026,37007,Online Credit Card Tips,,47.58
07/16/2026,37007,In-Store Credit Card Tips,,148.76
07/16/2026,37007,Gift Card Sold,,100
07/16/2026,37007,3rd Party - DoorDash,1630.17,
07/16/2026,37007,3rd Party - GrubHub,61.2,
07/16/2026,37007,3rd Party - UberEats,326.06,
07/16/2026,37007,Cash Over/Short Adjustment,0.32,
07/16/2026,37007,Register Audit Adjustment,543,
07/16/2026,37009,Subject to Tax,,3890.68
07/16/2026,37009,Non-Taxable Sales,,388.62
07/16/2026,37009,Register Audit,436,
07/16/2026,37009,Sales Tax,,330.76
07/16/2026,37009,In-Store Credit Card,1843.27,
07/16/2026,37009,Payout,20,
07/16/2026,37009,Online Credit card,1258.79,
07/16/2026,37009,Online Gift Card,35,
07/16/2026,37009,Online Credit Card Tips,,61.65
07/16/2026,37009,In-Store Credit Card Tips,,155.3
07/16/2026,37009,Online Gift Card Tips,,5
07/16/2026,37009,Gift Card,83.83,
07/16/2026,37009,3rd Party - DoorDash,985.17,
07/16/2026,37009,3rd Party - GrubHub,86.43,
07/16/2026,37009,3rd Party - UberEats,82.87,
07/16/2026,37009,Cash Over/Short Adjustment,0.65,
07/16/2026,37010,Subject to Tax,,6958.41
07/16/2026,37010,Non-Taxable Sales,,779.77
07/16/2026,37010,Register Audit,861,
07/16/2026,37010,Sales Tax,,591.59
07/16/2026,37010,In-Store Credit Card,3492.97,
07/16/2026,37010,Online Credit card,3198.66,
07/16/2026,37010,Online Gift Card,21.75,
07/16/2026,37010,Online Credit Card Tips,,118.84
07/16/2026,37010,In-Store Credit Card Tips,,218.78
07/16/2026,37010,Online Gift Card Tips,,2
07/16/2026,37010,Gift Card,167.49,
07/16/2026,37010,3rd Party - DoorDash,902.54,
07/16/2026,37010,3rd Party - UberEats,23.7,
07/16/2026,37010,Cash Over/Short Adjustment,,0.07
07/16/2026,37010,Register Audit Adjustment,,7
07/16/2026,37013,Subject to Tax,,3540.02
07/16/2026,37013,Non-Taxable Sales,,315.37
07/16/2026,37013,Register Audit,543,
07/16/2026,37013,Sales Tax,,301
07/16/2026,37013,In-Store Credit Card,1795.41,
07/16/2026,37013,Online Credit card,1558.16,
07/16/2026,37013,Online Gift Card,23.13,
07/16/2026,37013,Online Credit Card Tips,,61.4
07/16/2026,37013,In-Store Credit Card Tips,,114.87
07/16/2026,37013,Online Gift Card Tips,,1
07/16/2026,37013,Gift Card,6.99,
07/16/2026,37013,3rd Party - DoorDash,394.82,
07/16/2026,37013,Cash Over/Short Adjustment,0.15,
07/16/2026,37013,Register Audit Adjustment,12,
07/16/2026,37014,Subject to Tax,,3841.34
07/16/2026,37014,Non-Taxable Sales,,536.28
07/16/2026,37014,Sales Tax,,326.51
07/16/2026,37014,In-Store Credit Card,2374.27,
07/16/2026,37014,Online Credit card,1254.22,
07/16/2026,37014,Online Credit Card Tips,,56.67
07/16/2026,37014,In-Store Credit Card Tips,,156.78
07/16/2026,37014,Gift Card,28.88,
07/16/2026,37014,3rd Party - DoorDash,779.83,
07/16/2026,37014,3rd Party - UberEats,59.75,
07/16/2026,37014,Cash Over/Short Adjustment,0.63,
07/16/2026,37014,Register Audit Adjustment,420,
07/16/2026,37016,Subject to Tax,,3268.73
07/16/2026,37016,Non-Taxable Sales,,394.82
07/16/2026,37016,Register Audit,434,
07/16/2026,37016,Sales Tax,,277.89
07/16/2026,37016,In-Store Credit Card,1995.38,
07/16/2026,37016,Payout,60,
07/16/2026,37016,Online Credit card,1429.04,
07/16/2026,37016,Online Gift Card,10,
07/16/2026,37016,Online Credit Card Tips,,59
07/16/2026,37016,In-Store Credit Card Tips,,144.22
07/16/2026,37016,Online Gift Card Tips,,1
07/16/2026,37016,Gift Card,32.49,
07/16/2026,37016,3rd Party - DoorDash,185.63,
07/16/2026,37016,Cash Over/Short Adjustment,,0.88
07/16/2026,37020,Subject to Tax,,4162.96
07/16/2026,37020,Non-Taxable Sales,,443.75
07/16/2026,37020,Register Audit,673.95,
07/16/2026,37020,Sales Tax,,353.93
07/16/2026,37020,In-Store Credit Card,1868.66,
07/16/2026,37020,Online Credit card,2256.32,
07/16/2026,37020,Online Gift Card,15,
07/16/2026,37020,Online Credit Card Tips,,50.96
07/16/2026,37020,In-Store Credit Card Tips,,105.97
07/16/2026,37020,3rd Party - DoorDash,301.22,
07/16/2026,37020,Cash Over/Short Adjustment,0.42,
07/16/2026,37020,Register Audit Adjustment,2,
07/16/2026,49001,Subject to Tax,,5416.55
07/16/2026,49001,3rd Party Tax Exempt,,734.36
07/16/2026,49001,Sales Tax,,433.24
07/16/2026,49001,In-Store Credit Card,3190.51,
07/16/2026,49001,Payout,27.41,
07/16/2026,49001,Online Credit card,2323.61,
07/16/2026,49001,Online Gift Card,59.38,
07/16/2026,49001,Online Credit Card Tips,,93
07/16/2026,49001,In-Store Credit Card Tips,,201.46
07/16/2026,49001,Online Gift Card Tips,,3
07/16/2026,49001,Gift Card,79.05,
07/16/2026,49001,3rd Party - DoorDash,682.29,
07/16/2026,49001,3rd Party - GrubHub,31.73,
07/16/2026,49001,3rd Party - UberEats,20.34,
07/16/2026,49001,Cash Over/Short Adjustment,0.29,
07/16/2026,49001,Register Audit Adjustment,467,
07/16/2026,49002,Subject to Tax,,4629.9
07/16/2026,49002,3rd Party Tax Exempt,,291.45
07/16/2026,49002,Sales Tax,,370.44
07/16/2026,49002,In-Store Credit Card,2924.79,
07/16/2026,49002,Online Credit card,1615.31,
07/16/2026,49002,Online Credit Card Tips,,54
07/16/2026,49002,In-Store Credit Card Tips,,181.97
07/16/2026,49002,Gift Card,87.12,
07/16/2026,49002,3rd Party - DoorDash,291.45,
07/16/2026,49002,Cash Over/Short Adjustment,0.09,
07/16/2026,49002,Register Audit Adjustment,609,
07/16/2026,49003,Subject to Tax,,4033.95
07/16/2026,49003,3rd Party Tax Exempt,,341.34
07/16/2026,49003,Sales Tax,,322.73
07/16/2026,49003,In-Store Credit Card,2287.81,
07/16/2026,49003,Online Credit card,1694.98,
07/16/2026,49003,Online Gift Card,8.32,
07/16/2026,49003,Online Credit Card Tips,,34
07/16/2026,49003,In-Store Credit Card Tips,,161.18
07/16/2026,49003,3rd Party - DoorDash,341.34,
07/16/2026,49003,Cash Over/Short Adjustment,0.75,
07/16/2026,49003,Register Audit Adjustment,560,
07/16/2026,49004,Subject to Tax,,4351.55
07/16/2026,49004,3rd Party Tax Exempt,,1224.29
07/16/2026,49004,Sales Tax,,347.9
07/16/2026,49004,In-Store Credit Card,2165.34,
07/16/2026,49004,Online Credit card,2308.71,
07/16/2026,49004,Online Gift Card,38.66,
07/16/2026,49004,Online Credit Card Tips,,78
07/16/2026,49004,In-Store Credit Card Tips,,128.09
07/16/2026,49004,Online Gift Card Tips,,3
07/16/2026,49004,Gift Card,7.51,
07/16/2026,49004,3rd Party - DoorDash,979.4,
07/16/2026,49004,3rd Party - GrubHub,97.8,
07/16/2026,49004,3rd Party - UberEats,147.09,
07/16/2026,49004,Cash Over/Short Adjustment,0.32,
07/16/2026,49004,Register Audit Adjustment,388,
07/16/2026,49005,Subject to Tax,,4109.35
07/16/2026,49005,3rd Party Tax Exempt,,569.56
07/16/2026,49005,Sales Tax,,328.93
07/16/2026,49005,In-Store Credit Card,2336.98,
07/16/2026,49005,Online Credit card,1532.92,
07/16/2026,49005,Online Gift Card,21.77,
07/16/2026,49005,Online Credit Card Tips,,44.05
07/16/2026,49005,In-Store Credit Card Tips,,163.01
07/16/2026,49005,Gift Card,119.27,
07/16/2026,49005,3rd Party - DoorDash,531.83,
07/16/2026,49005,3rd Party - UberEats,37.73,
07/16/2026,49005,Cash Over/Short Adjustment,0.4,
07/16/2026,49005,Register Audit Adjustment,634,
07/16/2026,49007,Subject to Tax,,3233.6
07/16/2026,49007,3rd Party Tax Exempt,,1076.26
07/16/2026,49007,Register Audit,273.1,
07/16/2026,49007,Sales Tax,,258
07/16/2026,49007,In-Store Credit Card,1846.18,
07/16/2026,49007,Payout,80.62,
07/16/2026,49007,Online Credit card,1402.01,
07/16/2026,49007,Online Credit Card Tips,,46
07/16/2026,49007,In-Store Credit Card Tips,,111.5
07/16/2026,49007,Gift Card,47.19,
07/16/2026,49007,3rd Party - DoorDash,816.34,
07/16/2026,49007,3rd Party - GrubHub,215.67,
07/16/2026,49007,3rd Party - UberEats,44.25,
07/16/2026,49008,Subject to Tax,,3531
07/16/2026,49008,3rd Party Tax Exempt,,581.63
07/16/2026,49008,Sales Tax,,282.55
07/16/2026,49008,In-Store Credit Card,2009.35,
07/16/2026,49008,Payout,24.25,
07/16/2026,49008,Online Credit card,1441.61,
07/16/2026,49008,Online Gift Card,12.56,
07/16/2026,49008,Online Credit Card Tips,,30
07/16/2026,49008,In-Store Credit Card Tips,,113.96
07/16/2026,49008,Online Gift Card Tips,,1
07/16/2026,49008,Gift Card,38.34,
07/16/2026,49008,3rd Party - DoorDash,541.8,
07/16/2026,49008,3rd Party - UberEats,39.83,
07/16/2026,49008,Cash Over/Short Adjustment,0.4,
07/16/2026,49008,Register Audit Adjustment,432,
07/16/2026,49009,Subject to Tax,,5818.55
07/16/2026,49009,3rd Party Tax Exempt,,598.97
07/16/2026,49009,Register Audit,584,
07/16/2026,49009,Sales Tax,,465.17
07/16/2026,49009,In-Store Credit Card,3893.93,
07/16/2026,49009,Online Credit card,2087.85,
07/16/2026,49009,Online Credit Card Tips,,53.78
07/16/2026,49009,In-Store Credit Card Tips,,262.15
07/16/2026,49009,Gift Card,33.21,
07/16/2026,49009,3rd Party - DoorDash,574.25,
07/16/2026,49009,3rd Party - UberEats,24.72,
07/16/2026,49009,Cash Over/Short Adjustment,,0.56
07/16/2026,49009,Register Audit Adjustment,,30
07/16/2026,49010,Subject to Tax,,3927.1
07/16/2026,49010,3rd Party Tax Exempt,,302.79
07/16/2026,49010,Sales Tax,,314.23
07/16/2026,49010,In-Store Credit Card,1836.58,
07/16/2026,49010,Payout,85.12,
07/16/2026,49010,Online Credit card,2238.14,
07/16/2026,49010,Online Credit Card Tips,,79
07/16/2026,49010,In-Store Credit Card Tips,,116.89
07/16/2026,49010,3rd Party - DoorDash,157.3,
07/16/2026,49010,3rd Party - UberEats,145.49,
07/16/2026,49010,Cash Over/Short Adjustment,0.38,
07/16/2026,49010,Register Audit Adjustment,277,
07/16/2026,49011,Subject to Tax,,4906.85
07/16/2026,49011,3rd Party Tax Exempt,,286
07/16/2026,49011,Register Audit,450,
07/16/2026,49011,Sales Tax,,392.27
07/16/2026,49011,In-Store Credit Card,2414.86,
07/16/2026,49011,Online Credit card,2680.87,
07/16/2026,49011,Online Credit Card Tips,,82
07/16/2026,49011,In-Store Credit Card Tips,,165.43
07/16/2026,49011,3rd Party - DoorDash,200.57,
07/16/2026,49011,3rd Party - GrubHub,18.35,
07/16/2026,49011,3rd Party - UberEats,67.08,
07/16/2026,49011,Cash Over/Short Adjustment,0.82,
07/17/2026,2006,Subject to Tax,,114.8
07/17/2026,2006,Non-Taxable Sales,,2882.27
07/17/2026,2006,3rd Party Tax Exempt,,3.96
07/17/2026,2006,Register Audit,247,
07/17/2026,2006,Sales Tax,,8.26
07/17/2026,2006,In-Store Credit Card,1528.62,
07/17/2026,2006,Online Credit card,866.72,
07/17/2026,2006,Online Credit Card Tips,,23
07/17/2026,2006,In-Store Credit Card Tips,,115.37
07/17/2026,2006,Gift Card,18.2,
07/17/2026,2006,3rd Party - DoorDash,345.71,
07/17/2026,2006,3rd Party - UberEats,141.17,
07/17/2026,2006,Cash Over/Short Adjustment,0.24,
07/17/2026,2016,Subject to Tax,,190.86
07/17/2026,2016,Non-Taxable Sales,,4448.04
07/17/2026,2016,3rd Party Tax Exempt,,29.76
07/17/2026,2016,Register Audit,237.66,
07/17/2026,2016,Sales Tax,,12.91
07/17/2026,2016,In-Store Credit Card,2028.98,
07/17/2026,2016,Payout,88.42,
07/17/2026,2016,Online Credit card,1583.7,
07/17/2026,2016,Online Credit Card Tips,,35
07/17/2026,2016,In-Store Credit Card Tips,,93.55
07/17/2026,2016,Gift Card,2.2,
07/17/2026,2016,3rd Party - DoorDash,609.57,
07/17/2026,2016,3rd Party - GrubHub,18.83,
07/17/2026,2016,3rd Party - UberEats,240.76,
07/17/2026,2017,Subject to Tax,,200.86
07/17/2026,2017,Non-Taxable Sales,,4000.87
07/17/2026,2017,3rd Party Tax Exempt,,14.88
07/17/2026,2017,Register Audit,150,
07/17/2026,2017,Sales Tax,,13.47
07/17/2026,2017,In-Store Credit Card,2109.86,
07/17/2026,2017,Online Credit card,1589.66,
07/17/2026,2017,Online Credit Card Tips,,32
07/17/2026,2017,In-Store Credit Card Tips,,138.4
07/17/2026,2017,Gift Card,8.85,
07/17/2026,2017,3rd Party - DoorDash,464.52,
07/17/2026,2017,3rd Party - UberEats,77.86,
07/17/2026,2017,Cash Over/Short Adjustment,,0.27
07/17/2026,2020,Subject to Tax,,217.6
07/17/2026,2020,Non-Taxable Sales,,3725.46
07/17/2026,2020,3rd Party Tax Exempt,,18.24
07/17/2026,2020,Register Audit,335,
07/17/2026,2020,Sales Tax,,15.7
07/17/2026,2020,In-Store Credit Card,2224.27,
07/17/2026,2020,Online Credit card,1073.85,
07/17/2026,2020,Online Gift Card,27.58,
07/17/2026,2020,Online Credit Card Tips,,35
07/17/2026,2020,In-Store Credit Card Tips,,114.9
07/17/2026,2020,Gift Card,71.51,
07/17/2026,2020,3rd Party - DoorDash,347.15,
07/17/2026,2020,3rd Party - GrubHub,12.83,
07/17/2026,2020,3rd Party - UberEats,34.92,
07/17/2026,2020,Cash Over/Short Adjustment,,0.21
07/17/2026,2023,Subject to Tax,,168.15
07/17/2026,2023,Non-Taxable Sales,,3677.18
07/17/2026,2023,3rd Party Tax Exempt,,51.36
07/17/2026,2023,Register Audit,237,
07/17/2026,2023,Sales Tax,,11.52
07/17/2026,2023,In-Store Credit Card,1768.86,
07/17/2026,2023,Online Credit card,1060.84,
07/17/2026,2023,Online Gift Card,57.06,
07/17/2026,2023,Online Credit Card Tips,,34.1
07/17/2026,2023,In-Store Credit Card Tips,,85.51
07/17/2026,2023,Gift Card,10.7,
07/17/2026,2023,3rd Party - DoorDash,529.14,
07/17/2026,2023,3rd Party - GrubHub,16.2,
07/17/2026,2023,3rd Party - UberEats,348.2,
07/17/2026,2023,Cash Over/Short Adjustment,,0.18
07/17/2026,2024,Subject to Tax,,256.52
07/17/2026,2024,Non-Taxable Sales,,3603.87
07/17/2026,2024,3rd Party Tax Exempt,,25.56
07/17/2026,2024,Register Audit,222,
07/17/2026,2024,Sales Tax,,20.52
07/17/2026,2024,In-Store Credit Card,2292.36,
07/17/2026,2024,Payout,19.4,
07/17/2026,2024,Online Credit card,1005.59,
07/17/2026,2024,Online Gift Card,22.6,
07/17/2026,2024,Online Credit Card Tips,,18
07/17/2026,2024,In-Store Credit Card Tips,,135.03
07/17/2026,2024,Online Gift Card Tips,,2
07/17/2026,2024,Gift Card,36.95,
07/17/2026,2024,3rd Party - DoorDash,338.88,
07/17/2026,2024,3rd Party - GrubHub,26.99,
07/17/2026,2024,3rd Party - UberEats,97.53,
07/17/2026,2024,Cash Over/Short Adjustment,,0.8
07/17/2026,2047,Subject to Tax,,179.6
07/17/2026,2047,Non-Taxable Sales,,3282.95
07/17/2026,2047,3rd Party Tax Exempt,,21.96
07/17/2026,2047,Register Audit,311,
07/17/2026,2047,Sales Tax,,12.36
07/17/2026,2047,In-Store Credit Card,1816.02,
07/17/2026,2047,Online Credit card,877.55,
07/17/2026,2047,Online Gift Card,15.48,
07/17/2026,2047,Online Credit Card Tips,,16
07/17/2026,2047,In-Store Credit Card Tips,,116.54
07/17/2026,2047,Gift Card,30.55,
07/17/2026,2047,3rd Party - DoorDash,435.13,
07/17/2026,2047,3rd Party - UberEats,143.73,
07/17/2026,2047,Cash Over/Short Adjustment,,0.05
07/17/2026,4003,Subject to Tax,,5089.05
07/17/2026,4003,Register Audit,428,
07/17/2026,4003,Sales Tax,,496.19
07/17/2026,4003,In-Store Credit Card,2912.83,
07/17/2026,4003,Online Credit card,986.06,
07/17/2026,4003,Online Gift Card,25.36,
07/17/2026,4003,Online Credit Card Tips,,35
07/17/2026,4003,In-Store Credit Card Tips,,188.97
07/17/2026,4003,Gift Card,64.35,
07/17/2026,4003,3rd Party - DoorDash,897.54,
07/17/2026,4003,3rd Party - GrubHub,13.76,
07/17/2026,4003,3rd Party - UberEats,481.63,
07/17/2026,4003,Cash Over/Short Adjustment,,0.32
07/17/2026,4004,Subject to Tax,,5454.53
07/17/2026,4004,Sales Tax,,531.83
07/17/2026,4004,In-Store Credit Card,2669.73,
07/17/2026,4004,Online Credit card,1243.53,
07/17/2026,4004,Online Credit Card Tips,,25
07/17/2026,4004,In-Store Credit Card Tips,,134.46
07/17/2026,4004,Gift Card,11.47,
07/17/2026,4004,3rd Party - DoorDash,831.94,
07/17/2026,4004,3rd Party - GrubHub,80.39,
07/17/2026,4004,3rd Party - UberEats,1032.63,
07/17/2026,4004,Cash Over/Short Adjustment,0.13,
07/17/2026,4004,Register Audit Adjustment,276,
07/17/2026,4005,Subject to Tax,,4596.54
07/17/2026,4005,Register Audit,302,
07/17/2026,4005,Sales Tax,,448.15
07/17/2026,4005,In-Store Credit Card,2891.95,
07/17/2026,4005,Online Credit card,1202.43,
07/17/2026,4005,In-Store Credit Card Tips,,194.94
07/17/2026,4005,3rd Party - DoorDash,366.47,
07/17/2026,4005,3rd Party - GrubHub,18.57,
07/17/2026,4005,3rd Party - UberEats,457.99,
07/17/2026,4005,Cash Over/Short Adjustment,0.22,
07/17/2026,4008,Subject to Tax,,3586.33
07/17/2026,4008,Register Audit,331,
07/17/2026,4008,Sales Tax,,349.64
07/17/2026,4008,In-Store Credit Card,2305.32,
07/17/2026,4008,Payout,20,
07/17/2026,4008,Online Credit card,922.63,
07/17/2026,4008,Online Gift Card,16.58,
07/17/2026,4008,Online Credit Card Tips,,33.33
07/17/2026,4008,In-Store Credit Card Tips,,116.51
07/17/2026,4008,3rd Party - DoorDash,455.85,
07/17/2026,4008,3rd Party - UberEats,34.87,
07/17/2026,4008,Cash Over/Short Adjustment,,0.44
07/17/2026,4009,Subject to Tax,,3192.39
07/17/2026,4009,Register Audit,323,
07/17/2026,4009,Sales Tax,,311.22
07/17/2026,4009,In-Store Credit Card,1827.22,
07/17/2026,4009,Payout,15.77,
07/17/2026,4009,Online Credit card,697.12,
07/17/2026,4009,Online Credit Card Tips,,25
07/17/2026,4009,In-Store Credit Card Tips,,101.45
07/17/2026,4009,Gift Card,11.83,
07/17/2026,4009,3rd Party - DoorDash,521.21,
07/17/2026,4009,3rd Party - UberEats,233.18,
07/17/2026,4009,Cash Over/Short Adjustment,0.73,
07/17/2026,4010,Subject to Tax,,2741.78
07/17/2026,4010,Register Audit,314,
07/17/2026,4010,Sales Tax,,267.32
07/17/2026,4010,In-Store Credit Card,1600.49,
07/17/2026,4010,Online Credit card,738.17,
07/17/2026,4010,In-Store Credit Card Tips,,131.93
07/17/2026,4010,3rd Party - DoorDash,198.62,
07/17/2026,4010,3rd Party - GrubHub,11.92,
07/17/2026,4010,3rd Party - UberEats,277.74,
07/17/2026,4010,Cash Over/Short Adjustment,0.09,
07/17/2026,4015,Subject to Tax,,4368.87
07/17/2026,4015,Register Audit,402,
07/17/2026,4015,Sales Tax,,425.92
07/17/2026,4015,In-Store Credit Card,2736.79,
07/17/2026,4015,Online Credit card,1077.04,
07/17/2026,4015,Online Gift Card,22,
07/17/2026,4015,Online Credit Card Tips,,40
07/17/2026,4015,In-Store Credit Card Tips,,174.46
07/17/2026,4015,Gift Card,36.13,
07/17/2026,4015,3rd Party - DoorDash,471.56,
07/17/2026,4015,3rd Party - UberEats,263.17,
07/17/2026,4015,Cash Over/Short Adjustment,0.56,
07/17/2026,4021,Subject to Tax,,4291.11
07/17/2026,4021,Register Audit,360,
07/17/2026,4021,Sales Tax,,418.4
07/17/2026,4021,In-Store Credit Card,2185.29,
07/17/2026,4021,Online Credit card,1426.22,
07/17/2026,4021,Online Gift Card,10.87,
07/17/2026,4021,Online Credit Card Tips,,37
07/17/2026,4021,In-Store Credit Card Tips,,142.58
07/17/2026,4021,3rd Party - DoorDash,479.52,
07/17/2026,4021,3rd Party - UberEats,427.63,
07/17/2026,4021,Cash Over/Short Adjustment,,0.44
07/17/2026,4025,Subject to Tax,,3303.73
07/17/2026,4025,Register Audit,303,
07/17/2026,4025,Sales Tax,,322.09
07/17/2026,4025,In-Store Credit Card,1894.53,
07/17/2026,4025,Payout,66.53,
07/17/2026,4025,Online Credit card,734.18,
07/17/2026,4025,Online Gift Card,4.47,
07/17/2026,4025,Online Credit Card Tips,,30
07/17/2026,4025,In-Store Credit Card Tips,,128.07
07/17/2026,4025,Gift Card,13.88,
07/17/2026,4025,Gift Card Sold,,10
07/17/2026,4025,3rd Party - DoorDash,401.48,
07/17/2026,4025,3rd Party - GrubHub,41.92,
07/17/2026,4025,3rd Party - UberEats,334.82,
07/17/2026,4025,Cash Over/Short Adjustment,,0.92
07/17/2026,4027,Subject to Tax,,4827.37
07/17/2026,4027,Register Audit,692,
07/17/2026,4027,Sales Tax,,470.64
07/17/2026,4027,In-Store Credit Card,2010.84,
07/17/2026,4027,Online Credit card,1061.51,
07/17/2026,4027,In-Store Credit Card Tips,,103.8
07/17/2026,4027,Gift Card,8.43,
07/17/2026,4027,3rd Party - DoorDash,865.12,
07/17/2026,4027,3rd Party - GrubHub,55.68,
07/17/2026,4027,3rd Party - UberEats,707.85,
07/17/2026,4027,Cash Over/Short Adjustment,0.38,
07/17/2026,4034,Subject to Tax,,4231.49
07/17/2026,4034,Register Audit,307,
07/17/2026,4034,Sales Tax,,412.54
07/17/2026,4034,In-Store Credit Card,2413.5,
07/17/2026,4034,Online Credit card,809.97,
07/17/2026,4034,Online Gift Card,10,
07/17/2026,4034,Online Credit Card Tips,,12
07/17/2026,4034,In-Store Credit Card Tips,,126.43
07/17/2026,4034,Gift Card,16.24,
07/17/2026,4034,3rd Party - DoorDash,671.42,
07/17/2026,4034,3rd Party - UberEats,555.06,
07/17/2026,4034,Cash Over/Short Adjustment,,0.73
07/17/2026,4036,Subject to Tax,,6140.78
07/17/2026,4036,Register Audit,388,
07/17/2026,4036,Sales Tax,,598.61
07/17/2026,4036,In-Store Credit Card,3410.53,
07/17/2026,4036,Payout,8.22,
07/17/2026,4036,Online Credit card,1773.12,
07/17/2026,4036,Online Gift Card,10,
07/17/2026,4036,Online Credit Card Tips,,43.83
07/17/2026,4036,In-Store Credit Card Tips,,218.37
07/17/2026,4036,Gift Card,26.74,
07/17/2026,4036,3rd Party - DoorDash,848.54,
07/17/2026,4036,3rd Party - GrubHub,39.23,
07/17/2026,4036,3rd Party - UberEats,494.95,
07/17/2026,4036,Cash Over/Short Adjustment,0.26,
07/17/2026,4036,Register Audit Adjustment,2,
07/17/2026,4042,Subject to Tax,,4632.48
07/17/2026,4042,Tax Exempt,,201.2
07/17/2026,4042,Sales Tax,,451.69
07/17/2026,4042,In-Store Credit Card,2279.41,
07/17/2026,4042,Online Credit card,1995.58,
07/17/2026,4042,Online Gift Card,30.84,
07/17/2026,4042,Online Credit Card Tips,,70.28
07/17/2026,4042,In-Store Credit Card Tips,,139.97
07/17/2026,4042,Gift Card,34.55,
07/17/2026,4042,3rd Party - DoorDash,508.62,
07/17/2026,4042,3rd Party - UberEats,366.89,
07/17/2026,4042,Cash Over/Short Adjustment,0.73,
07/17/2026,4042,Register Audit Adjustment,279,
07/17/2026,4052,Subject to Tax,,5174.27
07/17/2026,4052,Register Audit,682,
07/17/2026,4052,Sales Tax,,504.46
07/17/2026,4052,In-Store Credit Card,2477.56,
07/17/2026,4052,Payout,96.56,
07/17/2026,4052,Online Credit card,1767.15,
07/17/2026,4052,Online Gift Card,11.56,
07/17/2026,4052,Online Credit Card Tips,,47.47
07/17/2026,4052,In-Store Credit Card Tips,,107.42
07/17/2026,4052,Gift Card,39.95,
07/17/2026,4052,3rd Party - DoorDash,671.88,
07/17/2026,4052,3rd Party - UberEats,86,
07/17/2026,4052,Cash Over/Short Adjustment,0.96,
07/17/2026,4061,Subject to Tax,,5132.99
07/17/2026,4061,Register Audit,243,
07/17/2026,4061,Sales Tax,,500.41
07/17/2026,4061,In-Store Credit Card,2781.36,
07/17/2026,4061,Online Credit card,1957.41,
07/17/2026,4061,Online Gift Card,27.07,
07/17/2026,4061,Online Credit Card Tips,,47
07/17/2026,4061,In-Store Credit Card Tips,,149.75
07/17/2026,4061,Gift Card,37.37,
07/17/2026,4061,Gift Card Sold,,15
07/17/2026,4061,3rd Party - DoorDash,571.14,
07/17/2026,4061,3rd Party - GrubHub,24.02,
07/17/2026,4061,3rd Party - UberEats,204.62,
07/17/2026,4061,Cash Over/Short Adjustment,,0.84
07/17/2026,4074,Subject to Tax,,2142.45
07/17/2026,4074,Register Audit,108,
07/17/2026,4074,Sales Tax,,208.91
07/17/2026,4074,In-Store Credit Card,1360.88,
07/17/2026,4074,Online Credit card,943.67,
07/17/2026,4074,Online Gift Card,25,
07/17/2026,4074,Online Credit Card Tips,,28
07/17/2026,4074,In-Store Credit Card Tips,,77.83
07/17/2026,4074,Gift Card,19.97,
07/17/2026,4074,Cash Over/Short Adjustment,,0.33
07/17/2026,5042,Subject to Tax,,3909.15
07/17/2026,5042,Non-Taxable Sales,,5
07/17/2026,5042,3rd Party Tax Exempt,,434.99
07/17/2026,5042,Register Audit,474,
07/17/2026,5042,Sales Tax,,271.01
07/17/2026,5042,In-Store Credit Card,2357.6,
07/17/2026,5042,Online Credit card,1576.89,
07/17/2026,5042,Online Credit Card Tips,,69
07/17/2026,5042,In-Store Credit Card Tips,,169.38
07/17/2026,5042,Gift Card,15.41,
07/17/2026,5042,3rd Party - DoorDash,235.06,
07/17/2026,5042,3rd Party - UberEats,199.93,
07/17/2026,5042,Cash Over/Short Adjustment,,0.36
07/17/2026,5043,Subject to Tax,,5876.45
07/17/2026,5043,Non-Taxable Sales,,31.5
07/17/2026,5043,3rd Party Tax Exempt,,1560.15
07/17/2026,5043,Register Audit,574,
07/17/2026,5043,Sales Tax,,402.76
07/17/2026,5043,In-Store Credit Card,3948.28,
07/17/2026,5043,Payout,55,
07/17/2026,5043,Online Credit card,2029.24,
07/17/2026,5043,Online Credit Card Tips,,72
07/17/2026,5043,In-Store Credit Card Tips,,223.3
07/17/2026,5043,3rd Party - DoorDash,979.4,
07/17/2026,5043,3rd Party - UberEats,580.75,
07/17/2026,5043,Cash Over/Short Adjustment,,0.51
07/17/2026,5049,Subject to Tax,,2881.25
07/17/2026,5049,Non-Taxable Sales,,11.5
07/17/2026,5049,3rd Party Tax Exempt,,541.04
07/17/2026,5049,Register Audit,462,
07/17/2026,5049,Sales Tax,,236.46
07/17/2026,5049,In-Store Credit Card,1833.58,
07/17/2026,5049,Online Credit card,920.74,
07/17/2026,5049,Online Credit Card Tips,,23
07/17/2026,5049,In-Store Credit Card Tips,,88.76
07/17/2026,5049,Gift Card,25,
07/17/2026,5049,3rd Party - DoorDash,452.72,
07/17/2026,5049,3rd Party - UberEats,88.32,
07/17/2026,5049,Cash Over/Short Adjustment,,0.35
07/17/2026,5051,Subject to Tax,,3273.5
07/17/2026,5051,Non-Taxable Sales,,30
07/17/2026,5051,3rd Party Tax Exempt,,906.64
07/17/2026,5051,Register Audit,405,
07/17/2026,5051,Sales Tax,,225.68
07/17/2026,5051,In-Store Credit Card,2302.48,
07/17/2026,5051,Online Credit card,877.93,
07/17/2026,5051,Online Gift Card,48.59,
07/17/2026,5051,Online Credit Card Tips,,19.41
07/17/2026,5051,In-Store Credit Card Tips,,90.49
07/17/2026,5051,Gift Card,15.41,
07/17/2026,5051,Gift Card Sold,,10
07/17/2026,5051,3rd Party - DoorDash,763.1,
07/17/2026,5051,3rd Party - UberEats,143.54,
07/17/2026,5051,Cash Over/Short Adjustment,,0.33
07/17/2026,5057,Subject to Tax,,2564.15
07/17/2026,5057,3rd Party Tax Exempt,,396.73
07/17/2026,5057,Register Audit,121,
07/17/2026,5057,Sales Tax,,203.08
07/17/2026,5057,In-Store Credit Card,1960.75,
07/17/2026,5057,Payout,44.09,
07/17/2026,5057,Online Credit card,807.65,
07/17/2026,5057,Online Credit Card Tips,,34
07/17/2026,5057,In-Store Credit Card Tips,,131.41
07/17/2026,5057,3rd Party - DoorDash,228.5,
07/17/2026,5057,3rd Party - UberEats,168.23,
07/17/2026,5057,Cash Over/Short Adjustment,,0.85
07/17/2026,5059,Subject to Tax,,2638.05
07/17/2026,5059,Non-Taxable Sales,,10.5
07/17/2026,5059,3rd Party Tax Exempt,,671.89
07/17/2026,5059,Register Audit,290,
07/17/2026,5059,Sales Tax,,182.42
07/17/2026,5059,In-Store Credit Card,2000.93,
07/17/2026,5059,Online Credit card,591.31,
07/17/2026,5059,Online Gift Card,7.12,
07/17/2026,5059,Online Credit Card Tips,,10
07/17/2026,5059,In-Store Credit Card Tips,,101.63
07/17/2026,5059,Gift Card,52.96,
07/17/2026,5059,3rd Party - DoorDash,466.45,
07/17/2026,5059,3rd Party - GrubHub,18.48,
07/17/2026,5059,3rd Party - UberEats,186.96,
07/17/2026,5059,Cash Over/Short Adjustment,0.28,
07/17/2026,5062,Subject to Tax,,2520.02
07/17/2026,5062,Non-Taxable Sales,,5
07/17/2026,5062,3rd Party Tax Exempt,,556.78
07/17/2026,5062,Sales Tax,,173.88
07/17/2026,5062,In-Store Credit Card,1766.68,
07/17/2026,5062,Online Credit card,924.86,
07/17/2026,5062,Online Credit Card Tips,,35
07/17/2026,5062,In-Store Credit Card Tips,,107.79
07/17/2026,5062,3rd Party - DoorDash,435.11,
07/17/2026,5062,3rd Party - GrubHub,34.68,
07/17/2026,5062,3rd Party - UberEats,86.99,
07/17/2026,5062,Cash Over/Short Adjustment,0.15,
07/17/2026,5062,Register Audit Adjustment,150,
07/17/2026,5101,Subject to Tax,,2592.7
07/17/2026,5101,Non-Taxable Sales,,13
07/17/2026,5101,3rd Party Tax Exempt,,586.77
07/17/2026,5101,Register Audit,150,
07/17/2026,5101,Sales Tax,,177.98
07/17/2026,5101,In-Store Credit Card,1853.64,
07/17/2026,5101,Online Credit card,884.65,
07/17/2026,5101,Online Gift Card,10.01,
07/17/2026,5101,Online Credit Card Tips,,19
07/17/2026,5101,In-Store Credit Card Tips,,95.35
07/17/2026,5101,3rd Party - DoorDash,467.93,
07/17/2026,5101,3rd Party - UberEats,118.84,
07/17/2026,5101,Cash Over/Short Adjustment,,0.27
07/17/2026,5112,Subject to Tax,,3104.85
07/17/2026,5112,Non-Taxable Sales,,17
07/17/2026,5112,3rd Party Tax Exempt,,373.55
07/17/2026,5112,Register Audit,455,
07/17/2026,5112,Sales Tax,,246.16
07/17/2026,5112,In-Store Credit Card,1969.8,
07/17/2026,5112,Online Credit card,1093.23,
07/17/2026,5112,Online Credit Card Tips,,28.71
07/17/2026,5112,In-Store Credit Card Tips,,120.63
07/17/2026,5112,3rd Party - DoorDash,353.75,
07/17/2026,5112,3rd Party - UberEats,19.8,
07/17/2026,5112,Cash Over/Short Adjustment,,0.68
07/17/2026,5127,Subject to Tax,,3543.75
07/17/2026,5127,3rd Party Tax Exempt,,94.85
07/17/2026,5127,Register Audit,538,
07/17/2026,5127,Sales Tax,,278.26
07/17/2026,5127,In-Store Credit Card,2302.35,
07/17/2026,5127,Online Credit card,1185.55,
07/17/2026,5127,Online Credit Card Tips,,41
07/17/2026,5127,In-Store Credit Card Tips,,137.86
07/17/2026,5127,Gift Card Sold,,25
07/17/2026,5127,3rd Party - DoorDash,94.85,
07/17/2026,5127,Cash Over/Short Adjustment,,0.03
07/17/2026,6021,Subject to Tax,,3865.22
07/17/2026,6021,Non-Taxable Sales,,5
07/17/2026,6021,3rd Party Tax Exempt,,70.31
07/17/2026,6021,Register Audit,159,
07/17/2026,6021,Sales Tax,,367.22
07/17/2026,6021,In-Store Credit Card,1897.86,
07/17/2026,6021,Payout,5,
07/17/2026,6021,Online Credit card,1458.36,
07/17/2026,6021,Online Credit Card Tips,,38.01
07/17/2026,6021,In-Store Credit Card Tips,,112.55
07/17/2026,6021,Gift Card,38.85,
07/17/2026,6021,3rd Party - DoorDash,829,
07/17/2026,6021,3rd Party - UberEats,70.31,
07/17/2026,6021,Cash Over/Short Adjustment,,0.07
07/17/2026,6026,Subject to Tax,,3637.38
07/17/2026,6026,Non-Taxable Sales,,31
07/17/2026,6026,3rd Party Tax Exempt,,166.72
07/17/2026,6026,Register Audit,236,
07/17/2026,6026,Sales Tax,,218.25
07/17/2026,6026,In-Store Credit Card,2131.33,
07/17/2026,6026,Online Credit card,1267.87,
07/17/2026,6026,Online Credit Card Tips,,33
07/17/2026,6026,In-Store Credit Card Tips,,164.46
07/17/2026,6026,3rd Party - DoorDash,432.44,
07/17/2026,6026,3rd Party - GrubHub,15,
07/17/2026,6026,3rd Party - UberEats,166.72,
07/17/2026,6026,Cash Over/Short Adjustment,0.45,
07/17/2026,6026,Register Audit Adjustment,1,
07/17/2026,6032,Subject to Tax,,4125.67
07/17/2026,6032,Non-Taxable Sales,,10.5
07/17/2026,6032,3rd Party Tax Exempt,,224.54
07/17/2026,6032,Sales Tax,,247.57
07/17/2026,6032,In-Store Credit Card,2085.66,
07/17/2026,6032,Online Credit card,1532.65,
07/17/2026,6032,Online Credit Card Tips,,41
07/17/2026,6032,In-Store Credit Card Tips,,142.89
07/17/2026,6032,3rd Party - DoorDash,744.86,
07/17/2026,6032,3rd Party - GrubHub,20.86,
07/17/2026,6032,3rd Party - UberEats,224.54,
07/17/2026,6032,Cash Over/Short Adjustment,0.6,
07/17/2026,6032,Register Audit Adjustment,183,
07/17/2026,6037,Subject to Tax,,4929.53
07/17/2026,6037,Non-Taxable Sales,,16
07/17/2026,6037,Register Audit,225,
07/17/2026,6037,Sales Tax,,542.61
07/17/2026,6037,In-Store Credit Card,3444.38,
07/17/2026,6037,Online Credit card,2038.9,
07/17/2026,6037,Online Credit Card Tips,,72
07/17/2026,6037,In-Store Credit Card Tips,,245.86
07/17/2026,6037,3rd Party - UberEats,97.55,
07/17/2026,6037,Cash Over/Short Adjustment,0.17,
07/17/2026,6039,Subject to Tax,,3849.37
07/17/2026,6039,Non-Taxable Sales,,58.5
07/17/2026,6039,3rd Party Tax Exempt,,94.86
07/17/2026,6039,Sales Tax,,230.91
07/17/2026,6039,In-Store Credit Card,2121.3,
07/17/2026,6039,Online Credit card,1594.67,
07/17/2026,6039,Online Credit Card Tips,,52.51
07/17/2026,6039,In-Store Credit Card Tips,,165.4
07/17/2026,6039,Gift Card,10,
07/17/2026,6039,3rd Party - DoorDash,441.2,
07/17/2026,6039,3rd Party - GrubHub,27.22,
07/17/2026,6039,3rd Party - UberEats,94.86,
07/17/2026,6039,Cash Over/Short Adjustment,0.3,
07/17/2026,6039,Register Audit Adjustment,162,
07/17/2026,6044,Subject to Tax,,4463.15
07/17/2026,6044,Non-Taxable Sales,,29.5
07/17/2026,6044,3rd Party Tax Exempt,,37.56
07/17/2026,6044,Sales Tax,,504.42
07/17/2026,6044,In-Store Credit Card,2398.21,
07/17/2026,6044,Online Credit card,1640.34,
07/17/2026,6044,Online Gift Card,10.69,
07/17/2026,6044,Online Credit Card Tips,,37
07/17/2026,6044,In-Store Credit Card Tips,,124.93
07/17/2026,6044,Gift Card,10,
07/17/2026,6044,3rd Party - DoorDash,790.52,
07/17/2026,6044,3rd Party - UberEats,37.56,
07/17/2026,6044,Cash Over/Short Adjustment,0.24,
07/17/2026,6044,Register Audit Adjustment,309,
07/17/2026,6065,Subject to Tax,,3517.2
07/17/2026,6065,Non-Taxable Sales,,15
07/17/2026,6065,3rd Party Tax Exempt,,166.83
07/17/2026,6065,Sales Tax,,351.87
07/17/2026,6065,In-Store Credit Card,2135.66,
07/17/2026,6065,Payout,53.33,
07/17/2026,6065,Online Credit card,1526.84,
07/17/2026,6065,Online Credit Card Tips,,47.7
07/17/2026,6065,In-Store Credit Card Tips,,143.1
07/17/2026,6065,Gift Card,41.31,
07/17/2026,6065,3rd Party - DoorDash,235.07,
07/17/2026,6065,3rd Party - UberEats,166.83,
07/17/2026,6065,Cash Over/Short Adjustment,0.66,
07/17/2026,6065,Register Audit Adjustment,82,
07/17/2026,6067,Subject to Tax,,4072.57
07/17/2026,6067,Non-Taxable Sales,,16
07/17/2026,6067,3rd Party Tax Exempt,,71.74
07/17/2026,6067,Sales Tax,,460.24
07/17/2026,6067,In-Store Credit Card,2375.02,
07/17/2026,6067,Online Credit card,1523.46,
07/17/2026,6067,Online Gift Card,30,
07/17/2026,6067,Online Credit Card Tips,,50.18
07/17/2026,6067,In-Store Credit Card Tips,,160.39
07/17/2026,6067,3rd Party - DoorDash,298.74,
07/17/2026,6067,3rd Party - GrubHub,93.89,
07/17/2026,6067,3rd Party - UberEats,71.74,
07/17/2026,6067,Cash Over/Short Adjustment,0.27,
07/17/2026,6067,Register Audit Adjustment,438,
07/17/2026,6072,Subject to Tax,,5325.35
07/17/2026,6072,Non-Taxable Sales,,27.5
07/17/2026,6072,3rd Party Tax Exempt,,198.89
07/17/2026,6072,Register Audit,542,
07/17/2026,6072,Sales Tax,,628.48
07/17/2026,6072,In-Store Credit Card,3032.28,
07/17/2026,6072,Online Credit card,1362.72,
07/17/2026,6072,Online Gift Card,9.59,
07/17/2026,6072,Online Credit Card Tips,,34.16
07/17/2026,6072,In-Store Credit Card Tips,,171.42
07/17/2026,6072,Gift Card,18.03,
07/17/2026,6072,3rd Party - DoorDash,1222.38,
07/17/2026,6072,3rd Party - UberEats,198.89,
07/17/2026,6072,Cash Over/Short Adjustment,,0.09
07/17/2026,6076,Subject to Tax,,2613.17
07/17/2026,6076,Non-Taxable Sales,,10
07/17/2026,6076,3rd Party Tax Exempt,,217.51
07/17/2026,6076,Sales Tax,,235.17
07/17/2026,6076,In-Store Credit Card,1605.37,
07/17/2026,6076,Online Credit card,1078.47,
07/17/2026,6076,Online Credit Card Tips,,32.84
07/17/2026,6076,In-Store Credit Card Tips,,98.16
07/17/2026,6076,Gift Card,10.79,
07/17/2026,6076,Gift Card Sold,,30
07/17/2026,6076,3rd Party - DoorDash,70.21,
07/17/2026,6076,3rd Party - UberEats,217.51,
07/17/2026,6076,Cash Over/Short Adjustment,0.5,
07/17/2026,6076,Register Audit Adjustment,254,
07/17/2026,6083,Subject to Tax,,3336.1
07/17/2026,6083,Non-Taxable Sales,,5
07/17/2026,6083,3rd Party Tax Exempt,,109.49
07/17/2026,6083,Tax Exempt,,358.5
07/17/2026,6083,Register Audit,166,
07/17/2026,6083,Sales Tax,,300.26
07/17/2026,6083,In-Store Credit Card,2114.57,
07/17/2026,6083,Online Credit card,1458.15,
07/17/2026,6083,Online Gift Card,10,
07/17/2026,6083,Online Credit Card Tips,,40
07/17/2026,6083,In-Store Credit Card Tips,,103.92
07/17/2026,6083,Online Gift Card Tips,,2
07/17/2026,6083,3rd Party - DoorDash,369.79,
07/17/2026,6083,3rd Party - GrubHub,26.93,
07/17/2026,6083,3rd Party - UberEats,109.49,
07/17/2026,6083,Cash Over/Short Adjustment,0.34,
07/17/2026,6088,Subject to Tax,,3998.64
07/17/2026,6088,Non-Taxable Sales,,40
07/17/2026,6088,3rd Party Tax Exempt,,207.67
07/17/2026,6088,Register Audit,242,
07/17/2026,6088,Sales Tax,,400.05
07/17/2026,6088,In-Store Credit Card,2168.65,
07/17/2026,6088,Online Credit card,1633.36,
07/17/2026,6088,Online Gift Card,75,
07/17/2026,6088,Online Credit Card Tips,,44
07/17/2026,6088,In-Store Credit Card Tips,,117.18
07/17/2026,6088,Online Gift Card Tips,,3
07/17/2026,6088,Gift Card,7.92,
07/17/2026,6088,3rd Party - DoorDash,452.56,
07/17/2026,6088,3rd Party - GrubHub,22.97,
07/17/2026,6088,3rd Party - UberEats,207.67,
07/17/2026,6088,Cash Over/Short Adjustment,0.41,
07/17/2026,6093,Subject to Tax,,3468.48
07/17/2026,6093,Non-Taxable Sales,,5
07/17/2026,6093,Register Audit,638,
07/17/2026,6093,Sales Tax,,391.98
07/17/2026,6093,In-Store Credit Card,2124.15,
07/17/2026,6093,Payout,25,
07/17/2026,6093,Online Credit card,957.39,
07/17/2026,6093,Online Gift Card,25.44,
07/17/2026,6093,Online Credit Card Tips,,22
07/17/2026,6093,In-Store Credit Card Tips,,128.68
07/17/2026,6093,Gift Card,32.17,
07/17/2026,6093,3rd Party - DoorDash,214.51,
07/17/2026,6093,Cash Over/Short Adjustment,,0.52
07/17/2026,6094,Subject to Tax,,2169.09
07/17/2026,6094,Non-Taxable Sales,,10
07/17/2026,6094,3rd Party Tax Exempt,,67.74
07/17/2026,6094,Register Audit,232,
07/17/2026,6094,Sales Tax,,217.06
07/17/2026,6094,In-Store Credit Card,1596.6,
07/17/2026,6094,Online Credit card,464.15,
07/17/2026,6094,Online Credit Card Tips,,15
07/17/2026,6094,In-Store Credit Card Tips,,124.98
07/17/2026,6094,3rd Party - DoorDash,224.65,
07/17/2026,6094,3rd Party - GrubHub,19.66,
07/17/2026,6094,3rd Party - UberEats,67.74,
07/17/2026,6094,Cash Over/Short Adjustment,,0.93
07/17/2026,6102,Subject to Tax,,3005.87
07/17/2026,6102,Non-Taxable Sales,,34.5
07/17/2026,6102,Sales Tax,,300.73
07/17/2026,6102,In-Store Credit Card,1745.57,
07/17/2026,6102,Payout,81.45,
07/17/2026,6102,Online Credit card,986.58,
07/17/2026,6102,Online Credit Card Tips,,13
07/17/2026,6102,In-Store Credit Card Tips,,81.36
07/17/2026,6102,Gift Card,9.82,
07/17/2026,6102,3rd Party - DoorDash,493.97,
07/17/2026,6102,3rd Party - GrubHub,67.36,
07/17/2026,6102,3rd Party - UberEats,20.32,
07/17/2026,6102,Cash Over/Short Adjustment,0.39,
07/17/2026,6102,Register Audit Adjustment,30,
07/17/2026,7024,Subject to Tax,,3582.15
07/17/2026,7024,3rd Party Tax Exempt,,578.65
07/17/2026,7024,Sales Tax,,304.46
07/17/2026,7024,In-Store Credit Card,1928.78,
07/17/2026,7024,Online Credit card,1702.01,
07/17/2026,7024,Online Credit Card Tips,,49
07/17/2026,7024,In-Store Credit Card Tips,,126.22
07/17/2026,7024,3rd Party - DoorDash,530.65,
07/17/2026,7024,3rd Party - UberEats,48,
07/17/2026,7024,Cash Over/Short Adjustment,0.04,
07/17/2026,7024,Register Audit Adjustment,431,
07/17/2026,7032,Subject to Tax,,3522.75
07/17/2026,7032,3rd Party Tax Exempt,,566.81
07/17/2026,7032,Register Audit,646,
07/17/2026,7032,Sales Tax,,307.19
07/17/2026,7032,In-Store Credit Card,2345.3,
07/17/2026,7032,Online Credit card,957.89,
07/17/2026,7032,Online Credit Card Tips,,32
07/17/2026,7032,In-Store Credit Card Tips,,97.92
07/17/2026,7032,Gift Card,10,
07/17/2026,7032,3rd Party - DoorDash,532.37,
07/17/2026,7032,3rd Party - UberEats,34.44,
07/17/2026,7032,Cash Over/Short Adjustment,0.67,
07/17/2026,7039,Subject to Tax,,3051.35
07/17/2026,7039,3rd Party Tax Exempt,,399.85
07/17/2026,7039,Sales Tax,,263.54
07/17/2026,7039,In-Store Credit Card,2163.14,
07/17/2026,7039,Online Credit card,1042.97,
07/17/2026,7039,Online Credit Card Tips,,36
07/17/2026,7039,In-Store Credit Card Tips,,144.14
07/17/2026,7039,3rd Party - DoorDash,384.07,
07/17/2026,7039,3rd Party - UberEats,15.78,
07/17/2026,7039,Cash Over/Short Adjustment,0.92,
07/17/2026,7039,Register Audit Adjustment,288,
07/17/2026,7049,Subject to Tax,,4909.37
07/17/2026,7049,3rd Party Tax Exempt,,1138.84
07/17/2026,7049,Sales Tax,,420.3
07/17/2026,7049,In-Store Credit Card,3069.79,
07/17/2026,7049,Online Credit card,1998.2,
07/17/2026,7049,Online Gift Card,36.86,
07/17/2026,7049,Online Credit Card Tips,,72.89
07/17/2026,7049,In-Store Credit Card Tips,,206.42
07/17/2026,7049,Gift Card,25,
07/17/2026,7049,3rd Party - DoorDash,870.4,
07/17/2026,7049,3rd Party - GrubHub,44.58,
07/17/2026,7049,3rd Party - UberEats,223.86,
07/17/2026,7049,Cash Over/Short Adjustment,0.13,
07/17/2026,7049,Register Audit Adjustment,479,
07/17/2026,7066,Subject to Tax,,3795.6
07/17/2026,7066,3rd Party Tax Exempt,,448.51
07/17/2026,7066,Sales Tax,,323.96
07/17/2026,7066,In-Store Credit Card,1777.12,
07/17/2026,7066,Online Credit card,1776.25,
07/17/2026,7066,Online Credit Card Tips,,47
07/17/2026,7066,In-Store Credit Card Tips,,97.3
07/17/2026,7066,3rd Party - DoorDash,389.41,
07/17/2026,7066,3rd Party - GrubHub,46.26,
07/17/2026,7066,3rd Party - UberEats,12.84,
07/17/2026,7066,Cash Over/Short Adjustment,0.49,
07/17/2026,7066,Register Audit Adjustment,710,
07/17/2026,13026,Subject to Tax,,2602.51
07/17/2026,13026,Non-Taxable Sales,,30.19
07/17/2026,13026,3rd Party Tax Exempt,,1010.94
07/17/2026,13026,Register Audit,298,
07/17/2026,13026,Sales Tax,,195.28
07/17/2026,13026,In-Store Credit Card,1457.37,
07/17/2026,13026,Online Credit card,1033.94,
07/17/2026,13026,Online Gift Card,30.43,
07/17/2026,13026,Online Credit Card Tips,,26
07/17/2026,13026,In-Store Credit Card Tips,,80.65
07/17/2026,13026,Gift Card,32.53,
07/17/2026,13026,3rd Party - DoorDash,725.98,
07/17/2026,13026,3rd Party - GrubHub,61.21,
07/17/2026,13026,3rd Party - UberEats,305.3,
07/17/2026,13026,Cash Over/Short Adjustment,0.81,
07/17/2026,13062,Subject to Tax,,2569.79
07/17/2026,13062,Non-Taxable Sales,,28.7
07/17/2026,13062,3rd Party Tax Exempt,,1059.03
07/17/2026,13062,Sales Tax,,179.91
07/17/2026,13062,In-Store Credit Card,1633.62,
07/17/2026,13062,Online Credit card,1000.67,
07/17/2026,13062,Online Credit Card Tips,,33.41
07/17/2026,13062,In-Store Credit Card Tips,,95.38
07/17/2026,13062,Gift Card,25,
07/17/2026,13062,3rd Party - DoorDash,726.94,
07/17/2026,13062,3rd Party - GrubHub,13.74,
07/17/2026,13062,3rd Party - UberEats,345.89,
07/17/2026,13062,Cash Over/Short Adjustment,0.36,
07/17/2026,13062,Register Audit Adjustment,220,
07/17/2026,13082,Subject to Tax,,1999.7
07/17/2026,13082,3rd Party Tax Exempt,,575.94
07/17/2026,13082,Register Audit,500,
07/17/2026,13082,Sales Tax,,139.94
07/17/2026,13082,In-Store Credit Card,1062.37,
07/17/2026,13082,Online Credit card,638.72,
07/17/2026,13082,Online Credit Card Tips,,23
07/17/2026,13082,In-Store Credit Card Tips,,78.61
07/17/2026,13082,Gift Card,40.86,
07/17/2026,13082,3rd Party - DoorDash,216.85,
07/17/2026,13082,3rd Party - UberEats,359.09,
07/17/2026,13082,Cash Over/Short Adjustment,,0.7
07/17/2026,13106,Subject to Tax,,2193.13
07/17/2026,13106,Non-Taxable Sales,,29.43
07/17/2026,13106,3rd Party Tax Exempt,,483.67
07/17/2026,13106,Sales Tax,,164.56
07/17/2026,13106,In-Store Credit Card,1668.56,
07/17/2026,13106,Online Credit card,755,
07/17/2026,13106,Online Credit Card Tips,,15
07/17/2026,13106,In-Store Credit Card Tips,,111.87
07/17/2026,13106,3rd Party - DoorDash,388.71,
07/17/2026,13106,3rd Party - GrubHub,13.8,
07/17/2026,13106,3rd Party - UberEats,110.26,
07/17/2026,13106,Cash Over/Short Adjustment,0.33,
07/17/2026,13106,Register Audit Adjustment,61,
07/17/2026,13116,Subject to Tax,,2522.47
07/17/2026,13116,Non-Taxable Sales,,38.21
07/17/2026,13116,3rd Party Tax Exempt,,985.54
07/17/2026,13116,Sales Tax,,176.57
07/17/2026,13116,In-Store Credit Card,1716.45,
07/17/2026,13116,Online Credit card,729.95,
07/17/2026,13116,In-Store Credit Card Tips,,82.65
07/17/2026,13116,Gift Card,30,
07/17/2026,13116,3rd Party - DoorDash,805.68,
07/17/2026,13116,3rd Party - UberEats,205.84,
07/17/2026,13116,Cash Over/Short Adjustment,0.52,
07/17/2026,13116,Register Audit Adjustment,317,
07/17/2026,13138,Subject to Tax,,2401.79
07/17/2026,13138,Non-Taxable Sales,,6.86
07/17/2026,13138,3rd Party Tax Exempt,,257.32
07/17/2026,13138,Register Audit,331,
07/17/2026,13138,Sales Tax,,168.13
07/17/2026,13138,In-Store Credit Card,1719.18,
07/17/2026,13138,Online Credit card,604.07,
07/17/2026,13138,Online Gift Card,34.93,
07/17/2026,13138,Online Credit Card Tips,,30
07/17/2026,13138,In-Store Credit Card Tips,,87.29
07/17/2026,13138,Gift Card,5.21,
07/17/2026,13138,3rd Party - DoorDash,231.64,
07/17/2026,13138,3rd Party - UberEats,25.68,
07/17/2026,13138,Cash Over/Short Adjustment,,0.32
07/17/2026,13148,Subject to Tax,,4251.48
07/17/2026,13148,Non-Taxable Sales,,36.55
07/17/2026,13148,3rd Party Tax Exempt,,386.86
07/17/2026,13148,Sales Tax,,276.35
07/17/2026,13148,In-Store Credit Card,2795.02,
07/17/2026,13148,Online Credit card,1841.31,
07/17/2026,13148,Online Credit Card Tips,,68
07/17/2026,13148,In-Store Credit Card Tips,,215.85
07/17/2026,13148,Gift Card,10.54,
07/17/2026,13148,3rd Party - DoorDash,213.03,
07/17/2026,13148,3rd Party - UberEats,190.09,
07/17/2026,13148,Cash Over/Short Adjustment,0.1,
07/17/2026,13148,Register Audit Adjustment,185,
07/17/2026,13160,Subject to Tax,,3082.59
07/17/2026,13160,Non-Taxable Sales,,12.8
07/17/2026,13160,3rd Party Tax Exempt,,247.35
07/17/2026,13160,Register Audit,507,
07/17/2026,13160,Sales Tax,,215.77
07/17/2026,13160,In-Store Credit Card,2303.31,
07/17/2026,13160,Online Credit card,594.09,
07/17/2026,13160,Online Gift Card,20,
07/17/2026,13160,Online Credit Card Tips,,16
07/17/2026,13160,In-Store Credit Card Tips,,164.77
07/17/2026,13160,Online Gift Card Tips,,2
07/17/2026,13160,Gift Card,50.34,
07/17/2026,13160,3rd Party - DoorDash,144.63,
07/17/2026,13160,3rd Party - GrubHub,13.74,
07/17/2026,13160,3rd Party - UberEats,108.42,
07/17/2026,13160,Cash Over/Short Adjustment,,0.25
07/17/2026,13162,Subject to Tax,,3227.06
07/17/2026,13162,Non-Taxable Sales,,82.53
07/17/2026,13162,3rd Party Tax Exempt,,1086.19
07/17/2026,13162,Sales Tax,,225.93
07/17/2026,13162,In-Store Credit Card,1856.61,
07/17/2026,13162,Online Credit card,1329.48,
07/17/2026,13162,Online Gift Card,13.31,
07/17/2026,13162,Online Credit Card Tips,,37
07/17/2026,13162,In-Store Credit Card Tips,,90.69
07/17/2026,13162,Gift Card,51.43,
07/17/2026,13162,3rd Party - DoorDash,859.43,
07/17/2026,13162,3rd Party - GrubHub,91.57,
07/17/2026,13162,3rd Party - UberEats,262.46,
07/17/2026,13162,Cash Over/Short Adjustment,0.11,
07/17/2026,13162,Register Audit Adjustment,285,
07/17/2026,13219,Subject to Tax,,2538.86
07/17/2026,13219,Non-Taxable Sales,,10.17
07/17/2026,13219,3rd Party Tax Exempt,,577.81
07/17/2026,13219,Sales Tax,,177.76
07/17/2026,13219,In-Store Credit Card,1610.13,
07/17/2026,13219,Online Credit card,726.94,
07/17/2026,13219,Online Credit Card Tips,,37
07/17/2026,13219,In-Store Credit Card Tips,,111.62
07/17/2026,13219,Gift Card,11.18,
07/17/2026,13219,3rd Party - DoorDash,478.94,
07/17/2026,13219,3rd Party - GrubHub,74.8,
07/17/2026,13219,3rd Party - UberEats,105.35,
07/17/2026,13219,Cash Over/Short Adjustment,0.88,
07/17/2026,13219,Register Audit Adjustment,445,
07/17/2026,37001,Subject to Tax,,6204.74
07/17/2026,37001,Non-Taxable Sales,,651.84
07/17/2026,37001,Sales Tax,,527.44
07/17/2026,37001,In-Store Credit Card,3446.57,
07/17/2026,37001,Online Credit card,2320.03,
07/17/2026,37001,Online Credit Card Tips,,68
07/17/2026,37001,In-Store Credit Card Tips,,206.85
07/17/2026,37001,Gift Card,53.7,
07/17/2026,37001,3rd Party - DoorDash,749.12,
07/17/2026,37001,3rd Party - UberEats,78.27,
07/17/2026,37001,Cash Over/Short Adjustment,0.18,
07/17/2026,37001,Register Audit Adjustment,1011,
07/17/2026,37002,Subject to Tax,,5470.1
07/17/2026,37002,Non-Taxable Sales,,582.87
07/17/2026,37002,Sales Tax,,465.03
07/17/2026,37002,In-Store Credit Card,2379.56,
07/17/2026,37002,Online Credit card,2791.98,
07/17/2026,37002,Online Gift Card,23.32,
07/17/2026,37002,Online Credit Card Tips,,79.08
07/17/2026,37002,In-Store Credit Card Tips,,175.69
07/17/2026,37002,Online Gift Card Tips,,2
07/17/2026,37002,Gift Card,89.43,
07/17/2026,37002,3rd Party - DoorDash,771.48,
07/17/2026,37002,3rd Party - GrubHub,15.88,
07/17/2026,37002,3rd Party - UberEats,191.7,
07/17/2026,37002,Cash Over/Short Adjustment,0.42,
07/17/2026,37002,Register Audit Adjustment,511,
07/17/2026,37004,Subject to Tax,,3316.19
07/17/2026,37004,Non-Taxable Sales,,257.13
07/17/2026,37004,Register Audit,357,
07/17/2026,37004,Sales Tax,,281.89
07/17/2026,37004,In-Store Credit Card,1464.12,
07/17/2026,37004,Online Credit card,1919.42,
07/17/2026,37004,Online Gift Card,19.51,
07/17/2026,37004,Online Credit Card Tips,,81
07/17/2026,37004,In-Store Credit Card Tips,,89.85
07/17/2026,37004,Gift Card,4.09,
07/17/2026,37004,3rd Party - DoorDash,209.37,
07/17/2026,37004,3rd Party - UberEats,51.56,
07/17/2026,37004,Cash Over/Short Adjustment,0.99,
07/17/2026,37006,Subject to Tax,,6337.36
07/17/2026,37006,Non-Taxable Sales,,712.36
07/17/2026,37006,Register Audit,758,
07/17/2026,37006,Sales Tax,,538.76
07/17/2026,37006,In-Store Credit Card,3625.32,
07/17/2026,37006,Online Credit card,2797.29,
07/17/2026,37006,Online Gift Card,29.75,
07/17/2026,37006,Online Credit Card Tips,,56
07/17/2026,37006,In-Store Credit Card Tips,,230.76
07/17/2026,37006,Gift Card,65.29,
07/17/2026,37006,3rd Party - DoorDash,594.84,
07/17/2026,37006,Cash Over/Short Adjustment,0.75,
07/17/2026,37006,Register Audit Adjustment,4,
07/17/2026,37007,Subject to Tax,,7622.72
07/17/2026,37007,Non-Taxable Sales,,762.08
07/17/2026,37007,Sales Tax,,647.93
07/17/2026,37007,In-Store Credit Card,2901.99,
07/17/2026,37007,Payout,39.94,
07/17/2026,37007,Online Credit card,3289.38,
07/17/2026,37007,Online Gift Card,45,
07/17/2026,37007,Online Credit Card Tips,,77.95
07/17/2026,37007,In-Store Credit Card Tips,,177.11
07/17/2026,37007,Online Gift Card Tips,,3
07/17/2026,37007,Gift Card,79.14,
07/17/2026,37007,3rd Party - DoorDash,1449.45,
07/17/2026,37007,3rd Party - GrubHub,30.07,
07/17/2026,37007,3rd Party - UberEats,189.51,
07/17/2026,37007,Cash Over/Short Adjustment,0.31,
07/17/2026,37007,Register Audit Adjustment,1266,
07/17/2026,37009,Subject to Tax,,4148.45
07/17/2026,37009,Non-Taxable Sales,,433.33
07/17/2026,37009,Sales Tax,,352.66
07/17/2026,37009,In-Store Credit Card,2170.03,
07/17/2026,37009,Payout,3,
07/17/2026,37009,Online Credit card,1672.89,
07/17/2026,37009,Online Gift Card,32.75,
07/17/2026,37009,Online Credit Card Tips,,48.05
07/17/2026,37009,In-Store Credit Card Tips,,143.32
07/17/2026,37009,Gift Card,48.46,
07/17/2026,37009,3rd Party - DoorDash,643.28,
07/17/2026,37009,3rd Party - GrubHub,29.28,
07/17/2026,37009,3rd Party - UberEats,166.36,
07/17/2026,37009,Cash Over/Short Adjustment,0.76,
07/17/2026,37009,Register Audit Adjustment,359,
07/17/2026,37010,Subject to Tax,,7991.58
07/17/2026,37010,Non-Taxable Sales,,888.97
07/17/2026,37010,Register Audit,1013,
07/17/2026,37010,Sales Tax,,679.37
07/17/2026,37010,In-Store Credit Card,4085.55,
07/17/2026,37010,Payout,5.95,
07/17/2026,37010,Online Credit card,3722.09,
07/17/2026,37010,Online Credit Card Tips,,133.45
07/17/2026,37010,In-Store Credit Card Tips,,236.96
07/17/2026,37010,Gift Card,69.71,
07/17/2026,37010,3rd Party - DoorDash,1002.85,
07/17/2026,37010,Cash Over/Short Adjustment,0.18,
07/17/2026,37010,Register Audit Adjustment,31,
07/17/2026,37013,Subject to Tax,,4664.27
07/17/2026,37013,Non-Taxable Sales,,504.27
07/17/2026,37013,Register Audit,901,
07/17/2026,37013,Sales Tax,,396.59
07/17/2026,37013,In-Store Credit Card,2358.76,
07/17/2026,37013,Online Credit card,2338.58,
07/17/2026,37013,Online Gift Card,10.35,
07/17/2026,37013,Online Credit Card Tips,,70
07/17/2026,37013,In-Store Credit Card Tips,,147.04
07/17/2026,37013,3rd Party - DoorDash,172.08,
07/17/2026,37013,Cash Over/Short Adjustment,0.4,
07/17/2026,37013,Register Audit Adjustment,1,
07/17/2026,37014,Subject to Tax,,5046.34
07/17/2026,37014,Non-Taxable Sales,,671.02
07/17/2026,37014,Sales Tax,,428.98
07/17/2026,37014,In-Store Credit Card,2557.95,
07/17/2026,37014,Online Credit card,2200.4,
07/17/2026,37014,Online Credit Card Tips,,68.59
07/17/2026,37014,In-Store Credit Card Tips,,158.02
07/17/2026,37014,Gift Card,11.61,
07/17/2026,37014,3rd Party - DoorDash,879.71,
07/17/2026,37014,3rd Party - UberEats,233.98,
07/17/2026,37014,Cash Over/Short Adjustment,0.3,
07/17/2026,37014,Register Audit Adjustment,489,
07/17/2026,37016,Subject to Tax,,3265.33
07/17/2026,37016,Non-Taxable Sales,,449.06
07/17/2026,37016,Register Audit,456,
07/17/2026,37016,Sales Tax,,277.61
07/17/2026,37016,In-Store Credit Card,2204.39,
07/17/2026,37016,Payout,89,
07/17/2026,37016,Online Credit card,1214.28,
07/17/2026,37016,Online Credit Card Tips,,64.59
07/17/2026,37016,In-Store Credit Card Tips,,140.06
07/17/2026,37016,3rd Party - DoorDash,238.29,
07/17/2026,37016,Cash Over/Short Adjustment,,0.31
07/17/2026,37016,Register Audit Adjustment,,5
07/17/2026,37020,Subject to Tax,,4141.35
07/17/2026,37020,Non-Taxable Sales,,357.6
07/17/2026,37020,Register Audit,507.19,
07/17/2026,37020,Sales Tax,,352.1
07/17/2026,37020,In-Store Credit Card,1906.67,
07/17/2026,37020,Online Credit card,2287.18,
07/17/2026,37020,Online Gift Card,48.32,
07/17/2026,37020,Online Credit Card Tips,,76
07/17/2026,37020,In-Store Credit Card Tips,,120.65
07/17/2026,37020,Online Gift Card Tips,,2
07/17/2026,37020,Gift Card,29.82,
07/17/2026,37020,3rd Party - DoorDash,270.73,
07/17/2026,37020,Cash Over/Short Adjustment,,0.21
07/17/2026,49001,Subject to Tax,,4511.8
07/17/2026,49001,3rd Party Tax Exempt,,1006.21
07/17/2026,49001,Sales Tax,,360.67
07/17/2026,49001,In-Store Credit Card,2706.01,
07/17/2026,49001,Online Credit card,2002.15,
07/17/2026,49001,Online Credit Card Tips,,63.1
07/17/2026,49001,In-Store Credit Card Tips,,170.58
07/17/2026,49001,3rd Party - DoorDash,812.68,
07/17/2026,49001,3rd Party - GrubHub,73.5,
07/17/2026,49001,3rd Party - UberEats,120.03,
07/17/2026,49001,Cash Over/Short Adjustment,0.99,
07/17/2026,49001,Register Audit Adjustment,397,
07/17/2026,49002,Subject to Tax,,4033.1
07/17/2026,49002,3rd Party Tax Exempt,,428.72
07/17/2026,49002,Tax Exempt,,166.3
07/17/2026,49002,Sales Tax,,322.5
07/17/2026,49002,In-Store Credit Card,2459.62,
07/17/2026,49002,Online Credit card,1796.21,
07/17/2026,49002,Online Gift Card,42.54,
07/17/2026,49002,Online Credit Card Tips,,75.25
07/17/2026,49002,In-Store Credit Card Tips,,116.14
07/17/2026,49002,Online Gift Card Tips,,1
07/17/2026,49002,Gift Card,30.4,
07/17/2026,49002,Gift Card Sold,,120
07/17/2026,49002,3rd Party - DoorDash,387.92,
07/17/2026,49002,3rd Party - UberEats,40.8,
07/17/2026,49002,Cash Over/Short Adjustment,0.52,
07/17/2026,49002,Register Audit Adjustment,505,
07/17/2026,49003,Subject to Tax,,4257.85
07/17/2026,49003,3rd Party Tax Exempt,,380.53
07/17/2026,49003,Tax Exempt,,71.7
07/17/2026,49003,Sales Tax,,340.51
07/17/2026,49003,In-Store Credit Card,2605.71,
07/17/2026,49003,Online Credit card,1661.74,
07/17/2026,49003,Online Gift Card,30.95,
07/17/2026,49003,Online Credit Card Tips,,54.21
07/17/2026,49003,In-Store Credit Card Tips,,166.47
07/17/2026,49003,Gift Card,13.44,
07/17/2026,49003,3rd Party - DoorDash,380.53,
07/17/2026,49003,Cash Over/Short Adjustment,0.9,
07/17/2026,49003,Register Audit Adjustment,578,
07/17/2026,49004,Subject to Tax,,5409.05
07/17/2026,49004,3rd Party Tax Exempt,,1211.53
07/17/2026,49004,Sales Tax,,432.34
07/17/2026,49004,In-Store Credit Card,1993.2,
07/17/2026,49004,Online Credit card,3602.79,
07/17/2026,49004,Online Gift Card,11.84,
07/17/2026,49004,Online Credit Card Tips,,133.54
07/17/2026,49004,In-Store Credit Card Tips,,144.93
07/17/2026,49004,Gift Card,52.63,
07/17/2026,49004,3rd Party - DoorDash,1089.39,
07/17/2026,49004,3rd Party - GrubHub,24.72,
07/17/2026,49004,3rd Party - UberEats,97.42,
07/17/2026,49004,Cash Over/Short Adjustment,0.4,
07/17/2026,49004,Register Audit Adjustment,459,
07/17/2026,49005,Subject to Tax,,4349.3
07/17/2026,49005,3rd Party Tax Exempt,,661.44
07/17/2026,49005,Sales Tax,,348.15
07/17/2026,49005,In-Store Credit Card,2546.67,
07/17/2026,49005,Payout,21.36,
07/17/2026,49005,Online Credit card,1610.18,
07/17/2026,49005,Online Gift Card,50,
07/17/2026,49005,Online Credit Card Tips,,49.68
07/17/2026,49005,In-Store Credit Card Tips,,172.57
07/17/2026,49005,Online Gift Card Tips,,7.61
07/17/2026,49005,3rd Party - DoorDash,595.92,
07/17/2026,49005,3rd Party - UberEats,65.52,
07/17/2026,49005,Cash Over/Short Adjustment,0.1,
07/17/2026,49005,Register Audit Adjustment,699,
07/17/2026,49006,Subject to Tax,,6194.05
07/17/2026,49006,3rd Party Tax Exempt,,932.71
07/17/2026,49006,Register Audit,604,
07/17/2026,49006,Sales Tax,,495.13
07/17/2026,49006,In-Store Credit Card,3431.73,
07/17/2026,49006,Online Credit card,2821.83,
07/17/2026,49006,Online Gift Card,11.69,
07/17/2026,49006,Online Credit Card Tips,,80
07/17/2026,49006,In-Store Credit Card Tips,,203.87
07/17/2026,49006,Online Gift Card Tips,,1
07/17/2026,49006,Gift Card,104.76,
07/17/2026,49006,3rd Party - DoorDash,802.89,
07/17/2026,49006,3rd Party - UberEats,129.82,
07/17/2026,49006,Cash Over/Short Adjustment,,0.75
07/17/2026,49006,Register Audit Adjustment,,18
07/17/2026,49007,Subject to Tax,,3413.65
07/17/2026,49007,3rd Party Tax Exempt,,1191.46
07/17/2026,49007,Register Audit,436.35,
07/17/2026,49007,Sales Tax,,272.81
07/17/2026,49007,In-Store Credit Card,1774.39,
07/17/2026,49007,Online Credit card,1593.95,
07/17/2026,49007,Online Gift Card,49.8,
07/17/2026,49007,Online Credit Card Tips,,48
07/17/2026,49007,In-Store Credit Card Tips,,120.03
07/17/2026,49007,3rd Party - DoorDash,1018.63,
07/17/2026,49007,3rd Party - UberEats,172.83,
07/17/2026,49008,Subject to Tax,,4602.65
07/17/2026,49008,3rd Party Tax Exempt,,528.08
07/17/2026,49008,Sales Tax,,367.55
07/17/2026,49008,In-Store Credit Card,2662.31,
07/17/2026,49008,Online Credit card,1935.12,
07/17/2026,49008,Online Credit Card Tips,,31.75
07/17/2026,49008,In-Store Credit Card Tips,,193.07
07/17/2026,49008,Gift Card,9.52,
07/17/2026,49008,3rd Party - DoorDash,512.97,
07/17/2026,49008,3rd Party - GrubHub,15.11,
07/17/2026,49008,Cash Over/Short Adjustment,0.07,
07/17/2026,49008,Register Audit Adjustment,588,
07/17/2026,49009,Subject to Tax,,5176.2
07/17/2026,49009,3rd Party Tax Exempt,,646.64
07/17/2026,49009,Sales Tax,,414.14
07/17/2026,49009,In-Store Credit Card,3078.25,
07/17/2026,49009,Online Credit card,2222.06,
07/17/2026,49009,Online Credit Card Tips,,123.94
07/17/2026,49009,In-Store Credit Card Tips,,196.1
07/17/2026,49009,Gift Card,21.76,
07/17/2026,49009,3rd Party - DoorDash,646.64,
07/17/2026,49009,Cash Over/Short Adjustment,0.31,
07/17/2026,49009,Register Audit Adjustment,588,
07/17/2026,49010,Subject to Tax,,3633.55
07/17/2026,49010,3rd Party Tax Exempt,,402.1
07/17/2026,49010,Sales Tax,,290.7
07/17/2026,49010,In-Store Credit Card,2099.77,
07/17/2026,49010,Online Credit card,1849.11,
07/17/2026,49010,Online Gift Card,15.85,
07/17/2026,49010,Online Credit Card Tips,,49
07/17/2026,49010,In-Store Credit Card Tips,,167.61
07/17/2026,49010,Online Gift Card Tips,,1
07/17/2026,49010,3rd Party - DoorDash,340.91,
07/17/2026,49010,3rd Party - UberEats,61.19,
07/17/2026,49010,Cash Over/Short Adjustment,0.13,
07/17/2026,49010,Register Audit Adjustment,177,
07/17/2026,49011,Subject to Tax,,5272.5
07/17/2026,49011,3rd Party Tax Exempt,,421.79
07/17/2026,49011,Register Audit,493,
07/17/2026,49011,Sales Tax,,421.47
07/17/2026,49011,In-Store Credit Card,2874.02,
07/17/2026,49011,Payout,220.72,
07/17/2026,49011,Online Credit card,2406.52,
07/17/2026,49011,Online Credit Card Tips,,72
07/17/2026,49011,In-Store Credit Card Tips,,213.53
07/17/2026,49011,Gift Card,35.16,
07/17/2026,49011,Gift Card Sold,,50
07/17/2026,49011,3rd Party - DoorDash,421.79,
07/17/2026,49011,Cash Over/Short Adjustment,0.08,
07/18/2026,2006,Subject to Tax,,103.34
07/18/2026,2006,Non-Taxable Sales,,2935.87
07/18/2026,2006,3rd Party Tax Exempt,,14.52
07/18/2026,2006,Register Audit,262,
07/18/2026,2006,Sales Tax,,7.21
07/18/2026,2006,In-Store Credit Card,1562.73,
07/18/2026,2006,Payout,10,
07/18/2026,2006,Online Credit card,772.78,
07/18/2026,2006,Online Credit Card Tips,,37.65
07/18/2026,2006,In-Store Credit Card Tips,,78.11
07/18/2026,2006,Gift Card,10.7,
07/18/2026,2006,3rd Party - DoorDash,440.66,
07/18/2026,2006,3rd Party - GrubHub,15.11,
07/18/2026,2006,3rd Party - UberEats,113.41,
07/18/2026,2006,Cash Over/Short Adjustment,,0.69
07/18/2026,2016,Subject to Tax,,111.7
07/18/2026,2016,Non-Taxable Sales,,3155.23
07/18/2026,2016,3rd Party Tax Exempt,,29.76
07/18/2026,2016,Register Audit,247,
07/18/2026,2016,Sales Tax,,7.24
07/18/2026,2016,In-Store Credit Card,1563.97,
07/18/2026,2016,Online Credit card,992.65,
07/18/2026,2016,Online Credit Card Tips,,21.8
07/18/2026,2016,In-Store Credit Card Tips,,79.59
07/18/2026,2016,Gift Card,72.2,
07/18/2026,2016,3rd Party - DoorDash,407.41,
07/18/2026,2016,3rd Party - UberEats,122.33,
07/18/2026,2016,Cash Over/Short Adjustment,,0.24
07/18/2026,2017,Subject to Tax,,148.84
07/18/2026,2017,Non-Taxable Sales,,3057.16
07/18/2026,2017,3rd Party Tax Exempt,,10.68
07/18/2026,2017,Register Audit,156,
07/18/2026,2017,Sales Tax,,10.23
07/18/2026,2017,In-Store Credit Card,1883.63,
07/18/2026,2017,Payout,29.46,
07/18/2026,2017,Online Credit card,905.48,
07/18/2026,2017,Online Credit Card Tips,,19
07/18/2026,2017,In-Store Credit Card Tips,,129.03
07/18/2026,2017,Gift Card,75.31,
07/18/2026,2017,3rd Party - DoorDash,299.85,
07/18/2026,2017,3rd Party - GrubHub,25.38,
07/18/2026,2017,Cash Over/Short Adjustment,,0.17
07/18/2026,2020,Subject to Tax,,372.35
07/18/2026,2020,Non-Taxable Sales,,3005.19
07/18/2026,2020,3rd Party Tax Exempt,,14.16
07/18/2026,2020,Register Audit,570,
07/18/2026,2020,Sales Tax,,26.45
07/18/2026,2020,In-Store Credit Card,1580.94,
07/18/2026,2020,Online Credit card,665.61,
07/18/2026,2020,Online Gift Card,23,
07/18/2026,2020,Online Credit Card Tips,,16.9
07/18/2026,2020,In-Store Credit Card Tips,,80.09
07/18/2026,2020,Gift Card,44.26,
07/18/2026,2020,3rd Party - DoorDash,436.46,
07/18/2026,2020,3rd Party - GrubHub,84.1,
07/18/2026,2020,3rd Party - UberEats,111.24,
07/18/2026,2020,Cash Over/Short Adjustment,,0.47
07/18/2026,2023,Subject to Tax,,151.73
07/18/2026,2023,Non-Taxable Sales,,4098.8
07/18/2026,2023,3rd Party Tax Exempt,,22.32
07/18/2026,2023,Register Audit,144,
07/18/2026,2023,Sales Tax,,10.33
07/18/2026,2023,In-Store Credit Card,1942.15,
07/18/2026,2023,Payout,27.86,
07/18/2026,2023,Online Credit card,1618.76,
07/18/2026,2023,Online Gift Card,40.21,
07/18/2026,2023,Online Credit Card Tips,,57
07/18/2026,2023,In-Store Credit Card Tips,,124.75
07/18/2026,2023,Gift Card,38.8,
07/18/2026,2023,3rd Party - DoorDash,483.35,
07/18/2026,2023,3rd Party - GrubHub,64.44,
07/18/2026,2023,3rd Party - UberEats,105.66,
07/18/2026,2023,Cash Over/Short Adjustment,,0.3
07/18/2026,2024,Subject to Tax,,193.3
07/18/2026,2024,Non-Taxable Sales,,3043.94
07/18/2026,2024,3rd Party Tax Exempt,,29.64
07/18/2026,2024,Register Audit,329,
07/18/2026,2024,Sales Tax,,15.2
07/18/2026,2024,In-Store Credit Card,1948.51,
07/18/2026,2024,Online Credit card,751.1,
07/18/2026,2024,Online Gift Card,18.2,
07/18/2026,2024,Online Credit Card Tips,,18
07/18/2026,2024,In-Store Credit Card Tips,,116.05
07/18/2026,2024,Gift Card,14.85,
07/18/2026,2024,3rd Party - DoorDash,330.27,
07/18/2026,2024,3rd Party - UberEats,25.2,
07/18/2026,2024,Register Audit Adjustment,,1
07/18/2026,2047,Subject to Tax,,168.76
07/18/2026,2047,Non-Taxable Sales,,4061.45
07/18/2026,2047,3rd Party Tax Exempt,,25.32
07/18/2026,2047,Register Audit,181,
07/18/2026,2047,Sales Tax,,12.06
07/18/2026,2047,In-Store Credit Card,2147.51,
07/18/2026,2047,Online Credit card,1146.96,
07/18/2026,2047,Online Gift Card,15,
07/18/2026,2047,Online Credit Card Tips,,38
07/18/2026,2047,In-Store Credit Card Tips,,137.71
07/18/2026,2047,Online Gift Card Tips,,2
07/18/2026,2047,Gift Card,117.7,
07/18/2026,2047,3rd Party - DoorDash,674.04,
07/18/2026,2047,3rd Party - GrubHub,62.68,
07/18/2026,2047,3rd Party - UberEats,100.67,
07/18/2026,2047,Cash Over/Short Adjustment,,0.26
07/18/2026,4003,Subject to Tax,,5078.2
07/18/2026,4003,Register Audit,262,
07/18/2026,4003,Sales Tax,,495.13
07/18/2026,4003,In-Store Credit Card,2602.22,
07/18/2026,4003,Payout,2.66,
07/18/2026,4003,Online Credit card,2053.7,
07/18/2026,4003,Online Credit Card Tips,,94
07/18/2026,4003,In-Store Credit Card Tips,,163.13
07/18/2026,4003,Gift Card,19.65,
07/18/2026,4003,3rd Party - DoorDash,586.7,
07/18/2026,4003,3rd Party - GrubHub,38.06,
07/18/2026,4003,3rd Party - UberEats,266.47,
07/18/2026,4003,Register Audit Adjustment,,1
07/18/2026,4004,Subject to Tax,,3962.8
07/18/2026,4004,Register Audit,43,
07/18/2026,4004,Sales Tax,,386.28
07/18/2026,4004,In-Store Credit Card,2086.81,
07/18/2026,4004,Payout,47.41,
07/18/2026,4004,Online Credit card,619.07,
07/18/2026,4004,Online Credit Card Tips,,15
07/18/2026,4004,In-Store Credit Card Tips,,114.43
07/18/2026,4004,3rd Party - DoorDash,797.22,
07/18/2026,4004,3rd Party - GrubHub,14.48,
07/18/2026,4004,3rd Party - UberEats,871.11,
07/18/2026,4004,Cash Over/Short Adjustment,,0.59
07/18/2026,4005,Subject to Tax,,4814.66
07/18/2026,4005,Tax Exempt,,105.6
07/18/2026,4005,Sales Tax,,469.48
07/18/2026,4005,In-Store Credit Card,3055.15,
07/18/2026,4005,Online Credit card,1427.07,
07/18/2026,4005,In-Store Credit Card Tips,,240.11
07/18/2026,4005,Gift Card,24.69,
07/18/2026,4005,3rd Party - DoorDash,462.64,
07/18/2026,4005,3rd Party - UberEats,281.48,
07/18/2026,4005,Cash Over/Short Adjustment,0.82,
07/18/2026,4005,Register Audit Adjustment,378,
07/18/2026,4008,Subject to Tax,,3889.94
07/18/2026,4008,Register Audit,150,
07/18/2026,4008,Sales Tax,,379.26
07/18/2026,4008,In-Store Credit Card,2324.36,
07/18/2026,4008,Online Credit card,1106.21,
07/18/2026,4008,Online Gift Card,12,
07/18/2026,4008,Online Credit Card Tips,,26
07/18/2026,4008,In-Store Credit Card Tips,,126.28
07/18/2026,4008,Online Gift Card Tips,,0.53
07/18/2026,4008,Gift Card,54.39,
07/18/2026,4008,3rd Party - DoorDash,713.3,
07/18/2026,4008,3rd Party - UberEats,62.7,
07/18/2026,4008,Cash Over/Short Adjustment,,0.95
07/18/2026,4009,Subject to Tax,,2668.62
07/18/2026,4009,Register Audit,267,
07/18/2026,4009,Sales Tax,,260.18
07/18/2026,4009,In-Store Credit Card,1230.24,
07/18/2026,4009,Payout,2.76,
07/18/2026,4009,Online Credit card,815.25,
07/18/2026,4009,Online Credit Card Tips,,31.24
07/18/2026,4009,In-Store Credit Card Tips,,59.63
07/18/2026,4009,Gift Card,18.04,
07/18/2026,4009,3rd Party - DoorDash,449.74,
07/18/2026,4009,3rd Party - GrubHub,74.28,
07/18/2026,4009,3rd Party - UberEats,162.82,
07/18/2026,4009,Cash Over/Short Adjustment,,0.46
07/18/2026,4010,Subject to Tax,,3912.69
07/18/2026,4010,Register Audit,265,
07/18/2026,4010,Sales Tax,,381.56
07/18/2026,4010,In-Store Credit Card,2253.49,
07/18/2026,4010,Online Credit card,674.37,
07/18/2026,4010,Online Gift Card,2.14,
07/18/2026,4010,In-Store Credit Card Tips,,183.41
07/18/2026,4010,Gift Card,20.26,
07/18/2026,4010,Gift Card Sold,,25
07/18/2026,4010,3rd Party - DoorDash,598.74,
07/18/2026,4010,3rd Party - UberEats,688.4,
07/18/2026,4010,Cash Over/Short Adjustment,0.26,
07/18/2026,4015,Subject to Tax,,4332.46
07/18/2026,4015,Register Audit,207,
07/18/2026,4015,Sales Tax,,422.43
07/18/2026,4015,In-Store Credit Card,2397.61,
07/18/2026,4015,Payout,40.25,
07/18/2026,4015,Online Credit card,1345.66,
07/18/2026,4015,Online Credit Card Tips,,60
07/18/2026,4015,In-Store Credit Card Tips,,147.1
07/18/2026,4015,3rd Party - DoorDash,717.65,
07/18/2026,4015,3rd Party - GrubHub,75.07,
07/18/2026,4015,3rd Party - UberEats,178.42,
07/18/2026,4015,Cash Over/Short Adjustment,0.33,
07/18/2026,4021,Subject to Tax,,2721.32
07/18/2026,4021,Sales Tax,,265.37
07/18/2026,4021,In-Store Credit Card,1633.56,
07/18/2026,4021,Online Credit card,720.31,
07/18/2026,4021,Online Gift Card,2.72,
07/18/2026,4021,Online Credit Card Tips,,19
07/18/2026,4021,In-Store Credit Card Tips,,108.81
07/18/2026,4021,Online Gift Card Tips,,1
07/18/2026,4021,Gift Card,24.36,
07/18/2026,4021,3rd Party - DoorDash,244.91,
07/18/2026,4021,3rd Party - GrubHub,13.04,
07/18/2026,4021,3rd Party - UberEats,343.35,
07/18/2026,4021,Cash Over/Short Adjustment,0.25,
07/18/2026,4021,Register Audit Adjustment,133,
07/18/2026,4025,Subject to Tax,,3295.03
07/18/2026,4025,Register Audit,140,
07/18/2026,4025,Sales Tax,,321.23
07/18/2026,4025,In-Store Credit Card,1718.52,
07/18/2026,4025,Payout,33.41,
07/18/2026,4025,Online Credit card,625.41,
07/18/2026,4025,Online Gift Card,39.97,
07/18/2026,4025,Online Credit Card Tips,,22
07/18/2026,4025,In-Store Credit Card Tips,,126.48
07/18/2026,4025,Gift Card,51.48,
07/18/2026,4025,3rd Party - DoorDash,656.96,
07/18/2026,4025,3rd Party - GrubHub,55.31,
07/18/2026,4025,3rd Party - UberEats,444.16,
07/18/2026,4025,Cash Over/Short Adjustment,,0.48
07/18/2026,4027,Subject to Tax,,5120.51
07/18/2026,4027,Register Audit,332,
07/18/2026,4027,Sales Tax,,499.29
07/18/2026,4027,In-Store Credit Card,2223.62,
07/18/2026,4027,Online Credit card,1201.33,
07/18/2026,4027,In-Store Credit Card Tips,,120.01
07/18/2026,4027,Gift Card,10.87,
07/18/2026,4027,3rd Party - DoorDash,923.95,
07/18/2026,4027,3rd Party - UberEats,1047.42,
07/18/2026,4027,Cash Over/Short Adjustment,0.62,
07/18/2026,4034,Subject to Tax,,3849.72
07/18/2026,4034,Tax Exempt,,145.95
07/18/2026,4034,Register Audit,227,
07/18/2026,4034,Sales Tax,,375.38
07/18/2026,4034,In-Store Credit Card,2463.26,
07/18/2026,4034,Online Credit card,1088.84,
07/18/2026,4034,Online Credit Card Tips,,27
07/18/2026,4034,In-Store Credit Card Tips,,125.82
07/18/2026,4034,Gift Card,50.66,
07/18/2026,4034,3rd Party - DoorDash,446.27,
07/18/2026,4034,3rd Party - UberEats,248.08,
07/18/2026,4034,Cash Over/Short Adjustment,,0.24
07/18/2026,4036,Subject to Tax,,4806.82
07/18/2026,4036,Register Audit,452,
07/18/2026,4036,Sales Tax,,468.73
07/18/2026,4036,In-Store Credit Card,2587.92,
07/18/2026,4036,Online Credit card,1217.45,
07/18/2026,4036,Online Credit Card Tips,,38
07/18/2026,4036,In-Store Credit Card Tips,,158
07/18/2026,4036,Gift Card,19.32,
07/18/2026,4036,3rd Party - DoorDash,716.03,
07/18/2026,4036,3rd Party - GrubHub,37.73,
07/18/2026,4036,3rd Party - UberEats,440.18,
07/18/2026,4036,Cash Over/Short Adjustment,0.92,
07/18/2026,4042,Subject to Tax,,6872.11
07/18/2026,4042,Register Audit,231,
07/18/2026,4042,Sales Tax,,669.76
07/18/2026,4042,In-Store Credit Card,3198.38,
07/18/2026,4042,Online Credit card,2567.35,
07/18/2026,4042,Online Gift Card,34.58,
07/18/2026,4042,Online Credit Card Tips,,53
07/18/2026,4042,In-Store Credit Card Tips,,178.08
07/18/2026,4042,Online Gift Card Tips,,1
07/18/2026,4042,3rd Party - DoorDash,1468.96,
07/18/2026,4042,3rd Party - GrubHub,16.58,
07/18/2026,4042,3rd Party - UberEats,261.69,
07/18/2026,4042,Cash Over/Short Adjustment,,0.59
07/18/2026,4042,Register Audit Adjustment,,4
07/18/2026,4052,Subject to Tax,,5163.73
07/18/2026,4052,Register Audit,730,
07/18/2026,4052,Sales Tax,,503.4
07/18/2026,4052,In-Store Credit Card,2951.27,
07/18/2026,4052,Payout,8.6,
07/18/2026,4052,Online Credit card,1405.65,
07/18/2026,4052,Online Gift Card,99.32,
07/18/2026,4052,Online Credit Card Tips,,28
07/18/2026,4052,In-Store Credit Card Tips,,195.62
07/18/2026,4052,Gift Card,68.08,
07/18/2026,4052,3rd Party - DoorDash,580.82,
07/18/2026,4052,3rd Party - UberEats,47.28,
07/18/2026,4052,Cash Over/Short Adjustment,,0.27
07/18/2026,4061,Subject to Tax,,3646.7
07/18/2026,4061,Register Audit,234,
07/18/2026,4061,Sales Tax,,355.58
07/18/2026,4061,In-Store Credit Card,2786.69,
07/18/2026,4061,Online Credit card,836.74,
07/18/2026,4061,Online Credit Card Tips,,32
07/18/2026,4061,In-Store Credit Card Tips,,164.09
07/18/2026,4061,3rd Party - DoorDash,311.57,
07/18/2026,4061,3rd Party - UberEats,29.7,
07/18/2026,4061,Cash Over/Short Adjustment,,0.33
07/18/2026,4074,Subject to Tax,,3310.5
07/18/2026,4074,Register Audit,120,
07/18/2026,4074,Sales Tax,,322.79
07/18/2026,4074,In-Store Credit Card,1974.83,
07/18/2026,4074,Online Credit card,1715.18,
07/18/2026,4074,Online Credit Card Tips,,83
07/18/2026,4074,In-Store Credit Card Tips,,120.74
07/18/2026,4074,Gift Card,27.47,
07/18/2026,4074,Cash Over/Short Adjustment,,0.45
07/18/2026,5042,Subject to Tax,,4392.8
07/18/2026,5042,Non-Taxable Sales,,10
07/18/2026,5042,3rd Party Tax Exempt,,718.51
07/18/2026,5042,Register Audit,345,
07/18/2026,5042,Sales Tax,,302.97
07/18/2026,5042,In-Store Credit Card,2422.27,
07/18/2026,5042,Online Credit card,2212.57,
07/18/2026,5042,Online Credit Card Tips,,98
07/18/2026,5042,In-Store Credit Card Tips,,185.51
07/18/2026,5042,Gift Card,9.68,
07/18/2026,5042,3rd Party - DoorDash,390.61,
07/18/2026,5042,3rd Party - UberEats,327.9,
07/18/2026,5042,Cash Over/Short Adjustment,,0.24
07/18/2026,5043,Subject to Tax,,5113.14
07/18/2026,5043,Non-Taxable Sales,,10
07/18/2026,5043,3rd Party Tax Exempt,,1301.32
07/18/2026,5043,Register Audit,461,
07/18/2026,5043,Sales Tax,,352.43
07/18/2026,5043,In-Store Credit Card,3355.58,
07/18/2026,5043,Payout,210.61,
07/18/2026,5043,Online Credit card,1611.53,
07/18/2026,5043,Online Gift Card,59.04,
07/18/2026,5043,Online Credit Card Tips,,44
07/18/2026,5043,In-Store Credit Card Tips,,198.59
07/18/2026,5043,Online Gift Card Tips,,5
07/18/2026,5043,Gift Card,25,
07/18/2026,5043,3rd Party - DoorDash,876.06,
07/18/2026,5043,3rd Party - GrubHub,22.74,
07/18/2026,5043,3rd Party - UberEats,402.52,
07/18/2026,5043,Cash Over/Short Adjustment,0.4,
07/18/2026,5049,Subject to Tax,,1867.04
07/18/2026,5049,Non-Taxable Sales,,10
07/18/2026,5049,3rd Party Tax Exempt,,515.33
07/18/2026,5049,Register Audit,291,
07/18/2026,5049,Sales Tax,,151.42
07/18/2026,5049,In-Store Credit Card,1466.91,
07/18/2026,5049,Online Credit card,320.94,
07/18/2026,5049,Online Gift Card,25,
07/18/2026,5049,Online Credit Card Tips,,8
07/18/2026,5049,In-Store Credit Card Tips,,67.45
07/18/2026,5049,3rd Party - DoorDash,377.96,
07/18/2026,5049,3rd Party - UberEats,137.37,
07/18/2026,5049,Cash Over/Short Adjustment,0.06,
07/18/2026,5051,Subject to Tax,,3379.25
07/18/2026,5051,Non-Taxable Sales,,15.5
07/18/2026,5051,3rd Party Tax Exempt,,655.77
07/18/2026,5051,Register Audit,234,
07/18/2026,5051,Sales Tax,,233.67
07/18/2026,5051,In-Store Credit Card,2733.72,
07/18/2026,5051,Online Credit card,795.31,
07/18/2026,5051,Online Credit Card Tips,,7
07/18/2026,5051,In-Store Credit Card Tips,,116.77
07/18/2026,5051,Gift Card Sold,,10
07/18/2026,5051,3rd Party - DoorDash,555.7,
07/18/2026,5051,3rd Party - UberEats,100.07,
07/18/2026,5051,Cash Over/Short Adjustment,,0.84
07/18/2026,5057,Subject to Tax,,3253.6
07/18/2026,5057,Non-Taxable Sales,,20
07/18/2026,5057,3rd Party Tax Exempt,,689.82
07/18/2026,5057,Register Audit,394,
07/18/2026,5057,Sales Tax,,257.33
07/18/2026,5057,In-Store Credit Card,1993.39,
07/18/2026,5057,Online Credit card,1247.83,
07/18/2026,5057,Online Gift Card,38.18,
07/18/2026,5057,Online Credit Card Tips,,37.04
07/18/2026,5057,In-Store Credit Card Tips,,129.93
07/18/2026,5057,Gift Card,24.79,
07/18/2026,5057,3rd Party - DoorDash,380.23,
07/18/2026,5057,3rd Party - UberEats,309.59,
07/18/2026,5057,Cash Over/Short Adjustment,,0.29
07/18/2026,5059,Subject to Tax,,2763.1
07/18/2026,5059,Non-Taxable Sales,,16.5
07/18/2026,5059,3rd Party Tax Exempt,,408.37
07/18/2026,5059,Sales Tax,,192.05
07/18/2026,5059,In-Store Credit Card,2165.66,
07/18/2026,5059,Online Credit card,718.43,
07/18/2026,5059,Online Credit Card Tips,,18
07/18/2026,5059,In-Store Credit Card Tips,,132.39
07/18/2026,5059,Gift Card,38.4,
07/18/2026,5059,3rd Party - DoorDash,270.27,
07/18/2026,5059,3rd Party - UberEats,138.1,
07/18/2026,5059,Cash Over/Short Adjustment,0.55,
07/18/2026,5059,Register Audit Adjustment,199,
07/18/2026,5062,Subject to Tax,,3285.66
07/18/2026,5062,Non-Taxable Sales,,10.5
07/18/2026,5062,3rd Party Tax Exempt,,857.52
07/18/2026,5062,Sales Tax,,228.3
07/18/2026,5062,In-Store Credit Card,2475.39,
07/18/2026,5062,Online Credit card,1005.22,
07/18/2026,5062,Online Credit Card Tips,,36
07/18/2026,5062,In-Store Credit Card Tips,,187.14
07/18/2026,5062,Gift Card,140.07,
07/18/2026,5062,3rd Party - DoorDash,532.03,
07/18/2026,5062,3rd Party - UberEats,325.49,
07/18/2026,5062,Cash Over/Short Adjustment,0.92,
07/18/2026,5062,Register Audit Adjustment,126,
07/18/2026,5101,Subject to Tax,,2936.89
07/18/2026,5101,Non-Taxable Sales,,14
07/18/2026,5101,3rd Party Tax Exempt,,332
07/18/2026,5101,Register Audit,128,
07/18/2026,5101,Sales Tax,,202.61
07/18/2026,5101,In-Store Credit Card,2044.26,
07/18/2026,5101,Payout,206.15,
07/18/2026,5101,Online Credit card,896.09,
07/18/2026,5101,Online Gift Card,20,
07/18/2026,5101,Online Credit Card Tips,,35
07/18/2026,5101,In-Store Credit Card Tips,,138.34
07/18/2026,5101,Gift Card,32.44,
07/18/2026,5101,3rd Party - DoorDash,193.48,
07/18/2026,5101,3rd Party - UberEats,138.52,
07/18/2026,5101,Cash Over/Short Adjustment,,0.1
07/18/2026,5112,Subject to Tax,,2328.6
07/18/2026,5112,Non-Taxable Sales,,18.5
07/18/2026,5112,3rd Party Tax Exempt,,235.78
07/18/2026,5112,Register Audit,133,
07/18/2026,5112,Sales Tax,,184.19
07/18/2026,5112,In-Store Credit Card,1309.17,
07/18/2026,5112,Payout,119.58,
07/18/2026,5112,Online Credit card,1069.35,
07/18/2026,5112,Online Credit Card Tips,,37
07/18/2026,5112,In-Store Credit Card Tips,,82.45
07/18/2026,5112,Gift Card,19.66,
07/18/2026,5112,3rd Party - DoorDash,174.28,
07/18/2026,5112,3rd Party - UberEats,61.5,
07/18/2026,5112,Cash Over/Short Adjustment,,0.02
07/18/2026,5127,Subject to Tax,,3517.95
07/18/2026,5127,3rd Party Tax Exempt,,249.98
07/18/2026,5127,Register Audit,330,
07/18/2026,5127,Sales Tax,,277.57
07/18/2026,5127,In-Store Credit Card,2400.11,
07/18/2026,5127,Online Credit card,1311.71,
07/18/2026,5127,Online Credit Card Tips,,49
07/18/2026,5127,In-Store Credit Card Tips,,155.53
07/18/2026,5127,Gift Card,32.74,
07/18/2026,5127,Gift Card Sold,,75
07/18/2026,5127,3rd Party - DoorDash,100.64,
07/18/2026,5127,3rd Party - UberEats,149.34,
07/18/2026,5127,Cash Over/Short Adjustment,0.49,
07/18/2026,6021,Subject to Tax,,4161.25
07/18/2026,6021,Non-Taxable Sales,,15
07/18/2026,6021,3rd Party Tax Exempt,,48.22
07/18/2026,6021,Register Audit,210,
07/18/2026,6021,Sales Tax,,395.31
07/18/2026,6021,In-Store Credit Card,2705.1,
07/18/2026,6021,Online Credit card,1390.9,
07/18/2026,6021,Online Credit Card Tips,,43
07/18/2026,6021,In-Store Credit Card Tips,,188.69
07/18/2026,6021,3rd Party - DoorDash,481.49,
07/18/2026,6021,3rd Party - GrubHub,16.29,
07/18/2026,6021,3rd Party - UberEats,48.22,
07/18/2026,6021,Cash Over/Short Adjustment,,0.53
07/18/2026,6026,Subject to Tax,,3467.67
07/18/2026,6026,Non-Taxable Sales,,5
07/18/2026,6026,3rd Party Tax Exempt,,176.24
07/18/2026,6026,Sales Tax,,208.1
07/18/2026,6026,In-Store Credit Card,2532.37,
07/18/2026,6026,Online Credit card,836.44,
07/18/2026,6026,Online Credit Card Tips,,13
07/18/2026,6026,In-Store Credit Card Tips,,132.36
07/18/2026,6026,3rd Party - DoorDash,295.82,
07/18/2026,6026,3rd Party - UberEats,176.24,
07/18/2026,6026,Cash Over/Short Adjustment,0.5,
07/18/2026,6026,Register Audit Adjustment,161,
07/18/2026,6032,Subject to Tax,,4185.54
07/18/2026,6032,Non-Taxable Sales,,30.5
07/18/2026,6032,3rd Party Tax Exempt,,274.78
07/18/2026,6032,Sales Tax,,251.09
07/18/2026,6032,In-Store Credit Card,2174.82,
07/18/2026,6032,Online Credit card,1661.72,
07/18/2026,6032,Online Credit Card Tips,,57
07/18/2026,6032,In-Store Credit Card Tips,,143.91
07/18/2026,6032,Gift Card,29.52,
07/18/2026,6032,3rd Party - DoorDash,524.54,
07/18/2026,6032,3rd Party - GrubHub,53.52,
07/18/2026,6032,3rd Party - UberEats,274.78,
07/18/2026,6032,Cash Over/Short Adjustment,0.92,
07/18/2026,6032,Register Audit Adjustment,223,
07/18/2026,6037,Subject to Tax,,4341.68
07/18/2026,6037,Non-Taxable Sales,,6
07/18/2026,6037,Register Audit,310,
07/18/2026,6037,Sales Tax,,477.72
07/18/2026,6037,In-Store Credit Card,2766.55,
07/18/2026,6037,Online Credit card,1960.45,
07/18/2026,6037,Online Credit Card Tips,,56.9
07/18/2026,6037,In-Store Credit Card Tips,,221.18
07/18/2026,6037,Gift Card,50,
07/18/2026,6037,3rd Party - UberEats,16.51,
07/18/2026,6037,Cash Over/Short Adjustment,,0.03
07/18/2026,6039,Subject to Tax,,3046.79
07/18/2026,6039,Non-Taxable Sales,,12.5
07/18/2026,6039,3rd Party Tax Exempt,,353.86
07/18/2026,6039,Sales Tax,,182.8
07/18/2026,6039,In-Store Credit Card,1925.79,
07/18/2026,6039,Payout,107,
07/18/2026,6039,Online Credit card,1001.64,
07/18/2026,6039,Online Credit Card Tips,,36
07/18/2026,6039,In-Store Credit Card Tips,,113.94
07/18/2026,6039,Gift Card,7.24,
07/18/2026,6039,3rd Party - DoorDash,381.16,
07/18/2026,6039,3rd Party - UberEats,353.86,
07/18/2026,6039,Cash Over/Short Adjustment,,0.8
07/18/2026,6039,Register Audit Adjustment,,30
07/18/2026,6044,Subject to Tax,,3504.02
07/18/2026,6044,Non-Taxable Sales,,30
07/18/2026,6044,3rd Party Tax Exempt,,138.17
07/18/2026,6044,Sales Tax,,396
07/18/2026,6044,In-Store Credit Card,1843.28,
07/18/2026,6044,Online Credit card,1151.12,
07/18/2026,6044,Online Credit Card Tips,,21.42
07/18/2026,6044,In-Store Credit Card Tips,,132.95
07/18/2026,6044,Gift Card,14.02,
07/18/2026,6044,3rd Party - DoorDash,657.85,
07/18/2026,6044,3rd Party - UberEats,138.17,
07/18/2026,6044,Cash Over/Short Adjustment,0.12,
07/18/2026,6044,Register Audit Adjustment,418,
07/18/2026,6065,Subject to Tax,,3387.68
07/18/2026,6065,Non-Taxable Sales,,35.5
07/18/2026,6065,3rd Party Tax Exempt,,261.96
07/18/2026,6065,Sales Tax,,338.94
07/18/2026,6065,In-Store Credit Card,1784.4,
07/18/2026,6065,Payout,18.85,
07/18/2026,6065,Online Credit card,1517.96,
07/18/2026,6065,Online Credit Card Tips,,48.5
07/18/2026,6065,In-Store Credit Card Tips,,119.15
07/18/2026,6065,Gift Card,3.41,
07/18/2026,6065,3rd Party - DoorDash,363.94,
07/18/2026,6065,3rd Party - GrubHub,58.8,
07/18/2026,6065,3rd Party - UberEats,261.96,
07/18/2026,6065,Cash Over/Short Adjustment,0.41,
07/18/2026,6065,Register Audit Adjustment,182,
07/18/2026,6067,Subject to Tax,,3268.33
07/18/2026,6067,Non-Taxable Sales,,15.5
07/18/2026,6067,3rd Party Tax Exempt,,68.86
07/18/2026,6067,Sales Tax,,369.34
07/18/2026,6067,In-Store Credit Card,1878.32,
07/18/2026,6067,Online Credit card,1419.68,
07/18/2026,6067,Online Credit Card Tips,,55
07/18/2026,6067,In-Store Credit Card Tips,,121.85
07/18/2026,6067,Gift Card,17.73,
07/18/2026,6067,3rd Party - DoorDash,242.27,
07/18/2026,6067,3rd Party - UberEats,68.86,
07/18/2026,6067,Cash Over/Short Adjustment,0.02,
07/18/2026,6067,Register Audit Adjustment,272,
07/18/2026,6072,Subject to Tax,,4962.45
07/18/2026,6072,Non-Taxable Sales,,15
07/18/2026,6072,3rd Party Tax Exempt,,146.64
07/18/2026,6072,Register Audit,589,
07/18/2026,6072,Sales Tax,,585.56
07/18/2026,6072,In-Store Credit Card,2835.66,
07/18/2026,6072,Online Credit card,1615.74,
07/18/2026,6072,Online Gift Card,25,
07/18/2026,6072,Online Credit Card Tips,,42
07/18/2026,6072,In-Store Credit Card Tips,,160.83
07/18/2026,6072,Gift Card,61.96,
07/18/2026,6072,3rd Party - DoorDash,639.16,
07/18/2026,6072,3rd Party - UberEats,146.64,
07/18/2026,6072,Cash Over/Short Adjustment,,0.68
07/18/2026,6074,Subject to Tax,,2685.35
07/18/2026,6074,Non-Taxable Sales,,36.5
07/18/2026,6074,3rd Party Tax Exempt,,248.88
07/18/2026,6074,Register Audit,245,
07/18/2026,6074,Sales Tax,,241.61
07/18/2026,6074,In-Store Credit Card,1988.87,
07/18/2026,6074,Online Credit card,746.15,
07/18/2026,6074,Online Gift Card,23.32,
07/18/2026,6074,Online Credit Card Tips,,29
07/18/2026,6074,In-Store Credit Card Tips,,134.27
07/18/2026,6074,Gift Card,25,
07/18/2026,6074,3rd Party - GrubHub,98.53,
07/18/2026,6074,3rd Party - UberEats,248.88,
07/18/2026,6074,Cash Over/Short Adjustment,,0.14
07/18/2026,6076,Subject to Tax,,2403.51
07/18/2026,6076,Non-Taxable Sales,,13
07/18/2026,6076,3rd Party Tax Exempt,,133.42
07/18/2026,6076,Sales Tax,,216.35
07/18/2026,6076,In-Store Credit Card,1304.44,
07/18/2026,6076,Online Credit card,896.7,
07/18/2026,6076,Online Credit Card Tips,,25
07/18/2026,6076,In-Store Credit Card Tips,,88.62
07/18/2026,6076,Gift Card,52.11,
07/18/2026,6076,3rd Party - DoorDash,319.71,
07/18/2026,6076,3rd Party - UberEats,133.42,
07/18/2026,6076,Cash Over/Short Adjustment,0.52,
07/18/2026,6076,Register Audit Adjustment,173,
07/18/2026,6083,Subject to Tax,,2689.01
07/18/2026,6083,3rd Party Tax Exempt,,22.55
07/18/2026,6083,Register Audit,106,
07/18/2026,6083,Sales Tax,,241.98
07/18/2026,6083,In-Store Credit Card,1675.49,
07/18/2026,6083,Online Credit card,1059.85,
07/18/2026,6083,Online Credit Card Tips,,28
07/18/2026,6083,In-Store Credit Card Tips,,129.51
07/18/2026,6083,3rd Party - DoorDash,216.64,
07/18/2026,6083,3rd Party - GrubHub,30.58,
07/18/2026,6083,3rd Party - UberEats,22.55,
07/18/2026,6083,Cash Over/Short Adjustment,,0.06
07/18/2026,6088,Subject to Tax,,3449.32
07/18/2026,6088,Non-Taxable Sales,,10
07/18/2026,6088,3rd Party Tax Exempt,,180.21
07/18/2026,6088,Register Audit,195,
07/18/2026,6088,Sales Tax,,345.1
07/18/2026,6088,In-Store Credit Card,1992.38,
07/18/2026,6088,Online Credit card,1367.37,
07/18/2026,6088,Online Gift Card,11.5,
07/18/2026,6088,Online Credit Card Tips,,38.95
07/18/2026,6088,In-Store Credit Card Tips,,103.93
07/18/2026,6088,Gift Card Sold,,50
07/18/2026,6088,3rd Party - DoorDash,430.67,
07/18/2026,6088,3rd Party - UberEats,180.21,
07/18/2026,6088,Cash Over/Short Adjustment,0.38,
07/18/2026,6093,Subject to Tax,,3064.5
07/18/2026,6093,Register Audit,343,
07/18/2026,6093,Sales Tax,,346.31
07/18/2026,6093,In-Store Credit Card,2384.2,
07/18/2026,6093,Online Credit card,757.42,
07/18/2026,6093,Online Gift Card,35,
07/18/2026,6093,Online Credit Card Tips,,9
07/18/2026,6093,In-Store Credit Card Tips,,160.59
07/18/2026,6093,Gift Card,27.9,
07/18/2026,6093,3rd Party - DoorDash,33.84,
07/18/2026,6093,Cash Over/Short Adjustment,,0.96
07/18/2026,6094,Subject to Tax,,2266.74
07/18/2026,6094,Non-Taxable Sales,,5
07/18/2026,6094,3rd Party Tax Exempt,,135.57
07/18/2026,6094,Register Audit,79,
07/18/2026,6094,Sales Tax,,226.86
07/18/2026,6094,In-Store Credit Card,1249.48,
07/18/2026,6094,Online Credit card,973.58,
07/18/2026,6094,Online Credit Card Tips,,21
07/18/2026,6094,In-Store Credit Card Tips,,85.48
07/18/2026,6094,Gift Card,1.85,
07/18/2026,6094,3rd Party - DoorDash,301.07,
07/18/2026,6094,3rd Party - UberEats,135.57,
07/18/2026,6094,Cash Over/Short Adjustment,0.1,
07/18/2026,6102,Subject to Tax,,3669.4
07/18/2026,6102,Non-Taxable Sales,,42
07/18/2026,6102,Sales Tax,,367.02
07/18/2026,6102,In-Store Credit Card,1709.32,
07/18/2026,6102,Online Credit card,1108.99,
07/18/2026,6102,Online Credit Card Tips,,20
07/18/2026,6102,In-Store Credit Card Tips,,115.76
07/18/2026,6102,3rd Party - DoorDash,795.8,
07/18/2026,6102,3rd Party - GrubHub,46.11,
07/18/2026,6102,3rd Party - UberEats,263.49,
07/18/2026,6102,Cash Over/Short Adjustment,0.47,
07/18/2026,6102,Register Audit Adjustment,290,
07/18/2026,7024,Subject to Tax,,3933.25
07/18/2026,7024,3rd Party Tax Exempt,,778
07/18/2026,7024,Sales Tax,,340.01
07/18/2026,7024,In-Store Credit Card,2616.22,
07/18/2026,7024,Online Credit card,1405.5,
07/18/2026,7024,Online Credit Card Tips,,48.13
07/18/2026,7024,In-Store Credit Card Tips,,143.8
07/18/2026,7024,Gift Card,20.58,
07/18/2026,7024,3rd Party - DoorDash,685.19,
07/18/2026,7024,3rd Party - UberEats,92.81,
07/18/2026,7024,Cash Over/Short Adjustment,0.89,
07/18/2026,7024,Register Audit Adjustment,422,
07/18/2026,7032,Subject to Tax,,2697.25
07/18/2026,7032,3rd Party Tax Exempt,,334.22
07/18/2026,7032,Sales Tax,,234.34
07/18/2026,7032,In-Store Credit Card,1778.74,
07/18/2026,7032,Online Credit card,812.88,
07/18/2026,7032,Online Credit Card Tips,,18.81
07/18/2026,7032,In-Store Credit Card Tips,,89.26
07/18/2026,7032,3rd Party - DoorDash,321.68,
07/18/2026,7032,3rd Party - GrubHub,12.54,
07/18/2026,7032,Cash Over/Short Adjustment,0.04,
07/18/2026,7032,Register Audit Adjustment,448,
07/18/2026,7039,Subject to Tax,,2836.5
07/18/2026,7039,3rd Party Tax Exempt,,384.87
07/18/2026,7039,Sales Tax,,245.14
07/18/2026,7039,In-Store Credit Card,1990.78,
07/18/2026,7039,Online Credit card,999.17,
07/18/2026,7039,Online Credit Card Tips,,40
07/18/2026,7039,In-Store Credit Card Tips,,119.34
07/18/2026,7039,3rd Party - DoorDash,344.68,
07/18/2026,7039,3rd Party - UberEats,40.19,
07/18/2026,7039,Cash Over/Short Adjustment,0.03,
07/18/2026,7039,Register Audit Adjustment,251,
07/18/2026,7049,Subject to Tax,,4636.1
07/18/2026,7049,3rd Party Tax Exempt,,1434.9
07/18/2026,7049,Sales Tax,,401.53
07/18/2026,7049,In-Store Credit Card,3177.22,
07/18/2026,7049,Online Credit card,1630.86,
07/18/2026,7049,Online Credit Card Tips,,68
07/18/2026,7049,In-Store Credit Card Tips,,208.67
07/18/2026,7049,3rd Party - DoorDash,1323.8,
07/18/2026,7049,3rd Party - UberEats,111.1,
07/18/2026,7049,Cash Over/Short Adjustment,0.22,
07/18/2026,7049,Register Audit Adjustment,506,
07/18/2026,7066,Subject to Tax,,3474.6
07/18/2026,7066,3rd Party Tax Exempt,,272.62
07/18/2026,7066,Sales Tax,,299.24
07/18/2026,7066,In-Store Credit Card,2154.79,
07/18/2026,7066,Online Credit card,1289.77,
07/18/2026,7066,Online Credit Card Tips,,47.59
07/18/2026,7066,In-Store Credit Card Tips,,119.2
07/18/2026,7066,3rd Party - DoorDash,272.62,
07/18/2026,7066,Cash Over/Short Adjustment,0.07,
07/18/2026,7066,Register Audit Adjustment,496,
07/18/2026,13026,Subject to Tax,,2549.58
07/18/2026,13026,Non-Taxable Sales,,6.26
07/18/2026,13026,3rd Party Tax Exempt,,541.05
07/18/2026,13026,Register Audit,361,
07/18/2026,13026,Sales Tax,,191.27
07/18/2026,13026,In-Store Credit Card,1964.56,
07/18/2026,13026,Payout,14.16,
07/18/2026,13026,Online Credit card,505.59,
07/18/2026,13026,Online Credit Card Tips,,25
07/18/2026,13026,In-Store Credit Card Tips,,113.43
07/18/2026,13026,Gift Card,37.25,
07/18/2026,13026,3rd Party - DoorDash,358.94,
07/18/2026,13026,3rd Party - UberEats,185.35,
07/18/2026,13026,Cash Over/Short Adjustment,,0.26
07/18/2026,13062,Subject to Tax,,2683.88
07/18/2026,13062,Non-Taxable Sales,,22.71
07/18/2026,13062,3rd Party Tax Exempt,,355.52
07/18/2026,13062,Sales Tax,,187.88
07/18/2026,13062,In-Store Credit Card,1925.02,
07/18/2026,13062,Online Credit card,636.9,
07/18/2026,13062,Online Gift Card,45,
07/18/2026,13062,Online Credit Card Tips,,18
07/18/2026,13062,In-Store Credit Card Tips,,107.06
07/18/2026,13062,Gift Card,58.42,
07/18/2026,13062,3rd Party - DoorDash,127.01,
07/18/2026,13062,3rd Party - UberEats,244.77,
07/18/2026,13062,Cash Over/Short Adjustment,0.93,
07/18/2026,13062,Register Audit Adjustment,337,
07/18/2026,13106,Subject to Tax,,1778.97
07/18/2026,13106,Non-Taxable Sales,,21.57
07/18/2026,13106,3rd Party Tax Exempt,,634.44
07/18/2026,13106,Sales Tax,,133.51
07/18/2026,13106,In-Store Credit Card,1130.97,
07/18/2026,13106,Online Credit card,755.09,
07/18/2026,13106,Online Gift Card,11.5,
07/18/2026,13106,Online Credit Card Tips,,22.35
07/18/2026,13106,In-Store Credit Card Tips,,63.11
07/18/2026,13106,3rd Party - DoorDash,448.34,
07/18/2026,13106,3rd Party - GrubHub,30.33,
07/18/2026,13106,3rd Party - UberEats,200.74,
07/18/2026,13106,Cash Over/Short Adjustment,0.98,
07/18/2026,13106,Register Audit Adjustment,76,
07/18/2026,13116,Subject to Tax,,1979.42
07/18/2026,13116,Non-Taxable Sales,,51.04
07/18/2026,13116,3rd Party Tax Exempt,,1065.16
07/18/2026,13116,Sales Tax,,138.54
07/18/2026,13116,In-Store Credit Card,1272.36,
07/18/2026,13116,Online Credit card,692.25,
07/18/2026,13116,In-Store Credit Card Tips,,79.46
07/18/2026,13116,Gift Card,3.97,
07/18/2026,13116,3rd Party - DoorDash,937.66,
07/18/2026,13116,3rd Party - GrubHub,21.76,
07/18/2026,13116,3rd Party - UberEats,161.64,
07/18/2026,13116,Cash Over/Short Adjustment,0.98,
07/18/2026,13116,Register Audit Adjustment,223,
07/18/2026,13138,Subject to Tax,,2413.55
07/18/2026,13138,Non-Taxable Sales,,6.48
07/18/2026,13138,3rd Party Tax Exempt,,179.41
07/18/2026,13138,Register Audit,336,
07/18/2026,13138,Sales Tax,,168.98
07/18/2026,13138,In-Store Credit Card,1685.9,
07/18/2026,13138,Payout,212.82,
07/18/2026,13138,Online Credit card,451.32,
07/18/2026,13138,Online Credit Card Tips,,32.5
07/18/2026,13138,In-Store Credit Card Tips,,116.89
07/18/2026,13138,Gift Card,45.97,
07/18/2026,13138,3rd Party - DoorDash,149.47,
07/18/2026,13138,3rd Party - UberEats,36.42,
07/18/2026,13138,Cash Over/Short Adjustment,,0.09
07/18/2026,13148,Subject to Tax,,4071.55
07/18/2026,13148,Non-Taxable Sales,,51.29
07/18/2026,13148,3rd Party Tax Exempt,,340.95
07/18/2026,13148,Sales Tax,,264.64
07/18/2026,13148,In-Store Credit Card,2422.81,
07/18/2026,13148,Payout,11.28,
07/18/2026,13148,Online Credit card,1849.44,
07/18/2026,13148,Online Credit Card Tips,,56
07/18/2026,13148,In-Store Credit Card Tips,,175.7
07/18/2026,13148,Gift Card,56.66,
07/18/2026,13148,3rd Party - DoorDash,305.07,
07/18/2026,13148,3rd Party - UberEats,39.12,
07/18/2026,13148,Cash Over/Short Adjustment,0.75,
07/18/2026,13148,Register Audit Adjustment,275,
07/18/2026,13162,Subject to Tax,,2623.09
07/18/2026,13162,Non-Taxable Sales,,20.82
07/18/2026,13162,3rd Party Tax Exempt,,846.51
07/18/2026,13162,Sales Tax,,183.64
07/18/2026,13162,In-Store Credit Card,1608.54,
07/18/2026,13162,Online Credit card,943.73,
07/18/2026,13162,Online Credit Card Tips,,26
07/18/2026,13162,In-Store Credit Card Tips,,94
07/18/2026,13162,Gift Card,34.1,
07/18/2026,13162,3rd Party - DoorDash,574.31,
07/18/2026,13162,3rd Party - UberEats,285.64,
07/18/2026,13162,Cash Over/Short Adjustment,0.74,
07/18/2026,13162,Register Audit Adjustment,347,
07/18/2026,13219,Subject to Tax,,2219.7
07/18/2026,13219,Non-Taxable Sales,,7.1
07/18/2026,13219,3rd Party Tax Exempt,,414.31
07/18/2026,13219,Sales Tax,,155.4
07/18/2026,13219,In-Store Credit Card,1338.23,
07/18/2026,13219,Online Credit card,752.19,
07/18/2026,13219,Online Credit Card Tips,,37.52
07/18/2026,13219,In-Store Credit Card Tips,,93.49
07/18/2026,13219,3rd Party - DoorDash,357.73,
07/18/2026,13219,3rd Party - UberEats,56.58,
07/18/2026,13219,Cash Over/Short Adjustment,0.79,
07/18/2026,13219,Register Audit Adjustment,422,
07/18/2026,37001,Subject to Tax,,6299.92
07/18/2026,37001,Non-Taxable Sales,,548.78
07/18/2026,37001,Sales Tax,,535.58
07/18/2026,37001,In-Store Credit Card,3978.08,
07/18/2026,37001,Online Credit card,2050.04,
07/18/2026,37001,Online Gift Card,65.25,
07/18/2026,37001,Online Credit Card Tips,,57.5
07/18/2026,37001,In-Store Credit Card Tips,,305.54
07/18/2026,37001,Online Gift Card Tips,,10
07/18/2026,37001,3rd Party - DoorDash,634.47,
07/18/2026,37001,3rd Party - UberEats,80.6,
07/18/2026,37001,Cash Over/Short Adjustment,0.88,
07/18/2026,37001,Register Audit Adjustment,948,
07/18/2026,37002,Subject to Tax,,4072.64
07/18/2026,37002,Non-Taxable Sales,,358.06
07/18/2026,37002,Register Audit,349,
07/18/2026,37002,Sales Tax,,346.23
07/18/2026,37002,In-Store Credit Card,1657.85,
07/18/2026,37002,Payout,40,
07/18/2026,37002,Online Credit card,2018.22,
07/18/2026,37002,Online Gift Card,17.9,
07/18/2026,37002,Online Credit Card Tips,,52.37
07/18/2026,37002,In-Store Credit Card Tips,,81.86
07/18/2026,37002,Online Gift Card Tips,,2
07/18/2026,37002,Gift Card,72.76,
07/18/2026,37002,3rd Party - DoorDash,604.03,
07/18/2026,37002,3rd Party - GrubHub,109.29,
07/18/2026,37002,3rd Party - UberEats,43.55,
07/18/2026,37002,Cash Over/Short Adjustment,0.56,
07/18/2026,37004,Subject to Tax,,2722.1
07/18/2026,37004,Non-Taxable Sales,,367.66
07/18/2026,37004,Sales Tax,,231.45
07/18/2026,37004,In-Store Credit Card,1394.81,
07/18/2026,37004,Payout,10,
07/18/2026,37004,Online Credit card,1181.05,
07/18/2026,37004,Online Credit Card Tips,,34
07/18/2026,37004,In-Store Credit Card Tips,,91.6
07/18/2026,37004,3rd Party - DoorDash,345.53,
07/18/2026,37004,3rd Party - UberEats,41.28,
07/18/2026,37004,Cash Over/Short Adjustment,0.14,
07/18/2026,37004,Register Audit Adjustment,474,
07/18/2026,37006,Subject to Tax,,4088.63
07/18/2026,37006,Non-Taxable Sales,,593.14
07/18/2026,37006,Sales Tax,,347.64
07/18/2026,37006,In-Store Credit Card,2847.35,
07/18/2026,37006,Online Credit card,1558.36,
07/18/2026,37006,Online Credit Card Tips,,50
07/18/2026,37006,In-Store Credit Card Tips,,196.23
07/18/2026,37006,Gift Card,80.35,
07/18/2026,37006,3rd Party - DoorDash,389.19,
07/18/2026,37006,3rd Party - GrubHub,29.36,
07/18/2026,37006,Cash Over/Short Adjustment,0.03,
07/18/2026,37006,Register Audit Adjustment,371,
07/18/2026,37007,Subject to Tax,,5503.85
07/18/2026,37007,Non-Taxable Sales,,608.71
07/18/2026,37007,Sales Tax,,467.78
07/18/2026,37007,In-Store Credit Card,3152.64,
07/18/2026,37007,Online Credit card,1798.64,
07/18/2026,37007,Online Gift Card,25,
07/18/2026,37007,Online Credit Card Tips,,50
07/18/2026,37007,In-Store Credit Card Tips,,191.31
07/18/2026,37007,Online Gift Card Tips,,3
07/18/2026,37007,Gift Card,51.11,
07/18/2026,37007,3rd Party - DoorDash,1289.58,
07/18/2026,37007,3rd Party - GrubHub,58.01,
07/18/2026,37007,3rd Party - UberEats,51.24,
07/18/2026,37007,Cash Over/Short Adjustment,0.43,
07/18/2026,37007,Register Audit Adjustment,398,
07/18/2026,37009,Subject to Tax,,3880.86
07/18/2026,37009,Non-Taxable Sales,,360.84
07/18/2026,37009,Register Audit,309,
07/18/2026,37009,Sales Tax,,329.93
07/18/2026,37009,In-Store Credit Card,1439.68,
07/18/2026,37009,Payout,62.87,
07/18/2026,37009,Online Credit card,1754.73,
07/18/2026,37009,Online Credit Card Tips,,70.5
07/18/2026,37009,In-Store Credit Card Tips,,91.36
07/18/2026,37009,Gift Card,80.08,
07/18/2026,37009,Gift Card Sold,,20
07/18/2026,37009,3rd Party - DoorDash,986.82,
07/18/2026,37009,3rd Party - UberEats,120.31,
07/18/2026,37010,Subject to Tax,,6079.8
07/18/2026,37010,Non-Taxable Sales,,707.11
07/18/2026,37010,Register Audit,759.2,
07/18/2026,37010,Sales Tax,,516.89
07/18/2026,37010,In-Store Credit Card,3606.85,
07/18/2026,37010,Online Credit card,2793.92,
07/18/2026,37010,Online Gift Card,45,
07/18/2026,37010,Online Credit Card Tips,,114
07/18/2026,37010,In-Store Credit Card Tips,,260.17
07/18/2026,37010,Online Gift Card Tips,,1
07/18/2026,37010,Gift Card,66.48,
07/18/2026,37010,Gift Card Sold,,30
07/18/2026,37010,3rd Party - DoorDash,383.88,
07/18/2026,37010,3rd Party - UberEats,53.64,
07/18/2026,37013,Subject to Tax,,4150.84
07/18/2026,37013,Non-Taxable Sales,,401.53
07/18/2026,37013,Register Audit,699,
07/18/2026,37013,Sales Tax,,352.89
07/18/2026,37013,In-Store Credit Card,2312.33,
07/18/2026,37013,Online Credit card,1677.15,
07/18/2026,37013,Online Gift Card,25,
07/18/2026,37013,Online Credit Card Tips,,63
07/18/2026,37013,In-Store Credit Card Tips,,133.81
07/18/2026,37013,Gift Card,73.91,
07/18/2026,37013,3rd Party - DoorDash,314.14,
07/18/2026,37013,Cash Over/Short Adjustment,0.54,
07/18/2026,37014,Subject to Tax,,3279.03
07/18/2026,37014,Non-Taxable Sales,,372.56
07/18/2026,37014,Register Audit,189,
07/18/2026,37014,Sales Tax,,278.67
07/18/2026,37014,In-Store Credit Card,1928.46,
07/18/2026,37014,Online Credit card,1406.79,
07/18/2026,37014,Online Gift Card,9.48,
07/18/2026,37014,Online Credit Card Tips,,46.23
07/18/2026,37014,In-Store Credit Card Tips,,138.55
07/18/2026,37014,3rd Party - DoorDash,496.51,
07/18/2026,37014,3rd Party - UberEats,83.91,
07/18/2026,37014,Cash Over/Short Adjustment,0.89,
07/18/2026,37016,Subject to Tax,,2828.37
07/18/2026,37016,Non-Taxable Sales,,383.45
07/18/2026,37016,Register Audit,505,
07/18/2026,37016,Sales Tax,,240.45
07/18/2026,37016,In-Store Credit Card,1994.21,
07/18/2026,37016,Online Credit card,1017.48,
07/18/2026,37016,Online Gift Card,11.34,
07/18/2026,37016,Online Credit Card Tips,,35.49
07/18/2026,37016,In-Store Credit Card Tips,,138.08
07/18/2026,37016,Gift Card,16.67,
07/18/2026,37016,3rd Party - DoorDash,81.11,
07/18/2026,37016,Cash Over/Short Adjustment,0.03,
07/18/2026,37020,Subject to Tax,,3501.48
07/18/2026,37020,Non-Taxable Sales,,369.97
07/18/2026,37020,Register Audit,641.06,
07/18/2026,37020,Sales Tax,,297.74
07/18/2026,37020,In-Store Credit Card,1634.13,
07/18/2026,37020,Online Credit card,1870.03,
07/18/2026,37020,Online Credit Card Tips,,47
07/18/2026,37020,In-Store Credit Card Tips,,103.32
07/18/2026,37020,Gift Card,27.45,
07/18/2026,37020,3rd Party - DoorDash,146.98,
07/18/2026,37020,Cash Over/Short Adjustment,,0.14
07/18/2026,49001,Subject to Tax,,4932.45
07/18/2026,49001,3rd Party Tax Exempt,,673.22
07/18/2026,49001,Sales Tax,,394.21
07/18/2026,49001,In-Store Credit Card,2551.14,
07/18/2026,49001,Online Credit card,2447.67,
07/18/2026,49001,Online Credit Card Tips,,70
07/18/2026,49001,In-Store Credit Card Tips,,127.59
07/18/2026,49001,3rd Party - DoorDash,506.02,
07/18/2026,49001,3rd Party - UberEats,167.2,
07/18/2026,49001,Cash Over/Short Adjustment,0.44,
07/18/2026,49001,Register Audit Adjustment,525,
07/18/2026,49002,Subject to Tax,,3948.5
07/18/2026,49002,3rd Party Tax Exempt,,326.65
07/18/2026,49002,Sales Tax,,315.93
07/18/2026,49002,In-Store Credit Card,2874.71,
07/18/2026,49002,Online Credit card,1272.63,
07/18/2026,49002,Online Credit Card Tips,,34
07/18/2026,49002,In-Store Credit Card Tips,,173.89
07/18/2026,49002,3rd Party - DoorDash,326.65,
07/18/2026,49002,Cash Over/Short Adjustment,0.98,
07/18/2026,49002,Register Audit Adjustment,324,
07/18/2026,49003,Subject to Tax,,3665.23
07/18/2026,49003,3rd Party Tax Exempt,,258.25
07/18/2026,49003,Sales Tax,,293.32
07/18/2026,49003,In-Store Credit Card,2233.31,
07/18/2026,49003,Online Credit card,1351.32,
07/18/2026,49003,Online Credit Card Tips,,51
07/18/2026,49003,In-Store Credit Card Tips,,155.97
07/18/2026,49003,Gift Card,40.47,
07/18/2026,49003,3rd Party - DoorDash,258.25,
07/18/2026,49003,Cash Over/Short Adjustment,0.42,
07/18/2026,49003,Register Audit Adjustment,540,
07/18/2026,49004,Subject to Tax,,3403.2
07/18/2026,49004,3rd Party Tax Exempt,,1301.99
07/18/2026,49004,Sales Tax,,272.23
07/18/2026,49004,In-Store Credit Card,1787.76,
07/18/2026,49004,Online Credit card,1401.61,
07/18/2026,49004,Online Gift Card,34.19,
07/18/2026,49004,Online Credit Card Tips,,50.52
07/18/2026,49004,In-Store Credit Card Tips,,114.83
07/18/2026,49004,Gift Card,56.12,
07/18/2026,49004,Gift Card Sold,,25
07/18/2026,49004,3rd Party - DoorDash,963.82,
07/18/2026,49004,3rd Party - UberEats,338.17,
07/18/2026,49004,Cash Over/Short Adjustment,0.1,
07/18/2026,49004,Register Audit Adjustment,586,
07/18/2026,49005,Subject to Tax,,3491.25
07/18/2026,49005,3rd Party Tax Exempt,,398.11
07/18/2026,49005,Sales Tax,,279.21
07/18/2026,49005,In-Store Credit Card,2182.97,
07/18/2026,49005,Online Credit card,1089.86,
07/18/2026,49005,Online Gift Card,57.45,
07/18/2026,49005,Online Credit Card Tips,,38
07/18/2026,49005,In-Store Credit Card Tips,,141.88
07/18/2026,49005,Gift Card,4.64,
07/18/2026,49005,3rd Party - DoorDash,367.22,
07/18/2026,49005,3rd Party - UberEats,30.89,
07/18/2026,49005,Cash Over/Short Adjustment,0.42,
07/18/2026,49005,Register Audit Adjustment,615,
07/18/2026,49006,Subject to Tax,,6008.7
07/18/2026,49006,3rd Party Tax Exempt,,922.03
07/18/2026,49006,Register Audit,529,
07/18/2026,49006,Sales Tax,,480.54
07/18/2026,49006,In-Store Credit Card,3341.23,
07/18/2026,49006,Online Credit card,2875.26,
07/18/2026,49006,Online Gift Card,35.11,
07/18/2026,49006,Online Credit Card Tips,,83
07/18/2026,49006,In-Store Credit Card Tips,,232.33
07/18/2026,49006,Gift Card,49.46,
07/18/2026,49006,Gift Card Sold,,25
07/18/2026,49006,3rd Party - DoorDash,724.93,
07/18/2026,49006,3rd Party - UberEats,197.1,
07/18/2026,49006,Cash Over/Short Adjustment,,0.05
07/18/2026,49006,Register Audit Adjustment,,12
07/18/2026,49007,Subject to Tax,,2478
07/18/2026,49007,3rd Party Tax Exempt,,755.74
07/18/2026,49007,Register Audit,314.96,
07/18/2026,49007,Sales Tax,,197.74
07/18/2026,49007,In-Store Credit Card,1409.24,
07/18/2026,49007,Payout,39.26,
07/18/2026,49007,Online Credit card,1020.73,
07/18/2026,49007,Online Credit Card Tips,,32
07/18/2026,49007,In-Store Credit Card Tips,,96.48
07/18/2026,49007,Gift Card,20.03,
07/18/2026,49007,3rd Party - DoorDash,582.74,
07/18/2026,49007,3rd Party - UberEats,173,
07/18/2026,49008,Subject to Tax,,3847.65
07/18/2026,49008,3rd Party Tax Exempt,,636.14
07/18/2026,49008,Sales Tax,,307.99
07/18/2026,49008,In-Store Credit Card,2288.03,
07/18/2026,49008,Online Credit card,1211.64,
07/18/2026,49008,Online Credit Card Tips,,37
07/18/2026,49008,In-Store Credit Card Tips,,133.22
07/18/2026,49008,Gift Card,71.61,
07/18/2026,49008,3rd Party - DoorDash,590.6,
07/18/2026,49008,3rd Party - UberEats,45.54,
07/18/2026,49008,Cash Over/Short Adjustment,0.58,
07/18/2026,49008,Register Audit Adjustment,754,
07/18/2026,49009,Subject to Tax,,4545.5
07/18/2026,49009,3rd Party Tax Exempt,,593.11
07/18/2026,49009,Sales Tax,,363.45
07/18/2026,49009,In-Store Credit Card,2693.16,
07/18/2026,49009,Online Credit card,1810.09,
07/18/2026,49009,Online Credit Card Tips,,19.85
07/18/2026,49009,In-Store Credit Card Tips,,163.42
07/18/2026,49009,3rd Party - DoorDash,558.43,
07/18/2026,49009,3rd Party - UberEats,34.68,
07/18/2026,49009,Cash Over/Short Adjustment,0.97,
07/18/2026,49009,Register Audit Adjustment,588,
07/18/2026,49011,Subject to Tax,,4372.1
07/18/2026,49011,3rd Party Tax Exempt,,247.58
07/18/2026,49011,Register Audit,816,
07/18/2026,49011,Sales Tax,,349.82
07/18/2026,49011,In-Store Credit Card,2253.15,
07/18/2026,49011,Payout,9.66,
07/18/2026,49011,Online Credit card,1833.06,
07/18/2026,49011,Online Gift Card,39.66,
07/18/2026,49011,Online Credit Card Tips,,66
07/18/2026,49011,In-Store Credit Card Tips,,151.27
07/18/2026,49011,Online Gift Card Tips,,2
07/18/2026,49011,Gift Card,10,
07/18/2026,49011,Gift Card Sold,,20
07/18/2026,49011,3rd Party - DoorDash,247.58,
07/18/2026,49011,Cash Over/Short Adjustment,,0.34
07/19/2026,2006,Subject to Tax,,151.7
07/19/2026,2006,Non-Taxable Sales,,3728.26
07/19/2026,2006,3rd Party Tax Exempt,,18.24
07/19/2026,2006,Register Audit,167,
07/19/2026,2006,Sales Tax,,10.79
07/19/2026,2006,In-Store Credit Card,1557.57,
07/19/2026,2006,Online Credit card,1659.89,
07/19/2026,2006,Online Credit Card Tips,,48
07/19/2026,2006,In-Store Credit Card Tips,,72.82
07/19/2026,2006,Gift Card,20,
07/19/2026,2006,3rd Party - DoorDash,517.3,
07/19/2026,2006,3rd Party - GrubHub,37.02,
07/19/2026,2006,3rd Party - UberEats,70.78,
07/19/2026,2006,Cash Over/Short Adjustment,0.25,
07/19/2026,2016,Subject to Tax,,134.42
07/19/2026,2016,Non-Taxable Sales,,2961.9
07/19/2026,2016,3rd Party Tax Exempt,,14.88
07/19/2026,2016,Register Audit,131,
07/19/2026,2016,Sales Tax,,8.86
07/19/2026,2016,In-Store Credit Card,1660.14,
07/19/2026,2016,Payout,20,
07/19/2026,2016,Online Credit card,990.86,
07/19/2026,2016,Online Credit Card Tips,,19
07/19/2026,2016,In-Store Credit Card Tips,,85.06
07/19/2026,2016,Gift Card,82.1,
07/19/2026,2016,3rd Party - DoorDash,206.56,
07/19/2026,2016,3rd Party - UberEats,133.89,
07/19/2026,2016,Cash Over/Short Adjustment,,0.43
07/19/2026,2017,Subject to Tax,,139.57
07/19/2026,2017,Non-Taxable Sales,,2880.73
07/19/2026,2017,3rd Party Tax Exempt,,18.24
07/19/2026,2017,Register Audit,14,
07/19/2026,2017,Sales Tax,,9.66
07/19/2026,2017,In-Store Credit Card,1512.72,
07/19/2026,2017,Payout,18.36,
07/19/2026,2017,Online Credit card,1031.59,
07/19/2026,2017,Online Gift Card,35.15,
07/19/2026,2017,Online Credit Card Tips,,36.25
07/19/2026,2017,In-Store Credit Card Tips,,78.1
07/19/2026,2017,Gift Card,63.6,
07/19/2026,2017,3rd Party - DoorDash,431.17,
07/19/2026,2017,3rd Party - UberEats,56.67,
07/19/2026,2017,Cash Over/Short Adjustment,,0.71
07/19/2026,2020,Subject to Tax,,335.7
07/19/2026,2020,Non-Taxable Sales,,2947.68
07/19/2026,2020,Register Audit,192,
07/19/2026,2020,Sales Tax,,24.31
07/19/2026,2020,In-Store Credit Card,1928.23,
07/19/2026,2020,Payout,84,
07/19/2026,2020,Online Credit card,805.32,
07/19/2026,2020,Online Gift Card,4.15,
07/19/2026,2020,Online Credit Card Tips,,17
07/19/2026,2020,In-Store Credit Card Tips,,133.78
07/19/2026,2020,Gift Card,25,
07/19/2026,2020,3rd Party - DoorDash,367.17,
07/19/2026,2020,3rd Party - UberEats,52.86,
07/19/2026,2020,Cash Over/Short Adjustment,,0.26
07/19/2026,2023,Subject to Tax,,126.64
07/19/2026,2023,Non-Taxable Sales,,3549.25
07/19/2026,2023,3rd Party Tax Exempt,,36.12
07/19/2026,2023,Sales Tax,,9.03
07/19/2026,2023,In-Store Credit Card,1591.04,
07/19/2026,2023,Payout,21.57,
07/19/2026,2023,Online Credit card,983.27,
07/19/2026,2023,Online Gift Card,28.9,
07/19/2026,2023,Online Credit Card Tips,,37
07/19/2026,2023,In-Store Credit Card Tips,,99.67
07/19/2026,2023,Gift Card,18.95,
07/19/2026,2023,3rd Party - DoorDash,729.19,
07/19/2026,2023,3rd Party - UberEats,160.62,
07/19/2026,2023,Cash Over/Short Adjustment,0.17,
07/19/2026,2023,Register Audit Adjustment,324,
07/19/2026,2024,Subject to Tax,,160.5
07/19/2026,2024,Non-Taxable Sales,,2731.03
07/19/2026,2024,3rd Party Tax Exempt,,3.36
07/19/2026,2024,Register Audit,197,
07/19/2026,2024,Sales Tax,,12.79
07/19/2026,2024,In-Store Credit Card,1660.07,
07/19/2026,2024,Payout,5.92,
07/19/2026,2024,Online Credit card,615.09,
07/19/2026,2024,Online Credit Card Tips,,9
07/19/2026,2024,In-Store Credit Card Tips,,82.71
07/19/2026,2024,Gift Card,22.03,
07/19/2026,2024,3rd Party - DoorDash,437.12,
07/19/2026,2024,3rd Party - UberEats,62.92,
07/19/2026,2024,Cash Over/Short Adjustment,,0.76
07/19/2026,2047,Subject to Tax,,192.15
07/19/2026,2047,Non-Taxable Sales,,3333.15
07/19/2026,2047,3rd Party Tax Exempt,,10.44
07/19/2026,2047,Register Audit,399,
07/19/2026,2047,Sales Tax,,13.22
07/19/2026,2047,In-Store Credit Card,1446.86,
07/19/2026,2047,Online Credit card,1178.98,
07/19/2026,2047,Online Gift Card,15.42,
07/19/2026,2047,Online Credit Card Tips,,37.45
07/19/2026,2047,In-Store Credit Card Tips,,64.29
07/19/2026,2047,Gift Card,14.3,
07/19/2026,2047,3rd Party - DoorDash,394.48,
07/19/2026,2047,3rd Party - GrubHub,82.8,
07/19/2026,2047,3rd Party - UberEats,119.04,
07/19/2026,2047,Cash Over/Short Adjustment,,0.18
07/19/2026,4003,Subject to Tax,,4411.93
07/19/2026,4003,Register Audit,180,
07/19/2026,4003,Sales Tax,,430.14
07/19/2026,4003,In-Store Credit Card,2225,
07/19/2026,4003,Online Credit card,1517.24,
07/19/2026,4003,Online Credit Card Tips,,38.84
07/19/2026,4003,In-Store Credit Card Tips,,154.94
07/19/2026,4003,3rd Party - DoorDash,876.5,
07/19/2026,4003,3rd Party - UberEats,236.44,
07/19/2026,4003,Cash Over/Short Adjustment,0.67,
07/19/2026,4004,Subject to Tax,,3620.02
07/19/2026,4004,Register Audit,95,
07/19/2026,4004,Sales Tax,,352.96
07/19/2026,4004,In-Store Credit Card,1460.36,
07/19/2026,4004,Payout,50,
07/19/2026,4004,Online Credit card,1395.42,
07/19/2026,4004,Online Gift Card,14.13,
07/19/2026,4004,Online Credit Card Tips,,35
07/19/2026,4004,In-Store Credit Card Tips,,79.52
07/19/2026,4004,Gift Card,15,
07/19/2026,4004,3rd Party - DoorDash,539.82,
07/19/2026,4004,3rd Party - UberEats,518.4,
07/19/2026,4004,Cash Over/Short Adjustment,,0.63
07/19/2026,4005,Subject to Tax,,4982.48
07/19/2026,4005,Tax Exempt,,35.55
07/19/2026,4005,Register Audit,218,
07/19/2026,4005,Sales Tax,,485.75
07/19/2026,4005,In-Store Credit Card,2740.89,
07/19/2026,4005,Payout,14.69,
07/19/2026,4005,Online Credit card,1571.77,
07/19/2026,4005,In-Store Credit Card Tips,,192.35
07/19/2026,4005,Gift Card,37.34,
07/19/2026,4005,3rd Party - DoorDash,464.61,
07/19/2026,4005,3rd Party - UberEats,648.67,
07/19/2026,4005,Cash Over/Short Adjustment,0.16,
07/19/2026,4008,Subject to Tax,,4093.4
07/19/2026,4008,Register Audit,203,
07/19/2026,4008,Sales Tax,,399.13
07/19/2026,4008,In-Store Credit Card,2182.43,
07/19/2026,4008,Online Credit card,1592.05,
07/19/2026,4008,Online Credit Card Tips,,31
07/19/2026,4008,In-Store Credit Card Tips,,128.71
07/19/2026,4008,Gift Card,31.59,
07/19/2026,4008,3rd Party - DoorDash,504.49,
07/19/2026,4008,3rd Party - UberEats,139.59,
07/19/2026,4008,Cash Over/Short Adjustment,,0.91
07/19/2026,4009,Subject to Tax,,2309.05
07/19/2026,4009,Register Audit,183,
07/19/2026,4009,Sales Tax,,225.1
07/19/2026,4009,In-Store Credit Card,1159.46,
07/19/2026,4009,Online Credit card,362.56,
07/19/2026,4009,Online Credit Card Tips,,4
07/19/2026,4009,In-Store Credit Card Tips,,66.46
07/19/2026,4009,Gift Card,19.53,
07/19/2026,4009,3rd Party - DoorDash,562.17,
07/19/2026,4009,3rd Party - GrubHub,28.18,
07/19/2026,4009,3rd Party - UberEats,290.65,
07/19/2026,4009,Cash Over/Short Adjustment,,0.94
07/19/2026,4010,Subject to Tax,,2832.21
07/19/2026,4010,Register Audit,82,
07/19/2026,4010,Sales Tax,,276.17
07/19/2026,4010,In-Store Credit Card,1787.15,
07/19/2026,4010,Payout,32.91,
07/19/2026,4010,Online Credit card,757.16,
07/19/2026,4010,Online Gift Card,19.5,
07/19/2026,4010,In-Store Credit Card Tips,,130.4
07/19/2026,4010,3rd Party - DoorDash,353.48,
07/19/2026,4010,3rd Party - GrubHub,38.68,
07/19/2026,4010,3rd Party - UberEats,167.14,
07/19/2026,4010,Cash Over/Short Adjustment,0.76,
07/19/2026,4015,Subject to Tax,,3617.35
07/19/2026,4015,Register Audit,260,
07/19/2026,4015,Sales Tax,,352.64
07/19/2026,4015,In-Store Credit Card,2253.43,
07/19/2026,4015,Online Credit card,963.9,
07/19/2026,4015,Online Credit Card Tips,,20
07/19/2026,4015,In-Store Credit Card Tips,,151.7
07/19/2026,4015,Gift Card,63.71,
07/19/2026,4015,3rd Party - DoorDash,420.89,
07/19/2026,4015,3rd Party - GrubHub,22.92,
07/19/2026,4015,3rd Party - UberEats,156.3,
07/19/2026,4015,Cash Over/Short Adjustment,0.54,
07/19/2026,4021,Subject to Tax,,3079.56
07/19/2026,4021,Register Audit,188,
07/19/2026,4021,Sales Tax,,300.23
07/19/2026,4021,In-Store Credit Card,1744.07,
07/19/2026,4021,Online Credit card,867.34,
07/19/2026,4021,Online Credit Card Tips,,12
07/19/2026,4021,In-Store Credit Card Tips,,126.67
07/19/2026,4021,3rd Party - DoorDash,326.31,
07/19/2026,4021,3rd Party - UberEats,387.8,
07/19/2026,4021,Cash Over/Short Adjustment,0.94,
07/19/2026,4021,Register Audit Adjustment,4,
07/19/2026,4025,Subject to Tax,,3789.68
07/19/2026,4025,Register Audit,313,
07/19/2026,4025,Sales Tax,,369.45
07/19/2026,4025,In-Store Credit Card,1926.18,
07/19/2026,4025,Online Credit card,1115.32,
07/19/2026,4025,Online Credit Card Tips,,36.68
07/19/2026,4025,In-Store Credit Card Tips,,114.2
07/19/2026,4025,Gift Card,43.36,
07/19/2026,4025,3rd Party - DoorDash,552.41,
07/19/2026,4025,3rd Party - GrubHub,30.02,
07/19/2026,4025,3rd Party - UberEats,330.44,
07/19/2026,4025,Cash Over/Short Adjustment,,0.72
07/19/2026,4027,Subject to Tax,,4366.84
07/19/2026,4027,Register Audit,172,
07/19/2026,4027,Sales Tax,,425.75
07/19/2026,4027,In-Store Credit Card,1740.47,
07/19/2026,4027,Online Credit card,1175.95,
07/19/2026,4027,Online Gift Card,10.87,
07/19/2026,4027,In-Store Credit Card Tips,,95.15
07/19/2026,4027,Gift Card,44.1,
07/19/2026,4027,3rd Party - DoorDash,1050.6,
07/19/2026,4027,3rd Party - UberEats,684.59,
07/19/2026,4027,Cash Over/Short Adjustment,0.16,
07/19/2026,4027,Register Audit Adjustment,9,
07/19/2026,4034,Subject to Tax,,4633.88
07/19/2026,4034,Register Audit,270,
07/19/2026,4034,Sales Tax,,451.78
07/19/2026,4034,In-Store Credit Card,2711.73,
07/19/2026,4034,Online Credit card,1454.45,
07/19/2026,4034,Online Credit Card Tips,,42
07/19/2026,4034,In-Store Credit Card Tips,,140.37
07/19/2026,4034,Gift Card,39.29,
07/19/2026,4034,3rd Party - DoorDash,792.7,
07/19/2026,4034,Cash Over/Short Adjustment,,0.14
07/19/2026,4036,Subject to Tax,,3136.78
07/19/2026,4036,Register Audit,124,
07/19/2026,4036,Sales Tax,,305.86
07/19/2026,4036,In-Store Credit Card,1855.87,
07/19/2026,4036,Online Credit card,685.15,
07/19/2026,4036,Online Credit Card Tips,,19
07/19/2026,4036,In-Store Credit Card Tips,,105.78
07/19/2026,4036,3rd Party - DoorDash,500.97,
07/19/2026,4036,3rd Party - UberEats,401.31,
07/19/2026,4036,Cash Over/Short Adjustment,0.12,
07/19/2026,4042,Subject to Tax,,6755.22
07/19/2026,4042,Sales Tax,,658.7
07/19/2026,4042,In-Store Credit Card,2959.33,
07/19/2026,4042,Online Credit card,2381.96,
07/19/2026,4042,Online Gift Card,10.93,
07/19/2026,4042,Online Credit Card Tips,,60.11
07/19/2026,4042,In-Store Credit Card Tips,,187.46
07/19/2026,4042,Online Gift Card Tips,,1
07/19/2026,4042,Gift Card,66.83,
07/19/2026,4042,3rd Party - DoorDash,1743.07,
07/19/2026,4042,3rd Party - UberEats,150.3,
07/19/2026,4042,Cash Over/Short Adjustment,0.07,
07/19/2026,4042,Register Audit Adjustment,350,
07/19/2026,4052,Subject to Tax,,5126.07
07/19/2026,4052,Register Audit,575,
07/19/2026,4052,Sales Tax,,499.79
07/19/2026,4052,In-Store Credit Card,2550.12,
07/19/2026,4052,Online Credit card,1891.76,
07/19/2026,4052,Online Gift Card,39.77,
07/19/2026,4052,Online Credit Card Tips,,60
07/19/2026,4052,In-Store Credit Card Tips,,141.37
07/19/2026,4052,Online Gift Card Tips,,2
07/19/2026,4052,Gift Card,45.87,
07/19/2026,4052,3rd Party - DoorDash,679.68,
07/19/2026,4052,3rd Party - UberEats,47.25,
07/19/2026,4052,Cash Over/Short Adjustment,,0.22
07/19/2026,4061,Subject to Tax,,3902.17
07/19/2026,4061,Register Audit,278,
07/19/2026,4061,Sales Tax,,380.41
07/19/2026,4061,In-Store Credit Card,2897.62,
07/19/2026,4061,Online Credit card,1008.83,
07/19/2026,4061,Online Gift Card,11.74,
07/19/2026,4061,Online Credit Card Tips,,38
07/19/2026,4061,In-Store Credit Card Tips,,180.91
07/19/2026,4061,Gift Card,29.86,
07/19/2026,4061,3rd Party - DoorDash,276.05,
07/19/2026,4061,Cash Over/Short Adjustment,,0.61
07/19/2026,4074,Subject to Tax,,2551.66
07/19/2026,4074,Register Audit,140,
07/19/2026,4074,Sales Tax,,248.82
07/19/2026,4074,In-Store Credit Card,1638.59,
07/19/2026,4074,Online Credit card,1081.99,
07/19/2026,4074,Online Credit Card Tips,,27
07/19/2026,4074,In-Store Credit Card Tips,,114.66
07/19/2026,4074,3rd Party - DoorDash,38.25,
07/19/2026,4074,3rd Party - UberEats,43.53,
07/19/2026,4074,Cash Over/Short Adjustment,,0.22
07/19/2026,5042,Subject to Tax,,3960.05
07/19/2026,5042,Non-Taxable Sales,,15
07/19/2026,5042,3rd Party Tax Exempt,,1015.93
07/19/2026,5042,Register Audit,311,
07/19/2026,5042,Sales Tax,,273.1
07/19/2026,5042,In-Store Credit Card,2179.41,
07/19/2026,5042,Payout,56.95,
07/19/2026,5042,Online Credit card,1872.31,
07/19/2026,5042,Online Credit Card Tips,,47
07/19/2026,5042,In-Store Credit Card Tips,,163.44
07/19/2026,5042,Gift Card,39.55,
07/19/2026,5042,3rd Party - DoorDash,376.92,
07/19/2026,5042,3rd Party - UberEats,639.01,
07/19/2026,5042,Cash Over/Short Adjustment,,0.63
07/19/2026,5043,Subject to Tax,,4689.8
07/19/2026,5043,Non-Taxable Sales,,51
07/19/2026,5043,3rd Party Tax Exempt,,1266.7
07/19/2026,5043,Register Audit,320,
07/19/2026,5043,Sales Tax,,318.09
07/19/2026,5043,In-Store Credit Card,2975.11,
07/19/2026,5043,Online Credit card,1956.38,
07/19/2026,5043,Online Gift Card,25,
07/19/2026,5043,Online Credit Card Tips,,52
07/19/2026,5043,In-Store Credit Card Tips,,175.64
07/19/2026,5043,Gift Card,9.42,
07/19/2026,5043,3rd Party - DoorDash,647.83,
07/19/2026,5043,3rd Party - GrubHub,24.22,
07/19/2026,5043,3rd Party - UberEats,594.65,
07/19/2026,5043,Cash Over/Short Adjustment,0.62,
07/19/2026,5049,Subject to Tax,,1955.2
07/19/2026,5049,Non-Taxable Sales,,13
07/19/2026,5049,3rd Party Tax Exempt,,719.86
07/19/2026,5049,Register Audit,108,
07/19/2026,5049,Sales Tax,,159.47
07/19/2026,5049,In-Store Credit Card,1512.27,
07/19/2026,5049,Online Credit card,595.92,
07/19/2026,5049,Online Credit Card Tips,,11.5
07/19/2026,5049,In-Store Credit Card Tips,,96.03
07/19/2026,5049,Gift Card,19.33,
07/19/2026,5049,3rd Party - DoorDash,584.36,
07/19/2026,5049,3rd Party - GrubHub,43.68,
07/19/2026,5049,3rd Party - UberEats,91.82,
07/19/2026,5049,Cash Over/Short Adjustment,,0.32
07/19/2026,5051,Subject to Tax,,3428
07/19/2026,5051,Non-Taxable Sales,,16.5
07/19/2026,5051,3rd Party Tax Exempt,,665.31
07/19/2026,5051,Register Audit,181,
07/19/2026,5051,Sales Tax,,237.01
07/19/2026,5051,In-Store Credit Card,2397.75,
07/19/2026,5051,Online Credit card,1243.72,
07/19/2026,5051,Online Gift Card,55.88,
07/19/2026,5051,Online Credit Card Tips,,70.27
07/19/2026,5051,In-Store Credit Card Tips,,124.13
07/19/2026,5051,Online Gift Card Tips,,2
07/19/2026,5051,3rd Party - DoorDash,562.19,
07/19/2026,5051,3rd Party - UberEats,103.12,
07/19/2026,5051,Cash Over/Short Adjustment,,0.44
07/19/2026,5057,Subject to Tax,,3693.8
07/19/2026,5057,Non-Taxable Sales,,12.5
07/19/2026,5057,3rd Party Tax Exempt,,998.56
07/19/2026,5057,Register Audit,353,
07/19/2026,5057,Sales Tax,,291.24
07/19/2026,5057,In-Store Credit Card,2225.26,
07/19/2026,5057,Payout,14,
07/19/2026,5057,Online Credit card,1413.21,
07/19/2026,5057,Online Gift Card,106.24,
07/19/2026,5057,Online Credit Card Tips,,31.27
07/19/2026,5057,In-Store Credit Card Tips,,156.8
07/19/2026,5057,Online Gift Card Tips,,0.73
07/19/2026,5057,Gift Card,75.45,
07/19/2026,5057,3rd Party - DoorDash,475.19,
07/19/2026,5057,3rd Party - UberEats,523.37,
07/19/2026,5057,Cash Over/Short Adjustment,,0.82
07/19/2026,5059,Subject to Tax,,3043.75
07/19/2026,5059,Non-Taxable Sales,,15.5
07/19/2026,5059,3rd Party Tax Exempt,,532.06
07/19/2026,5059,Sales Tax,,209.75
07/19/2026,5059,In-Store Credit Card,2255.94,
07/19/2026,5059,Online Credit card,845.75,
07/19/2026,5059,Online Credit Card Tips,,13
07/19/2026,5059,In-Store Credit Card Tips,,100.79
07/19/2026,5059,Gift Card,30.66,
07/19/2026,5059,3rd Party - DoorDash,389.08,
07/19/2026,5059,3rd Party - UberEats,142.98,
07/19/2026,5059,Cash Over/Short Adjustment,0.44,
07/19/2026,5059,Register Audit Adjustment,250,
07/19/2026,5062,Subject to Tax,,2907.29
07/19/2026,5062,Non-Taxable Sales,,21
07/19/2026,5062,3rd Party Tax Exempt,,473.31
07/19/2026,5062,Sales Tax,,200.79
07/19/2026,5062,In-Store Credit Card,2225.35,
07/19/2026,5062,Payout,60.69,
07/19/2026,5062,Online Credit card,1015.29,
07/19/2026,5062,Online Gift Card,10.03,
07/19/2026,5062,Online Credit Card Tips,,36
07/19/2026,5062,In-Store Credit Card Tips,,183.07
07/19/2026,5062,Gift Card,12.2,
07/19/2026,5062,3rd Party - DoorDash,265.25,
07/19/2026,5062,3rd Party - GrubHub,37.26,
07/19/2026,5062,3rd Party - UberEats,170.8,
07/19/2026,5062,Cash Over/Short Adjustment,0.59,
07/19/2026,5062,Register Audit Adjustment,24,
07/19/2026,5101,Subject to Tax,,3406.95
07/19/2026,5101,Non-Taxable Sales,,11
07/19/2026,5101,3rd Party Tax Exempt,,343.54
07/19/2026,5101,Register Audit,368,
07/19/2026,5101,Sales Tax,,235.99
07/19/2026,5101,In-Store Credit Card,2340.21,
07/19/2026,5101,Online Credit card,1096.85,
07/19/2026,5101,Online Credit Card Tips,,47
07/19/2026,5101,In-Store Credit Card Tips,,123.55
07/19/2026,5101,Gift Card,19.47,
07/19/2026,5101,3rd Party - DoorDash,130.76,
07/19/2026,5101,3rd Party - UberEats,212.78,
07/19/2026,5101,Cash Over/Short Adjustment,,0.04
07/19/2026,5112,Subject to Tax,,3101.45
07/19/2026,5112,Non-Taxable Sales,,45
07/19/2026,5112,3rd Party Tax Exempt,,359.95
07/19/2026,5112,Register Audit,336,
07/19/2026,5112,Sales Tax,,244.9
07/19/2026,5112,In-Store Credit Card,1622.87,
07/19/2026,5112,Online Credit card,1564.09,
07/19/2026,5112,Online Gift Card,15.6,
07/19/2026,5112,Online Credit Card Tips,,50
07/19/2026,5112,In-Store Credit Card Tips,,94.69
07/19/2026,5112,Online Gift Card Tips,,2
07/19/2026,5112,3rd Party - DoorDash,289.76,
07/19/2026,5112,3rd Party - UberEats,70.19,
07/19/2026,5112,Cash Over/Short Adjustment,,0.52
07/19/2026,5127,Subject to Tax,,4216.1
07/19/2026,5127,Non-Taxable Sales,,14.5
07/19/2026,5127,3rd Party Tax Exempt,,195.36
07/19/2026,5127,Register Audit,609,
07/19/2026,5127,Sales Tax,,332.14
07/19/2026,5127,In-Store Credit Card,2486.35,
07/19/2026,5127,Online Credit card,1717.49,
07/19/2026,5127,Online Credit Card Tips,,55
07/19/2026,5127,In-Store Credit Card Tips,,195.52
07/19/2026,5127,3rd Party - DoorDash,156.44,
07/19/2026,5127,3rd Party - UberEats,38.92,
07/19/2026,5127,Cash Over/Short Adjustment,0.42,
07/19/2026,6021,Subject to Tax,,4720.23
07/19/2026,6021,3rd Party Tax Exempt,,61.52
07/19/2026,6021,Register Audit,263,
07/19/2026,6021,Sales Tax,,448.42
07/19/2026,6021,In-Store Credit Card,2952.43,
07/19/2026,6021,Online Credit card,1157,
07/19/2026,6021,Online Gift Card,135.42,
07/19/2026,6021,Online Credit Card Tips,,39
07/19/2026,6021,In-Store Credit Card Tips,,194.13
07/19/2026,6021,Online Gift Card Tips,,5
07/19/2026,6021,3rd Party - DoorDash,867.23,
07/19/2026,6021,3rd Party - GrubHub,32.06,
07/19/2026,6021,3rd Party - UberEats,61.52,
07/19/2026,6021,Cash Over/Short Adjustment,,0.36
07/19/2026,6026,Subject to Tax,,2761.31
07/19/2026,6026,Non-Taxable Sales,,25
07/19/2026,6026,3rd Party Tax Exempt,,77.46
07/19/2026,6026,Register Audit,105,
07/19/2026,6026,Sales Tax,,165.68
07/19/2026,6026,In-Store Credit Card,1753.48,
07/19/2026,6026,Online Credit card,886.49,
07/19/2026,6026,Online Gift Card,11.08,
07/19/2026,6026,Online Credit Card Tips,,20
07/19/2026,6026,In-Store Credit Card Tips,,135.6
07/19/2026,6026,3rd Party - DoorDash,335.38,
07/19/2026,6026,3rd Party - GrubHub,16.02,
07/19/2026,6026,3rd Party - UberEats,77.46,
07/19/2026,6026,Cash Over/Short Adjustment,0.14,
07/19/2026,6032,Subject to Tax,,3661.78
07/19/2026,6032,Non-Taxable Sales,,16
07/19/2026,6032,3rd Party Tax Exempt,,267.15
07/19/2026,6032,Sales Tax,,219.74
07/19/2026,6032,In-Store Credit Card,2244.57,
07/19/2026,6032,Online Credit card,1040.77,
07/19/2026,6032,Online Credit Card Tips,,32.61
07/19/2026,6032,In-Store Credit Card Tips,,155.99
07/19/2026,6032,3rd Party - DoorDash,646.78,
07/19/2026,6032,3rd Party - UberEats,267.15,
07/19/2026,6032,Register Audit Adjustment,154,
07/19/2026,6037,Subject to Tax,,4651.37
07/19/2026,6037,Non-Taxable Sales,,43
07/19/2026,6037,Register Audit,245,
07/19/2026,6037,Sales Tax,,511.78
07/19/2026,6037,In-Store Credit Card,2780.41,
07/19/2026,6037,Online Credit card,2285.96,
07/19/2026,6037,Online Gift Card,15.04,
07/19/2026,6037,Online Credit Card Tips,,58
07/19/2026,6037,In-Store Credit Card Tips,,187.77
07/19/2026,6037,Online Gift Card Tips,,5
07/19/2026,6037,Gift Card,26.16,
07/19/2026,6037,3rd Party - GrubHub,9.26,
07/19/2026,6037,3rd Party - UberEats,95.99,
07/19/2026,6037,Cash Over/Short Adjustment,,0.9
07/19/2026,6039,Subject to Tax,,3171.86
07/19/2026,6039,Non-Taxable Sales,,34
07/19/2026,6039,3rd Party Tax Exempt,,483.62
07/19/2026,6039,Sales Tax,,190.31
07/19/2026,6039,In-Store Credit Card,1582.81,
07/19/2026,6039,Online Credit card,1352.62,
07/19/2026,6039,Online Credit Card Tips,,39
07/19/2026,6039,In-Store Credit Card Tips,,140.79
07/19/2026,6039,3rd Party - DoorDash,515.73,
07/19/2026,6039,3rd Party - GrubHub,37.77,
07/19/2026,6039,3rd Party - UberEats,483.62,
07/19/2026,6039,Cash Over/Short Adjustment,0.03,
07/19/2026,6039,Register Audit Adjustment,87,
07/19/2026,6044,Subject to Tax,,4000.35
07/19/2026,6044,Non-Taxable Sales,,16
07/19/2026,6044,Sales Tax,,451.98
07/19/2026,6044,In-Store Credit Card,2187.79,
07/19/2026,6044,Online Credit card,1558.23,
07/19/2026,6044,Online Credit Card Tips,,27
07/19/2026,6044,In-Store Credit Card Tips,,138.29
07/19/2026,6044,Gift Card,37.84,
07/19/2026,6044,3rd Party - DoorDash,447.37,
07/19/2026,6044,Cash Over/Short Adjustment,0.39,
07/19/2026,6044,Register Audit Adjustment,402,
07/19/2026,6065,Subject to Tax,,3525.58
07/19/2026,6065,Non-Taxable Sales,,40
07/19/2026,6065,3rd Party Tax Exempt,,311.63
07/19/2026,6065,Sales Tax,,352.73
07/19/2026,6065,In-Store Credit Card,1739.65,
07/19/2026,6065,Payout,27.54,
07/19/2026,6065,Online Credit card,1530.04,
07/19/2026,6065,Online Gift Card,24.42,
07/19/2026,6065,Online Credit Card Tips,,40
07/19/2026,6065,In-Store Credit Card Tips,,107.75
07/19/2026,6065,Online Gift Card Tips,,2
07/19/2026,6065,Gift Card,11.5,
07/19/2026,6065,3rd Party - DoorDash,574.46,
07/19/2026,6065,3rd Party - GrubHub,45.85,
07/19/2026,6065,3rd Party - UberEats,311.63,
07/19/2026,6065,Cash Over/Short Adjustment,0.6,
07/19/2026,6065,Register Audit Adjustment,114,
07/19/2026,6067,Subject to Tax,,3991.73
07/19/2026,6067,Non-Taxable Sales,,13
07/19/2026,6067,3rd Party Tax Exempt,,78.75
07/19/2026,6067,Sales Tax,,451.11
07/19/2026,6067,In-Store Credit Card,2479.11,
07/19/2026,6067,Online Credit card,1226.68,
07/19/2026,6067,Online Credit Card Tips,,32
07/19/2026,6067,In-Store Credit Card Tips,,149.5
07/19/2026,6067,3rd Party - DoorDash,572.29,
07/19/2026,6067,3rd Party - GrubHub,27.7,
07/19/2026,6067,3rd Party - UberEats,78.75,
07/19/2026,6067,Cash Over/Short Adjustment,0.56,
07/19/2026,6067,Register Audit Adjustment,331,
07/19/2026,6072,Subject to Tax,,4025.37
07/19/2026,6072,Non-Taxable Sales,,10.5
07/19/2026,6072,3rd Party Tax Exempt,,100.71
07/19/2026,6072,Register Audit,355,
07/19/2026,6072,Sales Tax,,475
07/19/2026,6072,In-Store Credit Card,2353.6,
07/19/2026,6072,Online Credit card,1367.7,
07/19/2026,6072,Online Gift Card,20,
07/19/2026,6072,Online Credit Card Tips,,32
07/19/2026,6072,In-Store Credit Card Tips,,132.48
07/19/2026,6072,Gift Card,25.55,
07/19/2026,6072,3rd Party - DoorDash,499.1,
07/19/2026,6072,3rd Party - GrubHub,55.34,
07/19/2026,6072,3rd Party - UberEats,100.71,
07/19/2026,6072,Cash Over/Short Adjustment,,0.94
07/19/2026,6074,Subject to Tax,,3311.14
07/19/2026,6074,Non-Taxable Sales,,5
07/19/2026,6074,3rd Party Tax Exempt,,186.45
07/19/2026,6074,Register Audit,179,
07/19/2026,6074,Sales Tax,,298
07/19/2026,6074,In-Store Credit Card,2335.37,
07/19/2026,6074,Online Credit card,1199.57,
07/19/2026,6074,Online Credit Card Tips,,31
07/19/2026,6074,In-Store Credit Card Tips,,139.28
07/19/2026,6074,Gift Card,56.82,
07/19/2026,6074,3rd Party - GrubHub,13.67,
07/19/2026,6074,3rd Party - UberEats,186.45,
07/19/2026,6074,Cash Over/Short Adjustment,,0.01
07/19/2026,6076,Subject to Tax,,3090.49
07/19/2026,6076,Non-Taxable Sales,,20
07/19/2026,6076,3rd Party Tax Exempt,,258.35
07/19/2026,6076,Sales Tax,,278.14
07/19/2026,6076,In-Store Credit Card,1802.66,
07/19/2026,6076,Payout,10,
07/19/2026,6076,Online Credit card,1125.91,
07/19/2026,6076,Online Credit Card Tips,,31.1
07/19/2026,6076,In-Store Credit Card Tips,,113.51
07/19/2026,6076,Gift Card,11.39,
07/19/2026,6076,3rd Party - DoorDash,286.88,
07/19/2026,6076,3rd Party - UberEats,258.35,
07/19/2026,6076,Cash Over/Short Adjustment,0.4,
07/19/2026,6076,Register Audit Adjustment,296,
07/19/2026,6083,Subject to Tax,,2855.76
07/19/2026,6083,Non-Taxable Sales,,20
07/19/2026,6083,3rd Party Tax Exempt,,171.41
07/19/2026,6083,Register Audit,153,
07/19/2026,6083,Sales Tax,,257.03
07/19/2026,6083,In-Store Credit Card,1444.35,
07/19/2026,6083,Online Credit card,1219.39,
07/19/2026,6083,Online Gift Card,10,
07/19/2026,6083,Online Credit Card Tips,,45
07/19/2026,6083,In-Store Credit Card Tips,,103.36
07/19/2026,6083,3rd Party - DoorDash,453.89,
07/19/2026,6083,3rd Party - UberEats,171.41,
07/19/2026,6083,Cash Over/Short Adjustment,0.52,
07/19/2026,6088,Subject to Tax,,3695.78
07/19/2026,6088,Non-Taxable Sales,,20
07/19/2026,6088,3rd Party Tax Exempt,,177.56
07/19/2026,6088,Register Audit,174,
07/19/2026,6088,Sales Tax,,369.73
07/19/2026,6088,In-Store Credit Card,1847.96,
07/19/2026,6088,Online Credit card,1718.54,
07/19/2026,6088,Online Credit Card Tips,,69.47
07/19/2026,6088,In-Store Credit Card Tips,,118.79
07/19/2026,6088,3rd Party - DoorDash,445.44,
07/19/2026,6088,3rd Party - GrubHub,87.68,
07/19/2026,6088,3rd Party - UberEats,177.56,
07/19/2026,6088,Cash Over/Short Adjustment,0.15,
07/19/2026,6093,Subject to Tax,,2786.92
07/19/2026,6093,3rd Party Tax Exempt,,51.12
07/19/2026,6093,Register Audit,309,
07/19/2026,6093,Sales Tax,,314.98
07/19/2026,6093,In-Store Credit Card,2049.67,
07/19/2026,6093,Payout,10.78,
07/19/2026,6093,Online Credit card,650.68,
07/19/2026,6093,Online Credit Card Tips,,19
07/19/2026,6093,In-Store Credit Card Tips,,141.59
07/19/2026,6093,Gift Card,19.59,
07/19/2026,6093,3rd Party - DoorDash,222.84,
07/19/2026,6093,3rd Party - UberEats,51.12,
07/19/2026,6093,Cash Over/Short Adjustment,,0.07
07/19/2026,6094,Subject to Tax,,2544.35
07/19/2026,6094,Non-Taxable Sales,,5
07/19/2026,6094,3rd Party Tax Exempt,,148.38
07/19/2026,6094,Sales Tax,,254.56
07/19/2026,6094,In-Store Credit Card,1898.64,
07/19/2026,6094,Online Credit card,699.55,
07/19/2026,6094,Online Credit Card Tips,,29
07/19/2026,6094,In-Store Credit Card Tips,,124.38
07/19/2026,6094,Gift Card,11.77,
07/19/2026,6094,3rd Party - DoorDash,280.45,
07/19/2026,6094,3rd Party - UberEats,148.38,
07/19/2026,6094,Cash Over/Short Adjustment,0.88,
07/19/2026,6094,Register Audit Adjustment,66,
07/19/2026,6102,Subject to Tax,,3193.44
07/19/2026,6102,Non-Taxable Sales,,38
07/19/2026,6102,Sales Tax,,319.49
07/19/2026,6102,In-Store Credit Card,1975.75,
07/19/2026,6102,Online Credit card,1173.27,
07/19/2026,6102,Online Credit Card Tips,,11
07/19/2026,6102,In-Store Credit Card Tips,,146.63
07/19/2026,6102,3rd Party - DoorDash,210.98,
07/19/2026,6102,3rd Party - UberEats,148.14,
07/19/2026,6102,Cash Over/Short Adjustment,0.42,
07/19/2026,6102,Register Audit Adjustment,200,
07/19/2026,7024,Subject to Tax,,3002.8
07/19/2026,7024,3rd Party Tax Exempt,,1062.87
07/19/2026,7024,Sales Tax,,257.72
07/19/2026,7024,In-Store Credit Card,1725,
07/19/2026,7024,Payout,15.88,
07/19/2026,7024,Online Credit card,1180.49,
07/19/2026,7024,Online Gift Card,27.18,
07/19/2026,7024,Online Credit Card Tips,,51
07/19/2026,7024,In-Store Credit Card Tips,,130.33
07/19/2026,7024,Online Gift Card Tips,,3
07/19/2026,7024,Gift Card,73.74,
07/19/2026,7024,3rd Party - DoorDash,781.87,
07/19/2026,7024,3rd Party - UberEats,281,
07/19/2026,7024,Cash Over/Short Adjustment,0.56,
07/19/2026,7024,Register Audit Adjustment,422,
07/19/2026,7032,Subject to Tax,,3348.7
07/19/2026,7032,3rd Party Tax Exempt,,752.51
07/19/2026,7032,Sales Tax,,288.22
07/19/2026,7032,In-Store Credit Card,2029.32,
07/19/2026,7032,Online Credit card,1252.84,
07/19/2026,7032,Online Credit Card Tips,,31
07/19/2026,7032,In-Store Credit Card Tips,,109.33
07/19/2026,7032,3rd Party - DoorDash,708.59,
07/19/2026,7032,3rd Party - UberEats,43.92,
07/19/2026,7032,Cash Over/Short Adjustment,0.09,
07/19/2026,7032,Register Audit Adjustment,495,
07/19/2026,7039,Subject to Tax,,2358.05
07/19/2026,7039,3rd Party Tax Exempt,,396.59
07/19/2026,7039,Sales Tax,,201.4
07/19/2026,7039,In-Store Credit Card,1453.02,
07/19/2026,7039,Online Credit card,972.84,
07/19/2026,7039,Online Credit Card Tips,,25
07/19/2026,7039,In-Store Credit Card Tips,,102.68
07/19/2026,7039,3rd Party - DoorDash,317.33,
07/19/2026,7039,3rd Party - UberEats,79.26,
07/19/2026,7039,Cash Over/Short Adjustment,0.92,
07/19/2026,7039,Register Audit Adjustment,261,
07/19/2026,7049,Subject to Tax,,3860.75
07/19/2026,7049,3rd Party Tax Exempt,,707.55
07/19/2026,7049,Sales Tax,,328.14
07/19/2026,7049,In-Store Credit Card,1920.95,
07/19/2026,7049,Online Credit card,1970.51,
07/19/2026,7049,Online Gift Card,11.55,
07/19/2026,7049,Online Credit Card Tips,,95.07
07/19/2026,7049,In-Store Credit Card Tips,,138.38
07/19/2026,7049,Gift Card,40.16,
07/19/2026,7049,3rd Party - DoorDash,414.84,
07/19/2026,7049,3rd Party - GrubHub,32.09,
07/19/2026,7049,3rd Party - UberEats,260.62,
07/19/2026,7049,Cash Over/Short Adjustment,0.17,
07/19/2026,7049,Register Audit Adjustment,479,
07/19/2026,7066,Subject to Tax,,2458.6
07/19/2026,7066,3rd Party Tax Exempt,,555.63
07/19/2026,7066,Sales Tax,,213.38
07/19/2026,7066,In-Store Credit Card,1510.89,
07/19/2026,7066,Online Credit card,825.19,
07/19/2026,7066,Online Gift Card,15,
07/19/2026,7066,Online Credit Card Tips,,37
07/19/2026,7066,In-Store Credit Card Tips,,96.87
07/19/2026,7066,Gift Card,33.03,
07/19/2026,7066,3rd Party - DoorDash,530.25,
07/19/2026,7066,3rd Party - UberEats,25.38,
07/19/2026,7066,Cash Over/Short Adjustment,0.74,
07/19/2026,7066,Register Audit Adjustment,421,
07/19/2026,13026,Subject to Tax,,2175.8
07/19/2026,13026,Non-Taxable Sales,,37.84
07/19/2026,13026,3rd Party Tax Exempt,,565.98
07/19/2026,13026,Register Audit,225,
07/19/2026,13026,Sales Tax,,163.27
07/19/2026,13026,In-Store Credit Card,1244.36,
07/19/2026,13026,Online Credit card,940.07,
07/19/2026,13026,Online Credit Card Tips,,19
07/19/2026,13026,In-Store Credit Card Tips,,54.39
07/19/2026,13026,Gift Card,11.5,
07/19/2026,13026,3rd Party - DoorDash,351.01,
07/19/2026,13026,3rd Party - UberEats,245.36,
07/19/2026,13026,Cash Over/Short Adjustment,,0.02
07/19/2026,13026,Register Audit Adjustment,,1
07/19/2026,13062,Subject to Tax,,2997.79
07/19/2026,13062,Non-Taxable Sales,,20.28
07/19/2026,13062,3rd Party Tax Exempt,,751.79
07/19/2026,13062,Sales Tax,,209.86
07/19/2026,13062,In-Store Credit Card,1879.96,
07/19/2026,13062,Payout,9.99,
07/19/2026,13062,Online Credit card,993.93,
07/19/2026,13062,Online Gift Card,10,
07/19/2026,13062,Online Credit Card Tips,,17
07/19/2026,13062,In-Store Credit Card Tips,,93.43
07/19/2026,13062,3rd Party - DoorDash,469.13,
07/19/2026,13062,3rd Party - GrubHub,73.51,
07/19/2026,13062,3rd Party - UberEats,296.46,
07/19/2026,13062,Cash Over/Short Adjustment,0.17,
07/19/2026,13062,Register Audit Adjustment,357,
07/19/2026,13082,Subject to Tax,,1647.78
07/19/2026,13082,3rd Party Tax Exempt,,148.84
07/19/2026,13082,Register Audit,322,
07/19/2026,13082,Sales Tax,,115.33
07/19/2026,13082,In-Store Credit Card,1046.37,
07/19/2026,13082,Online Credit card,388.24,
07/19/2026,13082,Online Credit Card Tips,,9.46
07/19/2026,13082,In-Store Credit Card Tips,,70.36
07/19/2026,13082,Gift Card,33.97,
07/19/2026,13082,3rd Party - DoorDash,148.84,
07/19/2026,13082,3rd Party - GrubHub,53.03,
07/19/2026,13082,Cash Over/Short Adjustment,,0.68
07/19/2026,13106,Subject to Tax,,2180.61
07/19/2026,13106,Non-Taxable Sales,,26.98
07/19/2026,13106,3rd Party Tax Exempt,,773.3
07/19/2026,13106,Sales Tax,,163.63
07/19/2026,13106,In-Store Credit Card,1388.62,
07/19/2026,13106,Online Credit card,914.09,
07/19/2026,13106,Online Credit Card Tips,,22
07/19/2026,13106,In-Store Credit Card Tips,,86.38
07/19/2026,13106,3rd Party - DoorDash,482.47,
07/19/2026,13106,3rd Party - UberEats,304.27,
07/19/2026,13106,Cash Over/Short Adjustment,0.45,
07/19/2026,13106,Register Audit Adjustment,163,
07/19/2026,13116,Subject to Tax,,2323.45
07/19/2026,13116,Non-Taxable Sales,,26.54
07/19/2026,13116,3rd Party Tax Exempt,,1168.24
07/19/2026,13116,Sales Tax,,162.64
07/19/2026,13116,In-Store Credit Card,1543.16,
07/19/2026,13116,Online Credit card,777.24,
07/19/2026,13116,In-Store Credit Card Tips,,69.39
07/19/2026,13116,Gift Card,5,
07/19/2026,13116,Gift Card Sold,,20
07/19/2026,13116,3rd Party - DoorDash,912.85,
07/19/2026,13116,3rd Party - UberEats,280.23,
07/19/2026,13116,Cash Over/Short Adjustment,0.78,
07/19/2026,13116,Register Audit Adjustment,251,
07/19/2026,13138,Subject to Tax,,1936.7
07/19/2026,13138,Non-Taxable Sales,,14.82
07/19/2026,13138,3rd Party Tax Exempt,,233.85
07/19/2026,13138,Register Audit,365,
07/19/2026,13138,Sales Tax,,135.59
07/19/2026,13138,In-Store Credit Card,1229.17,
07/19/2026,13138,Online Credit card,466.94,
07/19/2026,13138,Online Credit Card Tips,,19
07/19/2026,13138,In-Store Credit Card Tips,,85.11
07/19/2026,13138,Gift Card,35.87,
07/19/2026,13138,3rd Party - DoorDash,200.51,
07/19/2026,13138,3rd Party - GrubHub,95.04,
07/19/2026,13138,3rd Party - UberEats,33.34,
07/19/2026,13138,Cash Over/Short Adjustment,,0.8
07/19/2026,13148,Subject to Tax,,3600.34
07/19/2026,13148,Non-Taxable Sales,,24.88
07/19/2026,13148,3rd Party Tax Exempt,,396.42
07/19/2026,13148,Sales Tax,,234.07
07/19/2026,13148,In-Store Credit Card,2246.91,
07/19/2026,13148,Payout,11.7,
07/19/2026,13148,Online Credit card,1590.88,
07/19/2026,13148,Online Gift Card,27.21,
07/19/2026,13148,Online Credit Card Tips,,52
07/19/2026,13148,In-Store Credit Card Tips,,132.31
07/19/2026,13148,3rd Party - DoorDash,331.39,
07/19/2026,13148,3rd Party - GrubHub,38.91,
07/19/2026,13148,3rd Party - UberEats,82.55,
07/19/2026,13148,Cash Over/Short Adjustment,0.47,
07/19/2026,13148,Register Audit Adjustment,110,
07/19/2026,13162,Subject to Tax,,3068.97
07/19/2026,13162,Non-Taxable Sales,,18.36
07/19/2026,13162,3rd Party Tax Exempt,,1125.54
07/19/2026,13162,Sales Tax,,214.81
07/19/2026,13162,In-Store Credit Card,1963.72,
07/19/2026,13162,Online Credit card,1209.6,
07/19/2026,13162,Online Credit Card Tips,,34.79
07/19/2026,13162,In-Store Credit Card Tips,,123.48
07/19/2026,13162,Gift Card,9.41,
07/19/2026,13162,3rd Party - DoorDash,860.94,
07/19/2026,13162,3rd Party - UberEats,277.56,
07/19/2026,13162,Cash Over/Short Adjustment,0.72,
07/19/2026,13162,Register Audit Adjustment,264,
07/19/2026,13219,Subject to Tax,,2391.69
07/19/2026,13219,Non-Taxable Sales,,21.03
07/19/2026,13219,3rd Party Tax Exempt,,528.1
07/19/2026,13219,Sales Tax,,167.39
07/19/2026,13219,In-Store Credit Card,1299.7,
07/19/2026,13219,Payout,10.68,
07/19/2026,13219,Online Credit card,802.74,
07/19/2026,13219,Online Credit Card Tips,,39
07/19/2026,13219,In-Store Credit Card Tips,,89.63
07/19/2026,13219,Gift Card,42.2,
07/19/2026,13219,3rd Party - DoorDash,394.51,
07/19/2026,13219,3rd Party - GrubHub,22.34,
07/19/2026,13219,3rd Party - UberEats,148.23,
07/19/2026,13219,Cash Over/Short Adjustment,0.44,
07/19/2026,13219,Register Audit Adjustment,516,
07/19/2026,37001,Subject to Tax,,5556.21
07/19/2026,37001,Non-Taxable Sales,,702.75
07/19/2026,37001,Sales Tax,,472.4
07/19/2026,37001,In-Store Credit Card,3462.62,
07/19/2026,37001,Online Credit card,2023.03,
07/19/2026,37001,Online Gift Card,25,
07/19/2026,37001,Online Credit Card Tips,,68
07/19/2026,37001,In-Store Credit Card Tips,,245.48
07/19/2026,37001,Gift Card,35.29,
07/19/2026,37001,3rd Party - DoorDash,678.1,
07/19/2026,37001,3rd Party - UberEats,82.94,
07/19/2026,37001,Cash Over/Short Adjustment,0.86,
07/19/2026,37001,Register Audit Adjustment,737,
07/19/2026,37002,Subject to Tax,,4935.96
07/19/2026,37002,Non-Taxable Sales,,521.62
07/19/2026,37002,Sales Tax,,419.67
07/19/2026,37002,In-Store Credit Card,2211.36,
07/19/2026,37002,Online Credit card,2080.87,
07/19/2026,37002,Online Gift Card,14.46,
07/19/2026,37002,Online Credit Card Tips,,55.51
07/19/2026,37002,In-Store Credit Card Tips,,115.57
07/19/2026,37002,Gift Card,32.9,
07/19/2026,37002,3rd Party - DoorDash,890.96,
07/19/2026,37002,3rd Party - GrubHub,18.41,
07/19/2026,37002,3rd Party - UberEats,152.16,
07/19/2026,37002,Cash Over/Short Adjustment,0.21,
07/19/2026,37002,Register Audit Adjustment,647,
07/19/2026,37004,Subject to Tax,,3028.45
07/19/2026,37004,Non-Taxable Sales,,280.5
07/19/2026,37004,Register Audit,277,
07/19/2026,37004,Sales Tax,,257.47
07/19/2026,37004,In-Store Credit Card,2187.87,
07/19/2026,37004,Online Credit card,1000.35,
07/19/2026,37004,Online Credit Card Tips,,54.4
07/19/2026,37004,In-Store Credit Card Tips,,134.66
07/19/2026,37004,Gift Card,6.61,
07/19/2026,37004,3rd Party - DoorDash,283.25,
07/19/2026,37004,Cash Over/Short Adjustment,0.4,
07/19/2026,37006,Subject to Tax,,3990.03
07/19/2026,37006,Non-Taxable Sales,,533.63
07/19/2026,37006,Register Audit,591.24,
07/19/2026,37006,Sales Tax,,339.26
07/19/2026,37006,In-Store Credit Card,2139.96,
07/19/2026,37006,Online Credit card,1594.24,
07/19/2026,37006,Online Gift Card,45.57,
07/19/2026,37006,Online Credit Card Tips,,43.13
07/19/2026,37006,In-Store Credit Card Tips,,136.99
07/19/2026,37006,Gift Card,64.23,
07/19/2026,37006,3rd Party - DoorDash,486.42,
07/19/2026,37006,3rd Party - GrubHub,87.63,
07/19/2026,37006,3rd Party - UberEats,33.53,
07/19/2026,37006,Cash Over/Short Adjustment,0.22,
07/19/2026,37007,Subject to Tax,,5603.21
07/19/2026,37007,Non-Taxable Sales,,658.23
07/19/2026,37007,Sales Tax,,476.33
07/19/2026,37007,In-Store Credit Card,2648.44,
07/19/2026,37007,Online Credit card,2228.87,
07/19/2026,37007,Online Credit Card Tips,,99
07/19/2026,37007,In-Store Credit Card Tips,,134.93
07/19/2026,37007,Gift Card,9.12,
07/19/2026,37007,3rd Party - DoorDash,1436.61,
07/19/2026,37007,3rd Party - GrubHub,27.85,
07/19/2026,37007,3rd Party - UberEats,263.32,
07/19/2026,37007,Cash Over/Short Adjustment,0.49,
07/19/2026,37007,Register Audit Adjustment,357,
07/19/2026,37009,Subject to Tax,,3805.27
07/19/2026,37009,Non-Taxable Sales,,357.3
07/19/2026,37009,Sales Tax,,323.51
07/19/2026,37009,In-Store Credit Card,2037.07,
07/19/2026,37009,Payout,32.45,
07/19/2026,37009,Online Credit card,1547.67,
07/19/2026,37009,Online Gift Card,11.61,
07/19/2026,37009,Online Credit Card Tips,,71.23
07/19/2026,37009,In-Store Credit Card Tips,,116.12
07/19/2026,37009,3rd Party - DoorDash,736.43,
07/19/2026,37009,3rd Party - UberEats,13.93,
07/19/2026,37009,Cash Over/Short Adjustment,0.27,
07/19/2026,37009,Register Audit Adjustment,294,
07/19/2026,37010,Subject to Tax,,6233.14
07/19/2026,37010,Non-Taxable Sales,,752.77
07/19/2026,37010,Register Audit,685.28,
07/19/2026,37010,Sales Tax,,529.89
07/19/2026,37010,In-Store Credit Card,3843.11,
07/19/2026,37010,Payout,65.94,
07/19/2026,37010,Online Credit card,2850.39,
07/19/2026,37010,Online Credit Card Tips,,81
07/19/2026,37010,In-Store Credit Card Tips,,274.85
07/19/2026,37010,Gift Card,27.83,
07/19/2026,37010,Gift Card Sold,,40
07/19/2026,37010,3rd Party - DoorDash,406.16,
07/19/2026,37010,3rd Party - UberEats,32.94,
07/19/2026,37010,Cash Over/Short Adjustment,0.9,
07/19/2026,37010,Register Audit Adjustment,4,
07/19/2026,37013,Subject to Tax,,3331.94
07/19/2026,37013,Non-Taxable Sales,,373.4
07/19/2026,37013,Register Audit,490,
07/19/2026,37013,Sales Tax,,283.81
07/19/2026,37013,In-Store Credit Card,2303.95,
07/19/2026,37013,Online Credit card,1263.28,
07/19/2026,37013,Online Gift Card,20.08,
07/19/2026,37013,Online Credit Card Tips,,62.91
07/19/2026,37013,In-Store Credit Card Tips,,155.89
07/19/2026,37013,3rd Party - DoorDash,132.35,
07/19/2026,37013,Cash Over/Short Adjustment,,0.71
07/19/2026,37013,Register Audit Adjustment,,1
07/19/2026,37014,Subject to Tax,,3862.51
07/19/2026,37014,Non-Taxable Sales,,456.36
07/19/2026,37014,Register Audit,3.29,
07/19/2026,37014,Sales Tax,,328.37
07/19/2026,37014,In-Store Credit Card,2050.67,
07/19/2026,37014,Payout,38,
07/19/2026,37014,Online Credit card,1814.32,
07/19/2026,37014,Online Credit Card Tips,,76
07/19/2026,37014,In-Store Credit Card Tips,,150.65
07/19/2026,37014,Gift Card,20,
07/19/2026,37014,3rd Party - DoorDash,577.5,
07/19/2026,37014,3rd Party - UberEats,23.7,
07/19/2026,37014,Cash Over/Short Adjustment,0.41,
07/19/2026,37014,Register Audit Adjustment,346,
07/19/2026,37016,Subject to Tax,,2794.59
07/19/2026,37016,Non-Taxable Sales,,258.43
07/19/2026,37016,Sales Tax,,237.62
07/19/2026,37016,In-Store Credit Card,1825.38,
07/19/2026,37016,Payout,45.96,
07/19/2026,37016,Online Credit card,841.03,
07/19/2026,37016,Online Gift Card,18.88,
07/19/2026,37016,Online Credit Card Tips,,39
07/19/2026,37016,In-Store Credit Card Tips,,134.7
07/19/2026,37016,Gift Card,25,
07/19/2026,37016,3rd Party - DoorDash,296.94,
07/19/2026,37016,Cash Over/Short Adjustment,0.15,
07/19/2026,37016,Register Audit Adjustment,411,
07/19/2026,37020,Subject to Tax,,5059.57
07/19/2026,37020,Non-Taxable Sales,,446.48
07/19/2026,37020,Register Audit,411.97,
07/19/2026,37020,Sales Tax,,430.17
07/19/2026,37020,In-Store Credit Card,3693.79,
07/19/2026,37020,Online Credit card,1787.7,
07/19/2026,37020,Online Credit Card Tips,,49
07/19/2026,37020,In-Store Credit Card Tips,,180.45
07/19/2026,37020,3rd Party - DoorDash,246.26,
07/19/2026,37020,3rd Party - UberEats,27.35,
07/19/2026,37020,Cash Over/Short Adjustment,,0.4
07/19/2026,37020,Register Audit Adjustment,,1
07/19/2026,49001,Subject to Tax,,3982.45
07/19/2026,49001,3rd Party Tax Exempt,,682.85
07/19/2026,49001,Sales Tax,,318.57
07/19/2026,49001,In-Store Credit Card,2337.41,
07/19/2026,49001,Payout,9.48,
07/19/2026,49001,Online Credit card,1921.84,
07/19/2026,49001,Online Credit Card Tips,,63
07/19/2026,49001,In-Store Credit Card Tips,,133.01
07/19/2026,49001,Gift Card,29.7,
07/19/2026,49001,3rd Party - DoorDash,590.09,
07/19/2026,49001,3rd Party - UberEats,92.76,
07/19/2026,49001,Cash Over/Short Adjustment,0.6,
07/19/2026,49001,Register Audit Adjustment,198,
07/19/2026,49002,Subject to Tax,,4030.1
07/19/2026,49002,3rd Party Tax Exempt,,241.23
07/19/2026,49002,Sales Tax,,321.96
07/19/2026,49002,In-Store Credit Card,2266.32,
07/19/2026,49002,Online Credit card,1760.48,
07/19/2026,49002,Online Gift Card,37.25,
07/19/2026,49002,Online Credit Card Tips,,93
07/19/2026,49002,In-Store Credit Card Tips,,159.44
07/19/2026,49002,Gift Card,10.69,
07/19/2026,49002,3rd Party - DoorDash,241.23,
07/19/2026,49002,Cash Over/Short Adjustment,0.76,
07/19/2026,49002,Register Audit Adjustment,529,
07/19/2026,49003,Subject to Tax,,3535.05
07/19/2026,49003,3rd Party Tax Exempt,,134.76
07/19/2026,49003,Sales Tax,,282.91
07/19/2026,49003,In-Store Credit Card,2455.62,
07/19/2026,49003,Online Credit card,971.55,
07/19/2026,49003,Online Credit Card Tips,,25
07/19/2026,49003,In-Store Credit Card Tips,,169.29
07/19/2026,49003,Gift Card Sold,,20
07/19/2026,49003,3rd Party - DoorDash,134.76,
07/19/2026,49003,Cash Over/Short Adjustment,0.08,
07/19/2026,49003,Register Audit Adjustment,605,
07/19/2026,49004,Subject to Tax,,5025.2
07/19/2026,49004,3rd Party Tax Exempt,,946.69
07/19/2026,49004,Register Audit,492,
07/19/2026,49004,Sales Tax,,401.87
07/19/2026,49004,In-Store Credit Card,3121.56,
07/19/2026,49004,Online Credit card,2007.28,
07/19/2026,49004,Online Gift Card,64.23,
07/19/2026,49004,Online Credit Card Tips,,57
07/19/2026,49004,In-Store Credit Card Tips,,198.15
07/19/2026,49004,Online Gift Card Tips,,3
07/19/2026,49004,3rd Party - DoorDash,907.21,
07/19/2026,49004,3rd Party - UberEats,39.48,
07/19/2026,49004,Cash Over/Short Adjustment,0.15,
07/19/2026,49005,Subject to Tax,,4185.2
07/19/2026,49005,3rd Party Tax Exempt,,453.8
07/19/2026,49005,Sales Tax,,334.7
07/19/2026,49005,In-Store Credit Card,2654.98,
07/19/2026,49005,Online Credit card,1644.11,
07/19/2026,49005,Online Gift Card,19.64,
07/19/2026,49005,Online Credit Card Tips,,57
07/19/2026,49005,In-Store Credit Card Tips,,207.61
07/19/2026,49005,Gift Card,3.31,
07/19/2026,49005,3rd Party - DoorDash,433.66,
07/19/2026,49005,3rd Party - UberEats,20.14,
07/19/2026,49005,Cash Over/Short Adjustment,0.47,
07/19/2026,49005,Register Audit Adjustment,462,
07/19/2026,49006,Subject to Tax,,6687.05
07/19/2026,49006,3rd Party Tax Exempt,,879.54
07/19/2026,49006,Sales Tax,,533.84
07/19/2026,49006,In-Store Credit Card,3800.91,
07/19/2026,49006,Payout,15.45,
07/19/2026,49006,Online Credit card,2805.03,
07/19/2026,49006,Online Gift Card,9.77,
07/19/2026,49006,Online Credit Card Tips,,80
07/19/2026,49006,In-Store Credit Card Tips,,216.6
07/19/2026,49006,Gift Card,68.96,
07/19/2026,49006,3rd Party - DoorDash,676.21,
07/19/2026,49006,3rd Party - UberEats,203.33,
07/19/2026,49006,Cash Over/Short Adjustment,0.37,
07/19/2026,49006,Register Audit Adjustment,817,
07/19/2026,49007,Subject to Tax,,2509.1
07/19/2026,49007,3rd Party Tax Exempt,,926.67
07/19/2026,49007,Register Audit,216.43,
07/19/2026,49007,Sales Tax,,200.4
07/19/2026,49007,In-Store Credit Card,1493.45,
07/19/2026,49007,Online Credit card,1096.31,
07/19/2026,49007,Online Gift Card,19.39,
07/19/2026,49007,Online Credit Card Tips,,37
07/19/2026,49007,In-Store Credit Card Tips,,94.08
07/19/2026,49007,Gift Card,15,
07/19/2026,49007,3rd Party - DoorDash,715.34,
07/19/2026,49007,3rd Party - GrubHub,29.39,
07/19/2026,49007,3rd Party - UberEats,181.94,
07/19/2026,49008,Subject to Tax,,3198.85
07/19/2026,49008,3rd Party Tax Exempt,,669.85
07/19/2026,49008,Sales Tax,,255.7
07/19/2026,49008,In-Store Credit Card,1978.06,
07/19/2026,49008,Online Credit card,1104.01,
07/19/2026,49008,Online Gift Card,43.36,
07/19/2026,49008,Online Credit Card Tips,,16
07/19/2026,49008,In-Store Credit Card Tips,,113.74
07/19/2026,49008,Gift Card,33.64,
07/19/2026,49008,3rd Party - DoorDash,669.85,
07/19/2026,49008,Cash Over/Short Adjustment,0.22,
07/19/2026,49008,Register Audit Adjustment,425,
07/19/2026,49009,Subject to Tax,,4809.65
07/19/2026,49009,3rd Party Tax Exempt,,659.03
07/19/2026,49009,Register Audit,603,
07/19/2026,49009,Sales Tax,,384.71
07/19/2026,49009,In-Store Credit Card,3008.59,
07/19/2026,49009,Online Credit card,1817.6,
07/19/2026,49009,Online Credit Card Tips,,47
07/19/2026,49009,In-Store Credit Card Tips,,188.68
07/19/2026,49009,3rd Party - DoorDash,637.25,
07/19/2026,49009,3rd Party - UberEats,21.78,
07/19/2026,49009,Cash Over/Short Adjustment,0.85,
07/19/2026,49010,Subject to Tax,,3692.2
07/19/2026,49010,3rd Party Tax Exempt,,286.54
07/19/2026,49010,Sales Tax,,295.17
07/19/2026,49010,In-Store Credit Card,1655.96,
07/19/2026,49010,Online Credit card,2406.61,
07/19/2026,49010,Online Credit Card Tips,,92
07/19/2026,49010,In-Store Credit Card Tips,,129.22
07/19/2026,49010,3rd Party - DoorDash,262.78,
07/19/2026,49010,3rd Party - UberEats,23.76,
07/19/2026,49010,Cash Over/Short Adjustment,0.02,
07/19/2026,49010,Register Audit Adjustment,146,
07/19/2026,49011,Subject to Tax,,3897.35
07/19/2026,49011,3rd Party Tax Exempt,,397.84
07/19/2026,49011,Register Audit,530,
07/19/2026,49011,Sales Tax,,311.54
07/19/2026,49011,In-Store Credit Card,2076.33,
07/19/2026,49011,Payout,20,
07/19/2026,49011,Online Credit card,1675.29,
07/19/2026,49011,Online Gift Card,79,
07/19/2026,49011,Online Credit Card Tips,,51.86
07/19/2026,49011,In-Store Credit Card Tips,,121.37
07/19/2026,49011,Online Gift Card Tips,,3
07/19/2026,49011,Gift Card,21.56,
07/19/2026,49011,Gift Card Sold,,25
07/19/2026,49011,3rd Party - DoorDash,354.16,
07/19/2026,49011,3rd Party - UberEats,43.68,
07/19/2026,49011,Cash Over/Short Adjustment,0.94,
07/19/2026,49011,Register Audit Adjustment,7,
07/13/2026,4005,Subject to Tax,,4514.23
07/13/2026,4005,Register Audit,274,
07/13/2026,4005,Sales Tax,,440.12
07/13/2026,4005,In-Store Credit Card,3075.34,
07/13/2026,4005,Online Credit card,1051.64,
07/13/2026,4005,Online Gift Card,13,
07/13/2026,4005,In-Store Credit Card Tips,,209.08
07/13/2026,4005,Gift Card,20,
07/13/2026,4005,3rd Party - DoorDash,553.63,
07/13/2026,4005,3rd Party - UberEats,175.34,
07/13/2026,4005,Cash Over/Short Adjustment,0.48,
07/13/2026,5059,Subject to Tax,,2228.6
07/13/2026,5059,Non-Taxable Sales,,23.5
07/13/2026,5059,3rd Party Tax Exempt,,598.58
07/13/2026,5059,Sales Tax,,153.85
07/13/2026,5059,In-Store Credit Card,1736.64,
07/13/2026,5059,Payout,14.26,
07/13/2026,5059,Online Credit card,595.82,
07/13/2026,5059,Online Credit Card Tips,,5
07/13/2026,5059,In-Store Credit Card Tips,,86.38
07/13/2026,5059,3rd Party - DoorDash,394.98,
07/13/2026,5059,3rd Party - UberEats,203.6,
07/13/2026,5059,Cash Over/Short Adjustment,0.61,
07/13/2026,5059,Register Audit Adjustment,150,
07/13/2026,37014,Subject to Tax,,3548.79
07/13/2026,37014,Non-Taxable Sales,,467.21
07/13/2026,37014,Register Audit,448,
07/13/2026,37014,Sales Tax,,301.69
07/13/2026,37014,In-Store Credit Card,1665.86,
07/13/2026,37014,Online Credit card,1709.56,
07/13/2026,37014,Online Credit Card Tips,,42.18
07/13/2026,37014,In-Store Credit Card Tips,,91.63
07/13/2026,37014,Gift Card,75.24,
07/13/2026,37014,Gift Card Sold,,50
07/13/2026,37014,3rd Party - DoorDash,567.7,
07/13/2026,37014,3rd Party - UberEats,33.97,
07/13/2026,37014,Cash Over/Short Adjustment,,0.77
07/13/2026,37014,Register Audit Adjustment,,14
07/13/2026,49001,Subject to Tax,,4545.85
07/13/2026,49001,3rd Party Tax Exempt,,321.89
07/13/2026,49001,Sales Tax,,363.57
07/13/2026,49001,In-Store Credit Card,2573.63,
07/13/2026,49001,Payout,15.79,
07/13/2026,49001,Online Credit card,2237.87,
07/13/2026,49001,Online Gift Card,17.78,
07/13/2026,49001,Online Credit Card Tips,,58
07/13/2026,49001,In-Store Credit Card Tips,,178.99
07/13/2026,49001,Gift Card,41.7,
07/13/2026,49001,3rd Party - DoorDash,285.96,
07/13/2026,49001,3rd Party - UberEats,35.93,
07/13/2026,49001,Cash Over/Short Adjustment,0.64,
07/13/2026,49001,Register Audit Adjustment,259,
07/14/2026,5062,Subject to Tax,,2290.45
07/14/2026,5062,Non-Taxable Sales,,16
07/14/2026,5062,3rd Party Tax Exempt,,327.45
07/14/2026,5062,Sales Tax,,159.18
07/14/2026,5062,In-Store Credit Card,1867.69,
07/14/2026,5062,Online Credit card,534.27,
07/14/2026,5062,Online Credit Card Tips,,10
07/14/2026,5062,In-Store Credit Card Tips,,134.31
07/14/2026,5062,Gift Card,15,
07/14/2026,5062,3rd Party - DoorDash,195.39,
07/14/2026,5062,3rd Party - UberEats,132.06,
07/14/2026,5062,Cash Over/Short Adjustment,0.98,
07/14/2026,5062,Register Audit Adjustment,192,
07/14/2026,37006,Subject to Tax,,5018.27
07/14/2026,37006,Non-Taxable Sales,,455.79
07/14/2026,37006,Register Audit,410,
07/14/2026,37006,Sales Tax,,426.63
07/14/2026,37006,In-Store Credit Card,2342.53,
07/14/2026,37006,Payout,98.39,
07/14/2026,37006,Online Credit card,2562.51,
07/14/2026,37006,Online Gift Card,27.23,
07/14/2026,37006,Online Credit Card Tips,,70.77
07/14/2026,37006,In-Store Credit Card Tips,,160.28
07/14/2026,37006,Gift Card,19.75,
07/14/2026,37006,3rd Party - DoorDash,649.29,
07/14/2026,37006,3rd Party - GrubHub,25.78,
07/14/2026,37006,Cash Over/Short Adjustment,,0.74
07/14/2026,37006,Register Audit Adjustment,,3
07/14/2026,49001,Subject to Tax,,4509.15
07/14/2026,49001,3rd Party Tax Exempt,,654.28
07/14/2026,49001,Sales Tax,,360.74
07/14/2026,49001,In-Store Credit Card,2644.89,
07/14/2026,49001,Online Credit card,1970.79,
07/14/2026,49001,Online Gift Card,105.12,
07/14/2026,49001,Online Credit Card Tips,,66
07/14/2026,49001,In-Store Credit Card Tips,,151.62
07/14/2026,49001,Online Gift Card Tips,,3
07/14/2026,49001,Gift Card,30.35,
07/14/2026,49001,3rd Party - DoorDash,461.27,
07/14/2026,49001,3rd Party - UberEats,193.01,
07/14/2026,49001,Cash Over/Short Adjustment,0.36,
07/14/2026,49001,Register Audit Adjustment,339,
07/15/2026,2024,Subject to Tax,,207.8
07/15/2026,2024,Non-Taxable Sales,,3167
07/15/2026,2024,3rd Party Tax Exempt,,13.96
07/15/2026,2024,Register Audit,156,
07/15/2026,2024,Sales Tax,,16.29
07/15/2026,2024,In-Store Credit Card,1894.8,
07/15/2026,2024,Online Credit card,1114.68,
07/15/2026,2024,Online Credit Card Tips,,34
07/15/2026,2024,In-Store Credit Card Tips,,127.73
07/15/2026,2024,Gift Card,62.2,
07/15/2026,2024,3rd Party - DoorDash,288.2,
07/15/2026,2024,3rd Party - UberEats,51.36,
07/15/2026,2024,Cash Over/Short Adjustment,,0.46
07/15/2026,13160,Subject to Tax,,3091.45
07/15/2026,13160,Non-Taxable Sales,,7.44
07/15/2026,13160,3rd Party Tax Exempt,,339.35
07/15/2026,13160,Register Audit,689,
07/15/2026,13160,Sales Tax,,216.4
07/15/2026,13160,In-Store Credit Card,1856.65,
07/15/2026,13160,Online Credit card,801.2,
07/15/2026,13160,Online Gift Card,42.74,
07/15/2026,13160,Online Credit Card Tips,,31.41
07/15/2026,13160,In-Store Credit Card Tips,,122.14
07/15/2026,13160,Online Gift Card Tips,,3
07/15/2026,13160,Gift Card,79.81,
07/15/2026,13160,3rd Party - DoorDash,165.5,
07/15/2026,13160,3rd Party - UberEats,175.89,
07/15/2026,13160,Cash Over/Short Adjustment,0.4,
07/15/2026,37007,Subject to Tax,,6097.94
07/15/2026,37007,Non-Taxable Sales,,694.69
07/15/2026,37007,Sales Tax,,518.46
07/15/2026,37007,In-Store Credit Card,2686.02,
07/15/2026,37007,Online Credit card,2188.87,
07/15/2026,37007,Online Gift Card,11.82,
07/15/2026,37007,Online Credit Card Tips,,65.29
07/15/2026,37007,In-Store Credit Card Tips,,136.92
07/15/2026,37007,Online Gift Card Tips,,2
07/15/2026,37007,Gift Card,59.19,
07/15/2026,37007,3rd Party - DoorDash,1617.12,
07/15/2026,37007,3rd Party - GrubHub,50.51,
07/15/2026,37007,3rd Party - UberEats,248.81,
07/15/2026,37007,Cash Over/Short Adjustment,0.96,
07/15/2026,37007,Register Audit Adjustment,652,
07/15/2026,37010,Subject to Tax,,5853.85
07/15/2026,37010,Non-Taxable Sales,,683.58
07/15/2026,37010,Register Audit,845,
07/15/2026,37010,Sales Tax,,497.72
07/15/2026,37010,In-Store Credit Card,3109.8,
07/15/2026,37010,Online Credit card,2321.55,
07/15/2026,37010,Online Gift Card,13.44,
07/15/2026,37010,Online Credit Card Tips,,93.55
07/15/2026,37010,In-Store Credit Card Tips,,204.91
07/15/2026,37010,Gift Card,30,
07/15/2026,37010,3rd Party - DoorDash,951.49,
07/15/2026,37010,3rd Party - GrubHub,45.96,
07/15/2026,37010,3rd Party - UberEats,15.88,
07/15/2026,37010,Cash Over/Short Adjustment,0.49,
07/16/2026,4027,Subject to Tax,,4874.68
07/16/2026,4027,Register Audit,287,
07/16/2026,4027,Sales Tax,,475.08
07/16/2026,4027,In-Store Credit Card,2444.67,
07/16/2026,4027,Online Credit card,1638.95,
07/16/2026,4027,In-Store Credit Card Tips,,122.23
07/16/2026,4027,Gift Card,21.74,
07/16/2026,4027,3rd Party - DoorDash,477.6,
07/16/2026,4027,3rd Party - GrubHub,17.45,
07/16/2026,4027,3rd Party - UberEats,583.98,
07/16/2026,4027,Cash Over/Short Adjustment,0.6,
07/16/2026,49006,Subject to Tax,,6379.1
07/16/2026,49006,3rd Party Tax Exempt,,1233.63
07/16/2026,49006,Sales Tax,,510.13
07/16/2026,49006,In-Store Credit Card,3181.58,
07/16/2026,49006,Payout,10.53,
07/16/2026,49006,Online Credit card,2932.38,
07/16/2026,49006,Online Gift Card,151.38,
07/16/2026,49006,Online Credit Card Tips,,67
07/16/2026,49006,In-Store Credit Card Tips,,195.69
07/16/2026,49006,Online Gift Card Tips,,14
07/16/2026,49006,Gift Card,63.03,
07/16/2026,49006,3rd Party - DoorDash,1058.04,
07/16/2026,49006,3rd Party - UberEats,175.59,
07/16/2026,49006,Cash Over/Short Adjustment,0.02,
07/16/2026,49006,Register Audit Adjustment,827,
07/17/2026,6074,Subject to Tax,,3434.85
07/17/2026,6074,Non-Taxable Sales,,20
07/17/2026,6074,3rd Party Tax Exempt,,181.96
07/17/2026,6074,Sales Tax,,309.15
07/17/2026,6074,In-Store Credit Card,2529.91,
07/17/2026,6074,Online Credit card,1042.68,
07/17/2026,6074,Online Credit Card Tips,,31
07/17/2026,6074,In-Store Credit Card Tips,,141.16
07/17/2026,6074,Gift Card,28.55,
07/17/2026,6074,3rd Party - GrubHub,31.39,
07/17/2026,6074,3rd Party - UberEats,181.96,
07/17/2026,6074,Cash Over/Short Adjustment,0.63,
07/17/2026,6074,Register Audit Adjustment,303,
07/18/2026,13082,Subject to Tax,,2349.14
07/18/2026,13082,Non-Taxable Sales,,18.78
07/18/2026,13082,3rd Party Tax Exempt,,434.27
07/18/2026,13082,Register Audit,316,
07/18/2026,13082,Sales Tax,,164.45
07/18/2026,13082,In-Store Credit Card,1677.19,
07/18/2026,13082,Online Credit card,634.17,
07/18/2026,13082,Online Credit Card Tips,,29
07/18/2026,13082,In-Store Credit Card Tips,,117.98
07/18/2026,13082,Gift Card,63.88,
07/18/2026,13082,Gift Card Sold,,20
07/18/2026,13082,3rd Party - DoorDash,369.72,
07/18/2026,13082,3rd Party - UberEats,73.07,
07/18/2026,13082,Cash Over/Short Adjustment,,0.41
07/18/2026,13160,Subject to Tax,,2973.45
07/18/2026,13160,Non-Taxable Sales,,16.8
07/18/2026,13160,3rd Party Tax Exempt,,356.74
07/18/2026,13160,Register Audit,623,
07/18/2026,13160,Sales Tax,,208.14
07/18/2026,13160,In-Store Credit Card,1874.83,
07/18/2026,13160,Online Credit card,776.62,
07/18/2026,13160,Online Gift Card,20.17,
07/18/2026,13160,Online Credit Card Tips,,26
07/18/2026,13160,In-Store Credit Card Tips,,117.31
07/18/2026,13160,Gift Card,35.59,
07/18/2026,13160,3rd Party - DoorDash,275.08,
07/18/2026,13160,3rd Party - UberEats,93.06,
07/18/2026,13160,Cash Over/Short Adjustment,0.09,
07/18/2026,49010,Subject to Tax,,2940.55
07/18/2026,49010,3rd Party Tax Exempt,,418.19
07/18/2026,49010,Sales Tax,,235.35
07/18/2026,49010,In-Store Credit Card,1568,
07/18/2026,49010,Online Credit card,1578.7,
07/18/2026,49010,Online Credit Card Tips,,51
07/18/2026,49010,In-Store Credit Card Tips,,104.6
07/18/2026,49010,Gift Card,14.2,
07/18/2026,49010,Gift Card Sold,,25
07/18/2026,49010,3rd Party - DoorDash,352.1,
07/18/2026,49010,3rd Party - UberEats,66.09,
07/18/2026,49010,Cash Over/Short Adjustment,0.6,
07/18/2026,49010,Register Audit Adjustment,195,
07/19/2026,13160,Subject to Tax,,2814.32
07/19/2026,13160,Non-Taxable Sales,,10.38
07/19/2026,13160,3rd Party Tax Exempt,,305.25
07/19/2026,13160,Register Audit,433,
07/19/2026,13160,Sales Tax,,197.01
07/19/2026,13160,In-Store Credit Card,1875.3,
07/19/2026,13160,Online Credit card,820.82,
07/19/2026,13160,Online Credit Card Tips,,39
07/19/2026,13160,In-Store Credit Card Tips,,116.09
07/19/2026,13160,Gift Card,47.36,
07/19/2026,13160,3rd Party - DoorDash,192.15,
07/19/2026,13160,3rd Party - UberEats,113.1,
07/19/2026,13160,Cash Over/Short Adjustment,0.32,
