Date,Class,Transaction Category,Debit,Credit
07/27/2026,2006,Subject to Tax,,130.4
07/27/2026,2006,Non-Taxable Sales,,2722.03
07/27/2026,2006,3rd Party Tax Exempt,,24.9
07/27/2026,2006,Register Audit,228,
07/27/2026,2006,Sales Tax,,9.24
07/27/2026,2006,In-Store Credit Card,1464.07,
07/27/2026,2006,Payout,20,
07/27/2026,2006,Online Credit card,631.66,
07/27/2026,2006,Online Gift Card,26.15,
07/27/2026,2006,Online Credit Card Tips,,24.1
07/27/2026,2006,In-Store Credit Card Tips,,63.14
07/27/2026,2006,Gift Card,53.3,
07/27/2026,2006,3rd Party - DoorDash,484.64,
07/27/2026,2006,3rd Party - UberEats,86.04,
07/27/2026,2006,Cash Over/Short Adjustment,,0.05
07/27/2026,2016,Subject to Tax,,133.6
07/27/2026,2016,Non-Taxable Sales,,2623.62
07/27/2026,2016,3rd Party Tax Exempt,,7.44
07/27/2026,2016,Register Audit,224,
07/27/2026,2016,Sales Tax,,8.74
07/27/2026,2016,In-Store Credit Card,1289.5,
07/27/2026,2016,Online Credit card,912.64,
07/27/2026,2016,Online Gift Card,28.3,
07/27/2026,2016,Online Credit Card Tips,,23.85
07/27/2026,2016,In-Store Credit Card Tips,,74.21
07/27/2026,2016,Gift Card,21.51,
07/27/2026,2016,3rd Party - DoorDash,344,
07/27/2026,2016,3rd Party - UberEats,51.41,
07/27/2026,2016,Cash Over/Short Adjustment,0.1,
07/27/2026,2020,Subject to Tax,,331.99
07/27/2026,2020,Non-Taxable Sales,,3081.48
07/27/2026,2020,3rd Party Tax Exempt,,29.4
07/27/2026,2020,Register Audit,491,
07/27/2026,2020,Sales Tax,,23.34
07/27/2026,2020,In-Store Credit Card,1753.59,
07/27/2026,2020,Online Credit card,858.33,
07/27/2026,2020,Online Credit Card Tips,,9
07/27/2026,2020,In-Store Credit Card Tips,,86.28
07/27/2026,2020,Gift Card,10,
07/27/2026,2020,3rd Party - DoorDash,409.11,
07/27/2026,2020,3rd Party - UberEats,39.71,
07/27/2026,2020,Cash Over/Short Adjustment,,0.25
07/27/2026,2023,Subject to Tax,,174.32
07/27/2026,2023,Non-Taxable Sales,,3329.8
07/27/2026,2023,3rd Party Tax Exempt,,21.96
07/27/2026,2023,Register Audit,235,
07/27/2026,2023,Sales Tax,,12.28
07/27/2026,2023,In-Store Credit Card,1723.05,
07/27/2026,2023,Payout,14.02,
07/27/2026,2023,Online Credit card,799.59,
07/27/2026,2023,Online Credit Card Tips,,27
07/27/2026,2023,In-Store Credit Card Tips,,104.69
07/27/2026,2023,Gift Card,36.9,
07/27/2026,2023,3rd Party - DoorDash,648.66,
07/27/2026,2023,3rd Party - GrubHub,58.14,
07/27/2026,2023,3rd Party - UberEats,154.24,
07/27/2026,2023,Cash Over/Short Adjustment,0.45,
07/27/2026,2024,Subject to Tax,,186.02
07/27/2026,2024,Non-Taxable Sales,,2741.88
07/27/2026,2024,3rd Party Tax Exempt,,18.16
07/27/2026,2024,Register Audit,222,
07/27/2026,2024,Sales Tax,,14.58
07/27/2026,2024,In-Store Credit Card,1578.69,
07/27/2026,2024,Payout,78.08,
07/27/2026,2024,Online Credit card,652.81,
07/27/2026,2024,Online Credit Card Tips,,16.95
07/27/2026,2024,In-Store Credit Card Tips,,96.88
07/27/2026,2024,Gift Card,147.18,
07/27/2026,2024,3rd Party - DoorDash,353.97,
07/27/2026,2024,3rd Party - UberEats,42.18,
07/27/2026,2024,Cash Over/Short Adjustment,,0.44
07/27/2026,2047,Subject to Tax,,158.16
07/27/2026,2047,Non-Taxable Sales,,2871.21
07/27/2026,2047,3rd Party Tax Exempt,,17.68
07/27/2026,2047,Register Audit,146,
07/27/2026,2047,Sales Tax,,11.19
07/27/2026,2047,In-Store Credit Card,1905.48,
07/27/2026,2047,Payout,82.06,
07/27/2026,2047,Online Credit card,608.32,
07/27/2026,2047,Online Credit Card Tips,,8
07/27/2026,2047,In-Store Credit Card Tips,,113.8
07/27/2026,2047,Gift Card,9.9,
07/27/2026,2047,3rd Party - DoorDash,370.11,
07/27/2026,2047,3rd Party - GrubHub,15.11,
07/27/2026,2047,3rd Party - UberEats,62.76,
07/27/2026,2047,Cash Over/Short Adjustment,0.3,
07/27/2026,4003,Subject to Tax,,5484.72
07/27/2026,4003,Register Audit,315,
07/27/2026,4003,Sales Tax,,534.67
07/27/2026,4003,In-Store Credit Card,2770.36,
07/27/2026,4003,Payout,37,
07/27/2026,4003,Online Credit card,1607.94,
07/27/2026,4003,Online Credit Card Tips,,34.45
07/27/2026,4003,In-Store Credit Card Tips,,209.5
07/27/2026,4003,Gift Card,14.93,
07/27/2026,4003,3rd Party - DoorDash,1168.42,
07/27/2026,4003,3rd Party - UberEats,350.56,
07/27/2026,4003,Cash Over/Short Adjustment,,0.87
07/27/2026,4004,Subject to Tax,,3657.11
07/27/2026,4004,Register Audit,217,
07/27/2026,4004,Sales Tax,,356.54
07/27/2026,4004,In-Store Credit Card,1517.59,
07/27/2026,4004,Online Credit card,870.87,
07/27/2026,4004,Online Credit Card Tips,,32
07/27/2026,4004,In-Store Credit Card Tips,,89.35
07/27/2026,4004,3rd Party - DoorDash,730.21,
07/27/2026,4004,3rd Party - UberEats,799.37,
07/27/2026,4004,Cash Over/Short Adjustment,,0.04
07/27/2026,4005,Subject to Tax,,3670.72
07/27/2026,4005,Register Audit,347,
07/27/2026,4005,Sales Tax,,357.82
07/27/2026,4005,In-Store Credit Card,2519.63,
07/27/2026,4005,Online Credit card,989.69,
07/27/2026,4005,Online Gift Card,11.74,
07/27/2026,4005,In-Store Credit Card Tips,,200.32
07/27/2026,4005,Gift Card,47.9,
07/27/2026,4005,3rd Party - DoorDash,312.93,
07/27/2026,4005,Cash Over/Short Adjustment,,0.03
07/27/2026,4008,Subject to Tax,,3433.98
07/27/2026,4008,Register Audit,122,
07/27/2026,4008,Sales Tax,,334.85
07/27/2026,4008,In-Store Credit Card,1992.82,
07/27/2026,4008,Payout,102.6,
07/27/2026,4008,Online Credit card,1269.84,
07/27/2026,4008,Online Credit Card Tips,,23.73
07/27/2026,4008,In-Store Credit Card Tips,,121.49
07/27/2026,4008,3rd Party - DoorDash,264.91,
07/27/2026,4008,3rd Party - GrubHub,39.6,
07/27/2026,4008,3rd Party - UberEats,122.44,
07/27/2026,4008,Cash Over/Short Adjustment,,0.16
07/27/2026,4009,Subject to Tax,,2811.86
07/27/2026,4009,Register Audit,316,
07/27/2026,4009,Sales Tax,,274.09
07/27/2026,4009,In-Store Credit Card,1772.16,
07/27/2026,4009,Online Credit card,391.07,
07/27/2026,4009,Online Gift Card,36.88,
07/27/2026,4009,Online Credit Card Tips,,15
07/27/2026,4009,In-Store Credit Card Tips,,87.57
07/27/2026,4009,Gift Card,25.46,
07/27/2026,4009,3rd Party - DoorDash,596.74,
07/27/2026,4009,3rd Party - UberEats,49.97,
07/27/2026,4009,Cash Over/Short Adjustment,0.24,
07/27/2026,4010,Subject to Tax,,2500.74
07/27/2026,4010,Register Audit,211,
07/27/2026,4010,Sales Tax,,243.9
07/27/2026,4010,In-Store Credit Card,1523.13,
07/27/2026,4010,Payout,20.27,
07/27/2026,4010,Online Credit card,725.67,
07/27/2026,4010,In-Store Credit Card Tips,,113.74
07/27/2026,4010,Gift Card,16.81,
07/27/2026,4010,3rd Party - DoorDash,160.95,
07/27/2026,4010,3rd Party - GrubHub,28.18,
07/27/2026,4010,3rd Party - UberEats,171.95,
07/27/2026,4010,Cash Over/Short Adjustment,0.42,
07/27/2026,4015,Subject to Tax,,3200.49
07/27/2026,4015,Register Audit,340,
07/27/2026,4015,Sales Tax,,312.09
07/27/2026,4015,In-Store Credit Card,1881.42,
07/27/2026,4015,Online Credit card,643.12,
07/27/2026,4015,Online Credit Card Tips,,7
07/27/2026,4015,In-Store Credit Card Tips,,130.2
07/27/2026,4015,Gift Card,59.58,
07/27/2026,4015,3rd Party - DoorDash,503.74,
07/27/2026,4015,3rd Party - UberEats,221.86,
07/27/2026,4015,Cash Over/Short Adjustment,0.06,
07/27/2026,4021,Subject to Tax,,4362.71
07/27/2026,4021,Register Audit,272,
07/27/2026,4021,Sales Tax,,425.36
07/27/2026,4021,In-Store Credit Card,2337.45,
07/27/2026,4021,Online Credit card,1560.22,
07/27/2026,4021,Online Gift Card,10,
07/27/2026,4021,Online Credit Card Tips,,25
07/27/2026,4021,In-Store Credit Card Tips,,163.26
07/27/2026,4021,Gift Card,20,
07/27/2026,4021,3rd Party - DoorDash,371.58,
07/27/2026,4021,3rd Party - GrubHub,55.78,
07/27/2026,4021,3rd Party - UberEats,348.64,
07/27/2026,4021,Cash Over/Short Adjustment,0.66,
07/27/2026,4025,Subject to Tax,,2896.22
07/27/2026,4025,Register Audit,313,
07/27/2026,4025,Sales Tax,,282.43
07/27/2026,4025,In-Store Credit Card,1790.65,
07/27/2026,4025,Online Credit card,822.91,
07/27/2026,4025,Online Credit Card Tips,,32
07/27/2026,4025,In-Store Credit Card Tips,,110.37
07/27/2026,4025,Gift Card,55.09,
07/27/2026,4025,3rd Party - DoorDash,237.38,
07/27/2026,4025,3rd Party - GrubHub,14.09,
07/27/2026,4025,3rd Party - UberEats,88.51,
07/27/2026,4025,Cash Over/Short Adjustment,,0.61
07/27/2026,4027,Subject to Tax,,4758.13
07/27/2026,4027,Sales Tax,,463.88
07/27/2026,4027,In-Store Credit Card,2351.71,
07/27/2026,4027,Online Credit card,1379.35,
07/27/2026,4027,In-Store Credit Card Tips,,125.07
07/27/2026,4027,3rd Party - DoorDash,385.54,
07/27/2026,4027,3rd Party - GrubHub,16.19,
07/27/2026,4027,3rd Party - UberEats,847.42,
07/27/2026,4027,Cash Over/Short Adjustment,0.87,
07/27/2026,4027,Register Audit Adjustment,366,
07/27/2026,4042,Subject to Tax,,4504.6
07/27/2026,4042,Sales Tax,,439.11
07/27/2026,4042,In-Store Credit Card,2254.4,
07/27/2026,4042,Online Credit card,1470.05,
07/27/2026,4042,Online Credit Card Tips,,37.5
07/27/2026,4042,In-Store Credit Card Tips,,143.28
07/27/2026,4042,3rd Party - DoorDash,936,
07/27/2026,4042,3rd Party - UberEats,160.32,
07/27/2026,4042,Cash Over/Short Adjustment,0.72,
07/27/2026,4042,Register Audit Adjustment,303,
07/27/2026,4052,Subject to Tax,,5817.65
07/27/2026,4052,Tax Exempt,,366.9
07/27/2026,4052,Register Audit,708,
07/27/2026,4052,Sales Tax,,567.15
07/27/2026,4052,In-Store Credit Card,2979,
07/27/2026,4052,Payout,41.46,
07/27/2026,4052,Online Credit card,2287.18,
07/27/2026,4052,Online Gift Card,39.29,
07/27/2026,4052,Online Credit Card Tips,,51.54
07/27/2026,4052,In-Store Credit Card Tips,,154.25
07/27/2026,4052,Gift Card,27.39,
07/27/2026,4052,3rd Party - DoorDash,746.36,
07/27/2026,4052,3rd Party - GrubHub,47.94,
07/27/2026,4052,3rd Party - UberEats,80.97,
07/27/2026,4052,Cash Over/Short Adjustment,,0.1
07/27/2026,4061,Subject to Tax,,3294.73
07/27/2026,4061,Register Audit,357,
07/27/2026,4061,Sales Tax,,321.21
07/27/2026,4061,In-Store Credit Card,2167.65,
07/27/2026,4061,Online Credit card,618.53,
07/27/2026,4061,Online Credit Card Tips,,25
07/27/2026,4061,In-Store Credit Card Tips,,130.43
07/27/2026,4061,Gift Card,15.75,
07/27/2026,4061,3rd Party - DoorDash,422.97,
07/27/2026,4061,3rd Party - UberEats,190.46,
07/27/2026,4061,Cash Over/Short Adjustment,,0.99
07/27/2026,4074,Subject to Tax,,2229.84
07/27/2026,4074,Register Audit,114,
07/27/2026,4074,Sales Tax,,217.4
07/27/2026,4074,In-Store Credit Card,1398.92,
07/27/2026,4074,Online Credit card,432.72,
07/27/2026,4074,Online Gift Card,12.74,
07/27/2026,4074,Online Credit Card Tips,,18
07/27/2026,4074,In-Store Credit Card Tips,,118.47
07/27/2026,4074,Online Gift Card Tips,,1
07/27/2026,4074,Gift Card,13.18,
07/27/2026,4074,3rd Party - DoorDash,490.13,
07/27/2026,4074,3rd Party - UberEats,123.6,
07/27/2026,4074,Cash Over/Short Adjustment,,0.58
07/27/2026,5042,Subject to Tax,,2907.1
07/27/2026,5042,Non-Taxable Sales,,5
07/27/2026,5042,3rd Party Tax Exempt,,572.16
07/27/2026,5042,Register Audit,223,
07/27/2026,5042,Sales Tax,,200.4
07/27/2026,5042,In-Store Credit Card,1927.12,
07/27/2026,5042,Payout,47.16,
07/27/2026,5042,Online Credit card,1044.93,
07/27/2026,5042,Online Credit Card Tips,,36.27
07/27/2026,5042,In-Store Credit Card Tips,,139.64
07/27/2026,5042,Gift Card,46.83,
07/27/2026,5042,3rd Party - DoorDash,339.04,
07/27/2026,5042,3rd Party - GrubHub,11.88,
07/27/2026,5042,3rd Party - UberEats,221.24,
07/27/2026,5042,Cash Over/Short Adjustment,,0.63
07/27/2026,5043,Subject to Tax,,4522
07/27/2026,5043,Non-Taxable Sales,,17.5
07/27/2026,5043,3rd Party Tax Exempt,,1220.9
07/27/2026,5043,Register Audit,710,
07/27/2026,5043,Sales Tax,,307.41
07/27/2026,5043,In-Store Credit Card,2299.01,
07/27/2026,5043,Online Credit card,2006.11,
07/27/2026,5043,Online Gift Card,10,
07/27/2026,5043,Online Credit Card Tips,,66
07/27/2026,5043,In-Store Credit Card Tips,,139.14
07/27/2026,5043,Gift Card,27.47,
07/27/2026,5043,3rd Party - DoorDash,726.51,
07/27/2026,5043,3rd Party - UberEats,494.39,
07/27/2026,5043,Cash Over/Short Adjustment,,0.54
07/27/2026,5049,Subject to Tax,,2888.45
07/27/2026,5049,Non-Taxable Sales,,5
07/27/2026,5049,3rd Party Tax Exempt,,543.4
07/27/2026,5049,Register Audit,301,
07/27/2026,5049,Sales Tax,,236.4
07/27/2026,5049,In-Store Credit Card,1866.19,
07/27/2026,5049,Online Credit card,1058.73,
07/27/2026,5049,Online Gift Card,35,
07/27/2026,5049,Online Credit Card Tips,,46
07/27/2026,5049,In-Store Credit Card Tips,,103.1
07/27/2026,5049,Gift Card,18.45,
07/27/2026,5049,3rd Party - DoorDash,543.4,
07/27/2026,5049,Cash Over/Short Adjustment,,0.42
07/27/2026,5051,Subject to Tax,,2715
07/27/2026,5051,Non-Taxable Sales,,16
07/27/2026,5051,3rd Party Tax Exempt,,827.86
07/27/2026,5051,Register Audit,297,
07/27/2026,5051,Sales Tax,,186.62
07/27/2026,5051,In-Store Credit Card,1644.62,
07/27/2026,5051,Payout,19.16,
07/27/2026,5051,Online Credit card,1041,
07/27/2026,5051,Online Credit Card Tips,,14
07/27/2026,5051,In-Store Credit Card Tips,,69.82
07/27/2026,5051,3rd Party - DoorDash,651.2,
07/27/2026,5051,3rd Party - UberEats,176.66,
07/27/2026,5051,Cash Over/Short Adjustment,,0.34
07/27/2026,5057,Subject to Tax,,3044.15
07/27/2026,5057,Non-Taxable Sales,,6
07/27/2026,5057,3rd Party Tax Exempt,,579.02
07/27/2026,5057,Register Audit,272,
07/27/2026,5057,Sales Tax,,240.72
07/27/2026,5057,In-Store Credit Card,2291.68,
07/27/2026,5057,Online Credit card,868.6,
07/27/2026,5057,Online Gift Card,14.47,
07/27/2026,5057,Online Credit Card Tips,,26.02
07/27/2026,5057,In-Store Credit Card Tips,,136.06
07/27/2026,5057,Gift Card,6.7,
07/27/2026,5057,3rd Party - DoorDash,372.89,
07/27/2026,5057,3rd Party - UberEats,206.13,
07/27/2026,5057,Cash Over/Short Adjustment,,0.5
07/27/2026,5059,Subject to Tax,,2206.8
07/27/2026,5059,Non-Taxable Sales,,5
07/27/2026,5059,3rd Party Tax Exempt,,369.02
07/27/2026,5059,Sales Tax,,151.82
07/27/2026,5059,In-Store Credit Card,1710.64,
07/27/2026,5059,Online Credit card,613.05,
07/27/2026,5059,Online Credit Card Tips,,17
07/27/2026,5059,In-Store Credit Card Tips,,97.13
07/27/2026,5059,3rd Party - DoorDash,189.33,
07/27/2026,5059,3rd Party - UberEats,179.69,
07/27/2026,5059,Cash Over/Short Adjustment,0.06,
07/27/2026,5059,Register Audit Adjustment,154,
07/27/2026,5062,Subject to Tax,,2331.75
07/27/2026,5062,Non-Taxable Sales,,15.5
07/27/2026,5062,3rd Party Tax Exempt,,322.57
07/27/2026,5062,Tax Exempt,,2239.2
07/27/2026,5062,Sales Tax,,162
07/27/2026,5062,In-Store Credit Card,4095.18,
07/27/2026,5062,Online Credit card,667.46,
07/27/2026,5062,Online Credit Card Tips,,22
07/27/2026,5062,In-Store Credit Card Tips,,139.84
07/27/2026,5062,Gift Card,2.18,
07/27/2026,5062,3rd Party - DoorDash,138.61,
07/27/2026,5062,3rd Party - UberEats,183.96,
07/27/2026,5062,Cash Over/Short Adjustment,0.47,
07/27/2026,5062,Register Audit Adjustment,145,
07/27/2026,5101,Subject to Tax,,1912.05
07/27/2026,5101,Non-Taxable Sales,,13
07/27/2026,5101,3rd Party Tax Exempt,,453.83
07/27/2026,5101,Register Audit,159,
07/27/2026,5101,Sales Tax,,132.66
07/27/2026,5101,In-Store Credit Card,1439.99,
07/27/2026,5101,Online Credit card,547.07,
07/27/2026,5101,Online Credit Card Tips,,8
07/27/2026,5101,In-Store Credit Card Tips,,80.07
07/27/2026,5101,3rd Party - DoorDash,269.29,
07/27/2026,5101,3rd Party - GrubHub,49.86,
07/27/2026,5101,3rd Party - UberEats,134.68,
07/27/2026,5101,Cash Over/Short Adjustment,,0.28
07/27/2026,5112,Subject to Tax,,2048.35
07/27/2026,5112,Non-Taxable Sales,,10.5
07/27/2026,5112,3rd Party Tax Exempt,,386.31
07/27/2026,5112,Register Audit,327,
07/27/2026,5112,Sales Tax,,161.63
07/27/2026,5112,In-Store Credit Card,1428.88,
07/27/2026,5112,Online Credit card,565.85,
07/27/2026,5112,Online Credit Card Tips,,12.44
07/27/2026,5112,In-Store Credit Card Tips,,87.84
07/27/2026,5112,3rd Party - DoorDash,302.49,
07/27/2026,5112,3rd Party - UberEats,83.82,
07/27/2026,5112,Cash Over/Short Adjustment,,0.97
07/27/2026,5127,Subject to Tax,,3977.35
07/27/2026,5127,3rd Party Tax Exempt,,114.18
07/27/2026,5127,Register Audit,566,
07/27/2026,5127,Sales Tax,,313.38
07/27/2026,5127,In-Store Credit Card,2307.12,
07/27/2026,5127,Online Credit card,1622.32,
07/27/2026,5127,Online Credit Card Tips,,56
07/27/2026,5127,In-Store Credit Card Tips,,164.16
07/27/2026,5127,Gift Card,15,
07/27/2026,5127,3rd Party - DoorDash,114.18,
07/27/2026,5127,Cash Over/Short Adjustment,0.45,
07/27/2026,6026,Subject to Tax,,2910.25
07/27/2026,6026,Non-Taxable Sales,,25.5
07/27/2026,6026,3rd Party Tax Exempt,,155.32
07/27/2026,6026,Register Audit,186,
07/27/2026,6026,Sales Tax,,174.62
07/27/2026,6026,In-Store Credit Card,1794.31,
07/27/2026,6026,Online Credit card,694.05,
07/27/2026,6026,Online Gift Card,34.68,
07/27/2026,6026,Online Credit Card Tips,,11.59
07/27/2026,6026,In-Store Credit Card Tips,,102.84
07/27/2026,6026,Gift Card,15.26,
07/27/2026,6026,3rd Party - DoorDash,438.72,
07/27/2026,6026,3rd Party - GrubHub,61.6,
07/27/2026,6026,3rd Party - UberEats,155.32,
07/27/2026,6026,Cash Over/Short Adjustment,0.18,
07/27/2026,6032,Subject to Tax,,3002.15
07/27/2026,6032,Non-Taxable Sales,,25
07/27/2026,6032,3rd Party Tax Exempt,,189.94
07/27/2026,6032,Sales Tax,,180.08
07/27/2026,6032,In-Store Credit Card,1783.39,
07/27/2026,6032,Online Credit card,1052.06,
07/27/2026,6032,Online Credit Card Tips,,28.51
07/27/2026,6032,In-Store Credit Card Tips,,122.24
07/27/2026,6032,3rd Party - DoorDash,439.64,
07/27/2026,6032,3rd Party - UberEats,189.94,
07/27/2026,6032,Cash Over/Short Adjustment,0.89,
07/27/2026,6032,Register Audit Adjustment,82,
07/27/2026,6037,Subject to Tax,,3219.8
07/27/2026,6037,Register Audit,221,
07/27/2026,6037,Sales Tax,,354.36
07/27/2026,6037,In-Store Credit Card,2042,
07/27/2026,6037,Payout,32.45,
07/27/2026,6037,Online Credit card,1336.52,
07/27/2026,6037,Online Gift Card,49.73,
07/27/2026,6037,Online Credit Card Tips,,58.75
07/27/2026,6037,In-Store Credit Card Tips,,185.2
07/27/2026,6037,Online Gift Card Tips,,2
07/27/2026,6037,Gift Card,25,
07/27/2026,6037,3rd Party - UberEats,113.78,
07/27/2026,6037,Cash Over/Short Adjustment,,0.37
07/27/2026,6039,Subject to Tax,,2836.84
07/27/2026,6039,Non-Taxable Sales,,22
07/27/2026,6039,3rd Party Tax Exempt,,259.46
07/27/2026,6039,Sales Tax,,170.2
07/27/2026,6039,In-Store Credit Card,1757.83,
07/27/2026,6039,Payout,33.36,
07/27/2026,6039,Online Credit card,918.49,
07/27/2026,6039,Online Credit Card Tips,,25
07/27/2026,6039,In-Store Credit Card Tips,,146.67
07/27/2026,6039,Gift Card,11.34,
07/27/2026,6039,3rd Party - DoorDash,327.85,
07/27/2026,6039,3rd Party - GrubHub,18.63,
07/27/2026,6039,3rd Party - UberEats,259.46,
07/27/2026,6039,Cash Over/Short Adjustment,0.21,
07/27/2026,6039,Register Audit Adjustment,133,
07/27/2026,6044,Subject to Tax,,4297.13
07/27/2026,6044,Non-Taxable Sales,,11
07/27/2026,6044,Sales Tax,,485.7
07/27/2026,6044,In-Store Credit Card,2351.5,
07/27/2026,6044,Payout,26.83,
07/27/2026,6044,Online Credit card,1258.57,
07/27/2026,6044,Online Credit Card Tips,,73.09
07/27/2026,6044,In-Store Credit Card Tips,,118.48
07/27/2026,6044,Gift Card Sold,,50
07/27/2026,6044,3rd Party - DoorDash,790.17,
07/27/2026,6044,Cash Over/Short Adjustment,0.33,
07/27/2026,6044,Register Audit Adjustment,608,
07/27/2026,6065,Subject to Tax,,2004.34
07/27/2026,6065,Non-Taxable Sales,,5
07/27/2026,6065,3rd Party Tax Exempt,,455.87
07/27/2026,6065,Sales Tax,,200.62
07/27/2026,6065,In-Store Credit Card,1371.45,
07/27/2026,6065,Payout,22,
07/27/2026,6065,Online Credit card,461.88,
07/27/2026,6065,Online Credit Card Tips,,12
07/27/2026,6065,In-Store Credit Card Tips,,49.39
07/27/2026,6065,3rd Party - DoorDash,209.99,
07/27/2026,6065,3rd Party - GrubHub,27.7,
07/27/2026,6065,3rd Party - UberEats,455.87,
07/27/2026,6065,Cash Over/Short Adjustment,0.33,
07/27/2026,6065,Register Audit Adjustment,178,
07/27/2026,6067,Subject to Tax,,2928.83
07/27/2026,6067,Non-Taxable Sales,,10
07/27/2026,6067,3rd Party Tax Exempt,,16.56
07/27/2026,6067,Sales Tax,,331
07/27/2026,6067,In-Store Credit Card,1752.6,
07/27/2026,6067,Online Credit card,910.75,
07/27/2026,6067,Online Gift Card,14.03,
07/27/2026,6067,Online Credit Card Tips,,22
07/27/2026,6067,In-Store Credit Card Tips,,118.7
07/27/2026,6067,Gift Card,39.14,
07/27/2026,6067,3rd Party - DoorDash,309.12,
07/27/2026,6067,3rd Party - GrubHub,24.31,
07/27/2026,6067,3rd Party - UberEats,16.56,
07/27/2026,6067,Cash Over/Short Adjustment,0.58,
07/27/2026,6067,Register Audit Adjustment,360,
07/27/2026,6072,Subject to Tax,,4385.83
07/27/2026,6072,Non-Taxable Sales,,32.5
07/27/2026,6072,3rd Party Tax Exempt,,258.85
07/27/2026,6072,Register Audit,650,
07/27/2026,6072,Sales Tax,,517.58
07/27/2026,6072,In-Store Credit Card,2136.52,
07/27/2026,6072,Online Credit card,1333.59,
07/27/2026,6072,Online Credit Card Tips,,47
07/27/2026,6072,In-Store Credit Card Tips,,123.53
07/27/2026,6072,Gift Card,105.14,
07/27/2026,6072,3rd Party - DoorDash,844.65,
07/27/2026,6072,3rd Party - GrubHub,36.88,
07/27/2026,6072,3rd Party - UberEats,258.85,
07/27/2026,6072,Cash Over/Short Adjustment,,0.34
07/27/2026,6074,Subject to Tax,,2545
07/27/2026,6074,Non-Taxable Sales,,10
07/27/2026,6074,3rd Party Tax Exempt,,37.26
07/27/2026,6074,Register Audit,245,
07/27/2026,6074,Sales Tax,,229.08
07/27/2026,6074,In-Store Credit Card,1948.15,
07/27/2026,6074,Online Credit card,706.6,
07/27/2026,6074,Online Gift Card,23.32,
07/27/2026,6074,Online Credit Card Tips,,20
07/27/2026,6074,In-Store Credit Card Tips,,119.03
07/27/2026,6074,3rd Party - UberEats,37.26,
07/27/2026,6074,Cash Over/Short Adjustment,0.04,
07/27/2026,6076,Subject to Tax,,2052.42
07/27/2026,6076,Non-Taxable Sales,,10
07/27/2026,6076,3rd Party Tax Exempt,,172.8
07/27/2026,6076,Sales Tax,,184.72
07/27/2026,6076,In-Store Credit Card,972.94,
07/27/2026,6076,Online Credit card,618.46,
07/27/2026,6076,Online Credit Card Tips,,12
07/27/2026,6076,In-Store Credit Card Tips,,58.4
07/27/2026,6076,Gift Card,39.84,
07/27/2026,6076,3rd Party - DoorDash,529.12,
07/27/2026,6076,3rd Party - UberEats,172.8,
07/27/2026,6076,Cash Over/Short Adjustment,0.18,
07/27/2026,6076,Register Audit Adjustment,157,
07/27/2026,6083,Subject to Tax,,2337.01
07/27/2026,6083,3rd Party Tax Exempt,,62.64
07/27/2026,6083,Register Audit,77,
07/27/2026,6083,Sales Tax,,210.37
07/27/2026,6083,In-Store Credit Card,1557.87,
07/27/2026,6083,Online Credit card,813.38,
07/27/2026,6083,Online Credit Card Tips,,24.6
07/27/2026,6083,In-Store Credit Card Tips,,124.86
07/27/2026,6083,Gift Card,11.08,
07/27/2026,6083,3rd Party - DoorDash,237.71,
07/27/2026,6083,3rd Party - UberEats,62.64,
07/27/2026,6083,Cash Over/Short Adjustment,,0.2
07/27/2026,6088,Subject to Tax,,2908.57
07/27/2026,6088,Non-Taxable Sales,,5
07/27/2026,6088,3rd Party Tax Exempt,,59.01
07/27/2026,6088,Register Audit,195,
07/27/2026,6088,Sales Tax,,291.07
07/27/2026,6088,In-Store Credit Card,1868.1,
07/27/2026,6088,Online Credit card,981.68,
07/27/2026,6088,Online Credit Card Tips,,29
07/27/2026,6088,In-Store Credit Card Tips,,82.05
07/27/2026,6088,Gift Card,2.09,
07/27/2026,6088,3rd Party - DoorDash,255.14,
07/27/2026,6088,3rd Party - GrubHub,13.07,
07/27/2026,6088,3rd Party - UberEats,59.01,
07/27/2026,6088,Cash Over/Short Adjustment,0.61,
07/27/2026,6093,Subject to Tax,,2554.86
07/27/2026,6093,Non-Taxable Sales,,10
07/27/2026,6093,Register Audit,222,
07/27/2026,6093,Sales Tax,,288.71
07/27/2026,6093,In-Store Credit Card,1973.84,
07/27/2026,6093,Payout,56.17,
07/27/2026,6093,Online Credit card,670.8,
07/27/2026,6093,Online Credit Card Tips,,35
07/27/2026,6093,In-Store Credit Card Tips,,134.33
07/27/2026,6093,3rd Party - DoorDash,100.29,
07/27/2026,6093,Cash Over/Short Adjustment,,0.2
07/27/2026,6094,Subject to Tax,,1615.96
07/27/2026,6094,Non-Taxable Sales,,18.5
07/27/2026,6094,3rd Party Tax Exempt,,40.84
07/27/2026,6094,Register Audit,105,
07/27/2026,6094,Sales Tax,,161.71
07/27/2026,6094,In-Store Credit Card,733.67,
07/27/2026,6094,Online Credit card,761.27,
07/27/2026,6094,Online Gift Card,28.83,
07/27/2026,6094,Online Credit Card Tips,,26
07/27/2026,6094,In-Store Credit Card Tips,,63.73
07/27/2026,6094,3rd Party - DoorDash,172.17,
07/27/2026,6094,3rd Party - GrubHub,84.06,
07/27/2026,6094,3rd Party - UberEats,40.84,
07/27/2026,6094,Cash Over/Short Adjustment,0.9,
07/27/2026,6102,Subject to Tax,,3018.91
07/27/2026,6102,Non-Taxable Sales,,38
07/27/2026,6102,Sales Tax,,302.02
07/27/2026,6102,In-Store Credit Card,1518.4,
07/27/2026,6102,Payout,20.63,
07/27/2026,6102,Online Credit card,802.6,
07/27/2026,6102,Online Gift Card,23.54,
07/27/2026,6102,Online Credit Card Tips,,11
07/27/2026,6102,In-Store Credit Card Tips,,85.11
07/27/2026,6102,Gift Card,9.96,
07/27/2026,6102,3rd Party - DoorDash,778.02,
07/27/2026,6102,3rd Party - GrubHub,50.8,
07/27/2026,6102,3rd Party - UberEats,172.43,
07/27/2026,6102,Cash Over/Short Adjustment,0.66,
07/27/2026,6102,Register Audit Adjustment,78,
07/27/2026,7024,Subject to Tax,,3128.05
07/27/2026,7024,3rd Party Tax Exempt,,470.57
07/27/2026,7024,Sales Tax,,272.56
07/27/2026,7024,In-Store Credit Card,2128.28,
07/27/2026,7024,Payout,40.11,
07/27/2026,7024,Online Credit card,855.96,
07/27/2026,7024,Online Credit Card Tips,,29
07/27/2026,7024,In-Store Credit Card Tips,,159.46
07/27/2026,7024,Gift Card,30.39,
07/27/2026,7024,3rd Party - DoorDash,347.09,
07/27/2026,7024,3rd Party - GrubHub,24.24,
07/27/2026,7024,3rd Party - UberEats,99.24,
07/27/2026,7024,Cash Over/Short Adjustment,0.33,
07/27/2026,7024,Register Audit Adjustment,534,
07/27/2026,7032,Subject to Tax,,2794.45
07/27/2026,7032,3rd Party Tax Exempt,,461.92
07/27/2026,7032,Sales Tax,,239.79
07/27/2026,7032,In-Store Credit Card,1631.52,
07/27/2026,7032,Online Credit card,1009.41,
07/27/2026,7032,Online Credit Card Tips,,21
07/27/2026,7032,In-Store Credit Card Tips,,83.84
07/27/2026,7032,3rd Party - DoorDash,424.62,
07/27/2026,7032,3rd Party - UberEats,37.3,
07/27/2026,7032,Cash Over/Short Adjustment,0.15,
07/27/2026,7032,Register Audit Adjustment,498,
07/27/2026,7039,Subject to Tax,,2022.6
07/27/2026,7039,3rd Party Tax Exempt,,361.56
07/27/2026,7039,Sales Tax,,173.46
07/27/2026,7039,In-Store Credit Card,1249.17,
07/27/2026,7039,Payout,4.53,
07/27/2026,7039,Online Credit card,823.16,
07/27/2026,7039,Online Credit Card Tips,,24
07/27/2026,7039,In-Store Credit Card Tips,,96.09
07/27/2026,7039,3rd Party - DoorDash,361.56,
07/27/2026,7039,Cash Over/Short Adjustment,0.29,
07/27/2026,7039,Register Audit Adjustment,239,
07/27/2026,7049,Subject to Tax,,5100.04
07/27/2026,7049,3rd Party Tax Exempt,,772.6
07/27/2026,7049,Sales Tax,,437.12
07/27/2026,7049,In-Store Credit Card,3309.46,
07/27/2026,7049,Online Credit card,1981.38,
07/27/2026,7049,Online Credit Card Tips,,72
07/27/2026,7049,In-Store Credit Card Tips,,222.4
07/27/2026,7049,Gift Card,11.38,
07/27/2026,7049,3rd Party - DoorDash,580.13,
07/27/2026,7049,3rd Party - GrubHub,33.72,
07/27/2026,7049,3rd Party - UberEats,158.75,
07/27/2026,7049,Cash Over/Short Adjustment,0.34,
07/27/2026,7049,Register Audit Adjustment,529,
07/27/2026,7066,Subject to Tax,,3320.9
07/27/2026,7066,3rd Party Tax Exempt,,400.1
07/27/2026,7066,Register Audit,477.3,
07/27/2026,7066,Sales Tax,,289.11
07/27/2026,7066,In-Store Credit Card,2351.95,
07/27/2026,7066,Online Credit card,952.15,
07/27/2026,7066,Online Credit Card Tips,,32
07/27/2026,7066,In-Store Credit Card Tips,,155.09
07/27/2026,7066,Gift Card,15.7,
07/27/2026,7066,3rd Party - DoorDash,400.1,
07/27/2026,13026,Subject to Tax,,1917.15
07/27/2026,13026,Non-Taxable Sales,,41.19
07/27/2026,13026,3rd Party Tax Exempt,,1155.07
07/27/2026,13026,Register Audit,95,
07/27/2026,13026,Sales Tax,,143.83
07/27/2026,13026,In-Store Credit Card,1516.08,
07/27/2026,13026,Online Credit card,534.05,
07/27/2026,13026,Online Gift Card,14.55,
07/27/2026,13026,Online Credit Card Tips,,4
07/27/2026,13026,In-Store Credit Card Tips,,75.89
07/27/2026,13026,Online Gift Card Tips,,1
07/27/2026,13026,3rd Party - DoorDash,805.67,
07/27/2026,13026,3rd Party - UberEats,373.34,
07/27/2026,13026,Cash Over/Short Adjustment,,0.56
07/27/2026,13062,Subject to Tax,,2072.15
07/27/2026,13062,Non-Taxable Sales,,12.68
07/27/2026,13062,3rd Party Tax Exempt,,513.46
07/27/2026,13062,Sales Tax,,145.07
07/27/2026,13062,In-Store Credit Card,1472.62,
07/27/2026,13062,Online Credit card,540.39,
07/27/2026,13062,Online Credit Card Tips,,8
07/27/2026,13062,In-Store Credit Card Tips,,84.84
07/27/2026,13062,Gift Card,20,
07/27/2026,13062,3rd Party - DoorDash,327.55,
07/27/2026,13062,3rd Party - UberEats,196.89,
07/27/2026,13062,Cash Over/Short Adjustment,0.75,
07/27/2026,13062,Register Audit Adjustment,278,
07/27/2026,13082,Subject to Tax,,2038.7
07/27/2026,13082,Non-Taxable Sales,,24.84
07/27/2026,13082,3rd Party Tax Exempt,,512.76
07/27/2026,13082,Register Audit,319,
07/27/2026,13082,Sales Tax,,142.7
07/27/2026,13082,In-Store Credit Card,1428.18,
07/27/2026,13082,Payout,13.98,
07/27/2026,13082,Online Credit card,529.38,
07/27/2026,13082,Online Credit Card Tips,,30
07/27/2026,13082,In-Store Credit Card Tips,,88.17
07/27/2026,13082,Gift Card,14.95,
07/27/2026,13082,3rd Party - DoorDash,469.56,
07/27/2026,13082,3rd Party - UberEats,62.64,
07/27/2026,13082,Cash Over/Short Adjustment,,0.52
07/27/2026,13106,Subject to Tax,,1823.02
07/27/2026,13106,Non-Taxable Sales,,22.38
07/27/2026,13106,3rd Party Tax Exempt,,494.93
07/27/2026,13106,Sales Tax,,136.82
07/27/2026,13106,In-Store Credit Card,1607.39,
07/27/2026,13106,Online Credit card,386.73,
07/27/2026,13106,Online Gift Card,19.57,
07/27/2026,13106,Online Credit Card Tips,,13
07/27/2026,13106,In-Store Credit Card Tips,,132.72
07/27/2026,13106,3rd Party - DoorDash,386.4,
07/27/2026,13106,3rd Party - UberEats,119.51,
07/27/2026,13106,Cash Over/Short Adjustment,0.27,
07/27/2026,13106,Register Audit Adjustment,103,
07/27/2026,13116,Subject to Tax,,2252.37
07/27/2026,13116,Non-Taxable Sales,,37.36
07/27/2026,13116,3rd Party Tax Exempt,,590.37
07/27/2026,13116,Sales Tax,,157.68
07/27/2026,13116,In-Store Credit Card,1416.21,
07/27/2026,13116,Online Credit card,814.3,
07/27/2026,13116,In-Store Credit Card Tips,,74
07/27/2026,13116,3rd Party - DoorDash,456.71,
07/27/2026,13116,3rd Party - GrubHub,56.62,
07/27/2026,13116,3rd Party - UberEats,146.62,
07/27/2026,13116,Cash Over/Short Adjustment,0.32,
07/27/2026,13116,Register Audit Adjustment,221,
07/27/2026,13138,Subject to Tax,,2079.88
07/27/2026,13138,Non-Taxable Sales,,12.29
07/27/2026,13138,3rd Party Tax Exempt,,252.93
07/27/2026,13138,Register Audit,478,
07/27/2026,13138,Sales Tax,,145.6
07/27/2026,13138,In-Store Credit Card,1406.72,
07/27/2026,13138,Online Credit card,353.39,
07/27/2026,13138,Online Credit Card Tips,,14
07/27/2026,13138,In-Store Credit Card Tips,,78.41
07/27/2026,13138,Gift Card,66.06,
07/27/2026,13138,3rd Party - DoorDash,222.94,
07/27/2026,13138,3rd Party - GrubHub,16.42,
07/27/2026,13138,3rd Party - UberEats,39.71,
07/27/2026,13138,Cash Over/Short Adjustment,,0.13
07/27/2026,13148,Subject to Tax,,3914.96
07/27/2026,13148,Non-Taxable Sales,,32.92
07/27/2026,13148,3rd Party Tax Exempt,,354.34
07/27/2026,13148,Sales Tax,,254.54
07/27/2026,13148,In-Store Credit Card,2734.98,
07/27/2026,13148,Payout,3.62,
07/27/2026,13148,Online Credit card,1425.67,
07/27/2026,13148,Online Gift Card,20,
07/27/2026,13148,Online Credit Card Tips,,59
07/27/2026,13148,In-Store Credit Card Tips,,202.47
07/27/2026,13148,Gift Card,13.42,
07/27/2026,13148,3rd Party - DoorDash,302.69,
07/27/2026,13148,3rd Party - UberEats,67.13,
07/27/2026,13148,Cash Over/Short Adjustment,0.72,
07/27/2026,13148,Register Audit Adjustment,250,
07/27/2026,13160,Subject to Tax,,2704.8
07/27/2026,13160,Non-Taxable Sales,,45.27
07/27/2026,13160,3rd Party Tax Exempt,,261.68
07/27/2026,13160,Register Audit,554,
07/27/2026,13160,Sales Tax,,189.32
07/27/2026,13160,In-Store Credit Card,1839.65,
07/27/2026,13160,Payout,41.9,
07/27/2026,13160,Online Credit card,607.96,
07/27/2026,13160,Online Credit Card Tips,,23
07/27/2026,13160,In-Store Credit Card Tips,,120.23
07/27/2026,13160,Gift Card,63.11,
07/27/2026,13160,3rd Party - DoorDash,243.51,
07/27/2026,13160,3rd Party - UberEats,35.69,
07/27/2026,13160,Cash Over/Short Adjustment,0.38,
07/27/2026,13162,Subject to Tax,,2987.33
07/27/2026,13162,Non-Taxable Sales,,25.62
07/27/2026,13162,3rd Party Tax Exempt,,734.99
07/27/2026,13162,Sales Tax,,209.15
07/27/2026,13162,In-Store Credit Card,2090.67,
07/27/2026,13162,Payout,47.77,
07/27/2026,13162,Online Credit card,921.26,
07/27/2026,13162,Online Gift Card,41.52,
07/27/2026,13162,Online Credit Card Tips,,33
07/27/2026,13162,In-Store Credit Card Tips,,120.83
07/27/2026,13162,Gift Card,11.18,
07/27/2026,13162,Gift Card Sold,,25
07/27/2026,13162,3rd Party - DoorDash,513.27,
07/27/2026,13162,3rd Party - GrubHub,27.48,
07/27/2026,13162,3rd Party - UberEats,247.34,
07/27/2026,13162,Cash Over/Short Adjustment,0.43,
07/27/2026,13162,Register Audit Adjustment,235,
07/27/2026,13219,Subject to Tax,,2854.66
07/27/2026,13219,Non-Taxable Sales,,27.06
07/27/2026,13219,3rd Party Tax Exempt,,388.24
07/27/2026,13219,Sales Tax,,199.84
07/27/2026,13219,In-Store Credit Card,1711.03,
07/27/2026,13219,Online Credit card,873.82,
07/27/2026,13219,Online Credit Card Tips,,41.49
07/27/2026,13219,In-Store Credit Card Tips,,102.31
07/27/2026,13219,Gift Card,37.4,
07/27/2026,13219,3rd Party - DoorDash,389.62,
07/27/2026,13219,3rd Party - GrubHub,31.05,
07/27/2026,13219,3rd Party - UberEats,12.84,
07/27/2026,13219,Cash Over/Short Adjustment,0.84,
07/27/2026,13219,Register Audit Adjustment,557,
07/27/2026,37001,Subject to Tax,,5186.68
07/27/2026,37001,Non-Taxable Sales,,718.68
07/27/2026,37001,Register Audit,920.61,
07/27/2026,37001,Sales Tax,,440.96
07/27/2026,37001,In-Store Credit Card,2918.56,
07/27/2026,37001,Online Credit card,2052.49,
07/27/2026,37001,Online Gift Card,23.38,
07/27/2026,37001,Online Credit Card Tips,,57.52
07/27/2026,37001,In-Store Credit Card Tips,,181.53
07/27/2026,37001,Gift Card,30.56,
07/27/2026,37001,3rd Party - DoorDash,560,
07/27/2026,37001,3rd Party - UberEats,77.06,
07/27/2026,37001,Cash Over/Short Adjustment,0.71,
07/27/2026,37001,Register Audit Adjustment,2,
07/27/2026,37002,Subject to Tax,,4122.11
07/27/2026,37002,Non-Taxable Sales,,453.97
07/27/2026,37002,Sales Tax,,350.44
07/27/2026,37002,In-Store Credit Card,1978.6,
07/27/2026,37002,Online Credit card,1857.64,
07/27/2026,37002,Online Credit Card Tips,,54
07/27/2026,37002,In-Store Credit Card Tips,,128.47
07/27/2026,37002,Gift Card,15,
07/27/2026,37002,3rd Party - DoorDash,687.33,
07/27/2026,37002,3rd Party - GrubHub,19.92,
07/27/2026,37002,3rd Party - UberEats,14.19,
07/27/2026,37002,Cash Over/Short Adjustment,0.31,
07/27/2026,37002,Register Audit Adjustment,536,
07/27/2026,37004,Subject to Tax,,2253.1
07/27/2026,37004,Non-Taxable Sales,,268.38
07/27/2026,37004,Register Audit,266,
07/27/2026,37004,Sales Tax,,191.56
07/27/2026,37004,In-Store Credit Card,1377.87,
07/27/2026,37004,Online Credit card,1053.24,
07/27/2026,37004,Online Credit Card Tips,,40.64
07/27/2026,37004,In-Store Credit Card Tips,,104.11
07/27/2026,37004,3rd Party - DoorDash,157.84,
07/27/2026,37004,Cash Over/Short Adjustment,0.84,
07/27/2026,37004,Register Audit Adjustment,2,
07/27/2026,37006,Subject to Tax,,3663.74
07/27/2026,37006,Non-Taxable Sales,,431.33
07/27/2026,37006,Register Audit,402,
07/27/2026,37006,Sales Tax,,311.44
07/27/2026,37006,In-Store Credit Card,2300.68,
07/27/2026,37006,Online Credit card,1120.61,
07/27/2026,37006,Online Gift Card,34.1,
07/27/2026,37006,Online Credit Card Tips,,47
07/27/2026,37006,In-Store Credit Card Tips,,139.82
07/27/2026,37006,Gift Card,57.66,
07/27/2026,37006,Gift Card Sold,,50
07/27/2026,37006,3rd Party - DoorDash,712.14,
07/27/2026,37006,Cash Over/Short Adjustment,0.14,
07/27/2026,37006,Register Audit Adjustment,16,
07/27/2026,37007,Subject to Tax,,5426.43
07/27/2026,37007,Non-Taxable Sales,,580.86
07/27/2026,37007,Sales Tax,,461.32
07/27/2026,37007,In-Store Credit Card,2272.36,
07/27/2026,37007,Online Credit card,2021.64,
07/27/2026,37007,Online Gift Card,35.91,
07/27/2026,37007,Online Credit Card Tips,,38
07/27/2026,37007,In-Store Credit Card Tips,,133.5
07/27/2026,37007,Online Gift Card Tips,,2
07/27/2026,37007,Gift Card,9.82,
07/27/2026,37007,3rd Party - DoorDash,1422.73,
07/27/2026,37007,3rd Party - UberEats,184.23,
07/27/2026,37007,Cash Over/Short Adjustment,0.42,
07/27/2026,37007,Register Audit Adjustment,695,
07/27/2026,37009,Subject to Tax,,3233.82
07/27/2026,37009,Non-Taxable Sales,,402.11
07/27/2026,37009,Sales Tax,,274.91
07/27/2026,37009,In-Store Credit Card,1654.53,
07/27/2026,37009,Online Credit card,1069.31,
07/27/2026,37009,Online Gift Card,15.63,
07/27/2026,37009,Online Credit Card Tips,,55
07/27/2026,37009,In-Store Credit Card Tips,,135.42
07/27/2026,37009,Gift Card,78.59,
07/27/2026,37009,3rd Party - DoorDash,737.05,
07/27/2026,37009,Cash Over/Short Adjustment,0.15,
07/27/2026,37009,Register Audit Adjustment,546,
07/27/2026,37010,Subject to Tax,,6236.18
07/27/2026,37010,Non-Taxable Sales,,787.66
07/27/2026,37010,Register Audit,861,
07/27/2026,37010,Sales Tax,,530.22
07/27/2026,37010,In-Store Credit Card,3427.52,
07/27/2026,37010,Payout,40.94,
07/27/2026,37010,Online Credit card,2618.32,
07/27/2026,37010,Online Gift Card,20.1,
07/27/2026,37010,Online Credit Card Tips,,85
07/27/2026,37010,In-Store Credit Card Tips,,215.82
07/27/2026,37010,Online Gift Card Tips,,1
07/27/2026,37010,Gift Card,18.34,
07/27/2026,37010,3rd Party - DoorDash,743.43,
07/27/2026,37010,3rd Party - UberEats,111.91,
07/27/2026,37010,Cash Over/Short Adjustment,0.32,
07/27/2026,37010,Register Audit Adjustment,14,
07/27/2026,37013,Subject to Tax,,3540.29
07/27/2026,37013,Non-Taxable Sales,,403.45
07/27/2026,37013,Sales Tax,,301
07/27/2026,37013,In-Store Credit Card,1982.32,
07/27/2026,37013,Online Credit card,1621.63,
07/27/2026,37013,Online Gift Card,26.96,
07/27/2026,37013,Online Credit Card Tips,,48
07/27/2026,37013,In-Store Credit Card Tips,,117.99
07/27/2026,37013,Gift Card,39.42,
07/27/2026,37013,3rd Party - DoorDash,212.97,
07/27/2026,37013,Cash Over/Short Adjustment,0.93,
07/27/2026,37013,Register Audit Adjustment,529,
07/27/2026,37014,Subject to Tax,,3608.44
07/27/2026,37014,Non-Taxable Sales,,392.98
07/27/2026,37014,Sales Tax,,306.85
07/27/2026,37014,In-Store Credit Card,2253.42,
07/27/2026,37014,Online Credit card,1220.58,
07/27/2026,37014,Online Credit Card Tips,,35.88
07/27/2026,37014,In-Store Credit Card Tips,,153.37
07/27/2026,37014,Gift Card,22.85,
07/27/2026,37014,3rd Party - DoorDash,631.54,
07/27/2026,37014,3rd Party - UberEats,69.42,
07/27/2026,37014,Cash Over/Short Adjustment,0.71,
07/27/2026,37014,Register Audit Adjustment,299,
07/27/2026,37016,Subject to Tax,,2879.43
07/27/2026,37016,Non-Taxable Sales,,365
07/27/2026,37016,Register Audit,493,
07/27/2026,37016,Sales Tax,,244.81
07/27/2026,37016,In-Store Credit Card,1880.86,
07/27/2026,37016,Payout,7.11,
07/27/2026,37016,Online Credit card,1140.12,
07/27/2026,37016,Online Credit Card Tips,,43
07/27/2026,37016,In-Store Credit Card Tips,,123.78
07/27/2026,37016,Gift Card Sold,,20
07/27/2026,37016,3rd Party - DoorDash,138.94,
07/27/2026,37016,3rd Party - GrubHub,16.2,
07/27/2026,37016,Cash Over/Short Adjustment,,0.21
07/27/2026,37020,Subject to Tax,,2781.15
07/27/2026,37020,Non-Taxable Sales,,266.95
07/27/2026,37020,Register Audit,370.4,
07/27/2026,37020,Sales Tax,,236.49
07/27/2026,37020,In-Store Credit Card,1343.25,
07/27/2026,37020,Online Credit card,1457.04,
07/27/2026,37020,Online Credit Card Tips,,40
07/27/2026,37020,In-Store Credit Card Tips,,102.62
07/27/2026,37020,Gift Card,9.82,
07/27/2026,37020,3rd Party - DoorDash,248.93,
07/27/2026,37020,Cash Over/Short Adjustment,,0.23
07/27/2026,37020,Register Audit Adjustment,,2
07/27/2026,49001,Subject to Tax,,4711.45
07/27/2026,49001,3rd Party Tax Exempt,,327.81
07/27/2026,49001,Sales Tax,,376.56
07/27/2026,49001,In-Store Credit Card,2700.32,
07/27/2026,49001,Online Credit card,2116.69,
07/27/2026,49001,Online Gift Card,20.73,
07/27/2026,49001,Online Credit Card Tips,,75.4
07/27/2026,49001,In-Store Credit Card Tips,,191.05
07/27/2026,49001,Online Gift Card Tips,,2
07/27/2026,49001,Gift Card,37.28,
07/27/2026,49001,3rd Party - DoorDash,225.95,
07/27/2026,49001,3rd Party - UberEats,101.86,
07/27/2026,49001,Cash Over/Short Adjustment,0.44,
07/27/2026,49001,Register Audit Adjustment,481,
07/27/2026,49002,Subject to Tax,,3599.4
07/27/2026,49002,3rd Party Tax Exempt,,451.37
07/27/2026,49002,Sales Tax,,287.96
07/27/2026,49002,In-Store Credit Card,2246.21,
07/27/2026,49002,Online Credit card,1300.79,
07/27/2026,49002,Online Credit Card Tips,,46
07/27/2026,49002,In-Store Credit Card Tips,,153.97
07/27/2026,49002,3rd Party - DoorDash,403.67,
07/27/2026,49002,3rd Party - UberEats,47.7,
07/27/2026,49002,Cash Over/Short Adjustment,0.33,
07/27/2026,49002,Register Audit Adjustment,540,
07/27/2026,49003,Subject to Tax,,3481.63
07/27/2026,49003,3rd Party Tax Exempt,,203.62
07/27/2026,49003,Sales Tax,,278.4
07/27/2026,49003,In-Store Credit Card,2281.37,
07/27/2026,49003,Online Credit card,907.21,
07/27/2026,49003,Online Gift Card,18.68,
07/27/2026,49003,Online Credit Card Tips,,36.44
07/27/2026,49003,In-Store Credit Card Tips,,154.03
07/27/2026,49003,Gift Card,24.52,
07/27/2026,49003,3rd Party - DoorDash,114.53,
07/27/2026,49003,3rd Party - GrubHub,20.94,
07/27/2026,49003,3rd Party - UberEats,68.15,
07/27/2026,49003,Cash Over/Short Adjustment,0.72,
07/27/2026,49003,Register Audit Adjustment,718,
07/27/2026,49004,Subject to Tax,,3855.55
07/27/2026,49004,3rd Party Tax Exempt,,725.02
07/27/2026,49004,Register Audit,431,
07/27/2026,49004,Sales Tax,,308.28
07/27/2026,49004,In-Store Credit Card,2499.69,
07/27/2026,49004,Online Credit card,1387.05,
07/27/2026,49004,Online Gift Card,33.05,
07/27/2026,49004,Online Credit Card Tips,,49
07/27/2026,49004,In-Store Credit Card Tips,,138.59
07/27/2026,49004,3rd Party - DoorDash,634.84,
07/27/2026,49004,3rd Party - GrubHub,16.08,
07/27/2026,49004,3rd Party - UberEats,74.1,
07/27/2026,49004,Cash Over/Short Adjustment,0.63,
07/27/2026,49005,Subject to Tax,,4025.65
07/27/2026,49005,3rd Party Tax Exempt,,332.33
07/27/2026,49005,Sales Tax,,322.19
07/27/2026,49005,In-Store Credit Card,2343.99,
07/27/2026,49005,Online Credit card,1518.61,
07/27/2026,49005,Online Gift Card,25,
07/27/2026,49005,Online Credit Card Tips,,70.14
07/27/2026,49005,In-Store Credit Card Tips,,152.44
07/27/2026,49005,Online Gift Card Tips,,5
07/27/2026,49005,Gift Card,15,
07/27/2026,49005,3rd Party - DoorDash,332.33,
07/27/2026,49005,Cash Over/Short Adjustment,0.82,
07/27/2026,49005,Register Audit Adjustment,672,
07/27/2026,49006,Subject to Tax,,5779.95
07/27/2026,49006,3rd Party Tax Exempt,,1031.39
07/27/2026,49006,Register Audit,981,
07/27/2026,49006,Sales Tax,,461.1
07/27/2026,49006,In-Store Credit Card,2969.79,
07/27/2026,49006,Online Credit card,2511.22,
07/27/2026,49006,Online Gift Card,11.15,
07/27/2026,49006,Online Credit Card Tips,,69.61
07/27/2026,49006,In-Store Credit Card Tips,,196.96
07/27/2026,49006,Gift Card,34.83,
07/27/2026,49006,3rd Party - DoorDash,949.5,
07/27/2026,49006,3rd Party - GrubHub,12.54,
07/27/2026,49006,3rd Party - UberEats,69.35,
07/27/2026,49006,Cash Over/Short Adjustment,,0.48
07/27/2026,49006,Register Audit Adjustment,,56
07/27/2026,49007,Subject to Tax,,2262.5
07/27/2026,49007,3rd Party Tax Exempt,,1003.28
07/27/2026,49007,Sales Tax,,180.5
07/27/2026,49007,In-Store Credit Card,1370.25,
07/27/2026,49007,Online Credit card,916.65,
07/27/2026,49007,Online Credit Card Tips,,31
07/27/2026,49007,In-Store Credit Card Tips,,83.57
07/27/2026,49007,Gift Card,25.6,
07/27/2026,49007,3rd Party - DoorDash,805.9,
07/27/2026,49007,3rd Party - GrubHub,75.49,
07/27/2026,49007,3rd Party - UberEats,121.89,
07/27/2026,49007,Cash Over/Short Adjustment,0.07,
07/27/2026,49007,Register Audit Adjustment,245,
07/27/2026,49008,Subject to Tax,,2989.2
07/27/2026,49008,3rd Party Tax Exempt,,676.6
07/27/2026,49008,Sales Tax,,239.27
07/27/2026,49008,In-Store Credit Card,1722.5,
07/27/2026,49008,Online Credit card,1006.61,
07/27/2026,49008,Online Gift Card,5.1,
07/27/2026,49008,Online Credit Card Tips,,35.2
07/27/2026,49008,In-Store Credit Card Tips,,102.86
07/27/2026,49008,Online Gift Card Tips,,1
07/27/2026,49008,Gift Card,39.69,
07/27/2026,49008,3rd Party - DoorDash,647.08,
07/27/2026,49008,3rd Party - GrubHub,29.52,
07/27/2026,49008,Cash Over/Short Adjustment,0.63,
07/27/2026,49008,Register Audit Adjustment,593,
07/27/2026,49009,Subject to Tax,,3810.4
07/27/2026,49009,3rd Party Tax Exempt,,700.44
07/27/2026,49009,Sales Tax,,304.78
07/27/2026,49009,In-Store Credit Card,2495.11,
07/27/2026,49009,Payout,58.54,
07/27/2026,49009,Online Credit card,1149.24,
07/27/2026,49009,Online Credit Card Tips,,29
07/27/2026,49009,In-Store Credit Card Tips,,156.39
07/27/2026,49009,Gift Card,40.5,
07/27/2026,49009,3rd Party - DoorDash,586.95,
07/27/2026,49009,3rd Party - GrubHub,10.74,
07/27/2026,49009,3rd Party - UberEats,102.75,
07/27/2026,49009,Cash Over/Short Adjustment,0.18,
07/27/2026,49009,Register Audit Adjustment,557,
07/27/2026,49010,Subject to Tax,,2735.4
07/27/2026,49010,3rd Party Tax Exempt,,127.37
07/27/2026,49010,Sales Tax,,218.86
07/27/2026,49010,In-Store Credit Card,1715.55,
07/27/2026,49010,Online Credit card,1186.22,
07/27/2026,49010,Online Credit Card Tips,,59
07/27/2026,49010,In-Store Credit Card Tips,,104.79
07/27/2026,49010,Gift Card,25,
07/27/2026,49010,3rd Party - DoorDash,102.65,
07/27/2026,49010,3rd Party - UberEats,24.72,
07/27/2026,49010,Cash Over/Short Adjustment,0.28,
07/27/2026,49010,Register Audit Adjustment,191,
07/27/2026,49011,Subject to Tax,,4214.7
07/27/2026,49011,3rd Party Tax Exempt,,397.9
07/27/2026,49011,Tax Exempt,,41.75
07/27/2026,49011,Register Audit,628,
07/27/2026,49011,Sales Tax,,336.8
07/27/2026,49011,In-Store Credit Card,2335.6,
07/27/2026,49011,Online Credit card,1796.43,
07/27/2026,49011,Online Credit Card Tips,,49.8
07/27/2026,49011,In-Store Credit Card Tips,,177.31
07/27/2026,49011,Gift Card,59.56,
07/27/2026,49011,3rd Party - DoorDash,315.38,
07/27/2026,49011,3rd Party - UberEats,82.52,
07/27/2026,49011,Cash Over/Short Adjustment,0.77,
07/28/2026,2006,Subject to Tax,,193.12
07/28/2026,2006,Non-Taxable Sales,,2584.42
07/28/2026,2006,3rd Party Tax Exempt,,7.68
07/28/2026,2006,Register Audit,270,
07/28/2026,2006,Sales Tax,,13.76
07/28/2026,2006,In-Store Credit Card,1400.43,
07/28/2026,2006,Payout,14.04,
07/28/2026,2006,Online Credit card,763.49,
07/28/2026,2006,Online Credit Card Tips,,24
07/28/2026,2006,In-Store Credit Card Tips,,95.53
07/28/2026,2006,Gift Card,18.25,
07/28/2026,2006,3rd Party - DoorDash,345.51,
07/28/2026,2006,3rd Party - GrubHub,36.59,
07/28/2026,2006,3rd Party - UberEats,85.08,
07/28/2026,2006,Cash Over/Short Adjustment,,0.84
07/28/2026,2016,Subject to Tax,,137.98
07/28/2026,2016,Non-Taxable Sales,,3130.74
07/28/2026,2016,Register Audit,303,
07/28/2026,2016,Sales Tax,,9.35
07/28/2026,2016,In-Store Credit Card,1711.62,
07/28/2026,2016,Online Credit card,975.08,
07/28/2026,2016,Online Gift Card,57.15,
07/28/2026,2016,Online Credit Card Tips,,25
07/28/2026,2016,In-Store Credit Card Tips,,94.18
07/28/2026,2016,Gift Card,64.78,
07/28/2026,2016,3rd Party - DoorDash,269.85,
07/28/2026,2016,3rd Party - UberEats,28.92,
07/28/2026,2016,Payin,,12.79
07/28/2026,2016,Cash Over/Short Adjustment,,0.36
07/28/2026,2017,Subject to Tax,,166.88
07/28/2026,2017,Non-Taxable Sales,,3332.38
07/28/2026,2017,3rd Party Tax Exempt,,22.56
07/28/2026,2017,Register Audit,221,
07/28/2026,2017,Sales Tax,,11.24
07/28/2026,2017,In-Store Credit Card,1611.76,
07/28/2026,2017,Online Credit card,1098.73,
07/28/2026,2017,Online Credit Card Tips,,22
07/28/2026,2017,In-Store Credit Card Tips,,95.93
07/28/2026,2017,Gift Card,25.74,
07/28/2026,2017,3rd Party - DoorDash,608.65,
07/28/2026,2017,3rd Party - UberEats,85.53,
07/28/2026,2017,Cash Over/Short Adjustment,,0.42
07/28/2026,2020,Subject to Tax,,380.12
07/28/2026,2020,Non-Taxable Sales,,2926.59
07/28/2026,2020,3rd Party Tax Exempt,,10.8
07/28/2026,2020,Register Audit,275,
07/28/2026,2020,Sales Tax,,27.22
07/28/2026,2020,In-Store Credit Card,1643.91,
07/28/2026,2020,Payout,64.31,
07/28/2026,2020,Online Credit card,967.92,
07/28/2026,2020,Online Credit Card Tips,,18
07/28/2026,2020,In-Store Credit Card Tips,,86.14
07/28/2026,2020,Gift Card,55.11,
07/28/2026,2020,3rd Party - DoorDash,442.91,
07/28/2026,2020,Cash Over/Short Adjustment,,0.29
07/28/2026,2023,Subject to Tax,,194.1
07/28/2026,2023,Non-Taxable Sales,,3368.05
07/28/2026,2023,3rd Party Tax Exempt,,21.96
07/28/2026,2023,Register Audit,96,
07/28/2026,2023,Sales Tax,,13.26
07/28/2026,2023,In-Store Credit Card,1709.06,
07/28/2026,2023,Payout,39.47,
07/28/2026,2023,Online Credit card,1230.53,
07/28/2026,2023,Online Gift Card,22.01,
07/28/2026,2023,Online Credit Card Tips,,17
07/28/2026,2023,In-Store Credit Card Tips,,109.41
07/28/2026,2023,Gift Card,28.65,
07/28/2026,2023,3rd Party - DoorDash,409.91,
07/28/2026,2023,3rd Party - UberEats,187.84,
07/28/2026,2023,Cash Over/Short Adjustment,0.31,
07/28/2026,2024,Subject to Tax,,182
07/28/2026,2024,Non-Taxable Sales,,2592.61
07/28/2026,2024,3rd Party Tax Exempt,,13.84
07/28/2026,2024,Register Audit,139,
07/28/2026,2024,Sales Tax,,13.23
07/28/2026,2024,In-Store Credit Card,1730.75,
07/28/2026,2024,Online Credit card,649.78,
07/28/2026,2024,Online Credit Card Tips,,11
07/28/2026,2024,In-Store Credit Card Tips,,81
07/28/2026,2024,Gift Card,14.79,
07/28/2026,2024,3rd Party - DoorDash,310.74,
07/28/2026,2024,3rd Party - GrubHub,14.15,
07/28/2026,2024,3rd Party - UberEats,34.5,
07/28/2026,2024,Cash Over/Short Adjustment,,0.03
07/28/2026,2047,Subject to Tax,,214.61
07/28/2026,2047,Non-Taxable Sales,,3126.71
07/28/2026,2047,3rd Party Tax Exempt,,18.24
07/28/2026,2047,Register Audit,243,
07/28/2026,2047,Sales Tax,,15.3
07/28/2026,2047,In-Store Credit Card,1702.46,
07/28/2026,2047,Online Credit card,747.58,
07/28/2026,2047,Online Gift Card,40.95,
07/28/2026,2047,Online Credit Card Tips,,10.77
07/28/2026,2047,In-Store Credit Card Tips,,87.81
07/28/2026,2047,Online Gift Card Tips,,2
07/28/2026,2047,Gift Card,90.49,
07/28/2026,2047,3rd Party - DoorDash,492.79,
07/28/2026,2047,3rd Party - GrubHub,52.92,
07/28/2026,2047,3rd Party - UberEats,105.54,
07/28/2026,2047,Cash Over/Short Adjustment,,0.29
07/28/2026,4003,Subject to Tax,,4169.75
07/28/2026,4003,Tax Exempt,,638.95
07/28/2026,4003,Register Audit,296,
07/28/2026,4003,Sales Tax,,406.59
07/28/2026,4003,In-Store Credit Card,2872.89,
07/28/2026,4003,Payout,6.39,
07/28/2026,4003,Online Credit card,1127.7,
07/28/2026,4003,Online Gift Card,47.78,
07/28/2026,4003,Online Credit Card Tips,,52
07/28/2026,4003,In-Store Credit Card Tips,,181.33
07/28/2026,4003,Online Gift Card Tips,,3
07/28/2026,4003,Gift Card,12.36,
07/28/2026,4003,3rd Party - DoorDash,601.57,
07/28/2026,4003,3rd Party - GrubHub,57,
07/28/2026,4003,3rd Party - UberEats,429.63,
07/28/2026,4003,Cash Over/Short Adjustment,0.3,
07/28/2026,4004,Subject to Tax,,4732.93
07/28/2026,4004,Sales Tax,,461.49
07/28/2026,4004,In-Store Credit Card,2242.47,
07/28/2026,4004,Online Credit card,1434.77,
07/28/2026,4004,Online Credit Card Tips,,35
07/28/2026,4004,In-Store Credit Card Tips,,126.73
07/28/2026,4004,3rd Party - DoorDash,729.54,
07/28/2026,4004,3rd Party - GrubHub,26.08,
07/28/2026,4004,3rd Party - UberEats,763.55,
07/28/2026,4004,Cash Over/Short Adjustment,0.74,
07/28/2026,4004,Register Audit Adjustment,159,
07/28/2026,4005,Subject to Tax,,4108.63
07/28/2026,4005,Register Audit,339,
07/28/2026,4005,Sales Tax,,400.65
07/28/2026,4005,In-Store Credit Card,3113.52,
07/28/2026,4005,Online Credit card,875.64,
07/28/2026,4005,In-Store Credit Card Tips,,238.89
07/28/2026,4005,Gift Card,3.1,
07/28/2026,4005,3rd Party - DoorDash,225.82,
07/28/2026,4005,3rd Party - GrubHub,34.77,
07/28/2026,4005,3rd Party - UberEats,156.12,
07/28/2026,4005,Cash Over/Short Adjustment,0.2,
07/28/2026,4008,Subject to Tax,,3006.61
07/28/2026,4008,Register Audit,372,
07/28/2026,4008,Sales Tax,,293.12
07/28/2026,4008,In-Store Credit Card,1636,
07/28/2026,4008,Online Credit card,861.09,
07/28/2026,4008,Online Gift Card,15.82,
07/28/2026,4008,Online Credit Card Tips,,14
07/28/2026,4008,In-Store Credit Card Tips,,101.92
07/28/2026,4008,Online Gift Card Tips,,1
07/28/2026,4008,Gift Card,20,
07/28/2026,4008,3rd Party - DoorDash,309.8,
07/28/2026,4008,3rd Party - GrubHub,23.97,
07/28/2026,4008,3rd Party - UberEats,178.06,
07/28/2026,4008,Cash Over/Short Adjustment,,0.09
07/28/2026,4009,Subject to Tax,,3571.54
07/28/2026,4009,Register Audit,303,
07/28/2026,4009,Sales Tax,,348.16
07/28/2026,4009,In-Store Credit Card,1938.33,
07/28/2026,4009,Payout,51.54,
07/28/2026,4009,Online Credit card,1070.18,
07/28/2026,4009,Online Gift Card,9.93,
07/28/2026,4009,Online Credit Card Tips,,37
07/28/2026,4009,In-Store Credit Card Tips,,97.44
07/28/2026,4009,Gift Card,37.66,
07/28/2026,4009,3rd Party - DoorDash,610.24,
07/28/2026,4009,3rd Party - UberEats,33.97,
07/28/2026,4009,Cash Over/Short Adjustment,,0.71
07/28/2026,4010,Subject to Tax,,3044.05
07/28/2026,4010,Register Audit,194,
07/28/2026,4010,Sales Tax,,296.75
07/28/2026,4010,In-Store Credit Card,1715.94,
07/28/2026,4010,Payout,80,
07/28/2026,4010,Online Credit card,582.3,
07/28/2026,4010,Online Gift Card,5,
07/28/2026,4010,In-Store Credit Card Tips,,156.66
07/28/2026,4010,Gift Card,13.83,
07/28/2026,4010,3rd Party - DoorDash,497.88,
07/28/2026,4010,3rd Party - GrubHub,80.23,
07/28/2026,4010,3rd Party - UberEats,328.19,
07/28/2026,4010,Cash Over/Short Adjustment,0.09,
07/28/2026,4015,Subject to Tax,,4352.95
07/28/2026,4015,Register Audit,374,
07/28/2026,4015,Sales Tax,,424.3
07/28/2026,4015,In-Store Credit Card,2717.99,
07/28/2026,4015,Online Credit card,1265.76,
07/28/2026,4015,Online Credit Card Tips,,57.5
07/28/2026,4015,In-Store Credit Card Tips,,180.21
07/28/2026,4015,Gift Card,22.71,
07/28/2026,4015,3rd Party - DoorDash,458.53,
07/28/2026,4015,3rd Party - UberEats,175.83,
07/28/2026,4015,Cash Over/Short Adjustment,0.14,
07/28/2026,4021,Subject to Tax,,3855.44
07/28/2026,4021,Sales Tax,,375.88
07/28/2026,4021,In-Store Credit Card,2338.1,
07/28/2026,4021,Online Credit card,992.18,
07/28/2026,4021,Online Credit Card Tips,,25
07/28/2026,4021,In-Store Credit Card Tips,,154.98
07/28/2026,4021,Gift Card,8.92,
07/28/2026,4021,3rd Party - DoorDash,454.29,
07/28/2026,4021,3rd Party - UberEats,359.53,
07/28/2026,4021,Cash Over/Short Adjustment,0.28,
07/28/2026,4021,Register Audit Adjustment,258,
07/28/2026,4025,Subject to Tax,,2961.42
07/28/2026,4025,Register Audit,238,
07/28/2026,4025,Sales Tax,,288.76
07/28/2026,4025,In-Store Credit Card,1645.63,
07/28/2026,4025,Online Credit card,959.83,
07/28/2026,4025,Online Credit Card Tips,,45.1
07/28/2026,4025,In-Store Credit Card Tips,,109.97
07/28/2026,4025,Gift Card,11.74,
07/28/2026,4025,3rd Party - DoorDash,396.8,
07/28/2026,4025,3rd Party - UberEats,153.95,
07/28/2026,4025,Cash Over/Short Adjustment,,0.7
07/28/2026,4027,Subject to Tax,,4274.61
07/28/2026,4027,Sales Tax,,416.69
07/28/2026,4027,In-Store Credit Card,2124.88,
07/28/2026,4027,Online Credit card,861.53,
07/28/2026,4027,In-Store Credit Card Tips,,104.67
07/28/2026,4027,Gift Card,34.05,
07/28/2026,4027,3rd Party - DoorDash,696.74,
07/28/2026,4027,3rd Party - UberEats,727.95,
07/28/2026,4027,Cash Over/Short Adjustment,0.82,
07/28/2026,4027,Register Audit Adjustment,350,
07/28/2026,4034,Subject to Tax,,4166.84
07/28/2026,4034,Register Audit,325,
07/28/2026,4034,Sales Tax,,406.27
07/28/2026,4034,In-Store Credit Card,2181.17,
07/28/2026,4034,Online Credit card,1512.21,
07/28/2026,4034,Online Gift Card,17.39,
07/28/2026,4034,Online Credit Card Tips,,26.26
07/28/2026,4034,In-Store Credit Card Tips,,101.45
07/28/2026,4034,Online Gift Card Tips,,3
07/28/2026,4034,Gift Card,41.62,
07/28/2026,4034,3rd Party - DoorDash,627.41,
07/28/2026,4034,Cash Over/Short Adjustment,,0.98
07/28/2026,4036,Subject to Tax,,3456
07/28/2026,4036,Register Audit,205,
07/28/2026,4036,Sales Tax,,336.88
07/28/2026,4036,In-Store Credit Card,2086.01,
07/28/2026,4036,Payout,50,
07/28/2026,4036,Online Credit card,606.76,
07/28/2026,4036,Online Credit Card Tips,,26.04
07/28/2026,4036,In-Store Credit Card Tips,,119.09
07/28/2026,4036,Gift Card,25.62,
07/28/2026,4036,3rd Party - DoorDash,668.45,
07/28/2026,4036,3rd Party - GrubHub,29.29,
07/28/2026,4036,3rd Party - UberEats,256.72,
07/28/2026,4036,Cash Over/Short Adjustment,0.16,
07/28/2026,4036,Register Audit Adjustment,10,
07/28/2026,4042,Subject to Tax,,4882.47
07/28/2026,4042,Sales Tax,,476.09
07/28/2026,4042,In-Store Credit Card,2661.2,
07/28/2026,4042,Online Credit card,1308.01,
07/28/2026,4042,Online Gift Card,30.08,
07/28/2026,4042,Online Credit Card Tips,,37.5
07/28/2026,4042,In-Store Credit Card Tips,,134.75
07/28/2026,4042,Gift Card,31.71,
07/28/2026,4042,3rd Party - DoorDash,919.26,
07/28/2026,4042,3rd Party - UberEats,227.23,
07/28/2026,4042,Cash Over/Short Adjustment,0.32,
07/28/2026,4042,Register Audit Adjustment,353,
07/28/2026,4052,Subject to Tax,,5061.62
07/28/2026,4052,Register Audit,808,
07/28/2026,4052,Sales Tax,,493.57
07/28/2026,4052,In-Store Credit Card,2571.31,
07/28/2026,4052,Payout,2.12,
07/28/2026,4052,Online Credit card,1717.42,
07/28/2026,4052,Online Gift Card,34.13,
07/28/2026,4052,Online Credit Card Tips,,39.46
07/28/2026,4052,In-Store Credit Card Tips,,126.91
07/28/2026,4052,Gift Card,77.24,
07/28/2026,4052,3rd Party - DoorDash,422.42,
07/28/2026,4052,3rd Party - UberEats,85.7,
07/28/2026,4052,Cash Over/Short Adjustment,0.22,
07/28/2026,4052,Register Audit Adjustment,3,
07/28/2026,4061,Subject to Tax,,3826.85
07/28/2026,4061,Register Audit,581,
07/28/2026,4061,Sales Tax,,373.12
07/28/2026,4061,In-Store Credit Card,2129.12,
07/28/2026,4061,Payout,20,
07/28/2026,4061,Online Credit card,930.18,
07/28/2026,4061,Online Credit Card Tips,,31
07/28/2026,4061,In-Store Credit Card Tips,,104.37
07/28/2026,4061,3rd Party - DoorDash,464.15,
07/28/2026,4061,3rd Party - UberEats,211.19,
07/28/2026,4061,Cash Over/Short Adjustment,,0.3
07/28/2026,4074,Subject to Tax,,2838.72
07/28/2026,4074,Register Audit,163,
07/28/2026,4074,Sales Tax,,276.7
07/28/2026,4074,In-Store Credit Card,1738.94,
07/28/2026,4074,Online Credit card,959.24,
07/28/2026,4074,Online Credit Card Tips,,36
07/28/2026,4074,In-Store Credit Card Tips,,110.94
07/28/2026,4074,Gift Card,15,
07/28/2026,4074,3rd Party - DoorDash,186.59,
07/28/2026,4074,3rd Party - UberEats,200.51,
07/28/2026,4074,Cash Over/Short Adjustment,,0.92
07/28/2026,5042,Subject to Tax,,3524.83
07/28/2026,5042,Non-Taxable Sales,,10.5
07/28/2026,5042,3rd Party Tax Exempt,,345.85
07/28/2026,5042,Register Audit,244,
07/28/2026,5042,Sales Tax,,243.12
07/28/2026,5042,In-Store Credit Card,2447.96,
07/28/2026,5042,Payout,5.33,
07/28/2026,5042,Online Credit card,1284.47,
07/28/2026,5042,Online Credit Card Tips,,55
07/28/2026,5042,In-Store Credit Card Tips,,205.97
07/28/2026,5042,Gift Card,58.63,
07/28/2026,5042,3rd Party - DoorDash,221.8,
07/28/2026,5042,3rd Party - GrubHub,12.59,
07/28/2026,5042,3rd Party - UberEats,111.46,
07/28/2026,5042,Cash Over/Short Adjustment,,0.97
07/28/2026,5043,Subject to Tax,,6099.2
07/28/2026,5043,Non-Taxable Sales,,43
07/28/2026,5043,3rd Party Tax Exempt,,1134.26
07/28/2026,5043,Tax Exempt,,187.74
07/28/2026,5043,Sales Tax,,419.54
07/28/2026,5043,In-Store Credit Card,3266.04,
07/28/2026,5043,Online Credit card,2901.65,
07/28/2026,5043,Online Gift Card,12.46,
07/28/2026,5043,Online Credit Card Tips,,64.32
07/28/2026,5043,In-Store Credit Card Tips,,148.05
07/28/2026,5043,Gift Card,10,
07/28/2026,5043,3rd Party - DoorDash,748.29,
07/28/2026,5043,3rd Party - GrubHub,17.38,
07/28/2026,5043,3rd Party - UberEats,368.59,
07/28/2026,5043,Cash Over/Short Adjustment,0.7,
07/28/2026,5043,Register Audit Adjustment,771,
07/28/2026,5049,Subject to Tax,,2989.5
07/28/2026,5049,Non-Taxable Sales,,26.5
07/28/2026,5049,3rd Party Tax Exempt,,512.42
07/28/2026,5049,Register Audit,369,
07/28/2026,5049,Sales Tax,,242.88
07/28/2026,5049,In-Store Credit Card,2266.52,
07/28/2026,5049,Online Credit card,732.23,
07/28/2026,5049,Online Gift Card,10,
07/28/2026,5049,Online Credit Card Tips,,27
07/28/2026,5049,In-Store Credit Card Tips,,122.09
07/28/2026,5049,Gift Card,30.5,
07/28/2026,5049,3rd Party - DoorDash,499.58,
07/28/2026,5049,3rd Party - UberEats,12.84,
07/28/2026,5049,Cash Over/Short Adjustment,,0.28
07/28/2026,5051,Subject to Tax,,3015.95
07/28/2026,5051,Non-Taxable Sales,,33
07/28/2026,5051,3rd Party Tax Exempt,,781.65
07/28/2026,5051,Register Audit,228,
07/28/2026,5051,Sales Tax,,205.82
07/28/2026,5051,In-Store Credit Card,1991.9,
07/28/2026,5051,Online Credit card,1127.45,
07/28/2026,5051,Online Credit Card Tips,,25
07/28/2026,5051,In-Store Credit Card Tips,,91.78
07/28/2026,5051,Gift Card,24.98,
07/28/2026,5051,3rd Party - DoorDash,680.87,
07/28/2026,5051,3rd Party - UberEats,100.78,
07/28/2026,5051,Cash Over/Short Adjustment,,0.78
07/28/2026,5057,Subject to Tax,,3201.55
07/28/2026,5057,Non-Taxable Sales,,29.5
07/28/2026,5057,3rd Party Tax Exempt,,407.18
07/28/2026,5057,Register Audit,400,
07/28/2026,5057,Sales Tax,,253.34
07/28/2026,5057,In-Store Credit Card,2281.91,
07/28/2026,5057,Payout,5.55,
07/28/2026,5057,Online Credit card,1027.43,
07/28/2026,5057,Online Credit Card Tips,,25
07/28/2026,5057,In-Store Credit Card Tips,,166.84
07/28/2026,5057,Gift Card,2.32,
07/28/2026,5057,3rd Party - DoorDash,256.44,
07/28/2026,5057,3rd Party - UberEats,150.74,
07/28/2026,5057,Cash Over/Short Adjustment,,0.98
07/28/2026,5057,Register Audit Adjustment,,40
07/28/2026,5059,Subject to Tax,,2293.55
07/28/2026,5059,Non-Taxable Sales,,5.5
07/28/2026,5059,3rd Party Tax Exempt,,570.63
07/28/2026,5059,Sales Tax,,159.08
07/28/2026,5059,In-Store Credit Card,1850.36,
07/28/2026,5059,Payout,48.48,
07/28/2026,5059,Online Credit card,428.4,
07/28/2026,5059,Online Gift Card,7.29,
07/28/2026,5059,Online Credit Card Tips,,5.74
07/28/2026,5059,In-Store Credit Card Tips,,98.35
07/28/2026,5059,Gift Card,24.55,
07/28/2026,5059,3rd Party - DoorDash,399,
07/28/2026,5059,3rd Party - GrubHub,16.85,
07/28/2026,5059,3rd Party - UberEats,154.78,
07/28/2026,5059,Cash Over/Short Adjustment,0.14,
07/28/2026,5059,Register Audit Adjustment,203,
07/28/2026,5062,Subject to Tax,,2914.7
07/28/2026,5062,Non-Taxable Sales,,10
07/28/2026,5062,3rd Party Tax Exempt,,429.66
07/28/2026,5062,Sales Tax,,200.16
07/28/2026,5062,In-Store Credit Card,2272.18,
07/28/2026,5062,Online Credit card,903.76,
07/28/2026,5062,Online Credit Card Tips,,30.5
07/28/2026,5062,In-Store Credit Card Tips,,146.36
07/28/2026,5062,Gift Card,9.68,
07/28/2026,5062,3rd Party - DoorDash,267.57,
07/28/2026,5062,3rd Party - UberEats,162.09,
07/28/2026,5062,Cash Over/Short Adjustment,0.1,
07/28/2026,5062,Register Audit Adjustment,116,
07/28/2026,5101,Subject to Tax,,2738.9
07/28/2026,5101,3rd Party Tax Exempt,,338.12
07/28/2026,5101,Register Audit,276,
07/28/2026,5101,Sales Tax,,189.3
07/28/2026,5101,In-Store Credit Card,1798.87,
07/28/2026,5101,Online Credit card,932.09,
07/28/2026,5101,Online Gift Card,41.89,
07/28/2026,5101,Online Credit Card Tips,,30.2
07/28/2026,5101,In-Store Credit Card Tips,,90.41
07/28/2026,5101,3rd Party - DoorDash,306.45,
07/28/2026,5101,3rd Party - UberEats,31.67,
07/28/2026,5101,Cash Over/Short Adjustment,,0.04
07/28/2026,5112,Subject to Tax,,2981.1
07/28/2026,5112,Non-Taxable Sales,,5.5
07/28/2026,5112,3rd Party Tax Exempt,,549.19
07/28/2026,5112,Register Audit,313,
07/28/2026,5112,Sales Tax,,235.53
07/28/2026,5112,In-Store Credit Card,1863.51,
07/28/2026,5112,Payout,24.18,
07/28/2026,5112,Online Credit card,1153.08,
07/28/2026,5112,Online Credit Card Tips,,28
07/28/2026,5112,In-Store Credit Card Tips,,103.11
07/28/2026,5112,3rd Party - DoorDash,535.04,
07/28/2026,5112,3rd Party - UberEats,14.15,
07/28/2026,5112,Cash Over/Short Adjustment,,0.53
07/28/2026,5127,Subject to Tax,,4348.85
07/28/2026,5127,Non-Taxable Sales,,11
07/28/2026,5127,3rd Party Tax Exempt,,171.54
07/28/2026,5127,Register Audit,559,
07/28/2026,5127,Sales Tax,,342.47
07/28/2026,5127,In-Store Credit Card,2985.28,
07/28/2026,5127,Payout,4.36,
07/28/2026,5127,Online Credit card,1381.67,
07/28/2026,5127,Online Gift Card,11.56,
07/28/2026,5127,Online Credit Card Tips,,37
07/28/2026,5127,In-Store Credit Card Tips,,220.11
07/28/2026,5127,Gift Card,17.59,
07/28/2026,5127,3rd Party - DoorDash,171.54,
07/28/2026,5127,Cash Over/Short Adjustment,,0.03
07/28/2026,6021,Subject to Tax,,3373.67
07/28/2026,6021,Non-Taxable Sales,,15
07/28/2026,6021,3rd Party Tax Exempt,,79.8
07/28/2026,6021,Register Audit,65,
07/28/2026,6021,Sales Tax,,320.51
07/28/2026,6021,In-Store Credit Card,1938.99,
07/28/2026,6021,Payout,9.25,
07/28/2026,6021,Online Credit card,993.84,
07/28/2026,6021,Online Credit Card Tips,,34
07/28/2026,6021,In-Store Credit Card Tips,,136.46
07/28/2026,6021,Gift Card,25,
07/28/2026,6021,3rd Party - DoorDash,807.15,
07/28/2026,6021,3rd Party - GrubHub,41.32,
07/28/2026,6021,3rd Party - UberEats,79.8,
07/28/2026,6021,Cash Over/Short Adjustment,,0.91
07/28/2026,6026,Subject to Tax,,3283.56
07/28/2026,6026,Non-Taxable Sales,,53.5
07/28/2026,6026,3rd Party Tax Exempt,,88.48
07/28/2026,6026,Sales Tax,,197.01
07/28/2026,6026,In-Store Credit Card,2105.59,
07/28/2026,6026,Online Credit card,875.5,
07/28/2026,6026,Online Credit Card Tips,,21.84
07/28/2026,6026,In-Store Credit Card Tips,,110.32
07/28/2026,6026,Gift Card,17.86,
07/28/2026,6026,3rd Party - DoorDash,410.14,
07/28/2026,6026,3rd Party - GrubHub,20.34,
07/28/2026,6026,3rd Party - UberEats,88.48,
07/28/2026,6026,Cash Over/Short Adjustment,0.8,
07/28/2026,6026,Register Audit Adjustment,236,
07/28/2026,6032,Subject to Tax,,3596.17
07/28/2026,6032,Non-Taxable Sales,,26.5
07/28/2026,6032,3rd Party Tax Exempt,,117.2
07/28/2026,6032,Sales Tax,,215.71
07/28/2026,6032,In-Store Credit Card,2245.51,
07/28/2026,6032,Online Credit card,1034.88,
07/28/2026,6032,Online Credit Card Tips,,19
07/28/2026,6032,In-Store Credit Card Tips,,166.28
07/28/2026,6032,3rd Party - DoorDash,580.97,
07/28/2026,6032,3rd Party - GrubHub,36.37,
07/28/2026,6032,3rd Party - UberEats,117.2,
07/28/2026,6032,Cash Over/Short Adjustment,0.93,
07/28/2026,6032,Register Audit Adjustment,125,
07/28/2026,6037,Subject to Tax,,2977.04
07/28/2026,6037,Non-Taxable Sales,,5
07/28/2026,6037,Tax Exempt,,2.8
07/28/2026,6037,Register Audit,173,
07/28/2026,6037,Sales Tax,,327.54
07/28/2026,6037,In-Store Credit Card,2138.85,
07/28/2026,6037,Online Credit card,990.09,
07/28/2026,6037,Online Credit Card Tips,,27
07/28/2026,6037,In-Store Credit Card Tips,,117.78
07/28/2026,6037,Gift Card,27.48,
07/28/2026,6037,3rd Party - GrubHub,26.5,
07/28/2026,6037,3rd Party - UberEats,101.68,
07/28/2026,6037,Cash Over/Short Adjustment,,0.44
07/28/2026,6039,Subject to Tax,,3528.65
07/28/2026,6039,Non-Taxable Sales,,12
07/28/2026,6039,3rd Party Tax Exempt,,298.35
07/28/2026,6039,Sales Tax,,211.69
07/28/2026,6039,In-Store Credit Card,2457.39,
07/28/2026,6039,Online Credit card,727.37,
07/28/2026,6039,Online Credit Card Tips,,26
07/28/2026,6039,In-Store Credit Card Tips,,176.83
07/28/2026,6039,Gift Card,32.01,
07/28/2026,6039,3rd Party - DoorDash,470.99,
07/28/2026,6039,3rd Party - GrubHub,34.01,
07/28/2026,6039,3rd Party - UberEats,298.35,
07/28/2026,6039,Cash Over/Short Adjustment,0.4,
07/28/2026,6039,Register Audit Adjustment,233,
07/28/2026,6044,Subject to Tax,,3768.69
07/28/2026,6044,Non-Taxable Sales,,34
07/28/2026,6044,Sales Tax,,425.9
07/28/2026,6044,In-Store Credit Card,2360.57,
07/28/2026,6044,Payout,25.15,
07/28/2026,6044,Online Credit card,1151.49,
07/28/2026,6044,Online Gift Card,15,
07/28/2026,6044,Online Credit Card Tips,,21
07/28/2026,6044,In-Store Credit Card Tips,,115.49
07/28/2026,6044,3rd Party - DoorDash,480.46,
07/28/2026,6044,Cash Over/Short Adjustment,0.41,
07/28/2026,6044,Register Audit Adjustment,332,
07/28/2026,6065,Subject to Tax,,2827.05
07/28/2026,6065,Non-Taxable Sales,,10
07/28/2026,6065,3rd Party Tax Exempt,,171.88
07/28/2026,6065,Sales Tax,,282.87
07/28/2026,6065,In-Store Credit Card,1513.67,
07/28/2026,6065,Online Credit card,745.51,
07/28/2026,6065,Online Gift Card,57.51,
07/28/2026,6065,Online Credit Card Tips,,27
07/28/2026,6065,In-Store Credit Card Tips,,85.28
07/28/2026,6065,Online Gift Card Tips,,3
07/28/2026,6065,Gift Card,26.77,
07/28/2026,6065,3rd Party - DoorDash,372.1,
07/28/2026,6065,3rd Party - GrubHub,274.74,
07/28/2026,6065,3rd Party - UberEats,171.88,
07/28/2026,6065,Cash Over/Short Adjustment,0.9,
07/28/2026,6065,Register Audit Adjustment,244,
07/28/2026,6067,Subject to Tax,,2699.86
07/28/2026,6067,Non-Taxable Sales,,10
07/28/2026,6067,3rd Party Tax Exempt,,92.4
07/28/2026,6067,Sales Tax,,305.16
07/28/2026,6067,In-Store Credit Card,1629.78,
07/28/2026,6067,Payout,63.01,
07/28/2026,6067,Online Credit card,1024.21,
07/28/2026,6067,Online Gift Card,11.91,
07/28/2026,6067,Online Credit Card Tips,,24.33
07/28/2026,6067,In-Store Credit Card Tips,,147.81
07/28/2026,6067,Gift Card,28.68,
07/28/2026,6067,3rd Party - DoorDash,110.48,
07/28/2026,6067,3rd Party - UberEats,92.4,
07/28/2026,6067,Cash Over/Short Adjustment,0.09,
07/28/2026,6067,Register Audit Adjustment,319,
07/28/2026,6072,Subject to Tax,,3801.32
07/28/2026,6072,Non-Taxable Sales,,20
07/28/2026,6072,3rd Party Tax Exempt,,219.61
07/28/2026,6072,Register Audit,333,
07/28/2026,6072,Sales Tax,,448.58
07/28/2026,6072,In-Store Credit Card,2299.1,
07/28/2026,6072,Online Credit card,1216.45,
07/28/2026,6072,Online Gift Card,20,
07/28/2026,6072,Online Credit Card Tips,,36
07/28/2026,6072,In-Store Credit Card Tips,,148.87
07/28/2026,6072,Gift Card,16.6,
07/28/2026,6072,3rd Party - DoorDash,556.15,
07/28/2026,6072,3rd Party - GrubHub,14.36,
07/28/2026,6072,3rd Party - UberEats,219.61,
07/28/2026,6072,Cash Over/Short Adjustment,,0.89
07/28/2026,6074,Subject to Tax,,1895.88
07/28/2026,6074,Non-Taxable Sales,,11
07/28/2026,6074,3rd Party Tax Exempt,,358.71
07/28/2026,6074,Register Audit,111,
07/28/2026,6074,Sales Tax,,170.61
07/28/2026,6074,In-Store Credit Card,1427.7,
07/28/2026,6074,Online Credit card,605.77,
07/28/2026,6074,Online Credit Card Tips,,21
07/28/2026,6074,In-Store Credit Card Tips,,100.96
07/28/2026,6074,Gift Card,28.06,
07/28/2026,6074,3rd Party - GrubHub,27.34,
07/28/2026,6074,3rd Party - UberEats,358.71,
07/28/2026,6074,Cash Over/Short Adjustment,,0.42
07/28/2026,6076,Subject to Tax,,2055.82
07/28/2026,6076,Non-Taxable Sales,,26
07/28/2026,6076,3rd Party Tax Exempt,,84.46
07/28/2026,6076,Sales Tax,,185.02
07/28/2026,6076,In-Store Credit Card,1182.18,
07/28/2026,6076,Online Credit card,597.08,
07/28/2026,6076,Online Credit Card Tips,,4
07/28/2026,6076,In-Store Credit Card Tips,,68.66
07/28/2026,6076,3rd Party - DoorDash,349.05,
07/28/2026,6076,3rd Party - UberEats,84.46,
07/28/2026,6076,Cash Over/Short Adjustment,0.19,
07/28/2026,6076,Register Audit Adjustment,211,
07/28/2026,6083,Subject to Tax,,2475.25
07/28/2026,6083,Non-Taxable Sales,,18
07/28/2026,6083,Register Audit,90.3,
07/28/2026,6083,Sales Tax,,222.75
07/28/2026,6083,In-Store Credit Card,1350.14,
07/28/2026,6083,Online Credit card,1281.06,
07/28/2026,6083,Online Credit Card Tips,,20
07/28/2026,6083,In-Store Credit Card Tips,,71.53
07/28/2026,6083,Gift Card,7.22,
07/28/2026,6083,3rd Party - DoorDash,67.1,
07/28/2026,6083,3rd Party - GrubHub,11.71,
07/28/2026,6088,Subject to Tax,,2681.35
07/28/2026,6088,Non-Taxable Sales,,10
07/28/2026,6088,3rd Party Tax Exempt,,31.08
07/28/2026,6088,Register Audit,190,
07/28/2026,6088,Sales Tax,,268.34
07/28/2026,6088,In-Store Credit Card,1624.18,
07/28/2026,6088,Online Credit card,881.58,
07/28/2026,6088,Online Credit Card Tips,,29
07/28/2026,6088,In-Store Credit Card Tips,,100.8
07/28/2026,6088,3rd Party - DoorDash,339.67,
07/28/2026,6088,3rd Party - GrubHub,50.28,
07/28/2026,6088,3rd Party - UberEats,31.08,
07/28/2026,6088,Cash Over/Short Adjustment,0.78,
07/28/2026,6088,Register Audit Adjustment,3,
07/28/2026,6093,Subject to Tax,,2542.3
07/28/2026,6093,Non-Taxable Sales,,5
07/28/2026,6093,Register Audit,261,
07/28/2026,6093,Sales Tax,,287.32
07/28/2026,6093,In-Store Credit Card,1600.94,
07/28/2026,6093,Online Credit card,1070,
07/28/2026,6093,Online Credit Card Tips,,38
07/28/2026,6093,In-Store Credit Card Tips,,110.92
07/28/2026,6093,Gift Card,25,
07/28/2026,6093,3rd Party - DoorDash,27.38,
07/28/2026,6093,Cash Over/Short Adjustment,,0.78
07/28/2026,6094,Subject to Tax,,1882.37
07/28/2026,6094,Non-Taxable Sales,,32.5
07/28/2026,6094,Register Audit,74,
07/28/2026,6094,Sales Tax,,188.32
07/28/2026,6094,In-Store Credit Card,977.92,
07/28/2026,6094,Online Credit card,966.08,
07/28/2026,6094,Online Credit Card Tips,,28
07/28/2026,6094,In-Store Credit Card Tips,,77.78
07/28/2026,6094,3rd Party - DoorDash,152.17,
07/28/2026,6094,3rd Party - GrubHub,38.59,
07/28/2026,6094,Cash Over/Short Adjustment,0.21,
07/28/2026,6102,Subject to Tax,,2683.86
07/28/2026,6102,Non-Taxable Sales,,10.5
07/28/2026,6102,Tax Exempt,,78.45
07/28/2026,6102,Sales Tax,,268.44
07/28/2026,6102,In-Store Credit Card,1425.55,
07/28/2026,6102,Online Credit card,789.97,
07/28/2026,6102,Online Credit Card Tips,,29
07/28/2026,6102,In-Store Credit Card Tips,,82.22
07/28/2026,6102,3rd Party - DoorDash,307.3,
07/28/2026,6102,3rd Party - GrubHub,87.16,
07/28/2026,6102,3rd Party - UberEats,389.09,
07/28/2026,6102,Cash Over/Short Adjustment,0.4,
07/28/2026,6102,Register Audit Adjustment,153,
07/28/2026,7024,Subject to Tax,,3582.4
07/28/2026,7024,3rd Party Tax Exempt,,749.01
07/28/2026,7024,Sales Tax,,312.76
07/28/2026,7024,In-Store Credit Card,2728.73,
07/28/2026,7024,Online Credit card,859.13,
07/28/2026,7024,Online Credit Card Tips,,34
07/28/2026,7024,In-Store Credit Card Tips,,164
07/28/2026,7024,Gift Card,38.24,
07/28/2026,7024,3rd Party - DoorDash,706.29,
07/28/2026,7024,3rd Party - GrubHub,42.72,
07/28/2026,7024,Cash Over/Short Adjustment,0.06,
07/28/2026,7024,Register Audit Adjustment,467,
07/28/2026,7032,Subject to Tax,,2993.55
07/28/2026,7032,3rd Party Tax Exempt,,641.53
07/28/2026,7032,Register Audit,567,
07/28/2026,7032,Sales Tax,,257.78
07/28/2026,7032,In-Store Credit Card,1771.89,
07/28/2026,7032,Online Credit card,1049.95,
07/28/2026,7032,Online Credit Card Tips,,30
07/28/2026,7032,In-Store Credit Card Tips,,108.04
07/28/2026,7032,3rd Party - DoorDash,552.38,
07/28/2026,7032,3rd Party - UberEats,89.15,
07/28/2026,7032,Cash Over/Short Adjustment,0.53,
07/28/2026,7039,Subject to Tax,,2115.7
07/28/2026,7039,3rd Party Tax Exempt,,315.71
07/28/2026,7039,Sales Tax,,182.4
07/28/2026,7039,In-Store Credit Card,1386.91,
07/28/2026,7039,Online Credit card,731.54,
07/28/2026,7039,Online Credit Card Tips,,21.69
07/28/2026,7039,In-Store Credit Card Tips,,102.34
07/28/2026,7039,Gift Card,10.79,
07/28/2026,7039,3rd Party - DoorDash,286.38,
07/28/2026,7039,3rd Party - UberEats,29.33,
07/28/2026,7039,Cash Over/Short Adjustment,0.89,
07/28/2026,7039,Register Audit Adjustment,292,
07/28/2026,7049,Subject to Tax,,4015.6
07/28/2026,7049,3rd Party Tax Exempt,,763.24
07/28/2026,7049,Sales Tax,,342.55
07/28/2026,7049,In-Store Credit Card,2354.15,
07/28/2026,7049,Online Credit card,1885.36,
07/28/2026,7049,Online Gift Card,22.63,
07/28/2026,7049,Online Credit Card Tips,,92
07/28/2026,7049,In-Store Credit Card Tips,,133.17
07/28/2026,7049,Online Gift Card Tips,,1
07/28/2026,7049,3rd Party - DoorDash,636.66,
07/28/2026,7049,3rd Party - UberEats,126.58,
07/28/2026,7049,Cash Over/Short Adjustment,0.18,
07/28/2026,7049,Register Audit Adjustment,322,
07/28/2026,7066,Subject to Tax,,2541.45
07/28/2026,7066,3rd Party Tax Exempt,,272.09
07/28/2026,7066,Sales Tax,,218.16
07/28/2026,7066,In-Store Credit Card,1512.87,
07/28/2026,7066,Online Credit card,1046.08,
07/28/2026,7066,Online Credit Card Tips,,42
07/28/2026,7066,In-Store Credit Card Tips,,101.86
07/28/2026,7066,Gift Card,10,
07/28/2026,7066,3rd Party - DoorDash,272.09,
07/28/2026,7066,Cash Over/Short Adjustment,0.52,
07/28/2026,7066,Register Audit Adjustment,334,
07/28/2026,13026,Subject to Tax,,2438.28
07/28/2026,13026,Non-Taxable Sales,,61.12
07/28/2026,13026,3rd Party Tax Exempt,,809.01
07/28/2026,13026,Register Audit,241,
07/28/2026,13026,Sales Tax,,182.87
07/28/2026,13026,In-Store Credit Card,1469.3,
07/28/2026,13026,Online Credit card,977.04,
07/28/2026,13026,Online Gift Card,16.23,
07/28/2026,13026,Online Credit Card Tips,,21
07/28/2026,13026,In-Store Credit Card Tips,,74.26
07/28/2026,13026,Gift Card,36.5,
07/28/2026,13026,3rd Party - DoorDash,491.58,
07/28/2026,13026,3rd Party - UberEats,352.83,
07/28/2026,13026,Cash Over/Short Adjustment,0.06,
07/28/2026,13026,Register Audit Adjustment,2,
07/28/2026,13062,Subject to Tax,,2954.12
07/28/2026,13062,Non-Taxable Sales,,74.53
07/28/2026,13062,3rd Party Tax Exempt,,498.11
07/28/2026,13062,Sales Tax,,206.82
07/28/2026,13062,In-Store Credit Card,2060.73,
07/28/2026,13062,Payout,40,
07/28/2026,13062,Online Credit card,1091.07,
07/28/2026,13062,Online Credit Card Tips,,25
07/28/2026,13062,In-Store Credit Card Tips,,122.06
07/28/2026,13062,Gift Card,35.21,
07/28/2026,13062,3rd Party - DoorDash,305.21,
07/28/2026,13062,3rd Party - UberEats,198.18,
07/28/2026,13062,Cash Over/Short Adjustment,0.24,
07/28/2026,13062,Register Audit Adjustment,150,
07/28/2026,13082,Subject to Tax,,2419.78
07/28/2026,13082,Non-Taxable Sales,,17.04
07/28/2026,13082,3rd Party Tax Exempt,,303.89
07/28/2026,13082,Register Audit,453,
07/28/2026,13082,Sales Tax,,169.35
07/28/2026,13082,In-Store Credit Card,1394.16,
07/28/2026,13082,Online Credit card,780.74,
07/28/2026,13082,Online Credit Card Tips,,9
07/28/2026,13082,In-Store Credit Card Tips,,111.45
07/28/2026,13082,Gift Card,37.34,
07/28/2026,13082,3rd Party - DoorDash,234.84,
07/28/2026,13082,3rd Party - GrubHub,50.4,
07/28/2026,13082,3rd Party - UberEats,80.81,
07/28/2026,13082,Cash Over/Short Adjustment,,0.78
07/28/2026,13106,Subject to Tax,,2238.2
07/28/2026,13106,Non-Taxable Sales,,32.28
07/28/2026,13106,3rd Party Tax Exempt,,541.9
07/28/2026,13106,Sales Tax,,167.9
07/28/2026,13106,In-Store Credit Card,1508.94,
07/28/2026,13106,Online Credit card,800.35,
07/28/2026,13106,Online Credit Card Tips,,16
07/28/2026,13106,In-Store Credit Card Tips,,104.42
07/28/2026,13106,3rd Party - DoorDash,364.97,
07/28/2026,13106,3rd Party - GrubHub,38.95,
07/28/2026,13106,3rd Party - UberEats,188.57,
07/28/2026,13106,Cash Over/Short Adjustment,0.92,
07/28/2026,13106,Register Audit Adjustment,198,
07/28/2026,13116,Subject to Tax,,2164.31
07/28/2026,13116,Non-Taxable Sales,,46.63
07/28/2026,13116,3rd Party Tax Exempt,,643.58
07/28/2026,13116,Sales Tax,,151.56
07/28/2026,13116,In-Store Credit Card,1157.56,
07/28/2026,13116,Payout,20,
07/28/2026,13116,Online Credit card,820.1,
07/28/2026,13116,In-Store Credit Card Tips,,62.14
07/28/2026,13116,Gift Card,15.62,
07/28/2026,13116,3rd Party - DoorDash,506.67,
07/28/2026,13116,3rd Party - UberEats,144.65,
07/28/2026,13116,Cash Over/Short Adjustment,0.62,
07/28/2026,13116,Register Audit Adjustment,403,
07/28/2026,13138,Subject to Tax,,2151.79
07/28/2026,13138,Non-Taxable Sales,,27.62
07/28/2026,13138,3rd Party Tax Exempt,,269.17
07/28/2026,13138,Register Audit,465,
07/28/2026,13138,Sales Tax,,150.62
07/28/2026,13138,In-Store Credit Card,1319.34,
07/28/2026,13138,Online Credit card,576.2,
07/28/2026,13138,Online Credit Card Tips,,22
07/28/2026,13138,In-Store Credit Card Tips,,77.5
07/28/2026,13138,Gift Card,50.26,
07/28/2026,13138,3rd Party - DoorDash,275.29,
07/28/2026,13138,3rd Party - GrubHub,13.42,
07/28/2026,13138,Cash Over/Short Adjustment,,0.81
07/28/2026,13148,Subject to Tax,,3477.25
07/28/2026,13148,Non-Taxable Sales,,40.75
07/28/2026,13148,3rd Party Tax Exempt,,411.46
07/28/2026,13148,Sales Tax,,226.08
07/28/2026,13148,In-Store Credit Card,2319.83,
07/28/2026,13148,Online Credit card,1244.34,
07/28/2026,13148,Online Gift Card,15,
07/28/2026,13148,Online Credit Card Tips,,48
07/28/2026,13148,In-Store Credit Card Tips,,130.89
07/28/2026,13148,Gift Card,26.46,
07/28/2026,13148,3rd Party - DoorDash,322.15,
07/28/2026,13148,3rd Party - GrubHub,29.96,
07/28/2026,13148,3rd Party - UberEats,109.65,
07/28/2026,13148,Cash Over/Short Adjustment,0.04,
07/28/2026,13148,Register Audit Adjustment,267,
07/28/2026,13160,Subject to Tax,,2858.91
07/28/2026,13160,Non-Taxable Sales,,3.24
07/28/2026,13160,3rd Party Tax Exempt,,341.99
07/28/2026,13160,Register Audit,597.75,
07/28/2026,13160,Sales Tax,,200.12
07/28/2026,13160,In-Store Credit Card,1924.36,
07/28/2026,13160,Payout,41.9,
07/28/2026,13160,Online Credit card,634.18,
07/28/2026,13160,Online Credit Card Tips,,34.55
07/28/2026,13160,In-Store Credit Card Tips,,140.54
07/28/2026,13160,Gift Card,49.54,
07/28/2026,13160,Gift Card Sold,,40
07/28/2026,13160,3rd Party - DoorDash,331.08,
07/28/2026,13160,3rd Party - GrubHub,26.39,
07/28/2026,13160,3rd Party - UberEats,14.15,
07/28/2026,13162,Subject to Tax,,2902.47
07/28/2026,13162,Non-Taxable Sales,,29.66
07/28/2026,13162,3rd Party Tax Exempt,,678.5
07/28/2026,13162,Sales Tax,,203.2
07/28/2026,13162,In-Store Credit Card,1982.82,
07/28/2026,13162,Payout,17.6,
07/28/2026,13162,Online Credit card,953.81,
07/28/2026,13162,Online Credit Card Tips,,27
07/28/2026,13162,In-Store Credit Card Tips,,136.53
07/28/2026,13162,Gift Card,20,
07/28/2026,13162,3rd Party - DoorDash,561.52,
07/28/2026,13162,3rd Party - GrubHub,15.22,
07/28/2026,13162,3rd Party - UberEats,128.74,
07/28/2026,13162,Cash Over/Short Adjustment,0.65,
07/28/2026,13162,Register Audit Adjustment,297,
07/28/2026,13219,Subject to Tax,,2559.2
07/28/2026,13219,Non-Taxable Sales,,29.4
07/28/2026,13219,3rd Party Tax Exempt,,403.02
07/28/2026,13219,Sales Tax,,179.15
07/28/2026,13219,In-Store Credit Card,1501.68,
07/28/2026,13219,Payout,41.9,
07/28/2026,13219,Online Credit card,901.88,
07/28/2026,13219,Online Credit Card Tips,,31
07/28/2026,13219,In-Store Credit Card Tips,,101.42
07/28/2026,13219,Gift Card,20.44,
07/28/2026,13219,3rd Party - DoorDash,345.16,
07/28/2026,13219,3rd Party - UberEats,72.86,
07/28/2026,13219,Cash Over/Short Adjustment,0.27,
07/28/2026,13219,Register Audit Adjustment,419,
07/28/2026,37001,Subject to Tax,,4893.66
07/28/2026,37001,Non-Taxable Sales,,616.58
07/28/2026,37001,Sales Tax,,416.1
07/28/2026,37001,In-Store Credit Card,3371.71,
07/28/2026,37001,Online Credit card,1610.1,
07/28/2026,37001,Online Credit Card Tips,,51
07/28/2026,37001,In-Store Credit Card Tips,,247.96
07/28/2026,37001,Gift Card,38.35,
07/28/2026,37001,3rd Party - DoorDash,465.64,
07/28/2026,37001,3rd Party - GrubHub,27.86,
07/28/2026,37001,3rd Party - UberEats,71.14,
07/28/2026,37001,Cash Over/Short Adjustment,0.5,
07/28/2026,37001,Register Audit Adjustment,640,
07/28/2026,37002,Subject to Tax,,3969.48
07/28/2026,37002,Non-Taxable Sales,,549.56
07/28/2026,37002,Sales Tax,,337.43
07/28/2026,37002,In-Store Credit Card,2092.55,
07/28/2026,37002,Online Credit card,1476.98,
07/28/2026,37002,Online Gift Card,18.39,
07/28/2026,37002,Online Credit Card Tips,,46.45
07/28/2026,37002,In-Store Credit Card Tips,,149.17
07/28/2026,37002,Gift Card,1.84,
07/28/2026,37002,3rd Party - DoorDash,789.32,
07/28/2026,37002,3rd Party - GrubHub,72.32,
07/28/2026,37002,3rd Party - UberEats,65.14,
07/28/2026,37002,Cash Over/Short Adjustment,0.55,
07/28/2026,37002,Register Audit Adjustment,535,
07/28/2026,37004,Subject to Tax,,1744.24
07/28/2026,37004,Non-Taxable Sales,,188.8
07/28/2026,37004,Register Audit,203,
07/28/2026,37004,Sales Tax,,148.31
07/28/2026,37004,In-Store Credit Card,1119.75,
07/28/2026,37004,Online Credit card,706.13,
07/28/2026,37004,Online Credit Card Tips,,24.49
07/28/2026,37004,In-Store Credit Card Tips,,62.31
07/28/2026,37004,Gift Card Sold,,25
07/28/2026,37004,3rd Party - DoorDash,92.05,
07/28/2026,37004,3rd Party - UberEats,74.22,
07/28/2026,37004,Register Audit Adjustment,,2
07/28/2026,37006,Subject to Tax,,3356.6
07/28/2026,37006,Non-Taxable Sales,,365.05
07/28/2026,37006,Register Audit,346,
07/28/2026,37006,Sales Tax,,285.39
07/28/2026,37006,In-Store Credit Card,1873.86,
07/28/2026,37006,Online Credit card,1495.49,
07/28/2026,37006,Online Credit Card Tips,,42
07/28/2026,37006,In-Store Credit Card Tips,,134.35
07/28/2026,37006,3rd Party - DoorDash,390.78,
07/28/2026,37006,3rd Party - GrubHub,16.41,
07/28/2026,37006,3rd Party - UberEats,62.08,
07/28/2026,37006,Cash Over/Short Adjustment,,0.23
07/28/2026,37006,Register Audit Adjustment,,1
07/28/2026,37007,Subject to Tax,,5118.14
07/28/2026,37007,Non-Taxable Sales,,623.63
07/28/2026,37007,Sales Tax,,435.03
07/28/2026,37007,In-Store Credit Card,2233.89,
07/28/2026,37007,Online Credit card,1998.59,
07/28/2026,37007,Online Gift Card,51.61,
07/28/2026,37007,Online Credit Card Tips,,55
07/28/2026,37007,In-Store Credit Card Tips,,120.58
07/28/2026,37007,Gift Card,20,
07/28/2026,37007,3rd Party - DoorDash,1269.54,
07/28/2026,37007,3rd Party - GrubHub,76.69,
07/28/2026,37007,3rd Party - UberEats,207.54,
07/28/2026,37007,Cash Over/Short Adjustment,0.52,
07/28/2026,37007,Register Audit Adjustment,494,
07/28/2026,37009,Subject to Tax,,3291.42
07/28/2026,37009,Non-Taxable Sales,,336.01
07/28/2026,37009,Register Audit,471,
07/28/2026,37009,Sales Tax,,279.75
07/28/2026,37009,In-Store Credit Card,1488.27,
07/28/2026,37009,Online Credit card,1424.4,
07/28/2026,37009,Online Gift Card,8,
07/28/2026,37009,Online Credit Card Tips,,45.26
07/28/2026,37009,In-Store Credit Card Tips,,105.63
07/28/2026,37009,Gift Card Sold,,10
07/28/2026,37009,3rd Party - DoorDash,594.47,
07/28/2026,37009,3rd Party - UberEats,81.09,
07/28/2026,37009,Cash Over/Short Adjustment,0.84,
07/28/2026,37010,Subject to Tax,,6439.71
07/28/2026,37010,Non-Taxable Sales,,568.66
07/28/2026,37010,Register Audit,1129,
07/28/2026,37010,Sales Tax,,547.59
07/28/2026,37010,In-Store Credit Card,3335.69,
07/28/2026,37010,Online Credit card,2323.48,
07/28/2026,37010,Online Credit Card Tips,,77.96
07/28/2026,37010,In-Store Credit Card Tips,,220.95
07/28/2026,37010,Gift Card,72.84,
07/28/2026,37010,3rd Party - DoorDash,979.42,
07/28/2026,37010,3rd Party - GrubHub,23.7,
07/28/2026,37010,Cash Over/Short Adjustment,,0.26
07/28/2026,37010,Register Audit Adjustment,,9
07/28/2026,37013,Subject to Tax,,2934.2
07/28/2026,37013,Non-Taxable Sales,,389.16
07/28/2026,37013,Register Audit,556,
07/28/2026,37013,Sales Tax,,249.46
07/28/2026,37013,In-Store Credit Card,2011.2,
07/28/2026,37013,Online Credit card,1070.94,
07/28/2026,37013,Online Credit Card Tips,,36.94
07/28/2026,37013,In-Store Credit Card Tips,,148.25
07/28/2026,37013,Gift Card,11.6,
07/28/2026,37013,3rd Party - DoorDash,115.18,
07/28/2026,37013,Cash Over/Short Adjustment,,0.91
07/28/2026,37013,Register Audit Adjustment,,6
07/28/2026,37014,Subject to Tax,,2891.66
07/28/2026,37014,Non-Taxable Sales,,375.32
07/28/2026,37014,Register Audit,349,
07/28/2026,37014,Sales Tax,,245.82
07/28/2026,37014,In-Store Credit Card,1503.73,
07/28/2026,37014,Online Credit card,1284.42,
07/28/2026,37014,Online Gift Card,40.04,
07/28/2026,37014,Online Credit Card Tips,,56.11
07/28/2026,37014,In-Store Credit Card Tips,,132.68
07/28/2026,37014,Online Gift Card Tips,,1
07/28/2026,37014,3rd Party - DoorDash,506.8,
07/28/2026,37014,3rd Party - UberEats,23.7,
07/28/2026,37014,Cash Over/Short Adjustment,,0.1
07/28/2026,37014,Register Audit Adjustment,,5
07/28/2026,37016,Subject to Tax,,3140.73
07/28/2026,37016,Non-Taxable Sales,,343.03
07/28/2026,37016,Register Audit,780,
07/28/2026,37016,Sales Tax,,266.98
07/28/2026,37016,In-Store Credit Card,1506.57,
07/28/2026,37016,Online Credit card,1360.59,
07/28/2026,37016,Online Credit Card Tips,,44.36
07/28/2026,37016,In-Store Credit Card Tips,,100.8
07/28/2026,37016,Gift Card,30.24,
07/28/2026,37016,3rd Party - DoorDash,218.14,
07/28/2026,37016,Cash Over/Short Adjustment,0.36,
07/28/2026,37020,Subject to Tax,,2838.44
07/28/2026,37020,Non-Taxable Sales,,316.76
07/28/2026,37020,Register Audit,592,
07/28/2026,37020,Sales Tax,,241.29
07/28/2026,37020,In-Store Credit Card,1527.61,
07/28/2026,37020,Online Credit card,1408.68,
07/28/2026,37020,Online Credit Card Tips,,49.02
07/28/2026,37020,In-Store Credit Card Tips,,104.4
07/28/2026,37020,Gift Card,29.48,
07/28/2026,37020,Cash Over/Short Adjustment,,0.86
07/28/2026,37020,Register Audit Adjustment,,7
07/28/2026,49001,Subject to Tax,,4712.45
07/28/2026,49001,3rd Party Tax Exempt,,1102.57
07/28/2026,49001,Sales Tax,,376.4
07/28/2026,49001,In-Store Credit Card,2208.77,
07/28/2026,49001,Payout,110,
07/28/2026,49001,Online Credit card,2601.5,
07/28/2026,49001,Online Credit Card Tips,,73.15
07/28/2026,49001,In-Store Credit Card Tips,,139.73
07/28/2026,49001,Gift Card,6.25,
07/28/2026,49001,3rd Party - DoorDash,1014.35,
07/28/2026,49001,3rd Party - GrubHub,45.03,
07/28/2026,49001,3rd Party - UberEats,43.19,
07/28/2026,49001,Cash Over/Short Adjustment,0.21,
07/28/2026,49001,Register Audit Adjustment,375,
07/28/2026,49002,Subject to Tax,,3007.95
07/28/2026,49002,3rd Party Tax Exempt,,241.16
07/28/2026,49002,Sales Tax,,240.76
07/28/2026,49002,In-Store Credit Card,1653.82,
07/28/2026,49002,Payout,25.22,
07/28/2026,49002,Online Credit card,1135.5,
07/28/2026,49002,Online Credit Card Tips,,44.34
07/28/2026,49002,In-Store Credit Card Tips,,122.42
07/28/2026,49002,Gift Card,45.36,
07/28/2026,49002,3rd Party - DoorDash,185.31,
07/28/2026,49002,3rd Party - GrubHub,29.69,
07/28/2026,49002,3rd Party - UberEats,26.16,
07/28/2026,49002,Cash Over/Short Adjustment,0.57,
07/28/2026,49002,Register Audit Adjustment,555,
07/28/2026,49003,Subject to Tax,,3227.4
07/28/2026,49003,3rd Party Tax Exempt,,203.17
07/28/2026,49003,Sales Tax,,258.15
07/28/2026,49003,In-Store Credit Card,1965.88,
07/28/2026,49003,Payout,59.02,
07/28/2026,49003,Online Credit card,1043.01,
07/28/2026,49003,Online Credit Card Tips,,35.3
07/28/2026,49003,In-Store Credit Card Tips,,130.11
07/28/2026,49003,Gift Card,47.83,
07/28/2026,49003,Gift Card Sold,,25
07/28/2026,49003,3rd Party - DoorDash,182.47,
07/28/2026,49003,3rd Party - GrubHub,20.7,
07/28/2026,49003,Cash Over/Short Adjustment,0.22,
07/28/2026,49003,Register Audit Adjustment,560,
07/28/2026,49004,Subject to Tax,,3800.65
07/28/2026,49004,3rd Party Tax Exempt,,674.18
07/28/2026,49004,Sales Tax,,303.95
07/28/2026,49004,In-Store Credit Card,2012.87,
07/28/2026,49004,Online Credit card,1696,
07/28/2026,49004,Online Credit Card Tips,,43.71
07/28/2026,49004,In-Store Credit Card Tips,,127.59
07/28/2026,49004,Gift Card,61.93,
07/28/2026,49004,3rd Party - DoorDash,586.88,
07/28/2026,49004,3rd Party - GrubHub,21.72,
07/28/2026,49004,3rd Party - UberEats,65.58,
07/28/2026,49004,Cash Over/Short Adjustment,0.1,
07/28/2026,49004,Register Audit Adjustment,505,
07/28/2026,49005,Subject to Tax,,3975.35
07/28/2026,49005,3rd Party Tax Exempt,,376.71
07/28/2026,49005,Sales Tax,,317.78
07/28/2026,49005,In-Store Credit Card,2532.63,
07/28/2026,49005,Online Credit card,1477.82,
07/28/2026,49005,Online Credit Card Tips,,53
07/28/2026,49005,In-Store Credit Card Tips,,169.49
07/28/2026,49005,Gift Card,10.35,
07/28/2026,49005,Gift Card Sold,,20
07/28/2026,49005,3rd Party - DoorDash,307.83,
07/28/2026,49005,3rd Party - UberEats,68.88,
07/28/2026,49005,Cash Over/Short Adjustment,0.82,
07/28/2026,49005,Register Audit Adjustment,514,
07/28/2026,49006,Subject to Tax,,5884.75
07/28/2026,49006,3rd Party Tax Exempt,,1037.44
07/28/2026,49006,Sales Tax,,470.31
07/28/2026,49006,In-Store Credit Card,3065.9,
07/28/2026,49006,Online Credit card,2660.69,
07/28/2026,49006,Online Gift Card,28.73,
07/28/2026,49006,Online Credit Card Tips,,67.25
07/28/2026,49006,In-Store Credit Card Tips,,153.69
07/28/2026,49006,Gift Card,64.06,
07/28/2026,49006,3rd Party - DoorDash,898.69,
07/28/2026,49006,3rd Party - UberEats,138.75,
07/28/2026,49006,Cash Over/Short Adjustment,0.62,
07/28/2026,49006,Register Audit Adjustment,756,
07/28/2026,49007,Subject to Tax,,2020.1
07/28/2026,49007,3rd Party Tax Exempt,,105.25
07/28/2026,49007,Register Audit,297.81,
07/28/2026,49007,Sales Tax,,161.59
07/28/2026,49007,In-Store Credit Card,2009.13,
07/28/2026,49007,In-Store Credit Card Tips,,125.25
07/28/2026,49007,3rd Party - UberEats,105.25,
07/28/2026,49008,Subject to Tax,,2831.85
07/28/2026,49008,3rd Party Tax Exempt,,507.68
07/28/2026,49008,Sales Tax,,226.4
07/28/2026,49008,In-Store Credit Card,1648.93,
07/28/2026,49008,Payout,16.9,
07/28/2026,49008,Online Credit card,1007.3,
07/28/2026,49008,Online Gift Card,87.28,
07/28/2026,49008,Online Credit Card Tips,,27.22
07/28/2026,49008,In-Store Credit Card Tips,,109.63
07/28/2026,49008,Online Gift Card Tips,,8
07/28/2026,49008,Gift Card,35,
07/28/2026,49008,3rd Party - DoorDash,457.41,
07/28/2026,49008,3rd Party - GrubHub,12.83,
07/28/2026,49008,3rd Party - UberEats,37.44,
07/28/2026,49008,Cash Over/Short Adjustment,0.69,
07/28/2026,49008,Register Audit Adjustment,407,
07/28/2026,49009,Subject to Tax,,4482.8
07/28/2026,49009,3rd Party Tax Exempt,,689.57
07/28/2026,49009,Register Audit,784,
07/28/2026,49009,Sales Tax,,358.83
07/28/2026,49009,In-Store Credit Card,2640.87,
07/28/2026,49009,Online Credit card,1602.83,
07/28/2026,49009,Online Credit Card Tips,,38.2
07/28/2026,49009,In-Store Credit Card Tips,,163.31
07/28/2026,49009,Gift Card,14.69,
07/28/2026,49009,3rd Party - DoorDash,689.57,
07/28/2026,49009,Cash Over/Short Adjustment,,0.65
07/28/2026,49009,Register Audit Adjustment,,31
07/28/2026,49010,Subject to Tax,,2809.6
07/28/2026,49010,3rd Party Tax Exempt,,599.62
07/28/2026,49010,Sales Tax,,224.7
07/28/2026,49010,In-Store Credit Card,1588.2,
07/28/2026,49010,Online Credit card,1334.57,
07/28/2026,49010,Online Gift Card,16.69,
07/28/2026,49010,Online Credit Card Tips,,52
07/28/2026,49010,In-Store Credit Card Tips,,147.15
07/28/2026,49010,3rd Party - DoorDash,599.62,
07/28/2026,49010,Cash Over/Short Adjustment,0.99,
07/28/2026,49010,Register Audit Adjustment,293,
07/28/2026,49011,Subject to Tax,,4575
07/28/2026,49011,3rd Party Tax Exempt,,291.81
07/28/2026,49011,Register Audit,639,
07/28/2026,49011,Sales Tax,,365.9
07/28/2026,49011,In-Store Credit Card,2606.72,
07/28/2026,49011,Online Credit card,1897.83,
07/28/2026,49011,Online Credit Card Tips,,73
07/28/2026,49011,In-Store Credit Card Tips,,157.65
07/28/2026,49011,Gift Card,37.95,
07/28/2026,49011,Gift Card Sold,,10
07/28/2026,49011,3rd Party - DoorDash,255.81,
07/28/2026,49011,3rd Party - UberEats,36,
07/28/2026,49011,Cash Over/Short Adjustment,0.05,
07/29/2026,2006,Subject to Tax,,177.32
07/29/2026,2006,Non-Taxable Sales,,2975.7
07/29/2026,2006,3rd Party Tax Exempt,,11.16
07/29/2026,2006,Register Audit,109,
07/29/2026,2006,Sales Tax,,12.62
07/29/2026,2006,In-Store Credit Card,1962.14,
07/29/2026,2006,Payout,32.4,
07/29/2026,2006,Online Credit card,676.34,
07/29/2026,2006,Online Gift Card,44.05,
07/29/2026,2006,Online Credit Card Tips,,13.8
07/29/2026,2006,In-Store Credit Card Tips,,121.06
07/29/2026,2006,Online Gift Card Tips,,5
07/29/2026,2006,Gift Card,41.51,
07/29/2026,2006,3rd Party - DoorDash,359.71,
07/29/2026,2006,3rd Party - UberEats,61.24,
07/29/2026,2006,Cash Over/Short Adjustment,0.27,
07/29/2026,2006,Register Audit Adjustment,30,
07/29/2026,2016,Subject to Tax,,162.59
07/29/2026,2016,Non-Taxable Sales,,3731.78
07/29/2026,2016,3rd Party Tax Exempt,,14.88
07/29/2026,2016,Register Audit,486,
07/29/2026,2016,Sales Tax,,10.73
07/29/2026,2016,In-Store Credit Card,1942.45,
07/29/2026,2016,Online Credit card,970.34,
07/29/2026,2016,Online Gift Card,56.35,
07/29/2026,2016,Online Credit Card Tips,,22
07/29/2026,2016,In-Store Credit Card Tips,,129.95
07/29/2026,2016,Gift Card,12.04,
07/29/2026,2016,3rd Party - DoorDash,564.29,
07/29/2026,2016,3rd Party - GrubHub,15.11,
07/29/2026,2016,3rd Party - UberEats,25.2,
07/29/2026,2016,Cash Over/Short Adjustment,0.15,
07/29/2026,2017,Subject to Tax,,143.64
07/29/2026,2017,Non-Taxable Sales,,4059.8
07/29/2026,2017,3rd Party Tax Exempt,,7.68
07/29/2026,2017,Register Audit,215,
07/29/2026,2017,Sales Tax,,9.98
07/29/2026,2017,In-Store Credit Card,2557.73,
07/29/2026,2017,Online Credit card,931.27,
07/29/2026,2017,Online Gift Card,15.05,
07/29/2026,2017,Online Credit Card Tips,,35
07/29/2026,2017,In-Store Credit Card Tips,,125.24
07/29/2026,2017,Online Gift Card Tips,,1
07/29/2026,2017,Gift Card,19.5,
07/29/2026,2017,3rd Party - DoorDash,562.5,
07/29/2026,2017,3rd Party - UberEats,81.23,
07/29/2026,2017,Cash Over/Short Adjustment,0.06,
07/29/2026,2020,Subject to Tax,,186.84
07/29/2026,2020,Non-Taxable Sales,,3369.52
07/29/2026,2020,3rd Party Tax Exempt,,22.56
07/29/2026,2020,Register Audit,424,
07/29/2026,2020,Sales Tax,,13.53
07/29/2026,2020,In-Store Credit Card,1675.83,
07/29/2026,2020,Online Credit card,1065.45,
07/29/2026,2020,Online Credit Card Tips,,23.8
07/29/2026,2020,In-Store Credit Card Tips,,92.5
07/29/2026,2020,Gift Card,16.26,
07/29/2026,2020,3rd Party - DoorDash,445.67,
07/29/2026,2020,3rd Party - GrubHub,31.13,
07/29/2026,2020,3rd Party - UberEats,50.57,
07/29/2026,2020,Cash Over/Short Adjustment,,0.16
07/29/2026,2023,Subject to Tax,,166.82
07/29/2026,2023,Non-Taxable Sales,,3303.91
07/29/2026,2023,3rd Party Tax Exempt,,7.44
07/29/2026,2023,Register Audit,386,
07/29/2026,2023,Sales Tax,,11.52
07/29/2026,2023,In-Store Credit Card,1676.97,
07/29/2026,2023,Online Credit card,832.03,
07/29/2026,2023,Online Gift Card,31.91,
07/29/2026,2023,Online Credit Card Tips,,38.6
07/29/2026,2023,In-Store Credit Card Tips,,109.24
07/29/2026,2023,Gift Card,26.9,
07/29/2026,2023,3rd Party - DoorDash,510.66,
07/29/2026,2023,3rd Party - GrubHub,27.71,
07/29/2026,2023,3rd Party - UberEats,145.41,
07/29/2026,2023,Cash Over/Short Adjustment,,0.06
07/29/2026,2024,Subject to Tax,,149.38
07/29/2026,2024,Non-Taxable Sales,,2753
07/29/2026,2024,3rd Party Tax Exempt,,14.88
07/29/2026,2024,Register Audit,118,
07/29/2026,2024,Sales Tax,,11.04
07/29/2026,2024,In-Store Credit Card,1776.6,
07/29/2026,2024,Online Credit card,676.81,
07/29/2026,2024,Online Credit Card Tips,,8
07/29/2026,2024,In-Store Credit Card Tips,,110.48
07/29/2026,2024,Gift Card,50.14,
07/29/2026,2024,Gift Card Sold,,41
07/29/2026,2024,3rd Party - DoorDash,314.07,
07/29/2026,2024,3rd Party - GrubHub,41.56,
07/29/2026,2024,3rd Party - UberEats,111.27,
07/29/2026,2024,Cash Over/Short Adjustment,,0.67
07/29/2026,2047,Subject to Tax,,246.66
07/29/2026,2047,Non-Taxable Sales,,3291.25
07/29/2026,2047,3rd Party Tax Exempt,,29.76
07/29/2026,2047,Register Audit,341,
07/29/2026,2047,Sales Tax,,17.74
07/29/2026,2047,In-Store Credit Card,1792.14,
07/29/2026,2047,Payout,14.03,
07/29/2026,2047,Online Credit card,924.31,
07/29/2026,2047,Online Gift Card,23,
07/29/2026,2047,Online Credit Card Tips,,31.6
07/29/2026,2047,In-Store Credit Card Tips,,103.86
07/29/2026,2047,Online Gift Card Tips,,4.25
07/29/2026,2047,Gift Card,61.4,
07/29/2026,2047,Gift Card Sold,,50
07/29/2026,2047,3rd Party - DoorDash,527.16,
07/29/2026,2047,3rd Party - GrubHub,14.15,
07/29/2026,2047,3rd Party - UberEats,78.39,
07/29/2026,2047,Cash Over/Short Adjustment,,0.46
07/29/2026,4003,Subject to Tax,,5006.31
07/29/2026,4003,Register Audit,142,
07/29/2026,4003,Sales Tax,,488.1
07/29/2026,4003,In-Store Credit Card,3137.29,
07/29/2026,4003,Payout,118.86,
07/29/2026,4003,Online Credit card,1014.54,
07/29/2026,4003,Online Credit Card Tips,,34
07/29/2026,4003,In-Store Credit Card Tips,,213.13
07/29/2026,4003,Gift Card,35.12,
07/29/2026,4003,3rd Party - DoorDash,765.63,
07/29/2026,4003,3rd Party - UberEats,528.2,
07/29/2026,4003,Cash Over/Short Adjustment,,0.1
07/29/2026,4004,Subject to Tax,,4439.06
07/29/2026,4004,Register Audit,292,
07/29/2026,4004,Sales Tax,,432.83
07/29/2026,4004,In-Store Credit Card,2128,
07/29/2026,4004,Online Credit card,814.34,
07/29/2026,4004,Online Credit Card Tips,,25
07/29/2026,4004,In-Store Credit Card Tips,,156.1
07/29/2026,4004,Gift Card,13.55,
07/29/2026,4004,3rd Party - DoorDash,1067.27,
07/29/2026,4004,3rd Party - UberEats,738.47,
07/29/2026,4004,Cash Over/Short Adjustment,,0.64
07/29/2026,4005,Subject to Tax,,4790.03
07/29/2026,4005,Register Audit,493,
07/29/2026,4005,Sales Tax,,467.04
07/29/2026,4005,In-Store Credit Card,2882.58,
07/29/2026,4005,Payout,23.21,
07/29/2026,4005,Online Credit card,1360.88,
07/29/2026,4005,Online Gift Card,11.74,
07/29/2026,4005,In-Store Credit Card Tips,,196.86
07/29/2026,4005,Gift Card,11.17,
07/29/2026,4005,3rd Party - DoorDash,362.09,
07/29/2026,4005,3rd Party - UberEats,309.57,
07/29/2026,4005,Cash Over/Short Adjustment,,0.31
07/29/2026,4008,Subject to Tax,,3153.67
07/29/2026,4008,Register Audit,124,
07/29/2026,4008,Sales Tax,,307.46
07/29/2026,4008,In-Store Credit Card,2005.1,
07/29/2026,4008,Online Credit card,861.3,
07/29/2026,4008,Online Gift Card,18.18,
07/29/2026,4008,Online Credit Card Tips,,32.68
07/29/2026,4008,In-Store Credit Card Tips,,128.89
07/29/2026,4008,Online Gift Card Tips,,1
07/29/2026,4008,3rd Party - DoorDash,444.27,
07/29/2026,4008,3rd Party - UberEats,170.85,
07/29/2026,4009,Subject to Tax,,2804.19
07/29/2026,4009,Register Audit,93,
07/29/2026,4009,Sales Tax,,273.37
07/29/2026,4009,In-Store Credit Card,2112.92,
07/29/2026,4009,Payout,53.32,
07/29/2026,4009,Online Credit card,414.3,
07/29/2026,4009,Online Credit Card Tips,,9
07/29/2026,4009,In-Store Credit Card Tips,,123.55
07/29/2026,4009,3rd Party - DoorDash,522.01,
07/29/2026,4009,3rd Party - UberEats,14.09,
07/29/2026,4009,Cash Over/Short Adjustment,0.47,
07/29/2026,4010,Subject to Tax,,3322.69
07/29/2026,4010,Register Audit,262,
07/29/2026,4010,Sales Tax,,323.94
07/29/2026,4010,In-Store Credit Card,2105.88,
07/29/2026,4010,Online Credit card,857.97,
07/29/2026,4010,In-Store Credit Card Tips,,179.02
07/29/2026,4010,3rd Party - DoorDash,156.9,
07/29/2026,4010,3rd Party - GrubHub,55.7,
07/29/2026,4010,3rd Party - UberEats,386.41,
07/29/2026,4010,Cash Over/Short Adjustment,0.79,
07/29/2026,4015,Subject to Tax,,3764.59
07/29/2026,4015,Register Audit,353,
07/29/2026,4015,Sales Tax,,366.99
07/29/2026,4015,In-Store Credit Card,2154.67,
07/29/2026,4015,Online Credit card,1025.43,
07/29/2026,4015,Online Gift Card,10.34,
07/29/2026,4015,Online Credit Card Tips,,31
07/29/2026,4015,In-Store Credit Card Tips,,148.43
07/29/2026,4015,Gift Card,13.33,
07/29/2026,4015,3rd Party - DoorDash,401.55,
07/29/2026,4015,3rd Party - UberEats,353.01,
07/29/2026,4015,Cash Over/Short Adjustment,,0.32
07/29/2026,4021,Subject to Tax,,3996.36
07/29/2026,4021,Sales Tax,,389.55
07/29/2026,4021,In-Store Credit Card,2427.1,
07/29/2026,4021,Online Credit card,1003.58,
07/29/2026,4021,Online Gift Card,17.86,
07/29/2026,4021,Online Credit Card Tips,,36
07/29/2026,4021,In-Store Credit Card Tips,,159.17
07/29/2026,4021,Online Gift Card Tips,,2
07/29/2026,4021,Gift Card,12.51,
07/29/2026,4021,3rd Party - DoorDash,297.36,
07/29/2026,4021,3rd Party - UberEats,372.15,
07/29/2026,4021,Cash Over/Short Adjustment,0.52,
07/29/2026,4021,Register Audit Adjustment,452,
07/29/2026,4025,Subject to Tax,,2895.8
07/29/2026,4025,Register Audit,131,
07/29/2026,4025,Sales Tax,,282.33
07/29/2026,4025,In-Store Credit Card,1631.33,
07/29/2026,4025,Online Credit card,783.06,
07/29/2026,4025,Online Credit Card Tips,,33.06
07/29/2026,4025,In-Store Credit Card Tips,,105.39
07/29/2026,4025,Gift Card,16.77,
07/29/2026,4025,3rd Party - DoorDash,361.82,
07/29/2026,4025,3rd Party - GrubHub,59.4,
07/29/2026,4025,3rd Party - UberEats,333.38,
07/29/2026,4025,Cash Over/Short Adjustment,,0.18
07/29/2026,4027,Subject to Tax,,3671.45
07/29/2026,4027,Tax Exempt,,864.2
07/29/2026,4027,Register Audit,411,
07/29/2026,4027,Sales Tax,,357.93
07/29/2026,4027,In-Store Credit Card,2436.29,
07/29/2026,4027,Online Credit card,635.97,
07/29/2026,4027,Online Gift Card,24.58,
07/29/2026,4027,In-Store Credit Card Tips,,173.25
07/29/2026,4027,Gift Card,518.87,
07/29/2026,4027,3rd Party - DoorDash,467.86,
07/29/2026,4027,3rd Party - UberEats,571.81,
07/29/2026,4027,Cash Over/Short Adjustment,0.45,
07/29/2026,4034,Subject to Tax,,4047.37
07/29/2026,4034,Register Audit,331,
07/29/2026,4034,Sales Tax,,394.61
07/29/2026,4034,In-Store Credit Card,2872.16,
07/29/2026,4034,Online Credit card,971.25,
07/29/2026,4034,Online Credit Card Tips,,42.71
07/29/2026,4034,In-Store Credit Card Tips,,181.01
07/29/2026,4034,3rd Party - DoorDash,477.28,
07/29/2026,4034,3rd Party - UberEats,14.36,
07/29/2026,4034,Cash Over/Short Adjustment,,0.35
07/29/2026,4036,Subject to Tax,,5308.49
07/29/2026,4036,Register Audit,250,
07/29/2026,4036,Sales Tax,,517.42
07/29/2026,4036,In-Store Credit Card,3569.77,
07/29/2026,4036,Online Credit card,1139.59,
07/29/2026,4036,Online Gift Card,11.74,
07/29/2026,4036,Online Credit Card Tips,,36
07/29/2026,4036,In-Store Credit Card Tips,,213.96
07/29/2026,4036,Gift Card,15.53,
07/29/2026,4036,Gift Card Sold,,30
07/29/2026,4036,3rd Party - DoorDash,510.43,
07/29/2026,4036,3rd Party - UberEats,608.12,
07/29/2026,4036,Cash Over/Short Adjustment,0.69,
07/29/2026,4042,Subject to Tax,,5188.71
07/29/2026,4042,Sales Tax,,505.88
07/29/2026,4042,In-Store Credit Card,2513.52,
07/29/2026,4042,Online Credit card,1596.04,
07/29/2026,4042,Online Gift Card,9.93,
07/29/2026,4042,Online Credit Card Tips,,45.68
07/29/2026,4042,In-Store Credit Card Tips,,137.77
07/29/2026,4042,Gift Card,23.38,
07/29/2026,4042,3rd Party - DoorDash,1280.67,
07/29/2026,4042,3rd Party - GrubHub,37.78,
07/29/2026,4042,3rd Party - UberEats,174.93,
07/29/2026,4042,Cash Over/Short Adjustment,0.79,
07/29/2026,4042,Register Audit Adjustment,241,
07/29/2026,4052,Subject to Tax,,5395.22
07/29/2026,4052,Tax Exempt,,247.2
07/29/2026,4052,Register Audit,728,
07/29/2026,4052,Sales Tax,,525.95
07/29/2026,4052,In-Store Credit Card,3020.33,
07/29/2026,4052,Online Credit card,1705.62,
07/29/2026,4052,Online Gift Card,42.92,
07/29/2026,4052,Online Credit Card Tips,,48
07/29/2026,4052,In-Store Credit Card Tips,,136.65
07/29/2026,4052,Gift Card,51.64,
07/29/2026,4052,3rd Party - DoorDash,761.51,
07/29/2026,4052,3rd Party - UberEats,57.1,
07/29/2026,4052,Cash Over/Short Adjustment,,0.1
07/29/2026,4052,Register Audit Adjustment,,14
07/29/2026,4061,Subject to Tax,,3599.69
07/29/2026,4061,Register Audit,321,
07/29/2026,4061,Sales Tax,,350.85
07/29/2026,4061,In-Store Credit Card,2254.76,
07/29/2026,4061,Payout,30,
07/29/2026,4061,Online Credit card,1033.88,
07/29/2026,4061,Online Gift Card,11.47,
07/29/2026,4061,Online Credit Card Tips,,39
07/29/2026,4061,In-Store Credit Card Tips,,112.84
07/29/2026,4061,Gift Card,30.73,
07/29/2026,4061,3rd Party - DoorDash,294.72,
07/29/2026,4061,3rd Party - UberEats,125.87,
07/29/2026,4061,Cash Over/Short Adjustment,,0.05
07/29/2026,4074,Subject to Tax,,3433.2
07/29/2026,4074,Register Audit,178,
07/29/2026,4074,Sales Tax,,334.74
07/29/2026,4074,In-Store Credit Card,2053.08,
07/29/2026,4074,Online Credit card,1299.54,
07/29/2026,4074,Online Credit Card Tips,,39
07/29/2026,4074,In-Store Credit Card Tips,,151.95
07/29/2026,4074,Gift Card,42.64,
07/29/2026,4074,3rd Party - DoorDash,367.02,
07/29/2026,4074,3rd Party - UberEats,18.82,
07/29/2026,4074,Cash Over/Short Adjustment,,0.21
07/29/2026,5042,Subject to Tax,,3237.65
07/29/2026,5042,Non-Taxable Sales,,15.5
07/29/2026,5042,3rd Party Tax Exempt,,751.89
07/29/2026,5042,Register Audit,265,
07/29/2026,5042,Sales Tax,,222.93
07/29/2026,5042,In-Store Credit Card,1995.66,
07/29/2026,5042,Payout,54.01,
07/29/2026,5042,Online Credit card,1340.42,
07/29/2026,5042,Online Gift Card,9.9,
07/29/2026,5042,Online Credit Card Tips,,64
07/29/2026,5042,In-Store Credit Card Tips,,124.38
07/29/2026,5042,3rd Party - DoorDash,342.92,
07/29/2026,5042,3rd Party - UberEats,408.97,
07/29/2026,5042,Cash Over/Short Adjustment,,0.53
07/29/2026,5043,Subject to Tax,,4653.9
07/29/2026,5043,Non-Taxable Sales,,48
07/29/2026,5043,3rd Party Tax Exempt,,1690.16
07/29/2026,5043,Register Audit,798,
07/29/2026,5043,Sales Tax,,319.62
07/29/2026,5043,In-Store Credit Card,2768.48,
07/29/2026,5043,Payout,7.47,
07/29/2026,5043,Online Credit card,1646.01,
07/29/2026,5043,Online Credit Card Tips,,43
07/29/2026,5043,In-Store Credit Card Tips,,155.94
07/29/2026,5043,3rd Party - DoorDash,1234.88,
07/29/2026,5043,3rd Party - GrubHub,22.74,
07/29/2026,5043,3rd Party - UberEats,432.54,
07/29/2026,5043,Cash Over/Short Adjustment,0.5,
07/29/2026,5049,Subject to Tax,,2978.85
07/29/2026,5049,Non-Taxable Sales,,15
07/29/2026,5049,3rd Party Tax Exempt,,527.93
07/29/2026,5049,Tax Exempt,,320.5
07/29/2026,5049,Register Audit,213,
07/29/2026,5049,Sales Tax,,244.29
07/29/2026,5049,In-Store Credit Card,2192,
07/29/2026,5049,Online Credit card,1265.01,
07/29/2026,5049,Online Gift Card,8.39,
07/29/2026,5049,Online Credit Card Tips,,21
07/29/2026,5049,In-Store Credit Card Tips,,98.27
07/29/2026,5049,3rd Party - DoorDash,465.99,
07/29/2026,5049,3rd Party - UberEats,61.94,
07/29/2026,5049,Cash Over/Short Adjustment,,0.49
07/29/2026,5051,Subject to Tax,,3580.8
07/29/2026,5051,Non-Taxable Sales,,16.5
07/29/2026,5051,3rd Party Tax Exempt,,774.68
07/29/2026,5051,Register Audit,239,
07/29/2026,5051,Sales Tax,,243.06
07/29/2026,5051,In-Store Credit Card,2499.99,
07/29/2026,5051,Online Credit card,1248.43,
07/29/2026,5051,Online Credit Card Tips,,35
07/29/2026,5051,In-Store Credit Card Tips,,116.53
07/29/2026,5051,Gift Card,5,
07/29/2026,5051,3rd Party - DoorDash,583,
07/29/2026,5051,3rd Party - GrubHub,25.26,
07/29/2026,5051,3rd Party - UberEats,166.42,
07/29/2026,5051,Cash Over/Short Adjustment,,0.53
07/29/2026,5057,Subject to Tax,,3025.6
07/29/2026,5057,Non-Taxable Sales,,11.5
07/29/2026,5057,3rd Party Tax Exempt,,401.14
07/29/2026,5057,Register Audit,317,
07/29/2026,5057,Sales Tax,,239.59
07/29/2026,5057,In-Store Credit Card,2013.63,
07/29/2026,5057,Payout,27.69,
07/29/2026,5057,Online Credit card,1036.36,
07/29/2026,5057,Online Credit Card Tips,,30
07/29/2026,5057,In-Store Credit Card Tips,,120.73
07/29/2026,5057,Gift Card,33.2,
07/29/2026,5057,3rd Party - DoorDash,237.85,
07/29/2026,5057,3rd Party - UberEats,163.29,
07/29/2026,5057,Cash Over/Short Adjustment,,0.46
07/29/2026,5059,Subject to Tax,,3489.85
07/29/2026,5059,Non-Taxable Sales,,31
07/29/2026,5059,3rd Party Tax Exempt,,424.79
07/29/2026,5059,Tax Exempt,,860.4
07/29/2026,5059,Sales Tax,,241.13
07/29/2026,5059,In-Store Credit Card,3537.3,
07/29/2026,5059,Online Credit card,942.96,
07/29/2026,5059,Online Gift Card,18.83,
07/29/2026,5059,Online Credit Card Tips,,32
07/29/2026,5059,In-Store Credit Card Tips,,238.94
07/29/2026,5059,Gift Card,7.69,
07/29/2026,5059,3rd Party - DoorDash,390.91,
07/29/2026,5059,3rd Party - UberEats,33.88,
07/29/2026,5059,Cash Over/Short Adjustment,0.54,
07/29/2026,5059,Register Audit Adjustment,386,
07/29/2026,5062,Subject to Tax,,2261.55
07/29/2026,5062,3rd Party Tax Exempt,,281.6
07/29/2026,5062,Sales Tax,,157.61
07/29/2026,5062,In-Store Credit Card,1917.66,
07/29/2026,5062,Online Credit card,436.98,
07/29/2026,5062,Online Credit Card Tips,,16
07/29/2026,5062,In-Store Credit Card Tips,,133.53
07/29/2026,5062,3rd Party - DoorDash,260.18,
07/29/2026,5062,3rd Party - UberEats,21.42,
07/29/2026,5062,Cash Over/Short Adjustment,0.05,
07/29/2026,5062,Register Audit Adjustment,214,
07/29/2026,5101,Subject to Tax,,2985.1
07/29/2026,5101,Non-Taxable Sales,,14.5
07/29/2026,5101,3rd Party Tax Exempt,,420.36
07/29/2026,5101,Register Audit,174,
07/29/2026,5101,Sales Tax,,206.14
07/29/2026,5101,In-Store Credit Card,1985.39,
07/29/2026,5101,Online Credit card,1123.6,
07/29/2026,5101,Online Gift Card,34.07,
07/29/2026,5101,Online Credit Card Tips,,14
07/29/2026,5101,In-Store Credit Card Tips,,112.61
07/29/2026,5101,Gift Card,15.41,
07/29/2026,5101,3rd Party - DoorDash,384.97,
07/29/2026,5101,3rd Party - UberEats,35.39,
07/29/2026,5101,Cash Over/Short Adjustment,,0.12
07/29/2026,5112,Subject to Tax,,2515.75
07/29/2026,5112,Non-Taxable Sales,,12
07/29/2026,5112,3rd Party Tax Exempt,,279.76
07/29/2026,5112,Register Audit,68,
07/29/2026,5112,Sales Tax,,199.46
07/29/2026,5112,In-Store Credit Card,1686.56,
07/29/2026,5112,Payout,63.93,
07/29/2026,5112,Online Credit card,1004.11,
07/29/2026,5112,Online Credit Card Tips,,17
07/29/2026,5112,In-Store Credit Card Tips,,100.7
07/29/2026,5112,Gift Card,22.57,
07/29/2026,5112,3rd Party - DoorDash,257.92,
07/29/2026,5112,3rd Party - UberEats,21.84,
07/29/2026,5112,Cash Over/Short Adjustment,,0.26
07/29/2026,5127,Subject to Tax,,4166.8
07/29/2026,5127,Non-Taxable Sales,,13
07/29/2026,5127,3rd Party Tax Exempt,,202.93
07/29/2026,5127,Register Audit,539,
07/29/2026,5127,Sales Tax,,330.11
07/29/2026,5127,In-Store Credit Card,3218.86,
07/29/2026,5127,Payout,24.8,
07/29/2026,5127,Online Credit card,1019.55,
07/29/2026,5127,Online Credit Card Tips,,32
07/29/2026,5127,In-Store Credit Card Tips,,260.77
07/29/2026,5127,3rd Party - DoorDash,166.94,
07/29/2026,5127,3rd Party - UberEats,35.99,
07/29/2026,5127,Cash Over/Short Adjustment,0.47,
07/29/2026,6021,Subject to Tax,,3200.54
07/29/2026,6021,Non-Taxable Sales,,5.5
07/29/2026,6021,3rd Party Tax Exempt,,80.8
07/29/2026,6021,Register Audit,156,
07/29/2026,6021,Sales Tax,,304.03
07/29/2026,6021,In-Store Credit Card,1843.39,
07/29/2026,6021,Online Credit card,1077.94,
07/29/2026,6021,Online Credit Card Tips,,30.5
07/29/2026,6021,In-Store Credit Card Tips,,103.35
07/29/2026,6021,Gift Card,10,
07/29/2026,6021,3rd Party - DoorDash,557.36,
07/29/2026,6021,3rd Party - UberEats,80.8,
07/29/2026,6021,Cash Over/Short Adjustment,,0.77
07/29/2026,6026,Subject to Tax,,2858.83
07/29/2026,6026,Non-Taxable Sales,,15.5
07/29/2026,6026,3rd Party Tax Exempt,,316.48
07/29/2026,6026,Tax Exempt,,249.2
07/29/2026,6026,Register Audit,200,
07/29/2026,6026,Sales Tax,,171.47
07/29/2026,6026,In-Store Credit Card,2038.29,
07/29/2026,6026,Online Credit card,912.5,
07/29/2026,6026,Online Gift Card,22.68,
07/29/2026,6026,Online Credit Card Tips,,21
07/29/2026,6026,In-Store Credit Card Tips,,135.32
07/29/2026,6026,3rd Party - DoorDash,263.59,
07/29/2026,6026,3rd Party - GrubHub,13.61,
07/29/2026,6026,3rd Party - UberEats,316.48,
07/29/2026,6026,Cash Over/Short Adjustment,0.65,
07/29/2026,6032,Subject to Tax,,4071.44
07/29/2026,6032,Non-Taxable Sales,,38
07/29/2026,6032,3rd Party Tax Exempt,,175.59
07/29/2026,6032,Register Audit,303,
07/29/2026,6032,Sales Tax,,244.25
07/29/2026,6032,In-Store Credit Card,2311,
07/29/2026,6032,Online Credit card,1176.96,
07/29/2026,6032,Online Credit Card Tips,,33.72
07/29/2026,6032,In-Store Credit Card Tips,,115.72
07/29/2026,6032,Gift Card,58.23,
07/29/2026,6032,Gift Card Sold,,20
07/29/2026,6032,3rd Party - DoorDash,653.01,
07/29/2026,6032,3rd Party - UberEats,175.59,
07/29/2026,6032,Cash Over/Short Adjustment,0.93,
07/29/2026,6032,Register Audit Adjustment,20,
07/29/2026,6037,Subject to Tax,,3328.03
07/29/2026,6037,Non-Taxable Sales,,11.5
07/29/2026,6037,Register Audit,308,
07/29/2026,6037,Sales Tax,,366.27
07/29/2026,6037,In-Store Credit Card,2520.25,
07/29/2026,6037,Payout,20,
07/29/2026,6037,Online Credit card,1021.02,
07/29/2026,6037,Online Credit Card Tips,,39
07/29/2026,6037,In-Store Credit Card Tips,,169.68
07/29/2026,6037,Gift Card,14.99,
07/29/2026,6037,Gift Card Sold,,40
07/29/2026,6037,3rd Party - GrubHub,14.25,
07/29/2026,6037,3rd Party - UberEats,61.2,
07/29/2026,6037,Payin,,4.85
07/29/2026,6037,Cash Over/Short Adjustment,,0.38
07/29/2026,6039,Subject to Tax,,3203.65
07/29/2026,6039,Non-Taxable Sales,,20
07/29/2026,6039,3rd Party Tax Exempt,,150.52
07/29/2026,6039,Sales Tax,,192.2
07/29/2026,6039,In-Store Credit Card,1944.04,
07/29/2026,6039,Payout,40.9,
07/29/2026,6039,Online Credit card,1284.93,
07/29/2026,6039,Online Credit Card Tips,,38.62
07/29/2026,6039,In-Store Credit Card Tips,,121.8
07/29/2026,6039,3rd Party - DoorDash,197.64,
07/29/2026,6039,3rd Party - GrubHub,13.61,
07/29/2026,6039,3rd Party - UberEats,150.52,
07/29/2026,6039,Cash Over/Short Adjustment,0.15,
07/29/2026,6039,Register Audit Adjustment,95,
07/29/2026,6044,Subject to Tax,,3478.44
07/29/2026,6044,Non-Taxable Sales,,31
07/29/2026,6044,Sales Tax,,393.07
07/29/2026,6044,In-Store Credit Card,1971.48,
07/29/2026,6044,Payout,12.61,
07/29/2026,6044,Online Credit card,1219.47,
07/29/2026,6044,Online Credit Card Tips,,25
07/29/2026,6044,In-Store Credit Card Tips,,99.04
07/29/2026,6044,Gift Card,11.91,
07/29/2026,6044,3rd Party - DoorDash,402.02,
07/29/2026,6044,Cash Over/Short Adjustment,0.06,
07/29/2026,6044,Register Audit Adjustment,409,
07/29/2026,6065,Subject to Tax,,3149.79
07/29/2026,6065,Non-Taxable Sales,,15
07/29/2026,6065,3rd Party Tax Exempt,,117.21
07/29/2026,6065,Sales Tax,,315.18
07/29/2026,6065,In-Store Credit Card,1524.47,
07/29/2026,6065,Online Credit card,1251.46,
07/29/2026,6065,Online Credit Card Tips,,41
07/29/2026,6065,In-Store Credit Card Tips,,98.66
07/29/2026,6065,Gift Card,22.07,
07/29/2026,6065,3rd Party - DoorDash,461.4,
07/29/2026,6065,3rd Party - GrubHub,70.48,
07/29/2026,6065,3rd Party - UberEats,117.21,
07/29/2026,6065,Cash Over/Short Adjustment,0.75,
07/29/2026,6065,Register Audit Adjustment,289,
07/29/2026,6067,Subject to Tax,,3145.1
07/29/2026,6067,Non-Taxable Sales,,10.5
07/29/2026,6067,3rd Party Tax Exempt,,96.66
07/29/2026,6067,Sales Tax,,355.44
07/29/2026,6067,In-Store Credit Card,1498.69,
07/29/2026,6067,Online Credit card,1410.54,
07/29/2026,6067,Online Credit Card Tips,,43
07/29/2026,6067,In-Store Credit Card Tips,,107.21
07/29/2026,6067,Gift Card,14.19,
07/29/2026,6067,3rd Party - DoorDash,293.12,
07/29/2026,6067,3rd Party - GrubHub,20.3,
07/29/2026,6067,3rd Party - UberEats,96.66,
07/29/2026,6067,Cash Over/Short Adjustment,0.41,
07/29/2026,6067,Register Audit Adjustment,424,
07/29/2026,6072,Subject to Tax,,5333.9
07/29/2026,6072,Non-Taxable Sales,,30
07/29/2026,6072,3rd Party Tax Exempt,,115.79
07/29/2026,6072,Register Audit,402,
07/29/2026,6072,Sales Tax,,629.38
07/29/2026,6072,In-Store Credit Card,2944.7,
07/29/2026,6072,Payout,20.23,
07/29/2026,6072,Online Credit card,1663.45,
07/29/2026,6072,Online Gift Card,49.64,
07/29/2026,6072,Online Credit Card Tips,,45.46
07/29/2026,6072,In-Store Credit Card Tips,,175.5
07/29/2026,6072,Online Gift Card Tips,,1
07/29/2026,6072,Gift Card,10.02,
07/29/2026,6072,3rd Party - DoorDash,1111.28,
07/29/2026,6072,3rd Party - GrubHub,14.35,
07/29/2026,6072,3rd Party - UberEats,115.79,
07/29/2026,6072,Cash Over/Short Adjustment,,0.43
07/29/2026,6074,Subject to Tax,,2614.98
07/29/2026,6074,Non-Taxable Sales,,5
07/29/2026,6074,3rd Party Tax Exempt,,117.48
07/29/2026,6074,Sales Tax,,235.32
07/29/2026,6074,In-Store Credit Card,1854.03,
07/29/2026,6074,Online Credit card,689.21,
07/29/2026,6074,Online Credit Card Tips,,17
07/29/2026,6074,In-Store Credit Card Tips,,109.64
07/29/2026,6074,Gift Card,29.82,
07/29/2026,6074,3rd Party - GrubHub,118.95,
07/29/2026,6074,3rd Party - UberEats,117.48,
07/29/2026,6074,Cash Over/Short Adjustment,0.93,
07/29/2026,6074,Register Audit Adjustment,289,
07/29/2026,6076,Subject to Tax,,2522.46
07/29/2026,6076,Non-Taxable Sales,,10
07/29/2026,6076,3rd Party Tax Exempt,,92.98
07/29/2026,6076,Sales Tax,,226.99
07/29/2026,6076,In-Store Credit Card,1671.28,
07/29/2026,6076,Payout,20.08,
07/29/2026,6076,Online Credit card,605.12,
07/29/2026,6076,Online Gift Card,36.35,
07/29/2026,6076,Online Credit Card Tips,,5
07/29/2026,6076,In-Store Credit Card Tips,,86.48
07/29/2026,6076,Online Gift Card Tips,,1
07/29/2026,6076,Gift Card,20.99,
07/29/2026,6076,3rd Party - DoorDash,278.51,
07/29/2026,6076,3rd Party - UberEats,92.98,
07/29/2026,6076,Cash Over/Short Adjustment,0.6,
07/29/2026,6076,Register Audit Adjustment,219,
07/29/2026,6083,Subject to Tax,,4034.9
07/29/2026,6083,Non-Taxable Sales,,20.5
07/29/2026,6083,3rd Party Tax Exempt,,110.66
07/29/2026,6083,Register Audit,159,
07/29/2026,6083,Sales Tax,,363.24
07/29/2026,6083,In-Store Credit Card,2269.13,
07/29/2026,6083,Payout,34.35,
07/29/2026,6083,Online Credit card,1905.58,
07/29/2026,6083,Online Gift Card,26.44,
07/29/2026,6083,Online Credit Card Tips,,55
07/29/2026,6083,In-Store Credit Card Tips,,157.54
07/29/2026,6083,Gift Card,14.82,
07/29/2026,6083,Gift Card Sold,,25
07/29/2026,6083,3rd Party - DoorDash,205.27,
07/29/2026,6083,3rd Party - GrubHub,40.81,
07/29/2026,6083,3rd Party - UberEats,110.66,
07/29/2026,6083,Cash Over/Short Adjustment,0.78,
07/29/2026,6088,Subject to Tax,,2978.33
07/29/2026,6088,Non-Taxable Sales,,20
07/29/2026,6088,3rd Party Tax Exempt,,110.98
07/29/2026,6088,Register Audit,190,
07/29/2026,6088,Sales Tax,,298.02
07/29/2026,6088,In-Store Credit Card,1723.61,
07/29/2026,6088,Online Credit card,1113.3,
07/29/2026,6088,Online Credit Card Tips,,41
07/29/2026,6088,In-Store Credit Card Tips,,113.36
07/29/2026,6088,Gift Card,66.45,
07/29/2026,6088,3rd Party - DoorDash,357.26,
07/29/2026,6088,3rd Party - UberEats,110.98,
07/29/2026,6088,Cash Over/Short Adjustment,0.09,
07/29/2026,6093,Subject to Tax,,2389.6
07/29/2026,6093,Non-Taxable Sales,,10.5
07/29/2026,6093,Register Audit,340,
07/29/2026,6093,Sales Tax,,270.05
07/29/2026,6093,In-Store Credit Card,1308.47,
07/29/2026,6093,Online Credit card,1067.35,
07/29/2026,6093,Online Credit Card Tips,,60
07/29/2026,6093,In-Store Credit Card Tips,,72.18
07/29/2026,6093,3rd Party - DoorDash,86.81,
07/29/2026,6093,Cash Over/Short Adjustment,,0.3
07/29/2026,6094,Subject to Tax,,2002.23
07/29/2026,6094,Non-Taxable Sales,,10
07/29/2026,6094,3rd Party Tax Exempt,,109.26
07/29/2026,6094,Sales Tax,,200.34
07/29/2026,6094,In-Store Credit Card,1321.33,
07/29/2026,6094,Payout,20,
07/29/2026,6094,Online Credit card,692.45,
07/29/2026,6094,Online Credit Card Tips,,26
07/29/2026,6094,In-Store Credit Card Tips,,95.34
07/29/2026,6094,Gift Card,20,
07/29/2026,6094,3rd Party - DoorDash,180.44,
07/29/2026,6094,3rd Party - UberEats,109.26,
07/29/2026,6094,Cash Over/Short Adjustment,0.69,
07/29/2026,6094,Register Audit Adjustment,99,
07/29/2026,6102,Subject to Tax,,2486.71
07/29/2026,6102,Sales Tax,,248.71
07/29/2026,6102,In-Store Credit Card,1418.96,
07/29/2026,6102,Online Credit card,624.6,
07/29/2026,6102,Online Gift Card,24.73,
07/29/2026,6102,Online Credit Card Tips,,12.02
07/29/2026,6102,In-Store Credit Card Tips,,80.73
07/29/2026,6102,Online Gift Card Tips,,2
07/29/2026,6102,Gift Card,21.38,
07/29/2026,6102,3rd Party - DoorDash,399.68,
07/29/2026,6102,3rd Party - GrubHub,56.09,
07/29/2026,6102,3rd Party - UberEats,120.8,
07/29/2026,6102,Cash Over/Short Adjustment,0.93,
07/29/2026,6102,Register Audit Adjustment,163,
07/29/2026,7024,Subject to Tax,,4092.2
07/29/2026,7024,3rd Party Tax Exempt,,498.52
07/29/2026,7024,Sales Tax,,353.17
07/29/2026,7024,In-Store Credit Card,2689.5,
07/29/2026,7024,Online Credit card,1392.25,
07/29/2026,7024,Online Credit Card Tips,,23.45
07/29/2026,7024,In-Store Credit Card Tips,,179.36
07/29/2026,7024,3rd Party - DoorDash,453.22,
07/29/2026,7024,3rd Party - GrubHub,24.42,
07/29/2026,7024,3rd Party - UberEats,20.88,
07/29/2026,7024,Cash Over/Short Adjustment,0.43,
07/29/2026,7024,Register Audit Adjustment,566,
07/29/2026,7032,Subject to Tax,,3154
07/29/2026,7032,3rd Party Tax Exempt,,406.79
07/29/2026,7032,Sales Tax,,274.51
07/29/2026,7032,In-Store Credit Card,2216.14,
07/29/2026,7032,Online Credit card,867.37,
07/29/2026,7032,Online Gift Card,22.57,
07/29/2026,7032,Online Credit Card Tips,,29.45
07/29/2026,7032,In-Store Credit Card Tips,,115.02
07/29/2026,7032,Gift Card,43.99,
07/29/2026,7032,3rd Party - DoorDash,363.66,
07/29/2026,7032,3rd Party - UberEats,43.13,
07/29/2026,7032,Cash Over/Short Adjustment,0.91,
07/29/2026,7032,Register Audit Adjustment,422,
07/29/2026,7039,Subject to Tax,,2328.25
07/29/2026,7039,3rd Party Tax Exempt,,306.91
07/29/2026,7039,Sales Tax,,199.69
07/29/2026,7039,In-Store Credit Card,1511.04,
07/29/2026,7039,Online Credit card,850.77,
07/29/2026,7039,Online Credit Card Tips,,21
07/29/2026,7039,In-Store Credit Card Tips,,83
07/29/2026,7039,Gift Card,15.02,
07/29/2026,7039,3rd Party - DoorDash,258.74,
07/29/2026,7039,3rd Party - UberEats,48.17,
07/29/2026,7039,Cash Over/Short Adjustment,0.11,
07/29/2026,7039,Register Audit Adjustment,255,
07/29/2026,7049,Subject to Tax,,4103.2
07/29/2026,7049,3rd Party Tax Exempt,,637.79
07/29/2026,7049,Sales Tax,,353.97
07/29/2026,7049,In-Store Credit Card,2769.03,
07/29/2026,7049,Online Credit card,1405.24,
07/29/2026,7049,Online Gift Card,26.89,
07/29/2026,7049,Online Credit Card Tips,,57
07/29/2026,7049,In-Store Credit Card Tips,,164.64
07/29/2026,7049,3rd Party - DoorDash,423.95,
07/29/2026,7049,3rd Party - GrubHub,8.94,
07/29/2026,7049,3rd Party - UberEats,204.9,
07/29/2026,7049,Cash Over/Short Adjustment,0.87,
07/29/2026,7049,Register Audit Adjustment,477,
07/29/2026,7066,Subject to Tax,,2717.05
07/29/2026,7066,3rd Party Tax Exempt,,287.38
07/29/2026,7066,Sales Tax,,237.88
07/29/2026,7066,In-Store Credit Card,1886.65,
07/29/2026,7066,Online Credit card,659.62,
07/29/2026,7066,Online Credit Card Tips,,37
07/29/2026,7066,In-Store Credit Card Tips,,110.96
07/29/2026,7066,Gift Card,10.19,
07/29/2026,7066,3rd Party - DoorDash,287.38,
07/29/2026,7066,Cash Over/Short Adjustment,0.43,
07/29/2026,7066,Register Audit Adjustment,546,
07/29/2026,13026,Subject to Tax,,2578.15
07/29/2026,13026,Non-Taxable Sales,,61.6
07/29/2026,13026,3rd Party Tax Exempt,,1245.08
07/29/2026,13026,Register Audit,278,
07/29/2026,13026,Sales Tax,,193.43
07/29/2026,13026,In-Store Credit Card,1631.57,
07/29/2026,13026,Online Credit card,946.01,
07/29/2026,13026,Online Credit Card Tips,,15.7
07/29/2026,13026,In-Store Credit Card Tips,,69.34
07/29/2026,13026,Gift Card,11.08,
07/29/2026,13026,3rd Party - DoorDash,557.53,
07/29/2026,13026,3rd Party - GrubHub,29.72,
07/29/2026,13026,3rd Party - UberEats,708.75,
07/29/2026,13026,Cash Over/Short Adjustment,0.64,
07/29/2026,13062,Subject to Tax,,2373.71
07/29/2026,13062,Non-Taxable Sales,,40.14
07/29/2026,13062,3rd Party Tax Exempt,,410.64
07/29/2026,13062,Tax Exempt,,1.9
07/29/2026,13062,Sales Tax,,166.15
07/29/2026,13062,In-Store Credit Card,1731.67,
07/29/2026,13062,Online Credit card,663.71,
07/29/2026,13062,Online Credit Card Tips,,16
07/29/2026,13062,In-Store Credit Card Tips,,108.9
07/29/2026,13062,Gift Card,42.48,
07/29/2026,13062,3rd Party - DoorDash,338.91,
07/29/2026,13062,3rd Party - GrubHub,58.47,
07/29/2026,13062,3rd Party - UberEats,86.79,
07/29/2026,13062,Cash Over/Short Adjustment,0.41,
07/29/2026,13062,Register Audit Adjustment,195,
07/29/2026,13082,Subject to Tax,,2024.8
07/29/2026,13082,Non-Taxable Sales,,7.74
07/29/2026,13082,3rd Party Tax Exempt,,278.93
07/29/2026,13082,Register Audit,457,
07/29/2026,13082,Sales Tax,,141.74
07/29/2026,13082,In-Store Credit Card,1226.64,
07/29/2026,13082,Online Credit card,535.44,
07/29/2026,13082,Online Credit Card Tips,,16
07/29/2026,13082,In-Store Credit Card Tips,,65.95
07/29/2026,13082,Gift Card,29.53,
07/29/2026,13082,3rd Party - DoorDash,261.95,
07/29/2026,13082,3rd Party - UberEats,24.72,
07/29/2026,13082,Cash Over/Short Adjustment,,0.12
07/29/2026,13106,Subject to Tax,,1730.59
07/29/2026,13106,Non-Taxable Sales,,13.69
07/29/2026,13106,3rd Party Tax Exempt,,265.81
07/29/2026,13106,Sales Tax,,129.85
07/29/2026,13106,In-Store Credit Card,1200.83,
07/29/2026,13106,Payout,8.27,
07/29/2026,13106,Online Credit card,631.73,
07/29/2026,13106,Online Credit Card Tips,,16
07/29/2026,13106,In-Store Credit Card Tips,,87.29
07/29/2026,13106,3rd Party - DoorDash,183.04,
07/29/2026,13106,3rd Party - GrubHub,13.8,
07/29/2026,13106,3rd Party - UberEats,91.71,
07/29/2026,13106,Cash Over/Short Adjustment,0.85,
07/29/2026,13106,Register Audit Adjustment,113,
07/29/2026,13116,Subject to Tax,,2513.67
07/29/2026,13116,Non-Taxable Sales,,103.31
07/29/2026,13116,3rd Party Tax Exempt,,671.95
07/29/2026,13116,Sales Tax,,175.94
07/29/2026,13116,In-Store Credit Card,1749.75,
07/29/2026,13116,Online Credit card,825.29,
07/29/2026,13116,In-Store Credit Card Tips,,78.43
07/29/2026,13116,Gift Card,24.46,
07/29/2026,13116,3rd Party - DoorDash,569.71,
07/29/2026,13116,3rd Party - GrubHub,50.85,
07/29/2026,13116,3rd Party - UberEats,114,
07/29/2026,13116,Cash Over/Short Adjustment,0.24,
07/29/2026,13116,Register Audit Adjustment,209,
07/29/2026,13138,Subject to Tax,,2210.33
07/29/2026,13138,Non-Taxable Sales,,28.01
07/29/2026,13138,3rd Party Tax Exempt,,142.61
07/29/2026,13138,Register Audit,467,
07/29/2026,13138,Sales Tax,,154.78
07/29/2026,13138,In-Store Credit Card,1311.81,
07/29/2026,13138,Online Credit card,739.03,
07/29/2026,13138,Online Credit Card Tips,,32
07/29/2026,13138,In-Store Credit Card Tips,,99.46
07/29/2026,13138,3rd Party - DoorDash,150.35,
07/29/2026,13138,Register Audit Adjustment,,1
07/29/2026,13148,Subject to Tax,,4283.63
07/29/2026,13148,Non-Taxable Sales,,60.78
07/29/2026,13148,3rd Party Tax Exempt,,354.46
07/29/2026,13148,Sales Tax,,278.63
07/29/2026,13148,In-Store Credit Card,2329.13,
07/29/2026,13148,Online Credit card,2254.01,
07/29/2026,13148,Online Credit Card Tips,,86
07/29/2026,13148,In-Store Credit Card Tips,,165.66
07/29/2026,13148,Gift Card,30,
07/29/2026,13148,3rd Party - DoorDash,267.77,
07/29/2026,13148,3rd Party - GrubHub,17.63,
07/29/2026,13148,3rd Party - UberEats,98.09,
07/29/2026,13148,Cash Over/Short Adjustment,0.53,
07/29/2026,13148,Register Audit Adjustment,232,
07/29/2026,13160,Subject to Tax,,3315.96
07/29/2026,13160,Non-Taxable Sales,,50.67
07/29/2026,13160,3rd Party Tax Exempt,,405.41
07/29/2026,13160,Register Audit,620,
07/29/2026,13160,Sales Tax,,232.11
07/29/2026,13160,In-Store Credit Card,2094.11,
07/29/2026,13160,Online Credit card,961.26,
07/29/2026,13160,Online Gift Card,70.56,
07/29/2026,13160,Online Credit Card Tips,,23
07/29/2026,13160,In-Store Credit Card Tips,,134.27
07/29/2026,13160,Gift Card,15,
07/29/2026,13160,Gift Card Sold,,30
07/29/2026,13160,3rd Party - DoorDash,342.42,
07/29/2026,13160,3rd Party - UberEats,87.77,
07/29/2026,13160,Cash Over/Short Adjustment,0.3,
07/29/2026,13162,Subject to Tax,,2881.4
07/29/2026,13162,Non-Taxable Sales,,32.99
07/29/2026,13162,3rd Party Tax Exempt,,641.64
07/29/2026,13162,Sales Tax,,201.74
07/29/2026,13162,In-Store Credit Card,1638.67,
07/29/2026,13162,Payout,131.79,
07/29/2026,13162,Online Credit card,1234.05,
07/29/2026,13162,Online Credit Card Tips,,20
07/29/2026,13162,In-Store Credit Card Tips,,119.42
07/29/2026,13162,Gift Card,40.41,
07/29/2026,13162,Gift Card Sold,,50
07/29/2026,13162,3rd Party - DoorDash,527.44,
07/29/2026,13162,3rd Party - GrubHub,13.42,
07/29/2026,13162,3rd Party - UberEats,133.7,
07/29/2026,13162,Cash Over/Short Adjustment,0.71,
07/29/2026,13162,Register Audit Adjustment,227,
07/29/2026,13219,Subject to Tax,,2816.52
07/29/2026,13219,Non-Taxable Sales,,70.18
07/29/2026,13219,3rd Party Tax Exempt,,406.17
07/29/2026,13219,Sales Tax,,197.24
07/29/2026,13219,In-Store Credit Card,1590.44,
07/29/2026,13219,Online Credit card,900.95,
07/29/2026,13219,Online Credit Card Tips,,20
07/29/2026,13219,In-Store Credit Card Tips,,113.32
07/29/2026,13219,Gift Card,37.04,
07/29/2026,13219,Gift Card Sold,,15
07/29/2026,13219,3rd Party - DoorDash,307.8,
07/29/2026,13219,3rd Party - GrubHub,93.66,
07/29/2026,13219,3rd Party - UberEats,110.55,
07/29/2026,13219,Cash Over/Short Adjustment,0.99,
07/29/2026,13219,Register Audit Adjustment,597,
07/29/2026,37001,Subject to Tax,,4592.7
07/29/2026,37001,Non-Taxable Sales,,504.58
07/29/2026,37001,Register Audit,791.8,
07/29/2026,37001,Sales Tax,,390.48
07/29/2026,37001,In-Store Credit Card,2211.59,
07/29/2026,37001,Online Credit card,2070.63,
07/29/2026,37001,Online Gift Card,12.86,
07/29/2026,37001,Online Credit Card Tips,,59.65
07/29/2026,37001,In-Store Credit Card Tips,,151.19
07/29/2026,37001,Gift Card,17.79,
07/29/2026,37001,Gift Card Sold,,40
07/29/2026,37001,3rd Party - DoorDash,587.12,
07/29/2026,37001,3rd Party - UberEats,46.1,
07/29/2026,37001,Cash Over/Short Adjustment,0.71,
07/29/2026,37002,Subject to Tax,,4245.56
07/29/2026,37002,Non-Taxable Sales,,370.45
07/29/2026,37002,Sales Tax,,361
07/29/2026,37002,In-Store Credit Card,1761.12,
07/29/2026,37002,Online Credit card,2007.14,
07/29/2026,37002,Online Credit Card Tips,,63.5
07/29/2026,37002,In-Store Credit Card Tips,,116.22
07/29/2026,37002,Gift Card Sold,,50
07/29/2026,37002,3rd Party - DoorDash,704.37,
07/29/2026,37002,3rd Party - GrubHub,141.45,
07/29/2026,37002,3rd Party - UberEats,68.01,
07/29/2026,37002,Cash Over/Short Adjustment,0.64,
07/29/2026,37002,Register Audit Adjustment,524,
07/29/2026,37004,Subject to Tax,,1755.71
07/29/2026,37004,Non-Taxable Sales,,241.94
07/29/2026,37004,Register Audit,258,
07/29/2026,37004,Sales Tax,,149.21
07/29/2026,37004,In-Store Credit Card,996.89,
07/29/2026,37004,Online Credit card,799.14,
07/29/2026,37004,Online Gift Card,27.95,
07/29/2026,37004,Online Credit Card Tips,,36
07/29/2026,37004,In-Store Credit Card Tips,,75.67
07/29/2026,37004,3rd Party - DoorDash,155.83,
07/29/2026,37004,3rd Party - GrubHub,23.7,
07/29/2026,37004,Cash Over/Short Adjustment,,0.98
07/29/2026,37004,Register Audit Adjustment,,2
07/29/2026,37006,Subject to Tax,,3615.72
07/29/2026,37006,Non-Taxable Sales,,465.38
07/29/2026,37006,Register Audit,339,
07/29/2026,37006,Sales Tax,,307.41
07/29/2026,37006,In-Store Credit Card,2237.42,
07/29/2026,37006,Payout,45,
07/29/2026,37006,Online Credit card,1453.77,
07/29/2026,37006,Online Gift Card,12.86,
07/29/2026,37006,Online Credit Card Tips,,61
07/29/2026,37006,In-Store Credit Card Tips,,170.21
07/29/2026,37006,Gift Card,31.66,
07/29/2026,37006,3rd Party - DoorDash,312.35,
07/29/2026,37006,3rd Party - UberEats,176.15,
07/29/2026,37006,Cash Over/Short Adjustment,0.51,
07/29/2026,37006,Register Audit Adjustment,11,
07/29/2026,37007,Subject to Tax,,5606.34
07/29/2026,37007,Non-Taxable Sales,,611.05
07/29/2026,37007,Sales Tax,,476.59
07/29/2026,37007,In-Store Credit Card,2658.77,
07/29/2026,37007,Online Credit card,1982.02,
07/29/2026,37007,Online Gift Card,31.19,
07/29/2026,37007,Online Credit Card Tips,,32.08
07/29/2026,37007,In-Store Credit Card Tips,,136.09
07/29/2026,37007,3rd Party - DoorDash,1485.79,
07/29/2026,37007,3rd Party - GrubHub,48.05,
07/29/2026,37007,3rd Party - UberEats,276.03,
07/29/2026,37007,Cash Over/Short Adjustment,0.3,
07/29/2026,37007,Register Audit Adjustment,380,
07/29/2026,37009,Subject to Tax,,3691.45
07/29/2026,37009,Non-Taxable Sales,,449.61
07/29/2026,37009,Sales Tax,,313.8
07/29/2026,37009,In-Store Credit Card,1774.78,
07/29/2026,37009,Online Credit card,1636.97,
07/29/2026,37009,Online Gift Card,63.77,
07/29/2026,37009,Online Credit Card Tips,,56
07/29/2026,37009,In-Store Credit Card Tips,,100.67
07/29/2026,37009,Online Gift Card Tips,,2
07/29/2026,37009,Gift Card,47.3,
07/29/2026,37009,3rd Party - DoorDash,563.46,
07/29/2026,37009,3rd Party - GrubHub,12.89,
07/29/2026,37009,3rd Party - UberEats,178.57,
07/29/2026,37009,Cash Over/Short Adjustment,0.79,
07/29/2026,37009,Register Audit Adjustment,335,
07/29/2026,37010,Subject to Tax,,5405.99
07/29/2026,37010,Non-Taxable Sales,,700.19
07/29/2026,37010,Register Audit,712,
07/29/2026,37010,Sales Tax,,459.55
07/29/2026,37010,In-Store Credit Card,2841.04,
07/29/2026,37010,Online Credit card,2516.82,
07/29/2026,37010,Online Gift Card,25,
07/29/2026,37010,Online Credit Card Tips,,84.09
07/29/2026,37010,In-Store Credit Card Tips,,207.09
07/29/2026,37010,Online Gift Card Tips,,1.78
07/29/2026,37010,3rd Party - DoorDash,623.17,
07/29/2026,37010,3rd Party - GrubHub,12.89,
07/29/2026,37010,3rd Party - UberEats,128.44,
07/29/2026,37010,Cash Over/Short Adjustment,,0.67
07/29/2026,37013,Subject to Tax,,3353.04
07/29/2026,37013,Non-Taxable Sales,,345.17
07/29/2026,37013,Register Audit,620,
07/29/2026,37013,Sales Tax,,285.1
07/29/2026,37013,In-Store Credit Card,1899.22,
07/29/2026,37013,Online Credit card,1524.34,
07/29/2026,37013,Online Gift Card,7.77,
07/29/2026,37013,Online Credit Card Tips,,60
07/29/2026,37013,In-Store Credit Card Tips,,125.21
07/29/2026,37013,Gift Card,18.88,
07/29/2026,37013,3rd Party - DoorDash,98.22,
07/29/2026,37013,Cash Over/Short Adjustment,0.09,
07/29/2026,37014,Subject to Tax,,3041.02
07/29/2026,37014,Non-Taxable Sales,,320.76
07/29/2026,37014,Register Audit,424,
07/29/2026,37014,Sales Tax,,258.48
07/29/2026,37014,In-Store Credit Card,1622.96,
07/29/2026,37014,Online Credit card,1053.98,
07/29/2026,37014,Online Gift Card,10,
07/29/2026,37014,Online Credit Card Tips,,41
07/29/2026,37014,In-Store Credit Card Tips,,111.46
07/29/2026,37014,Online Gift Card Tips,,1
07/29/2026,37014,Gift Card,34.75,
07/29/2026,37014,3rd Party - DoorDash,467.37,
07/29/2026,37014,3rd Party - GrubHub,59.7,
07/29/2026,37014,3rd Party - UberEats,100.84,
07/29/2026,37014,Cash Over/Short Adjustment,0.12,
07/29/2026,37016,Subject to Tax,,2802.47
07/29/2026,37016,Non-Taxable Sales,,322.37
07/29/2026,37016,Register Audit,547,
07/29/2026,37016,Sales Tax,,238.25
07/29/2026,37016,In-Store Credit Card,1828.65,
07/29/2026,37016,Payout,17.99,
07/29/2026,37016,Online Credit card,787.91,
07/29/2026,37016,Online Gift Card,53.93,
07/29/2026,37016,Online Credit Card Tips,,24
07/29/2026,37016,In-Store Credit Card Tips,,103.26
07/29/2026,37016,Gift Card,10,
07/29/2026,37016,3rd Party - DoorDash,244.18,
07/29/2026,37016,Cash Over/Short Adjustment,0.69,
07/29/2026,37020,Subject to Tax,,2404.24
07/29/2026,37020,Non-Taxable Sales,,225.46
07/29/2026,37020,Register Audit,286,
07/29/2026,37020,Sales Tax,,204.35
07/29/2026,37020,In-Store Credit Card,1065.42,
07/29/2026,37020,Online Credit card,1416.17,
07/29/2026,37020,Online Gift Card,11.61,
07/29/2026,37020,Online Credit Card Tips,,54.49
07/29/2026,37020,In-Store Credit Card Tips,,78.57
07/29/2026,37020,Gift Card,33.18,
07/29/2026,37020,3rd Party - DoorDash,105.11,
07/29/2026,37020,3rd Party - UberEats,48.52,
07/29/2026,37020,Cash Over/Short Adjustment,0.1,
07/29/2026,37020,Register Audit Adjustment,1,
07/29/2026,49001,Subject to Tax,,4452.7
07/29/2026,49001,3rd Party Tax Exempt,,825.11
07/29/2026,49001,Tax Exempt,,15.7
07/29/2026,49001,Sales Tax,,356.05
07/29/2026,49001,In-Store Credit Card,3060.86,
07/29/2026,49001,Payout,18.99,
07/29/2026,49001,Online Credit card,1532.78,
07/29/2026,49001,Online Gift Card,25,
07/29/2026,49001,Online Credit Card Tips,,38
07/29/2026,49001,In-Store Credit Card Tips,,183.82
07/29/2026,49001,Online Gift Card Tips,,1.89
07/29/2026,49001,Gift Card,8.32,
07/29/2026,49001,3rd Party - DoorDash,798.11,
07/29/2026,49001,3rd Party - UberEats,27,
07/29/2026,49001,Cash Over/Short Adjustment,0.21,
07/29/2026,49001,Register Audit Adjustment,402,
07/29/2026,49002,Subject to Tax,,3863.4
07/29/2026,49002,3rd Party Tax Exempt,,327.56
07/29/2026,49002,Sales Tax,,308.77
07/29/2026,49002,In-Store Credit Card,2148.36,
07/29/2026,49002,Online Credit card,1878.32,
07/29/2026,49002,Online Credit Card Tips,,57.1
07/29/2026,49002,In-Store Credit Card Tips,,136.97
07/29/2026,49002,Gift Card,11.29,
07/29/2026,49002,Gift Card Sold,,25
07/29/2026,49002,3rd Party - DoorDash,327.56,
07/29/2026,49002,Cash Over/Short Adjustment,0.27,
07/29/2026,49002,Register Audit Adjustment,353,
07/29/2026,49003,Subject to Tax,,3307.9
07/29/2026,49003,3rd Party Tax Exempt,,294.47
07/29/2026,49003,Sales Tax,,264.47
07/29/2026,49003,In-Store Credit Card,2222.67,
07/29/2026,49003,Online Credit card,1000.64,
07/29/2026,49003,Online Credit Card Tips,,36
07/29/2026,49003,In-Store Credit Card Tips,,177.65
07/29/2026,49003,Gift Card,10.69,
07/29/2026,49003,3rd Party - DoorDash,280.13,
07/29/2026,49003,3rd Party - GrubHub,14.34,
07/29/2026,49003,Cash Over/Short Adjustment,0.02,
07/29/2026,49003,Register Audit Adjustment,552,
07/29/2026,49004,Subject to Tax,,3660.6
07/29/2026,49004,3rd Party Tax Exempt,,758.9
07/29/2026,49004,Register Audit,227,
07/29/2026,49004,Sales Tax,,292.99
07/29/2026,49004,In-Store Credit Card,2054.17,
07/29/2026,49004,Payout,102.9,
07/29/2026,49004,Online Credit card,1691.25,
07/29/2026,49004,Online Gift Card,16.96,
07/29/2026,49004,Online Credit Card Tips,,39.86
07/29/2026,49004,In-Store Credit Card Tips,,140.87
07/29/2026,49004,Gift Card,41.14,
07/29/2026,49004,3rd Party - DoorDash,657.87,
07/29/2026,49004,3rd Party - GrubHub,36.65,
07/29/2026,49004,3rd Party - UberEats,64.38,
07/29/2026,49004,Cash Over/Short Adjustment,0.9,
07/29/2026,49005,Subject to Tax,,4366.8
07/29/2026,49005,3rd Party Tax Exempt,,415.63
07/29/2026,49005,Sales Tax,,349.38
07/29/2026,49005,In-Store Credit Card,2695.74,
07/29/2026,49005,Online Credit card,1742.25,
07/29/2026,49005,Online Gift Card,21.29,
07/29/2026,49005,Online Credit Card Tips,,59.63
07/29/2026,49005,In-Store Credit Card Tips,,193.31
07/29/2026,49005,Gift Card,13.57,
07/29/2026,49005,3rd Party - DoorDash,415.63,
07/29/2026,49005,Cash Over/Short Adjustment,0.27,
07/29/2026,49005,Register Audit Adjustment,496,
07/29/2026,49006,Subject to Tax,,5678.1
07/29/2026,49006,3rd Party Tax Exempt,,1276.5
07/29/2026,49006,Tax Exempt,,18.2
07/29/2026,49006,Sales Tax,,453.35
07/29/2026,49006,In-Store Credit Card,3360.2,
07/29/2026,49006,Payout,50,
07/29/2026,49006,Online Credit card,2214.47,
07/29/2026,49006,Online Gift Card,118.07,
07/29/2026,49006,Online Credit Card Tips,,55.77
07/29/2026,49006,In-Store Credit Card Tips,,178.1
07/29/2026,49006,Gift Card,16.69,
07/29/2026,49006,3rd Party - DoorDash,1146.56,
07/29/2026,49006,3rd Party - UberEats,129.94,
07/29/2026,49006,Cash Over/Short Adjustment,0.09,
07/29/2026,49006,Register Audit Adjustment,624,
07/29/2026,49007,Subject to Tax,,2828.25
07/29/2026,49007,3rd Party Tax Exempt,,150.9
07/29/2026,49007,Register Audit,158.55,
07/29/2026,49007,Sales Tax,,225.98
07/29/2026,49007,In-Store Credit Card,1582.61,
07/29/2026,49007,Online Credit card,1376.45,
07/29/2026,49007,Online Gift Card,16.12,
07/29/2026,49007,Online Credit Card Tips,,35
07/29/2026,49007,In-Store Credit Card Tips,,95.57
07/29/2026,49007,Online Gift Card Tips,,3
07/29/2026,49007,Gift Card,54.07,
07/29/2026,49007,3rd Party - UberEats,150.9,
07/29/2026,49008,Subject to Tax,,3026.9
07/29/2026,49008,3rd Party Tax Exempt,,439.24
07/29/2026,49008,Sales Tax,,241.81
07/29/2026,49008,In-Store Credit Card,1690.66,
07/29/2026,49008,Online Credit card,1198.71,
07/29/2026,49008,Online Gift Card,23.07,
07/29/2026,49008,Online Credit Card Tips,,36.7
07/29/2026,49008,In-Store Credit Card Tips,,92.02
07/29/2026,49008,Gift Card,11.56,
07/29/2026,49008,Gift Card Sold,,50
07/29/2026,49008,3rd Party - DoorDash,402.64,
07/29/2026,49008,3rd Party - UberEats,36.6,
07/29/2026,49008,Cash Over/Short Adjustment,0.43,
07/29/2026,49008,Register Audit Adjustment,523,
07/29/2026,49009,Subject to Tax,,3791.15
07/29/2026,49009,3rd Party Tax Exempt,,437.98
07/29/2026,49009,Register Audit,531,
07/29/2026,49009,Sales Tax,,303.39
07/29/2026,49009,In-Store Credit Card,2082.5,
07/29/2026,49009,Online Credit card,1612.53,
07/29/2026,49009,Online Credit Card Tips,,39
07/29/2026,49009,In-Store Credit Card Tips,,124.94
07/29/2026,49009,Gift Card,31.97,
07/29/2026,49009,3rd Party - DoorDash,410.99,
07/29/2026,49009,3rd Party - UberEats,26.99,
07/29/2026,49009,Cash Over/Short Adjustment,0.48,
07/29/2026,49010,Subject to Tax,,2654.2
07/29/2026,49010,3rd Party Tax Exempt,,452.23
07/29/2026,49010,Sales Tax,,212.46
07/29/2026,49010,In-Store Credit Card,1614.75,
07/29/2026,49010,Payout,20.03,
07/29/2026,49010,Online Credit card,1106.58,
07/29/2026,49010,Online Gift Card,15.69,
07/29/2026,49010,Online Credit Card Tips,,42
07/29/2026,49010,In-Store Credit Card Tips,,107.21
07/29/2026,49010,Online Gift Card Tips,,1
07/29/2026,49010,Gift Card,20,
07/29/2026,49010,3rd Party - DoorDash,419.97,
07/29/2026,49010,3rd Party - UberEats,32.26,
07/29/2026,49010,Cash Over/Short Adjustment,0.82,
07/29/2026,49010,Register Audit Adjustment,239,
07/29/2026,49011,Subject to Tax,,4206.9
07/29/2026,49011,3rd Party Tax Exempt,,382.63
07/29/2026,49011,Register Audit,457,
07/29/2026,49011,Sales Tax,,336.09
07/29/2026,49011,In-Store Credit Card,2413.01,
07/29/2026,49011,Online Credit card,1878.06,
07/29/2026,49011,Online Credit Card Tips,,62
07/29/2026,49011,In-Store Credit Card Tips,,195.07
07/29/2026,49011,Gift Card,51.8,
07/29/2026,49011,3rd Party - DoorDash,360.91,
07/29/2026,49011,3rd Party - UberEats,21.72,
07/29/2026,49011,Cash Over/Short Adjustment,0.19,
07/30/2026,2006,Subject to Tax,,129.4
07/30/2026,2006,Non-Taxable Sales,,3657.4
07/30/2026,2006,3rd Party Tax Exempt,,21.58
07/30/2026,2006,Register Audit,286,
07/30/2026,2006,Sales Tax,,9.19
07/30/2026,2006,In-Store Credit Card,2038.61,
07/30/2026,2006,Online Credit card,927.93,
07/30/2026,2006,Online Gift Card,10.7,
07/30/2026,2006,Online Credit Card Tips,,20.3
07/30/2026,2006,In-Store Credit Card Tips,,113.76
07/30/2026,2006,Gift Card,10,
07/30/2026,2006,3rd Party - DoorDash,552.36,
07/30/2026,2006,3rd Party - UberEats,125.72,
07/30/2026,2006,Cash Over/Short Adjustment,0.31,
07/30/2026,2016,Subject to Tax,,118.12
07/30/2026,2016,Non-Taxable Sales,,3344.16
07/30/2026,2016,3rd Party Tax Exempt,,37.2
07/30/2026,2016,Register Audit,308,
07/30/2026,2016,Sales Tax,,7.69
07/30/2026,2016,In-Store Credit Card,1596.2,
07/30/2026,2016,Online Credit card,1081.36,
07/30/2026,2016,Online Credit Card Tips,,25.75
07/30/2026,2016,In-Store Credit Card Tips,,82.35
07/30/2026,2016,Gift Card,39.15,
07/30/2026,2016,3rd Party - DoorDash,407.12,
07/30/2026,2016,3rd Party - GrubHub,57.58,
07/30/2026,2016,3rd Party - UberEats,125.33,
07/30/2026,2016,Cash Over/Short Adjustment,0.53,
07/30/2026,2017,Subject to Tax,,162.38
07/30/2026,2017,Non-Taxable Sales,,3763.49
07/30/2026,2017,3rd Party Tax Exempt,,21.96
07/30/2026,2017,Register Audit,139,
07/30/2026,2017,Sales Tax,,10.78
07/30/2026,2017,In-Store Credit Card,2594.66,
07/30/2026,2017,Online Credit card,719.95,
07/30/2026,2017,Online Credit Card Tips,,25
07/30/2026,2017,In-Store Credit Card Tips,,183.09
07/30/2026,2017,Gift Card,2.05,
07/30/2026,2017,3rd Party - DoorDash,572.95,
07/30/2026,2017,3rd Party - GrubHub,51.59,
07/30/2026,2017,3rd Party - UberEats,87.07,
07/30/2026,2017,Cash Over/Short Adjustment,,0.57
07/30/2026,2020,Subject to Tax,,430.06
07/30/2026,2020,Non-Taxable Sales,,4225.6
07/30/2026,2020,3rd Party Tax Exempt,,28.78
07/30/2026,2020,Tax Exempt,,4.4
07/30/2026,2020,Register Audit,505,
07/30/2026,2020,Sales Tax,,30.52
07/30/2026,2020,In-Store Credit Card,1750.12,
07/30/2026,2020,Online Credit card,1875.22,
07/30/2026,2020,Online Gift Card,10.7,
07/30/2026,2020,Online Credit Card Tips,,29
07/30/2026,2020,In-Store Credit Card Tips,,86.94
07/30/2026,2020,Gift Card,76.03,
07/30/2026,2020,3rd Party - DoorDash,565.74,
07/30/2026,2020,3rd Party - GrubHub,29.87,
07/30/2026,2020,3rd Party - UberEats,22.26,
07/30/2026,2020,Cash Over/Short Adjustment,0.36,
07/30/2026,2023,Subject to Tax,,169.08
07/30/2026,2023,Non-Taxable Sales,,3908.6
07/30/2026,2023,3rd Party Tax Exempt,,28.78
07/30/2026,2023,Register Audit,298,
07/30/2026,2023,Sales Tax,,11.78
07/30/2026,2023,In-Store Credit Card,1983.36,
07/30/2026,2023,Payout,5.18,
07/30/2026,2023,Online Credit card,927.36,
07/30/2026,2023,Online Gift Card,34.8,
07/30/2026,2023,Online Credit Card Tips,,41
07/30/2026,2023,In-Store Credit Card Tips,,91.88
07/30/2026,2023,Gift Card,40.25,
07/30/2026,2023,3rd Party - DoorDash,670.81,
07/30/2026,2023,3rd Party - GrubHub,81.04,
07/30/2026,2023,3rd Party - UberEats,198.81,
07/30/2026,2023,Cash Over/Short Adjustment,,0.29
07/30/2026,2024,Subject to Tax,,173.08
07/30/2026,2024,Non-Taxable Sales,,3728.22
07/30/2026,2024,3rd Party Tax Exempt,,30.48
07/30/2026,2024,Register Audit,175,
07/30/2026,2024,Sales Tax,,13.48
07/30/2026,2024,In-Store Credit Card,1912.72,
07/30/2026,2024,Payout,9.72,
07/30/2026,2024,Online Credit card,1261.31,
07/30/2026,2024,Online Credit Card Tips,,16
07/30/2026,2024,In-Store Credit Card Tips,,142.14
07/30/2026,2024,Gift Card,39.35,
07/30/2026,2024,3rd Party - DoorDash,551.47,
07/30/2026,2024,3rd Party - GrubHub,59.27,
07/30/2026,2024,3rd Party - UberEats,95.4,
07/30/2026,2024,Cash Over/Short Adjustment,,0.84
07/30/2026,2047,Subject to Tax,,220.2
07/30/2026,2047,Non-Taxable Sales,,3571.79
07/30/2026,2047,3rd Party Tax Exempt,,35.86
07/30/2026,2047,Register Audit,286,
07/30/2026,2047,Sales Tax,,15.37
07/30/2026,2047,In-Store Credit Card,1779.24,
07/30/2026,2047,Payout,37.97,
07/30/2026,2047,Online Credit card,936.49,
07/30/2026,2047,Online Credit Card Tips,,23
07/30/2026,2047,In-Store Credit Card Tips,,123.33
07/30/2026,2047,Gift Card,101.6,
07/30/2026,2047,3rd Party - DoorDash,735.03,
07/30/2026,2047,3rd Party - UberEats,112.92,
07/30/2026,2047,Cash Over/Short Adjustment,0.3,
07/30/2026,4003,Subject to Tax,,4612.06
07/30/2026,4003,Register Audit,230.75,
07/30/2026,4003,Sales Tax,,449.69
07/30/2026,4003,In-Store Credit Card,2448.36,
07/30/2026,4003,Payout,24.13,
07/30/2026,4003,Online Credit card,1333.8,
07/30/2026,4003,Online Gift Card,22.61,
07/30/2026,4003,Online Credit Card Tips,,53.53
07/30/2026,4003,In-Store Credit Card Tips,,175.51
07/30/2026,4003,Gift Card,34.75,
07/30/2026,4003,3rd Party - DoorDash,822.66,
07/30/2026,4003,3rd Party - GrubHub,103.77,
07/30/2026,4003,3rd Party - UberEats,272.55,
07/30/2026,4003,Cash Over/Short Adjustment,,0.59
07/30/2026,4003,Register Audit Adjustment,,2
07/30/2026,4004,Subject to Tax,,4258.39
07/30/2026,4004,Register Audit,109,
07/30/2026,4004,Sales Tax,,415.21
07/30/2026,4004,In-Store Credit Card,2025.48,
07/30/2026,4004,Online Credit card,1295.02,
07/30/2026,4004,Online Credit Card Tips,,36
07/30/2026,4004,In-Store Credit Card Tips,,123.54
07/30/2026,4004,Gift Card,25.16,
07/30/2026,4004,3rd Party - DoorDash,872.82,
07/30/2026,4004,3rd Party - GrubHub,40.3,
07/30/2026,4004,3rd Party - UberEats,466.23,
07/30/2026,4004,Cash Over/Short Adjustment,,0.87
07/30/2026,4005,Subject to Tax,,4319.98
07/30/2026,4005,Register Audit,452,
07/30/2026,4005,Sales Tax,,421.21
07/30/2026,4005,In-Store Credit Card,2744.78,
07/30/2026,4005,Online Credit card,976.24,
07/30/2026,4005,Online Gift Card,20.69,
07/30/2026,4005,In-Store Credit Card Tips,,200.56
07/30/2026,4005,Gift Card,15.8,
07/30/2026,4005,3rd Party - DoorDash,396.2,
07/30/2026,4005,3rd Party - UberEats,336.12,
07/30/2026,4005,Cash Over/Short Adjustment,,0.08
07/30/2026,4008,Subject to Tax,,3729.82
07/30/2026,4008,Register Audit,272,
07/30/2026,4008,Sales Tax,,363.67
07/30/2026,4008,In-Store Credit Card,2226.67,
07/30/2026,4008,Online Credit card,1243.39,
07/30/2026,4008,Online Credit Card Tips,,43.48
07/30/2026,4008,In-Store Credit Card Tips,,134.55
07/30/2026,4008,Gift Card,25,
07/30/2026,4008,3rd Party - DoorDash,318.8,
07/30/2026,4008,3rd Party - UberEats,186.23,
07/30/2026,4008,Cash Over/Short Adjustment,,0.57
07/30/2026,4009,Subject to Tax,,2962.76
07/30/2026,4009,Register Audit,295,
07/30/2026,4009,Sales Tax,,288.85
07/30/2026,4009,In-Store Credit Card,1596.67,
07/30/2026,4009,Online Credit card,755.49,
07/30/2026,4009,Online Gift Card,30.02,
07/30/2026,4009,Online Credit Card Tips,,27.34
07/30/2026,4009,In-Store Credit Card Tips,,67.14
07/30/2026,4009,Gift Card,55.46,
07/30/2026,4009,3rd Party - DoorDash,592.02,
07/30/2026,4009,3rd Party - UberEats,22.25,
07/30/2026,4009,Cash Over/Short Adjustment,,0.82
07/30/2026,4010,Subject to Tax,,3327.22
07/30/2026,4010,Register Audit,252,
07/30/2026,4010,Sales Tax,,324.47
07/30/2026,4010,In-Store Credit Card,1917.33,
07/30/2026,4010,Online Credit card,620.95,
07/30/2026,4010,Online Gift Card,16.68,
07/30/2026,4010,Online Credit Card Tips,,-2
07/30/2026,4010,In-Store Credit Card Tips,,147.93
07/30/2026,4010,3rd Party - DoorDash,685.21,
07/30/2026,4010,3rd Party - UberEats,305.24,
07/30/2026,4010,Cash Over/Short Adjustment,0.21,
07/30/2026,4015,Subject to Tax,,4136.49
07/30/2026,4015,Register Audit,294,
07/30/2026,4015,Sales Tax,,403.31
07/30/2026,4015,In-Store Credit Card,2093.07,
07/30/2026,4015,Online Credit card,1447.11,
07/30/2026,4015,Online Credit Card Tips,,40.03
07/30/2026,4015,In-Store Credit Card Tips,,142.16
07/30/2026,4015,3rd Party - DoorDash,730.08,
07/30/2026,4015,3rd Party - UberEats,158.09,
07/30/2026,4015,Cash Over/Short Adjustment,,0.36
07/30/2026,4021,Subject to Tax,,4129.9
07/30/2026,4021,Sales Tax,,402.64
07/30/2026,4021,In-Store Credit Card,2381.65,
07/30/2026,4021,Online Credit card,1327.89,
07/30/2026,4021,Online Credit Card Tips,,75
07/30/2026,4021,In-Store Credit Card Tips,,144.25
07/30/2026,4021,Gift Card,24.7,
07/30/2026,4021,3rd Party - DoorDash,586.67,
07/30/2026,4021,3rd Party - GrubHub,14.09,
07/30/2026,4021,3rd Party - UberEats,260.52,
07/30/2026,4021,Cash Over/Short Adjustment,0.27,
07/30/2026,4021,Register Audit Adjustment,156,
07/30/2026,4025,Subject to Tax,,3021.92
07/30/2026,4025,Register Audit,229,
07/30/2026,4025,Sales Tax,,294.58
07/30/2026,4025,In-Store Credit Card,1730.67,
07/30/2026,4025,Online Credit card,660.09,
07/30/2026,4025,Online Gift Card,12.93,
07/30/2026,4025,Online Credit Card Tips,,25
07/30/2026,4025,In-Store Credit Card Tips,,103.93
07/30/2026,4025,Online Gift Card Tips,,2
07/30/2026,4025,Gift Card,76.83,
07/30/2026,4025,3rd Party - DoorDash,441.69,
07/30/2026,4025,3rd Party - UberEats,296.4,
07/30/2026,4025,Cash Over/Short Adjustment,,0.18
07/30/2026,4027,Subject to Tax,,5463.48
07/30/2026,4027,Register Audit,437,
07/30/2026,4027,Sales Tax,,532.63
07/30/2026,4027,In-Store Credit Card,2308.16,
07/30/2026,4027,Online Credit card,1449.38,
07/30/2026,4027,In-Store Credit Card Tips,,131.59
07/30/2026,4027,3rd Party - DoorDash,1001.09,
07/30/2026,4027,3rd Party - GrubHub,13.76,
07/30/2026,4027,3rd Party - UberEats,918.09,
07/30/2026,4027,Cash Over/Short Adjustment,0.22,
07/30/2026,4034,Subject to Tax,,3834.9
07/30/2026,4034,Sales Tax,,373.85
07/30/2026,4034,In-Store Credit Card,2350.56,
07/30/2026,4034,Online Credit card,1023.06,
07/30/2026,4034,Online Gift Card,19.32,
07/30/2026,4034,Online Credit Card Tips,,12
07/30/2026,4034,In-Store Credit Card Tips,,140.61
07/30/2026,4034,Gift Card,50,
07/30/2026,4034,3rd Party - DoorDash,622.23,
07/30/2026,4034,3rd Party - UberEats,22.32,
07/30/2026,4034,Cash Over/Short Adjustment,0.87,
07/30/2026,4034,Register Audit Adjustment,273,
07/30/2026,4036,Subject to Tax,,5398.06
07/30/2026,4036,Register Audit,353,
07/30/2026,4036,Sales Tax,,526.29
07/30/2026,4036,In-Store Credit Card,3112.75,
07/30/2026,4036,Online Credit card,1457.13,
07/30/2026,4036,Online Credit Card Tips,,43
07/30/2026,4036,In-Store Credit Card Tips,,193.06
07/30/2026,4036,Gift Card,16.02,
07/30/2026,4036,3rd Party - DoorDash,736.39,
07/30/2026,4036,3rd Party - GrubHub,29.44,
07/30/2026,4036,3rd Party - UberEats,454.74,
07/30/2026,4036,Cash Over/Short Adjustment,0.94,
07/30/2026,4042,Subject to Tax,,5012.99
07/30/2026,4042,Sales Tax,,488.73
07/30/2026,4042,In-Store Credit Card,2413.87,
07/30/2026,4042,Online Credit card,1408.45,
07/30/2026,4042,Online Credit Card Tips,,39
07/30/2026,4042,In-Store Credit Card Tips,,128.81
07/30/2026,4042,Gift Card,31.06,
07/30/2026,4042,3rd Party - DoorDash,1261.84,
07/30/2026,4042,3rd Party - GrubHub,86.47,
07/30/2026,4042,3rd Party - UberEats,172.46,
07/30/2026,4042,Cash Over/Short Adjustment,0.38,
07/30/2026,4042,Register Audit Adjustment,295,
07/30/2026,4052,Subject to Tax,,5039.48
07/30/2026,4052,Register Audit,563,
07/30/2026,4052,Sales Tax,,491.32
07/30/2026,4052,In-Store Credit Card,2603.29,
07/30/2026,4052,Payout,4.2,
07/30/2026,4052,Online Credit card,1370.16,
07/30/2026,4052,Online Gift Card,13.74,
07/30/2026,4052,Online Credit Card Tips,,33.24
07/30/2026,4052,In-Store Credit Card Tips,,145.88
07/30/2026,4052,Online Gift Card Tips,,2
07/30/2026,4052,Gift Card,2.39,
07/30/2026,4052,3rd Party - DoorDash,1080.83,
07/30/2026,4052,3rd Party - GrubHub,15.53,
07/30/2026,4052,3rd Party - UberEats,55.49,
07/30/2026,4052,Cash Over/Short Adjustment,0.29,
07/30/2026,4052,Register Audit Adjustment,3,
07/30/2026,4061,Subject to Tax,,3367.43
07/30/2026,4061,Sales Tax,,328.32
07/30/2026,4061,In-Store Credit Card,1887.43,
07/30/2026,4061,Online Credit card,1177.25,
07/30/2026,4061,Online Credit Card Tips,,46.23
07/30/2026,4061,In-Store Credit Card Tips,,115.85
07/30/2026,4061,Gift Card,13.26,
07/30/2026,4061,3rd Party - DoorDash,309.83,
07/30/2026,4061,3rd Party - GrubHub,27.4,
07/30/2026,4061,3rd Party - UberEats,145.71,
07/30/2026,4061,Cash Over/Short Adjustment,0.95,
07/30/2026,4061,Register Audit Adjustment,296,
07/30/2026,4074,Subject to Tax,,3238.93
07/30/2026,4074,Register Audit,56,
07/30/2026,4074,Sales Tax,,315.72
07/30/2026,4074,In-Store Credit Card,2276.38,
07/30/2026,4074,Online Credit card,918.79,
07/30/2026,4074,Online Credit Card Tips,,35
07/30/2026,4074,In-Store Credit Card Tips,,168.61
07/30/2026,4074,Gift Card,46.2,
07/30/2026,4074,3rd Party - DoorDash,330.32,
07/30/2026,4074,3rd Party - UberEats,30.67,
07/30/2026,4074,Cash Over/Short Adjustment,0.9,
07/30/2026,4074,Register Audit Adjustment,99,
07/30/2026,5042,Subject to Tax,,3927.4
07/30/2026,5042,Non-Taxable Sales,,5
07/30/2026,5042,3rd Party Tax Exempt,,529.22
07/30/2026,5042,Register Audit,253,
07/30/2026,5042,Sales Tax,,270.59
07/30/2026,5042,In-Store Credit Card,2697.17,
07/30/2026,5042,Payout,66.4,
07/30/2026,5042,Online Credit card,1438.36,
07/30/2026,5042,Online Credit Card Tips,,59
07/30/2026,5042,In-Store Credit Card Tips,,203.43
07/30/2026,5042,Gift Card,11.45,
07/30/2026,5042,3rd Party - DoorDash,452.18,
07/30/2026,5042,3rd Party - UberEats,77.04,
07/30/2026,5042,Cash Over/Short Adjustment,,0.96
07/30/2026,5043,Subject to Tax,,5276.8
07/30/2026,5043,Non-Taxable Sales,,20.5
07/30/2026,5043,3rd Party Tax Exempt,,1272.47
07/30/2026,5043,Register Audit,817,
07/30/2026,5043,Sales Tax,,363.34
07/30/2026,5043,In-Store Credit Card,3249.27,
07/30/2026,5043,Online Credit card,1770.52,
07/30/2026,5043,Online Gift Card,12.59,
07/30/2026,5043,Online Credit Card Tips,,45
07/30/2026,5043,In-Store Credit Card Tips,,141.17
07/30/2026,5043,Online Gift Card Tips,,2
07/30/2026,5043,3rd Party - DoorDash,622.05,
07/30/2026,5043,3rd Party - GrubHub,71.86,
07/30/2026,5043,3rd Party - UberEats,578.56,
07/30/2026,5043,Cash Over/Short Adjustment,,0.57
07/30/2026,5049,Subject to Tax,,2755.2
07/30/2026,5049,3rd Party Tax Exempt,,419.88
07/30/2026,5049,Tax Exempt,,573.6
07/30/2026,5049,Sales Tax,,224.56
07/30/2026,5049,In-Store Credit Card,1818.98,
07/30/2026,5049,Online Credit card,716.85,
07/30/2026,5049,Online Gift Card,50,
07/30/2026,5049,Online Credit Card Tips,,15
07/30/2026,5049,In-Store Credit Card Tips,,81.05
07/30/2026,5049,Gift Card,8.48,
07/30/2026,5049,3rd Party - DoorDash,371.46,
07/30/2026,5049,3rd Party - UberEats,48.42,
07/30/2026,5049,Cash Over/Short Adjustment,0.1,
07/30/2026,5049,Register Audit Adjustment,1055,
07/30/2026,5051,Subject to Tax,,3567.3
07/30/2026,5051,Non-Taxable Sales,,6
07/30/2026,5051,3rd Party Tax Exempt,,742.81
07/30/2026,5051,Register Audit,219,
07/30/2026,5051,Sales Tax,,245.87
07/30/2026,5051,In-Store Credit Card,2121.96,
07/30/2026,5051,Online Credit card,1628.12,
07/30/2026,5051,Online Credit Card Tips,,33
07/30/2026,5051,In-Store Credit Card Tips,,127.91
07/30/2026,5051,Gift Card,11.45,
07/30/2026,5051,3rd Party - DoorDash,510.58,
07/30/2026,5051,3rd Party - UberEats,232.23,
07/30/2026,5051,Cash Over/Short Adjustment,,0.45
07/30/2026,5057,Subject to Tax,,3348.25
07/30/2026,5057,Non-Taxable Sales,,10.5
07/30/2026,5057,3rd Party Tax Exempt,,642.43
07/30/2026,5057,Register Audit,285,
07/30/2026,5057,Sales Tax,,265.11
07/30/2026,5057,In-Store Credit Card,2445.59,
07/30/2026,5057,Payout,10.17,
07/30/2026,5057,Online Credit card,1032.8,
07/30/2026,5057,Online Credit Card Tips,,58.14
07/30/2026,5057,In-Store Credit Card Tips,,116.73
07/30/2026,5057,Gift Card,25.17,
07/30/2026,5057,3rd Party - DoorDash,342.94,
07/30/2026,5057,3rd Party - GrubHub,48.84,
07/30/2026,5057,3rd Party - UberEats,250.65,
07/30/2026,5059,Subject to Tax,,2757.15
07/30/2026,5059,Non-Taxable Sales,,7
07/30/2026,5059,3rd Party Tax Exempt,,1008
07/30/2026,5059,Register Audit,197,
07/30/2026,5059,Sales Tax,,190.21
07/30/2026,5059,In-Store Credit Card,1966.18,
07/30/2026,5059,Payout,6.7,
07/30/2026,5059,Online Credit card,877.75,
07/30/2026,5059,Online Credit Card Tips,,30
07/30/2026,5059,In-Store Credit Card Tips,,90.37
07/30/2026,5059,Gift Card,27.34,
07/30/2026,5059,3rd Party - DoorDash,949.98,
07/30/2026,5059,3rd Party - GrubHub,12.84,
07/30/2026,5059,3rd Party - UberEats,45.18,
07/30/2026,5059,Cash Over/Short Adjustment,,0.24
07/30/2026,5062,Subject to Tax,,2170.18
07/30/2026,5062,Non-Taxable Sales,,10
07/30/2026,5062,3rd Party Tax Exempt,,444.88
07/30/2026,5062,Tax Exempt,,665.15
07/30/2026,5062,Sales Tax,,150.62
07/30/2026,5062,In-Store Credit Card,2355,
07/30/2026,5062,Online Credit card,579.46,
07/30/2026,5062,Online Credit Card Tips,,33
07/30/2026,5062,In-Store Credit Card Tips,,111.02
07/30/2026,5062,Gift Card,13.48,
07/30/2026,5062,3rd Party - DoorDash,234.92,
07/30/2026,5062,3rd Party - UberEats,209.96,
07/30/2026,5062,Cash Over/Short Adjustment,0.03,
07/30/2026,5062,Register Audit Adjustment,192,
07/30/2026,5101,Subject to Tax,,2986.15
07/30/2026,5101,Non-Taxable Sales,,18
07/30/2026,5101,3rd Party Tax Exempt,,460.86
07/30/2026,5101,Register Audit,254,
07/30/2026,5101,Sales Tax,,206.38
07/30/2026,5101,In-Store Credit Card,2086.87,
07/30/2026,5101,Online Credit card,996.9,
07/30/2026,5101,Online Credit Card Tips,,25
07/30/2026,5101,In-Store Credit Card Tips,,113.28
07/30/2026,5101,Gift Card,11.66,
07/30/2026,5101,3rd Party - DoorDash,338.73,
07/30/2026,5101,3rd Party - UberEats,122.13,
07/30/2026,5101,Cash Over/Short Adjustment,,0.62
07/30/2026,5112,Subject to Tax,,3036.7
07/30/2026,5112,Non-Taxable Sales,,43
07/30/2026,5112,3rd Party Tax Exempt,,349.03
07/30/2026,5112,Register Audit,210,
07/30/2026,5112,Sales Tax,,239.79
07/30/2026,5112,In-Store Credit Card,1962.28,
07/30/2026,5112,Online Credit card,1233.52,
07/30/2026,5112,Online Gift Card,37.58,
07/30/2026,5112,Online Credit Card Tips,,26
07/30/2026,5112,In-Store Credit Card Tips,,97.04
07/30/2026,5112,3rd Party - DoorDash,315.49,
07/30/2026,5112,3rd Party - UberEats,33.54,
07/30/2026,5112,Cash Over/Short Adjustment,,0.85
07/30/2026,5127,Subject to Tax,,3820.65
07/30/2026,5127,Non-Taxable Sales,,22.5
07/30/2026,5127,3rd Party Tax Exempt,,68.34
07/30/2026,5127,Register Audit,442,
07/30/2026,5127,Sales Tax,,302.07
07/30/2026,5127,In-Store Credit Card,2889.07,
07/30/2026,5127,Online Credit card,1051.44,
07/30/2026,5127,Online Credit Card Tips,,37
07/30/2026,5127,In-Store Credit Card Tips,,211.76
07/30/2026,5127,Gift Card,11.83,
07/30/2026,5127,3rd Party - UberEats,68.34,
07/30/2026,5127,Cash Over/Short Adjustment,,0.36
07/30/2026,6021,Subject to Tax,,3268.35
07/30/2026,6021,Non-Taxable Sales,,10
07/30/2026,6021,3rd Party Tax Exempt,,214.56
07/30/2026,6021,Register Audit,125,
07/30/2026,6021,Sales Tax,,310.54
07/30/2026,6021,In-Store Credit Card,2284.19,
07/30/2026,6021,Online Credit card,1000.93,
07/30/2026,6021,Online Credit Card Tips,,37
07/30/2026,6021,In-Store Credit Card Tips,,137.87
07/30/2026,6021,Gift Card,11.72,
07/30/2026,6021,3rd Party - DoorDash,342.19,
07/30/2026,6021,3rd Party - UberEats,214.56,
07/30/2026,6021,Cash Over/Short Adjustment,,0.27
07/30/2026,6026,Subject to Tax,,3042.07
07/30/2026,6026,Non-Taxable Sales,,30.5
07/30/2026,6026,3rd Party Tax Exempt,,168.08
07/30/2026,6026,Sales Tax,,182.6
07/30/2026,6026,In-Store Credit Card,1971.56,
07/30/2026,6026,Payout,5.6,
07/30/2026,6026,Online Credit card,832.91,
07/30/2026,6026,Online Credit Card Tips,,23
07/30/2026,6026,In-Store Credit Card Tips,,136.61
07/30/2026,6026,3rd Party - DoorDash,439.28,
07/30/2026,6026,3rd Party - GrubHub,60.41,
07/30/2026,6026,3rd Party - UberEats,168.08,
07/30/2026,6026,Cash Over/Short Adjustment,0.02,
07/30/2026,6026,Register Audit Adjustment,105,
07/30/2026,6032,Subject to Tax,,4356.2
07/30/2026,6032,Non-Taxable Sales,,31
07/30/2026,6032,3rd Party Tax Exempt,,331.99
07/30/2026,6032,Register Audit,118,
07/30/2026,6032,Sales Tax,,261.34
07/30/2026,6032,In-Store Credit Card,2549.55,
07/30/2026,6032,Online Credit card,1436.4,
07/30/2026,6032,Online Credit Card Tips,,42
07/30/2026,6032,In-Store Credit Card Tips,,192.25
07/30/2026,6032,3rd Party - DoorDash,701.17,
07/30/2026,6032,3rd Party - GrubHub,54.43,
07/30/2026,6032,3rd Party - UberEats,331.99,
07/30/2026,6032,Cash Over/Short Adjustment,0.56,
07/30/2026,6037,Subject to Tax,,3758.89
07/30/2026,6037,Non-Taxable Sales,,10
07/30/2026,6037,Register Audit,251,
07/30/2026,6037,Sales Tax,,413.63
07/30/2026,6037,In-Store Credit Card,2724.84,
07/30/2026,6037,Online Credit card,1395.45,
07/30/2026,6037,Online Credit Card Tips,,53.67
07/30/2026,6037,In-Store Credit Card Tips,,201.19
07/30/2026,6037,Gift Card,52.58,
07/30/2026,6037,3rd Party - UberEats,14.25,
07/30/2026,6037,Cash Over/Short Adjustment,,0.74
07/30/2026,6039,Subject to Tax,,3561.42
07/30/2026,6039,Non-Taxable Sales,,31.5
07/30/2026,6039,3rd Party Tax Exempt,,341.1
07/30/2026,6039,Register Audit,189,
07/30/2026,6039,Sales Tax,,213.66
07/30/2026,6039,In-Store Credit Card,2054.57,
07/30/2026,6039,Payout,27.81,
07/30/2026,6039,Online Credit card,923.07,
07/30/2026,6039,Online Gift Card,10,
07/30/2026,6039,Online Credit Card Tips,,18
07/30/2026,6039,In-Store Credit Card Tips,,105.27
07/30/2026,6039,Gift Card,71.8,
07/30/2026,6039,Gift Card Sold,,50
07/30/2026,6039,3rd Party - DoorDash,703.63,
07/30/2026,6039,3rd Party - UberEats,341.1,
07/30/2026,6039,Cash Over/Short Adjustment,,0.03
07/30/2026,6044,Subject to Tax,,3851.83
07/30/2026,6044,Non-Taxable Sales,,33.5
07/30/2026,6044,Sales Tax,,435.24
07/30/2026,6044,In-Store Credit Card,2307.99,
07/30/2026,6044,Online Credit card,1495.65,
07/30/2026,6044,Online Gift Card,14.13,
07/30/2026,6044,Online Credit Card Tips,,19.81
07/30/2026,6044,In-Store Credit Card Tips,,118.17
07/30/2026,6044,Gift Card,28.25,
07/30/2026,6044,3rd Party - DoorDash,368.27,
07/30/2026,6044,Cash Over/Short Adjustment,0.26,
07/30/2026,6044,Register Audit Adjustment,244,
07/30/2026,6065,Subject to Tax,,3053.67
07/30/2026,6065,Non-Taxable Sales,,31
07/30/2026,6065,3rd Party Tax Exempt,,187.23
07/30/2026,6065,Sales Tax,,305.51
07/30/2026,6065,In-Store Credit Card,1725.22,
07/30/2026,6065,Online Credit card,1170.93,
07/30/2026,6065,Online Credit Card Tips,,39
07/30/2026,6065,In-Store Credit Card Tips,,115.09
07/30/2026,6065,Gift Card,21.77,
07/30/2026,6065,3rd Party - DoorDash,383.37,
07/30/2026,6065,3rd Party - GrubHub,15.57,
07/30/2026,6065,3rd Party - UberEats,187.23,
07/30/2026,6065,Cash Over/Short Adjustment,0.41,
07/30/2026,6065,Register Audit Adjustment,227,
07/30/2026,6067,Subject to Tax,,3375.93
07/30/2026,6067,Non-Taxable Sales,,11.5
07/30/2026,6067,3rd Party Tax Exempt,,115.06
07/30/2026,6067,Sales Tax,,381.44
07/30/2026,6067,In-Store Credit Card,1987.77,
07/30/2026,6067,Online Credit card,1132.41,
07/30/2026,6067,Online Credit Card Tips,,32
07/30/2026,6067,In-Store Credit Card Tips,,107.91
07/30/2026,6067,Gift Card,2.96,
07/30/2026,6067,3rd Party - DoorDash,320.18,
07/30/2026,6067,3rd Party - GrubHub,50.42,
07/30/2026,6067,3rd Party - UberEats,115.06,
07/30/2026,6067,Cash Over/Short Adjustment,0.04,
07/30/2026,6067,Register Audit Adjustment,415,
07/30/2026,6072,Subject to Tax,,5299.96
07/30/2026,6072,Non-Taxable Sales,,23
07/30/2026,6072,3rd Party Tax Exempt,,48.12
07/30/2026,6072,Register Audit,466,
07/30/2026,6072,Sales Tax,,625.44
07/30/2026,6072,In-Store Credit Card,3278.64,
07/30/2026,6072,Payout,6.85,
07/30/2026,6072,Online Credit card,1680.03,
07/30/2026,6072,Online Gift Card,8.32,
07/30/2026,6072,Online Credit Card Tips,,57
07/30/2026,6072,In-Store Credit Card Tips,,177.3
07/30/2026,6072,Gift Card,70.59,
07/30/2026,6072,3rd Party - DoorDash,672.56,
07/30/2026,6072,3rd Party - UberEats,48.12,
07/30/2026,6072,Cash Over/Short Adjustment,,0.29
07/30/2026,6074,Subject to Tax,,2804.37
07/30/2026,6074,3rd Party Tax Exempt,,115.67
07/30/2026,6074,Sales Tax,,252.36
07/30/2026,6074,In-Store Credit Card,2091.68,
07/30/2026,6074,Online Credit card,778.22,
07/30/2026,6074,Online Credit Card Tips,,7
07/30/2026,6074,In-Store Credit Card Tips,,149.6
07/30/2026,6074,Gift Card,23.44,
07/30/2026,6074,3rd Party - GrubHub,29.89,
07/30/2026,6074,3rd Party - UberEats,115.67,
07/30/2026,6074,Cash Over/Short Adjustment,0.1,
07/30/2026,6074,Register Audit Adjustment,290,
07/30/2026,6076,Subject to Tax,,2747.55
07/30/2026,6076,Non-Taxable Sales,,5
07/30/2026,6076,3rd Party Tax Exempt,,55.5
07/30/2026,6076,Sales Tax,,247.25
07/30/2026,6076,In-Store Credit Card,1605.12,
07/30/2026,6076,Online Credit card,1037.73,
07/30/2026,6076,Online Credit Card Tips,,24
07/30/2026,6076,In-Store Credit Card Tips,,85.52
07/30/2026,6076,Gift Card,34.84,
07/30/2026,6076,3rd Party - DoorDash,300.95,
07/30/2026,6076,3rd Party - UberEats,55.5,
07/30/2026,6076,Cash Over/Short Adjustment,0.68,
07/30/2026,6076,Register Audit Adjustment,130,
07/30/2026,6083,Subject to Tax,,2646.71
07/30/2026,6083,Non-Taxable Sales,,15
07/30/2026,6083,3rd Party Tax Exempt,,147.04
07/30/2026,6083,Sales Tax,,238.14
07/30/2026,6083,In-Store Credit Card,1155.86,
07/30/2026,6083,Online Credit card,1590.72,
07/30/2026,6083,Online Gift Card,35.48,
07/30/2026,6083,Online Credit Card Tips,,44
07/30/2026,6083,In-Store Credit Card Tips,,68.37
07/30/2026,6083,Gift Card,11.39,
07/30/2026,6083,3rd Party - DoorDash,47.26,
07/30/2026,6083,3rd Party - UberEats,147.04,
07/30/2026,6083,Cash Over/Short Adjustment,0.51,
07/30/2026,6083,Register Audit Adjustment,171,
07/30/2026,6088,Subject to Tax,,3000.27
07/30/2026,6088,Non-Taxable Sales,,20
07/30/2026,6088,3rd Party Tax Exempt,,132.08
07/30/2026,6088,Register Audit,120,
07/30/2026,6088,Sales Tax,,300.21
07/30/2026,6088,In-Store Credit Card,2127.15,
07/30/2026,6088,Payout,55,
07/30/2026,6088,Online Credit card,856.84,
07/30/2026,6088,Online Credit Card Tips,,17
07/30/2026,6088,In-Store Credit Card Tips,,132.2
07/30/2026,6088,Gift Card,22.99,
07/30/2026,6088,3rd Party - DoorDash,243.78,
07/30/2026,6088,3rd Party - GrubHub,43.83,
07/30/2026,6088,3rd Party - UberEats,132.08,
07/30/2026,6088,Cash Over/Short Adjustment,0.09,
07/30/2026,6093,Subject to Tax,,2932.69
07/30/2026,6093,Register Audit,418,
07/30/2026,6093,Sales Tax,,331.4
07/30/2026,6093,In-Store Credit Card,2046.64,
07/30/2026,6093,Online Credit card,750.51,
07/30/2026,6093,Online Credit Card Tips,,17
07/30/2026,6093,In-Store Credit Card Tips,,130.73
07/30/2026,6093,Gift Card,26.91,
07/30/2026,6093,Gift Card Sold,,20
07/30/2026,6093,3rd Party - DoorDash,189.87,
07/30/2026,6093,Cash Over/Short Adjustment,,0.11
07/30/2026,6094,Subject to Tax,,2253.55
07/30/2026,6094,3rd Party Tax Exempt,,35.99
07/30/2026,6094,Sales Tax,,225.5
07/30/2026,6094,In-Store Credit Card,1444.65,
07/30/2026,6094,Online Credit card,461.59,
07/30/2026,6094,Online Credit Card Tips,,22
07/30/2026,6094,In-Store Credit Card Tips,,101.37
07/30/2026,6094,3rd Party - DoorDash,436.01,
07/30/2026,6094,3rd Party - GrubHub,133.05,
07/30/2026,6094,3rd Party - UberEats,35.99,
07/30/2026,6094,Cash Over/Short Adjustment,0.12,
07/30/2026,6094,Register Audit Adjustment,127,
07/30/2026,6102,Subject to Tax,,2816.75
07/30/2026,6102,Non-Taxable Sales,,10
07/30/2026,6102,Sales Tax,,281.82
07/30/2026,6102,In-Store Credit Card,1396.46,
07/30/2026,6102,Online Credit card,979.05,
07/30/2026,6102,Online Credit Card Tips,,29
07/30/2026,6102,In-Store Credit Card Tips,,64.83
07/30/2026,6102,Gift Card,19.36,
07/30/2026,6102,3rd Party - DoorDash,459.51,
07/30/2026,6102,3rd Party - GrubHub,13.07,
07/30/2026,6102,3rd Party - UberEats,169.83,
07/30/2026,6102,Cash Over/Short Adjustment,0.12,
07/30/2026,6102,Register Audit Adjustment,165,
07/30/2026,7024,Subject to Tax,,3361.3
07/30/2026,7024,3rd Party Tax Exempt,,655.62
07/30/2026,7024,Sales Tax,,288.05
07/30/2026,7024,In-Store Credit Card,2109.62,
07/30/2026,7024,Online Credit card,1325.15,
07/30/2026,7024,Online Gift Card,25,
07/30/2026,7024,Online Credit Card Tips,,40
07/30/2026,7024,In-Store Credit Card Tips,,121.76
07/30/2026,7024,Gift Card Sold,,50
07/30/2026,7024,3rd Party - DoorDash,574.36,
07/30/2026,7024,3rd Party - GrubHub,26.33,
07/30/2026,7024,3rd Party - UberEats,54.93,
07/30/2026,7024,Cash Over/Short Adjustment,0.34,
07/30/2026,7024,Register Audit Adjustment,401,
07/30/2026,7032,Subject to Tax,,3842.05
07/30/2026,7032,3rd Party Tax Exempt,,413.42
07/30/2026,7032,Sales Tax,,331.43
07/30/2026,7032,In-Store Credit Card,2195.52,
07/30/2026,7032,Online Credit card,1288.18,
07/30/2026,7032,Online Credit Card Tips,,38
07/30/2026,7032,In-Store Credit Card Tips,,94.49
07/30/2026,7032,3rd Party - DoorDash,398.49,
07/30/2026,7032,3rd Party - UberEats,14.93,
07/30/2026,7032,Cash Over/Short Adjustment,0.27,
07/30/2026,7032,Register Audit Adjustment,822,
07/30/2026,7039,Subject to Tax,,1970.15
07/30/2026,7039,3rd Party Tax Exempt,,614.57
07/30/2026,7039,Sales Tax,,169.89
07/30/2026,7039,In-Store Credit Card,1189.81,
07/30/2026,7039,Payout,5,
07/30/2026,7039,Online Credit card,700.9,
07/30/2026,7039,Online Credit Card Tips,,30
07/30/2026,7039,In-Store Credit Card Tips,,75.06
07/30/2026,7039,Gift Card,51.74,
07/30/2026,7039,3rd Party - DoorDash,496.18,
07/30/2026,7039,3rd Party - UberEats,118.39,
07/30/2026,7039,Cash Over/Short Adjustment,0.65,
07/30/2026,7039,Register Audit Adjustment,297,
07/30/2026,7049,Subject to Tax,,5102.55
07/30/2026,7049,3rd Party Tax Exempt,,1002.56
07/30/2026,7049,Sales Tax,,435.49
07/30/2026,7049,In-Store Credit Card,3072.41,
07/30/2026,7049,Online Credit card,2325.3,
07/30/2026,7049,Online Gift Card,31.22,
07/30/2026,7049,Online Credit Card Tips,,110.97
07/30/2026,7049,In-Store Credit Card Tips,,214.04
07/30/2026,7049,Online Gift Card Tips,,3
07/30/2026,7049,Gift Card,42.56,
07/30/2026,7049,3rd Party - DoorDash,606.69,
07/30/2026,7049,3rd Party - GrubHub,70.64,
07/30/2026,7049,3rd Party - UberEats,325.23,
07/30/2026,7049,Cash Over/Short Adjustment,0.56,
07/30/2026,7049,Register Audit Adjustment,394,
07/30/2026,7066,Subject to Tax,,3021.75
07/30/2026,7066,3rd Party Tax Exempt,,194.56
07/30/2026,7066,Sales Tax,,261.36
07/30/2026,7066,In-Store Credit Card,2093.02,
07/30/2026,7066,Online Credit card,950.93,
07/30/2026,7066,Online Credit Card Tips,,26
07/30/2026,7066,In-Store Credit Card Tips,,130.1
07/30/2026,7066,Gift Card,11.39,
07/30/2026,7066,3rd Party - DoorDash,194.56,
07/30/2026,7066,Cash Over/Short Adjustment,0.87,
07/30/2026,7066,Register Audit Adjustment,383,
07/30/2026,13026,Subject to Tax,,2657.48
07/30/2026,13026,Non-Taxable Sales,,25.81
07/30/2026,13026,3rd Party Tax Exempt,,762.22
07/30/2026,13026,Register Audit,139,
07/30/2026,13026,Sales Tax,,199.42
07/30/2026,13026,In-Store Credit Card,1646.71,
07/30/2026,13026,Payout,80.82,
07/30/2026,13026,Online Credit card,972.37,
07/30/2026,13026,Online Credit Card Tips,,30.9
07/30/2026,13026,In-Store Credit Card Tips,,93.77
07/30/2026,13026,Gift Card,49.24,
07/30/2026,13026,3rd Party - DoorDash,511.48,
07/30/2026,13026,3rd Party - GrubHub,110.19,
07/30/2026,13026,3rd Party - UberEats,259.26,
07/30/2026,13026,Cash Over/Short Adjustment,0.53,
07/30/2026,13062,Subject to Tax,,2015.12
07/30/2026,13062,Non-Taxable Sales,,7.98
07/30/2026,13062,3rd Party Tax Exempt,,516.11
07/30/2026,13062,Sales Tax,,141.1
07/30/2026,13062,In-Store Credit Card,1390.42,
07/30/2026,13062,Payout,6.52,
07/30/2026,13062,Online Credit card,571.8,
07/30/2026,13062,Online Gift Card,15,
07/30/2026,13062,Online Credit Card Tips,,20
07/30/2026,13062,In-Store Credit Card Tips,,62.13
07/30/2026,13062,Gift Card,18.73,
07/30/2026,13062,3rd Party - DoorDash,323.61,
07/30/2026,13062,3rd Party - GrubHub,27.73,
07/30/2026,13062,3rd Party - UberEats,197.78,
07/30/2026,13062,Cash Over/Short Adjustment,0.85,
07/30/2026,13062,Register Audit Adjustment,210,
07/30/2026,13082,Subject to Tax,,2486.15
07/30/2026,13082,Non-Taxable Sales,,14.23
07/30/2026,13082,3rd Party Tax Exempt,,360.12
07/30/2026,13082,Register Audit,476,
07/30/2026,13082,Sales Tax,,174.01
07/30/2026,13082,In-Store Credit Card,1537.01,
07/30/2026,13082,Online Credit card,779.86,
07/30/2026,13082,Online Credit Card Tips,,33
07/30/2026,13082,In-Store Credit Card Tips,,111.42
07/30/2026,13082,Gift Card,22.36,
07/30/2026,13082,3rd Party - DoorDash,318.25,
07/30/2026,13082,3rd Party - UberEats,45.95,
07/30/2026,13082,Cash Over/Short Adjustment,,0.5
07/30/2026,13106,Subject to Tax,,1553.9
07/30/2026,13106,Non-Taxable Sales,,15.63
07/30/2026,13106,3rd Party Tax Exempt,,437.02
07/30/2026,13106,Sales Tax,,116.57
07/30/2026,13106,In-Store Credit Card,1162.8,
07/30/2026,13106,Payout,26,
07/30/2026,13106,Online Credit card,569.96,
07/30/2026,13106,Online Credit Card Tips,,9
07/30/2026,13106,In-Store Credit Card Tips,,80.16
07/30/2026,13106,3rd Party - DoorDash,406.24,
07/30/2026,13106,3rd Party - UberEats,37.26,
07/30/2026,13106,Cash Over/Short Adjustment,0.02,
07/30/2026,13106,Register Audit Adjustment,10,
07/30/2026,13116,Subject to Tax,,2609.62
07/30/2026,13116,Non-Taxable Sales,,44.72
07/30/2026,13116,3rd Party Tax Exempt,,1267.11
07/30/2026,13116,Sales Tax,,182.64
07/30/2026,13116,In-Store Credit Card,1557.93,
07/30/2026,13116,Online Credit card,906.55,
07/30/2026,13116,Online Gift Card,11.45,
07/30/2026,13116,In-Store Credit Card Tips,,70.44
07/30/2026,13116,Gift Card,42.13,
07/30/2026,13116,3rd Party - DoorDash,1006.11,
07/30/2026,13116,3rd Party - GrubHub,41.22,
07/30/2026,13116,3rd Party - UberEats,294.92,
07/30/2026,13116,Cash Over/Short Adjustment,0.77,
07/30/2026,13116,Register Audit Adjustment,302,
07/30/2026,13138,Subject to Tax,,2467.4
07/30/2026,13138,Non-Taxable Sales,,3.24
07/30/2026,13138,3rd Party Tax Exempt,,417.04
07/30/2026,13138,Register Audit,458,
07/30/2026,13138,Sales Tax,,172.75
07/30/2026,13138,In-Store Credit Card,1619.73,
07/30/2026,13138,Online Credit card,674.94,
07/30/2026,13138,Online Credit Card Tips,,35
07/30/2026,13138,In-Store Credit Card Tips,,85.13
07/30/2026,13138,Gift Card,8.27,
07/30/2026,13138,3rd Party - DoorDash,379.02,
07/30/2026,13138,3rd Party - UberEats,41.26,
07/30/2026,13138,Cash Over/Short Adjustment,,0.66
07/30/2026,13148,Subject to Tax,,4087.96
07/30/2026,13148,Non-Taxable Sales,,16.23
07/30/2026,13148,3rd Party Tax Exempt,,386.96
07/30/2026,13148,Sales Tax,,265.83
07/30/2026,13148,In-Store Credit Card,2437.43,
07/30/2026,13148,Payout,21.08,
07/30/2026,13148,Online Credit card,2021.82,
07/30/2026,13148,Online Credit Card Tips,,65
07/30/2026,13148,In-Store Credit Card Tips,,182.8
07/30/2026,13148,Gift Card,19.33,
07/30/2026,13148,3rd Party - DoorDash,280.65,
07/30/2026,13148,3rd Party - UberEats,108.35,
07/30/2026,13148,Cash Over/Short Adjustment,0.12,
07/30/2026,13148,Register Audit Adjustment,116,
07/30/2026,13160,Subject to Tax,,2770.65
07/30/2026,13160,Non-Taxable Sales,,24.55
07/30/2026,13160,3rd Party Tax Exempt,,278.04
07/30/2026,13160,Register Audit,395.75,
07/30/2026,13160,Sales Tax,,193.94
07/30/2026,13160,In-Store Credit Card,1888.21,
07/30/2026,13160,Payout,9.53,
07/30/2026,13160,Online Credit card,790.22,
07/30/2026,13160,Online Credit Card Tips,,30
07/30/2026,13160,In-Store Credit Card Tips,,128.75
07/30/2026,13160,Gift Card,47.08,
07/30/2026,13160,3rd Party - DoorDash,284.4,
07/30/2026,13160,3rd Party - UberEats,10.74,
07/30/2026,13162,Subject to Tax,,2739.65
07/30/2026,13162,Non-Taxable Sales,,67.48
07/30/2026,13162,3rd Party Tax Exempt,,724.66
07/30/2026,13162,Sales Tax,,191.79
07/30/2026,13162,In-Store Credit Card,1782.64,
07/30/2026,13162,Online Credit card,1072.79,
07/30/2026,13162,Online Credit Card Tips,,39
07/30/2026,13162,In-Store Credit Card Tips,,111.37
07/30/2026,13162,Gift Card,32.29,
07/30/2026,13162,3rd Party - DoorDash,472.8,
07/30/2026,13162,3rd Party - GrubHub,23.37,
07/30/2026,13162,3rd Party - UberEats,273.4,
07/30/2026,13162,Cash Over/Short Adjustment,0.66,
07/30/2026,13162,Register Audit Adjustment,216,
07/30/2026,13219,Subject to Tax,,2728.08
07/30/2026,13219,Non-Taxable Sales,,20.75
07/30/2026,13219,3rd Party Tax Exempt,,357.84
07/30/2026,13219,Sales Tax,,191
07/30/2026,13219,In-Store Credit Card,1637.13,
07/30/2026,13219,Online Credit card,1044.59,
07/30/2026,13219,Online Credit Card Tips,,56
07/30/2026,13219,In-Store Credit Card Tips,,97.05
07/30/2026,13219,3rd Party - DoorDash,292.04,
07/30/2026,13219,3rd Party - GrubHub,35.55,
07/30/2026,13219,3rd Party - UberEats,71.08,
07/30/2026,13219,Cash Over/Short Adjustment,0.33,
07/30/2026,13219,Register Audit Adjustment,370,
07/30/2026,37001,Subject to Tax,,5523.04
07/30/2026,37001,Non-Taxable Sales,,624.09
07/30/2026,37001,Sales Tax,,469.61
07/30/2026,37001,In-Store Credit Card,2986.91,
07/30/2026,37001,Payout,38.1,
07/30/2026,37001,Online Credit card,2548.41,
07/30/2026,37001,Online Credit Card Tips,,112.81
07/30/2026,37001,In-Store Credit Card Tips,,167.56
07/30/2026,37001,Gift Card,23.49,
07/30/2026,37001,Gift Card Sold,,50
07/30/2026,37001,3rd Party - DoorDash,447.59,
07/30/2026,37001,3rd Party - UberEats,51.24,
07/30/2026,37001,Cash Over/Short Adjustment,0.37,
07/30/2026,37001,Register Audit Adjustment,851,
07/30/2026,37002,Subject to Tax,,4594.61
07/30/2026,37002,Non-Taxable Sales,,687.49
07/30/2026,37002,Sales Tax,,390.6
07/30/2026,37002,In-Store Credit Card,2127.32,
07/30/2026,37002,Online Credit card,2275.79,
07/30/2026,37002,Online Gift Card,11.61,
07/30/2026,37002,Online Credit Card Tips,,50.64
07/30/2026,37002,In-Store Credit Card Tips,,126.99
07/30/2026,37002,Gift Card,51.58,
07/30/2026,37002,3rd Party - DoorDash,876.56,
07/30/2026,37002,3rd Party - GrubHub,65.93,
07/30/2026,37002,3rd Party - UberEats,36.31,
07/30/2026,37002,Cash Over/Short Adjustment,0.23,
07/30/2026,37002,Register Audit Adjustment,405,
07/30/2026,37004,Subject to Tax,,2081.2
07/30/2026,37004,Non-Taxable Sales,,281.9
07/30/2026,37004,Register Audit,359,
07/30/2026,37004,Sales Tax,,176.91
07/30/2026,37004,In-Store Credit Card,1216.34,
07/30/2026,37004,Online Credit card,937.51,
07/30/2026,37004,Online Credit Card Tips,,44.04
07/30/2026,37004,In-Store Credit Card Tips,,112.75
07/30/2026,37004,Gift Card,20,
07/30/2026,37004,3rd Party - DoorDash,162.08,
07/30/2026,37004,Cash Over/Short Adjustment,0.87,
07/30/2026,37004,Register Audit Adjustment,1,
07/30/2026,37006,Subject to Tax,,4227.53
07/30/2026,37006,Non-Taxable Sales,,448.26
07/30/2026,37006,Register Audit,465,
07/30/2026,37006,Sales Tax,,359.4
07/30/2026,37006,In-Store Credit Card,2383.38,
07/30/2026,37006,Online Credit card,2127.63,
07/30/2026,37006,Online Credit Card Tips,,90
07/30/2026,37006,In-Store Credit Card Tips,,162.3
07/30/2026,37006,Gift Card,18.39,
07/30/2026,37006,3rd Party - DoorDash,273.88,
07/30/2026,37006,3rd Party - UberEats,19.07,
07/30/2026,37006,Cash Over/Short Adjustment,0.14,
07/30/2026,37007,Subject to Tax,,6162.91
07/30/2026,37007,Non-Taxable Sales,,718.4
07/30/2026,37007,Sales Tax,,523.94
07/30/2026,37007,In-Store Credit Card,2594.69,
07/30/2026,37007,Online Credit card,2426.24,
07/30/2026,37007,Online Credit Card Tips,,71.7
07/30/2026,37007,In-Store Credit Card Tips,,137.66
07/30/2026,37007,Gift Card,63,
07/30/2026,37007,3rd Party - DoorDash,1629.06,
07/30/2026,37007,3rd Party - UberEats,128.05,
07/30/2026,37007,Cash Over/Short Adjustment,0.57,
07/30/2026,37007,Register Audit Adjustment,773,
07/30/2026,37009,Subject to Tax,,3631.96
07/30/2026,37009,Non-Taxable Sales,,395.52
07/30/2026,37009,Sales Tax,,308.83
07/30/2026,37009,In-Store Credit Card,1687.93,
07/30/2026,37009,Online Credit card,1459.7,
07/30/2026,37009,Online Credit Card Tips,,48
07/30/2026,37009,In-Store Credit Card Tips,,121.34
07/30/2026,37009,Gift Card,35.31,
07/30/2026,37009,Gift Card Sold,,25
07/30/2026,37009,3rd Party - DoorDash,819.07,
07/30/2026,37009,3rd Party - UberEats,19.54,
07/30/2026,37009,Cash Over/Short Adjustment,0.1,
07/30/2026,37009,Register Audit Adjustment,509,
07/30/2026,37010,Subject to Tax,,6954.14
07/30/2026,37010,Non-Taxable Sales,,711.55
07/30/2026,37010,Register Audit,8.62,
07/30/2026,37010,Sales Tax,,591.23
07/30/2026,37010,In-Store Credit Card,3913.29,
07/30/2026,37010,Payout,49.49,
07/30/2026,37010,Online Credit card,3067.1,
07/30/2026,37010,Online Gift Card,47.45,
07/30/2026,37010,Online Credit Card Tips,,137.55
07/30/2026,37010,In-Store Credit Card Tips,,271.65
07/30/2026,37010,Online Gift Card Tips,,3
07/30/2026,37010,Gift Card,23.79,
07/30/2026,37010,Gift Card Sold,,50
07/30/2026,37010,3rd Party - DoorDash,631.42,
07/30/2026,37010,3rd Party - GrubHub,22.92,
07/30/2026,37010,3rd Party - UberEats,101.64,
07/30/2026,37010,Cash Over/Short Adjustment,0.4,
07/30/2026,37010,Register Audit Adjustment,853,
07/30/2026,37013,Subject to Tax,,3952.16
07/30/2026,37013,Non-Taxable Sales,,509.52
07/30/2026,37013,Sales Tax,,336.01
07/30/2026,37013,In-Store Credit Card,2497.85,
07/30/2026,37013,Online Credit card,1433.3,
07/30/2026,37013,Online Gift Card,80,
07/30/2026,37013,Online Credit Card Tips,,38
07/30/2026,37013,In-Store Credit Card Tips,,96.72
07/30/2026,37013,Gift Card,58.2,
07/30/2026,37013,3rd Party - DoorDash,291.49,
07/30/2026,37013,Cash Over/Short Adjustment,0.57,
07/30/2026,37013,Register Audit Adjustment,571,
07/30/2026,37014,Subject to Tax,,3916.04
07/30/2026,37014,Non-Taxable Sales,,527.89
07/30/2026,37014,Register Audit,263,
07/30/2026,37014,Sales Tax,,332.9
07/30/2026,37014,In-Store Credit Card,2182.13,
07/30/2026,37014,Online Credit card,1703.84,
07/30/2026,37014,Online Credit Card Tips,,57
07/30/2026,37014,In-Store Credit Card Tips,,137.72
07/30/2026,37014,Gift Card,93.55,
07/30/2026,37014,3rd Party - DoorDash,672.37,
07/30/2026,37014,3rd Party - GrubHub,39.27,
07/30/2026,37014,3rd Party - UberEats,16.2,
07/30/2026,37014,Cash Over/Short Adjustment,0.19,
07/30/2026,37014,Register Audit Adjustment,1,
07/30/2026,37016,Subject to Tax,,2482.41
07/30/2026,37016,Non-Taxable Sales,,369.23
07/30/2026,37016,Register Audit,449,
07/30/2026,37016,Sales Tax,,211.03
07/30/2026,37016,In-Store Credit Card,1554.54,
07/30/2026,37016,Online Credit card,723.54,
07/30/2026,37016,Online Gift Card,14.64,
07/30/2026,37016,Online Credit Card Tips,,33.15
07/30/2026,37016,In-Store Credit Card Tips,,90.92
07/30/2026,37016,Gift Card,10.59,
07/30/2026,37016,3rd Party - DoorDash,433.6,
07/30/2026,37016,Cash Over/Short Adjustment,0.83,
07/30/2026,37020,Subject to Tax,,3232.55
07/30/2026,37020,Non-Taxable Sales,,355.85
07/30/2026,37020,Register Audit,357.64,
07/30/2026,37020,Sales Tax,,274.82
07/30/2026,37020,In-Store Credit Card,1469.45,
07/30/2026,37020,Online Credit card,1961.14,
07/30/2026,37020,Online Credit Card Tips,,51.67
07/30/2026,37020,In-Store Credit Card Tips,,87.48
07/30/2026,37020,Gift Card,22.89,
07/30/2026,37020,3rd Party - DoorDash,175.81,
07/30/2026,37020,3rd Party - GrubHub,13.89,
07/30/2026,37020,Cash Over/Short Adjustment,0.55,
07/30/2026,37020,Register Audit Adjustment,1,
07/30/2026,49001,Subject to Tax,,5136.4
07/30/2026,49001,3rd Party Tax Exempt,,1412.65
07/30/2026,49001,Sales Tax,,410.93
07/30/2026,49001,In-Store Credit Card,3061.99,
07/30/2026,49001,Payout,21.05,
07/30/2026,49001,Online Credit card,2206.05,
07/30/2026,49001,Online Credit Card Tips,,58.28
07/30/2026,49001,In-Store Credit Card Tips,,187.38
07/30/2026,49001,Gift Card,16.09,
07/30/2026,49001,3rd Party - DoorDash,1325.54,
07/30/2026,49001,3rd Party - UberEats,87.11,
07/30/2026,49001,Cash Over/Short Adjustment,0.81,
07/30/2026,49001,Register Audit Adjustment,487,
07/30/2026,49002,Subject to Tax,,3658.95
07/30/2026,49002,3rd Party Tax Exempt,,308.95
07/30/2026,49002,Sales Tax,,292.74
07/30/2026,49002,In-Store Credit Card,2445.71,
07/30/2026,49002,Online Credit card,1098.21,
07/30/2026,49002,Online Gift Card,3.13,
07/30/2026,49002,Online Credit Card Tips,,28
07/30/2026,49002,In-Store Credit Card Tips,,158.05
07/30/2026,49002,Gift Card,8.72,
07/30/2026,49002,Gift Card Sold,,30
07/30/2026,49002,3rd Party - DoorDash,308.95,
07/30/2026,49002,Cash Over/Short Adjustment,0.97,
07/30/2026,49002,Register Audit Adjustment,611,
07/30/2026,49003,Subject to Tax,,3547.1
07/30/2026,49003,3rd Party Tax Exempt,,217.45
07/30/2026,49003,Sales Tax,,283.92
07/30/2026,49003,In-Store Credit Card,2377.4,
07/30/2026,49003,Online Credit card,1057.82,
07/30/2026,49003,Online Credit Card Tips,,34.21
07/30/2026,49003,In-Store Credit Card Tips,,152.44
07/30/2026,49003,Gift Card,34.83,
07/30/2026,49003,3rd Party - DoorDash,159.91,
07/30/2026,49003,3rd Party - UberEats,57.54,
07/30/2026,49003,Cash Over/Short Adjustment,0.62,
07/30/2026,49003,Register Audit Adjustment,547,
07/30/2026,49004,Subject to Tax,,4111.05
07/30/2026,49004,3rd Party Tax Exempt,,1464.53
07/30/2026,49004,Register Audit,671,
07/30/2026,49004,Sales Tax,,328.85
07/30/2026,49004,In-Store Credit Card,2068.68,
07/30/2026,49004,Online Credit card,1822.66,
07/30/2026,49004,Online Credit Card Tips,,49
07/30/2026,49004,In-Store Credit Card Tips,,136.97
07/30/2026,49004,Gift Card,62.73,
07/30/2026,49004,3rd Party - DoorDash,1256.45,
07/30/2026,49004,3rd Party - GrubHub,37.06,
07/30/2026,49004,3rd Party - UberEats,171.02,
07/30/2026,49004,Cash Over/Short Adjustment,0.8,
07/30/2026,49005,Subject to Tax,,4478.1
07/30/2026,49005,3rd Party Tax Exempt,,393.92
07/30/2026,49005,Sales Tax,,358.45
07/30/2026,49005,In-Store Credit Card,2906.69,
07/30/2026,49005,Online Credit card,1703.65,
07/30/2026,49005,Online Credit Card Tips,,72
07/30/2026,49005,In-Store Credit Card Tips,,159.84
07/30/2026,49005,Gift Card Sold,,25
07/30/2026,49005,3rd Party - DoorDash,393.92,
07/30/2026,49005,Cash Over/Short Adjustment,0.05,
07/30/2026,49005,Register Audit Adjustment,483,
07/30/2026,49006,Subject to Tax,,4892.45
07/30/2026,49006,3rd Party Tax Exempt,,1235.69
07/30/2026,49006,Register Audit,637,
07/30/2026,49006,Sales Tax,,391.43
07/30/2026,49006,In-Store Credit Card,2735.95,
07/30/2026,49006,Online Credit card,2063.38,
07/30/2026,49006,Online Gift Card,50,
07/30/2026,49006,Online Credit Card Tips,,76
07/30/2026,49006,In-Store Credit Card Tips,,175.21
07/30/2026,49006,Gift Card,47.44,
07/30/2026,49006,3rd Party - DoorDash,1154.88,
07/30/2026,49006,3rd Party - UberEats,80.81,
07/30/2026,49006,Cash Over/Short Adjustment,,0.73
07/30/2026,49006,Register Audit Adjustment,,4
07/30/2026,49007,Subject to Tax,,3442.7
07/30/2026,49007,3rd Party Tax Exempt,,161.73
07/30/2026,49007,Register Audit,413.8,
07/30/2026,49007,Sales Tax,,274.06
07/30/2026,49007,In-Store Credit Card,1988.06,
07/30/2026,49007,Online Credit card,1413.24,
07/30/2026,49007,Online Gift Card,8.35,
07/30/2026,49007,Online Credit Card Tips,,28
07/30/2026,49007,In-Store Credit Card Tips,,113.69
07/30/2026,49007,Gift Card,35,
07/30/2026,49007,3rd Party - UberEats,161.73,
07/30/2026,49008,Subject to Tax,,3316.8
07/30/2026,49008,3rd Party Tax Exempt,,609.3
07/30/2026,49008,Sales Tax,,265.18
07/30/2026,49008,In-Store Credit Card,1714.81,
07/30/2026,49008,Online Credit card,1492.88,
07/30/2026,49008,Online Gift Card,28.55,
07/30/2026,49008,Online Credit Card Tips,,46.36
07/30/2026,49008,In-Store Credit Card Tips,,89.71
07/30/2026,49008,Gift Card,34.67,
07/30/2026,49008,3rd Party - DoorDash,518.11,
07/30/2026,49008,3rd Party - GrubHub,12.84,
07/30/2026,49008,3rd Party - UberEats,78.35,
07/30/2026,49008,Cash Over/Short Adjustment,0.14,
07/30/2026,49008,Register Audit Adjustment,447,
07/30/2026,49009,Subject to Tax,,4495.25
07/30/2026,49009,3rd Party Tax Exempt,,515.95
07/30/2026,49009,Sales Tax,,359.67
07/30/2026,49009,In-Store Credit Card,2765.21,
07/30/2026,49009,Payout,10,
07/30/2026,49009,Online Credit card,1478.01,
07/30/2026,49009,Online Gift Card,50,
07/30/2026,49009,Online Credit Card Tips,,32.14
07/30/2026,49009,In-Store Credit Card Tips,,153.83
07/30/2026,49009,Online Gift Card Tips,,3.29
07/30/2026,49009,Gift Card,35.84,
07/30/2026,49009,3rd Party - DoorDash,515.95,
07/30/2026,49009,Cash Over/Short Adjustment,0.12,
07/30/2026,49009,Register Audit Adjustment,705,
07/30/2026,49010,Subject to Tax,,3379.89
07/30/2026,49010,3rd Party Tax Exempt,,493.75
07/30/2026,49010,Sales Tax,,270.66
07/30/2026,49010,In-Store Credit Card,2086.32,
07/30/2026,49010,Online Credit card,1454.71,
07/30/2026,49010,Online Credit Card Tips,,68
07/30/2026,49010,In-Store Credit Card Tips,,132.03
07/30/2026,49010,Gift Card,11.56,
07/30/2026,49010,3rd Party - DoorDash,472.87,
07/30/2026,49010,3rd Party - UberEats,20.88,
07/30/2026,49010,Cash Over/Short Adjustment,0.99,
07/30/2026,49010,Register Audit Adjustment,297,
07/30/2026,49011,Subject to Tax,,4974.15
07/30/2026,49011,3rd Party Tax Exempt,,345.83
07/30/2026,49011,Register Audit,765,
07/30/2026,49011,Sales Tax,,397.36
07/30/2026,49011,In-Store Credit Card,2801.33,
07/30/2026,49011,Online Credit card,1925.18,
07/30/2026,49011,Online Gift Card,28.35,
07/30/2026,49011,Online Credit Card Tips,,68
07/30/2026,49011,In-Store Credit Card Tips,,128.85
07/30/2026,49011,Gift Card,47.97,
07/30/2026,49011,3rd Party - DoorDash,302.39,
07/30/2026,49011,3rd Party - UberEats,43.44,
07/30/2026,49011,Cash Over/Short Adjustment,0.53,
07/31/2026,2006,Subject to Tax,,212.95
07/31/2026,2006,Non-Taxable Sales,,4184.96
07/31/2026,2006,3rd Party Tax Exempt,,36.6
07/31/2026,2006,Register Audit,245,
07/31/2026,2006,Sales Tax,,14.25
07/31/2026,2006,In-Store Credit Card,2481.58,
07/31/2026,2006,Online Credit card,1183.3,
07/31/2026,2006,Online Credit Card Tips,,39.1
07/31/2026,2006,In-Store Credit Card Tips,,151.69
07/31/2026,2006,Gift Card,7.6,
07/31/2026,2006,3rd Party - DoorDash,632.77,
07/31/2026,2006,3rd Party - UberEats,89.24,
07/31/2026,2006,Cash Over/Short Adjustment,0.06,
07/31/2026,2016,Subject to Tax,,176.94
07/31/2026,2016,Non-Taxable Sales,,4141.5
07/31/2026,2016,3rd Party Tax Exempt,,14.88
07/31/2026,2016,Register Audit,351,
07/31/2026,2016,Sales Tax,,11.66
07/31/2026,2016,In-Store Credit Card,1827.85,
07/31/2026,2016,Online Credit card,1565.19,
07/31/2026,2016,Online Gift Card,10.7,
07/31/2026,2016,Online Credit Card Tips,,17
07/31/2026,2016,In-Store Credit Card Tips,,94.88
07/31/2026,2016,Gift Card,78.65,
07/31/2026,2016,3rd Party - DoorDash,479.07,
07/31/2026,2016,3rd Party - GrubHub,43.79,
07/31/2026,2016,3rd Party - UberEats,100.62,
07/31/2026,2016,Cash Over/Short Adjustment,,0.01
07/31/2026,2017,Subject to Tax,,190.98
07/31/2026,2017,Non-Taxable Sales,,3873.61
07/31/2026,2017,3rd Party Tax Exempt,,22.56
07/31/2026,2017,Register Audit,225,
07/31/2026,2017,Sales Tax,,13.4
07/31/2026,2017,In-Store Credit Card,1708.3,
07/31/2026,2017,Online Credit card,1557.4,
07/31/2026,2017,Online Credit Card Tips,,63.8
07/31/2026,2017,In-Store Credit Card Tips,,108.84
07/31/2026,2017,Gift Card,55.91,
07/31/2026,2017,3rd Party - DoorDash,642.2,
07/31/2026,2017,3rd Party - GrubHub,10.74,
07/31/2026,2017,3rd Party - UberEats,74.02,
07/31/2026,2017,Cash Over/Short Adjustment,,0.38
07/31/2026,2020,Subject to Tax,,537.57
07/31/2026,2020,Non-Taxable Sales,,7078.15
07/31/2026,2020,3rd Party Tax Exempt,,10.8
07/31/2026,2020,Register Audit,308,
07/31/2026,2020,Sales Tax,,38.14
07/31/2026,2020,In-Store Credit Card,5497.26,
07/31/2026,2020,Payout,22.51,
07/31/2026,2020,Online Credit card,1393.96,
07/31/2026,2020,Online Gift Card,18.2,
07/31/2026,2020,Online Credit Card Tips,,45
07/31/2026,2020,In-Store Credit Card Tips,,115.54
07/31/2026,2020,Gift Card Sold,,20
07/31/2026,2020,3rd Party - DoorDash,496.51,
07/31/2026,2020,3rd Party - GrubHub,83.64,
07/31/2026,2020,3rd Party - UberEats,24.72,
07/31/2026,2020,Cash Over/Short Adjustment,0.4,
07/31/2026,2023,Subject to Tax,,185.59
07/31/2026,2023,Non-Taxable Sales,,4437.31
07/31/2026,2023,3rd Party Tax Exempt,,18.24
07/31/2026,2023,Register Audit,274,
07/31/2026,2023,Sales Tax,,12.67
07/31/2026,2023,In-Store Credit Card,2012.08,
07/31/2026,2023,Online Credit card,1787.37,
07/31/2026,2023,Online Gift Card,22.01,
07/31/2026,2023,Online Credit Card Tips,,51.08
07/31/2026,2023,In-Store Credit Card Tips,,121.6
07/31/2026,2023,3rd Party - DoorDash,550.82,
07/31/2026,2023,3rd Party - GrubHub,31.31,
07/31/2026,2023,3rd Party - UberEats,103.66,
07/31/2026,2023,Cash Over/Short Adjustment,0.22,
07/31/2026,2024,Subject to Tax,,161.52
07/31/2026,2024,Non-Taxable Sales,,3607.95
07/31/2026,2024,3rd Party Tax Exempt,,3.72
07/31/2026,2024,Register Audit,223,
07/31/2026,2024,Sales Tax,,12.91
07/31/2026,2024,In-Store Credit Card,1722.16,
07/31/2026,2024,Online Credit card,1382.23,
07/31/2026,2024,Online Gift Card,9.9,
07/31/2026,2024,Online Credit Card Tips,,20
07/31/2026,2024,In-Store Credit Card Tips,,95.13
07/31/2026,2024,Gift Card,110.12,
07/31/2026,2024,3rd Party - DoorDash,396.68,
07/31/2026,2024,3rd Party - UberEats,57.24,
07/31/2026,2024,Cash Over/Short Adjustment,,0.1
07/31/2026,2047,Subject to Tax,,218.84
07/31/2026,2047,Non-Taxable Sales,,4543.31
07/31/2026,2047,3rd Party Tax Exempt,,24.96
07/31/2026,2047,Register Audit,335,
07/31/2026,2047,Sales Tax,,15.56
07/31/2026,2047,In-Store Credit Card,2601.4,
07/31/2026,2047,Online Credit card,1038.1,
07/31/2026,2047,Online Gift Card,4.76,
07/31/2026,2047,Online Credit Card Tips,,26.65
07/31/2026,2047,In-Store Credit Card Tips,,102.56
07/31/2026,2047,Gift Card,236.6,
07/31/2026,2047,3rd Party - DoorDash,538.07,
07/31/2026,2047,3rd Party - GrubHub,73.38,
07/31/2026,2047,3rd Party - UberEats,104.82,
07/31/2026,2047,Cash Over/Short Adjustment,,0.25
07/31/2026,4003,Subject to Tax,,4631.77
07/31/2026,4003,Register Audit,116,
07/31/2026,4003,Sales Tax,,451.66
07/31/2026,4003,In-Store Credit Card,2912.28,
07/31/2026,4003,Payout,14.58,
07/31/2026,4003,Online Credit card,1054.47,
07/31/2026,4003,Online Credit Card Tips,,30
07/31/2026,4003,In-Store Credit Card Tips,,187.56
07/31/2026,4003,Gift Card,11.01,
07/31/2026,4003,3rd Party - DoorDash,789.27,
07/31/2026,4003,3rd Party - UberEats,403.84,
07/31/2026,4003,Cash Over/Short Adjustment,,0.46
07/31/2026,4004,Subject to Tax,,4029.78
07/31/2026,4004,Register Audit,198,
07/31/2026,4004,Sales Tax,,392.89
07/31/2026,4004,In-Store Credit Card,1944.86,
07/31/2026,4004,Online Credit card,1225.07,
07/31/2026,4004,Online Gift Card,5.82,
07/31/2026,4004,Online Credit Card Tips,,48.52
07/31/2026,4004,In-Store Credit Card Tips,,116.09
07/31/2026,4004,Gift Card,11.74,
07/31/2026,4004,3rd Party - DoorDash,599.81,
07/31/2026,4004,3rd Party - GrubHub,87.17,
07/31/2026,4004,3rd Party - UberEats,515.36,
07/31/2026,4004,Cash Over/Short Adjustment,,0.55
07/31/2026,4008,Subject to Tax,,3667.95
07/31/2026,4008,Register Audit,295,
07/31/2026,4008,Sales Tax,,357.62
07/31/2026,4008,In-Store Credit Card,2196.1,
07/31/2026,4008,Online Credit card,951.74,
07/31/2026,4008,Online Credit Card Tips,,28
07/31/2026,4008,In-Store Credit Card Tips,,117.4
07/31/2026,4008,Gift Card,25,
07/31/2026,4008,3rd Party - DoorDash,329.09,
07/31/2026,4008,3rd Party - GrubHub,14.09,
07/31/2026,4008,3rd Party - UberEats,360.72,
07/31/2026,4008,Cash Over/Short Adjustment,,0.77
07/31/2026,4009,Subject to Tax,,3200.07
07/31/2026,4009,Register Audit,550,
07/31/2026,4009,Sales Tax,,312.01
07/31/2026,4009,In-Store Credit Card,1889.04,
07/31/2026,4009,Payout,26.98,
07/31/2026,4009,Online Credit card,550.08,
07/31/2026,4009,Online Credit Card Tips,,14
07/31/2026,4009,In-Store Credit Card Tips,,118.68
07/31/2026,4009,Gift Card,39.82,
07/31/2026,4009,3rd Party - DoorDash,555.04,
07/31/2026,4009,3rd Party - UberEats,33.63,
07/31/2026,4009,Cash Over/Short Adjustment,0.17,
07/31/2026,4010,Subject to Tax,,3347.72
07/31/2026,4010,Register Audit,232,
07/31/2026,4010,Sales Tax,,326.47
07/31/2026,4010,In-Store Credit Card,2205.5,
07/31/2026,4010,Online Credit card,804.08,
07/31/2026,4010,Online Gift Card,3.32,
07/31/2026,4010,In-Store Credit Card Tips,,181.8
07/31/2026,4010,Gift Card,11.74,
07/31/2026,4010,3rd Party - DoorDash,385.67,
07/31/2026,4010,3rd Party - UberEats,213.4,
07/31/2026,4010,Cash Over/Short Adjustment,0.28,
07/31/2026,4015,Subject to Tax,,3531.87
07/31/2026,4015,Register Audit,339,
07/31/2026,4015,Sales Tax,,344.35
07/31/2026,4015,In-Store Credit Card,2517.16,
07/31/2026,4015,Online Credit card,686.63,
07/31/2026,4015,Online Credit Card Tips,,22
07/31/2026,4015,In-Store Credit Card Tips,,158.08
07/31/2026,4015,Gift Card,26.74,
07/31/2026,4015,Gift Card Sold,,40
07/31/2026,4015,3rd Party - DoorDash,403.02,
07/31/2026,4015,3rd Party - UberEats,124.4,
07/31/2026,4015,Cash Over/Short Adjustment,,0.65
07/31/2026,4021,Subject to Tax,,4356.17
07/31/2026,4021,Register Audit,174,
07/31/2026,4021,Sales Tax,,424.74
07/31/2026,4021,In-Store Credit Card,2053.98,
07/31/2026,4021,Online Credit card,1417.75,
07/31/2026,4021,Online Credit Card Tips,,26
07/31/2026,4021,In-Store Credit Card Tips,,125.54
07/31/2026,4021,Gift Card,25,
07/31/2026,4021,3rd Party - DoorDash,680.57,
07/31/2026,4021,3rd Party - UberEats,581.05,
07/31/2026,4021,Cash Over/Short Adjustment,0.1,
07/31/2026,4025,Subject to Tax,,3575.97
07/31/2026,4025,Register Audit,258,
07/31/2026,4025,Sales Tax,,348.65
07/31/2026,4025,In-Store Credit Card,2213.87,
07/31/2026,4025,Online Credit card,962.52,
07/31/2026,4025,Online Credit Card Tips,,36
07/31/2026,4025,In-Store Credit Card Tips,,116.03
07/31/2026,4025,Gift Card,11.74,
07/31/2026,4025,3rd Party - DoorDash,427.85,
07/31/2026,4025,3rd Party - UberEats,202.26,
07/31/2026,4025,Cash Over/Short Adjustment,0.41,
07/31/2026,4027,Subject to Tax,,4643.32
07/31/2026,4027,Sales Tax,,452.73
07/31/2026,4027,In-Store Credit Card,2184.49,
07/31/2026,4027,Online Credit card,903.15,
07/31/2026,4027,In-Store Credit Card Tips,,112.41
07/31/2026,4027,Gift Card,11.88,
07/31/2026,4027,3rd Party - DoorDash,817.35,
07/31/2026,4027,3rd Party - GrubHub,11.92,
07/31/2026,4027,3rd Party - UberEats,829.02,
07/31/2026,4027,Cash Over/Short Adjustment,0.65,
07/31/2026,4027,Register Audit Adjustment,450,
07/31/2026,4034,Subject to Tax,,4327.4
07/31/2026,4034,Register Audit,257,
07/31/2026,4034,Sales Tax,,421.87
07/31/2026,4034,In-Store Credit Card,2499.88,
07/31/2026,4034,Online Credit card,1452.53,
07/31/2026,4034,Online Credit Card Tips,,32
07/31/2026,4034,In-Store Credit Card Tips,,105.44
07/31/2026,4034,Gift Card,2.09,
07/31/2026,4034,3rd Party - DoorDash,675.82,
07/31/2026,4034,Cash Over/Short Adjustment,,0.61
07/31/2026,4036,Subject to Tax,,4903.15
07/31/2026,4036,Register Audit,414,
07/31/2026,4036,Sales Tax,,478.08
07/31/2026,4036,In-Store Credit Card,2980.78,
07/31/2026,4036,Payout,4.37,
07/31/2026,4036,Online Credit card,1348.9,
07/31/2026,4036,Online Credit Card Tips,,31
07/31/2026,4036,In-Store Credit Card Tips,,143.85
07/31/2026,4036,Gift Card,5.68,
07/31/2026,4036,Gift Card Sold,,25
07/31/2026,4036,3rd Party - DoorDash,431.21,
07/31/2026,4036,3rd Party - UberEats,395.96,
07/31/2026,4036,Cash Over/Short Adjustment,0.18,
07/31/2026,4042,Subject to Tax,,5400.28
07/31/2026,4042,Register Audit,358,
07/31/2026,4042,Sales Tax,,526.61
07/31/2026,4042,In-Store Credit Card,2600.86,
07/31/2026,4042,Online Credit card,1467.03,
07/31/2026,4042,Online Credit Card Tips,,30
07/31/2026,4042,In-Store Credit Card Tips,,161.9
07/31/2026,4042,Gift Card,101.46,
07/31/2026,4042,3rd Party - DoorDash,1324.56,
07/31/2026,4042,3rd Party - UberEats,240.05,
07/31/2026,4042,Cash Over/Short Adjustment,0.83,
07/31/2026,4042,Register Audit Adjustment,26,
07/31/2026,4052,Subject to Tax,,5506.69
07/31/2026,4052,Register Audit,732,
07/31/2026,4052,Sales Tax,,536.84
07/31/2026,4052,In-Store Credit Card,2814.63,
07/31/2026,4052,Online Credit card,1782.62,
07/31/2026,4052,Online Credit Card Tips,,42.31
07/31/2026,4052,In-Store Credit Card Tips,,130.24
07/31/2026,4052,Gift Card,70.05,
07/31/2026,4052,3rd Party - DoorDash,685.33,
07/31/2026,4052,3rd Party - GrubHub,16.58,
07/31/2026,4052,3rd Party - UberEats,114.93,
07/31/2026,4052,Cash Over/Short Adjustment,,0.06
07/31/2026,4061,Subject to Tax,,4421.39
07/31/2026,4061,Register Audit,347,
07/31/2026,4061,Sales Tax,,431.02
07/31/2026,4061,In-Store Credit Card,2950.23,
07/31/2026,4061,Online Credit card,1324.41,
07/31/2026,4061,Online Gift Card,28.03,
07/31/2026,4061,Online Credit Card Tips,,39
07/31/2026,4061,In-Store Credit Card Tips,,195.28
07/31/2026,4061,Online Gift Card Tips,,5.51
07/31/2026,4061,Gift Card,10.87,
07/31/2026,4061,3rd Party - DoorDash,306.14,
07/31/2026,4061,3rd Party - GrubHub,17.78,
07/31/2026,4061,3rd Party - UberEats,108.31,
07/31/2026,4061,Cash Over/Short Adjustment,,0.57
07/31/2026,4074,Subject to Tax,,3196.91
07/31/2026,4074,Register Audit,142,
07/31/2026,4074,Sales Tax,,311.77
07/31/2026,4074,In-Store Credit Card,1918.3,
07/31/2026,4074,Payout,19.06,
07/31/2026,4074,Online Credit card,1062.03,
07/31/2026,4074,Online Gift Card,22.61,
07/31/2026,4074,Online Credit Card Tips,,26
07/31/2026,4074,In-Store Credit Card Tips,,125.3
07/31/2026,4074,3rd Party - DoorDash,395.28,
07/31/2026,4074,3rd Party - UberEats,101.14,
07/31/2026,4074,Cash Over/Short Adjustment,,0.44
07/31/2026,5042,Subject to Tax,,3481.25
07/31/2026,5042,Non-Taxable Sales,,10
07/31/2026,5042,3rd Party Tax Exempt,,756.9
07/31/2026,5042,Register Audit,324,
07/31/2026,5042,Sales Tax,,239.5
07/31/2026,5042,In-Store Credit Card,1776.44,
07/31/2026,5042,Online Credit card,1779.03,
07/31/2026,5042,Online Gift Card,35,
07/31/2026,5042,Online Credit Card Tips,,65
07/31/2026,5042,In-Store Credit Card Tips,,137.26
07/31/2026,5042,Gift Card,18.83,
07/31/2026,5042,3rd Party - DoorDash,510.45,
07/31/2026,5042,3rd Party - GrubHub,51.06,
07/31/2026,5042,3rd Party - UberEats,195.39,
07/31/2026,5042,Cash Over/Short Adjustment,,0.29
07/31/2026,5043,Subject to Tax,,5317.9
07/31/2026,5043,Non-Taxable Sales,,25.5
07/31/2026,5043,3rd Party Tax Exempt,,1217.11
07/31/2026,5043,Register Audit,385,
07/31/2026,5043,Sales Tax,,364.91
07/31/2026,5043,In-Store Credit Card,3253.54,
07/31/2026,5043,Payout,14.29,
07/31/2026,5043,Online Credit card,2272.2,
07/31/2026,5043,Online Credit Card Tips,,62
07/31/2026,5043,In-Store Credit Card Tips,,164.31
07/31/2026,5043,Gift Card,10,
07/31/2026,5043,3rd Party - DoorDash,914.51,
07/31/2026,5043,3rd Party - UberEats,302.6,
07/31/2026,5043,Cash Over/Short Adjustment,,0.41
07/31/2026,5049,Subject to Tax,,3122.35
07/31/2026,5049,Non-Taxable Sales,,17.5
07/31/2026,5049,3rd Party Tax Exempt,,357.23
07/31/2026,5049,Register Audit,349,
07/31/2026,5049,Sales Tax,,254.52
07/31/2026,5049,In-Store Credit Card,2047.44,
07/31/2026,5049,Online Credit card,1144.73,
07/31/2026,5049,Online Credit Card Tips,,37
07/31/2026,5049,In-Store Credit Card Tips,,109.76
07/31/2026,5049,3rd Party - DoorDash,320.4,
07/31/2026,5049,3rd Party - UberEats,36.83,
07/31/2026,5049,Cash Over/Short Adjustment,,0.04
07/31/2026,5051,Subject to Tax,,2589.9
07/31/2026,5051,Non-Taxable Sales,,32.5
07/31/2026,5051,3rd Party Tax Exempt,,401.69
07/31/2026,5051,Register Audit,203,
07/31/2026,5051,Sales Tax,,178.54
07/31/2026,5051,In-Store Credit Card,1622.56,
07/31/2026,5051,Online Credit card,1037.58,
07/31/2026,5051,Online Gift Card,25,
07/31/2026,5051,Online Credit Card Tips,,23
07/31/2026,5051,In-Store Credit Card Tips,,84.21
07/31/2026,5051,Gift Card,20.65,
07/31/2026,5051,3rd Party - DoorDash,214.01,
07/31/2026,5051,3rd Party - UberEats,187.68,
07/31/2026,5051,Cash Over/Short Adjustment,,0.64
07/31/2026,5057,Subject to Tax,,4317.05
07/31/2026,5057,Non-Taxable Sales,,15
07/31/2026,5057,3rd Party Tax Exempt,,675.87
07/31/2026,5057,Register Audit,586,
07/31/2026,5057,Sales Tax,,341.8
07/31/2026,5057,In-Store Credit Card,2793.45,
07/31/2026,5057,Online Credit card,1458.28,
07/31/2026,5057,Online Gift Card,10.53,
07/31/2026,5057,Online Credit Card Tips,,42
07/31/2026,5057,In-Store Credit Card Tips,,131.71
07/31/2026,5057,3rd Party - DoorDash,351.49,
07/31/2026,5057,3rd Party - GrubHub,17.15,
07/31/2026,5057,3rd Party - UberEats,307.23,
07/31/2026,5057,Cash Over/Short Adjustment,,0.7
07/31/2026,5059,Subject to Tax,,3128.8
07/31/2026,5059,Non-Taxable Sales,,26.5
07/31/2026,5059,3rd Party Tax Exempt,,282.43
07/31/2026,5059,Sales Tax,,217.14
07/31/2026,5059,In-Store Credit Card,2245.28,
07/31/2026,5059,Online Credit card,791.08,
07/31/2026,5059,Online Credit Card Tips,,21
07/31/2026,5059,In-Store Credit Card Tips,,142.11
07/31/2026,5059,3rd Party - DoorDash,219.19,
07/31/2026,5059,3rd Party - UberEats,63.24,
07/31/2026,5059,Cash Over/Short Adjustment,0.19,
07/31/2026,5059,Register Audit Adjustment,499,
07/31/2026,5062,Subject to Tax,,4043.05
07/31/2026,5062,Non-Taxable Sales,,20.5
07/31/2026,5062,3rd Party Tax Exempt,,658.62
07/31/2026,5062,Sales Tax,,281.19
07/31/2026,5062,In-Store Credit Card,3828.4,
07/31/2026,5062,Online Credit card,828.72,
07/31/2026,5062,Online Credit Card Tips,,23
07/31/2026,5062,In-Store Credit Card Tips,,416.65
07/31/2026,5062,Gift Card,45.59,
07/31/2026,5062,3rd Party - DoorDash,326.44,
07/31/2026,5062,3rd Party - GrubHub,32.76,
07/31/2026,5062,3rd Party - UberEats,299.42,
07/31/2026,5062,Cash Over/Short Adjustment,0.68,
07/31/2026,5062,Register Audit Adjustment,81,
07/31/2026,5101,Subject to Tax,,3115.8
07/31/2026,5101,Non-Taxable Sales,,28
07/31/2026,5101,3rd Party Tax Exempt,,358.88
07/31/2026,5101,Register Audit,312,
07/31/2026,5101,Sales Tax,,215.26
07/31/2026,5101,In-Store Credit Card,2024.27,
07/31/2026,5101,Online Credit card,1149.31,
07/31/2026,5101,Online Credit Card Tips,,24.55
07/31/2026,5101,In-Store Credit Card Tips,,112.2
07/31/2026,5101,Gift Card,10.59,
07/31/2026,5101,3rd Party - DoorDash,252.66,
07/31/2026,5101,3rd Party - UberEats,106.22,
07/31/2026,5101,Cash Over/Short Adjustment,,0.36
07/31/2026,5112,Subject to Tax,,3178.6
07/31/2026,5112,3rd Party Tax Exempt,,514.03
07/31/2026,5112,Register Audit,333,
07/31/2026,5112,Sales Tax,,250.81
07/31/2026,5112,In-Store Credit Card,2107.03,
07/31/2026,5112,Online Credit card,1118.12,
07/31/2026,5112,Online Credit Card Tips,,22
07/31/2026,5112,In-Store Credit Card Tips,,106.48
07/31/2026,5112,3rd Party - DoorDash,413.89,
07/31/2026,5112,3rd Party - UberEats,100.14,
07/31/2026,5112,Cash Over/Short Adjustment,,0.26
07/31/2026,5127,Subject to Tax,,4001.6
07/31/2026,5127,3rd Party Tax Exempt,,194.24
07/31/2026,5127,Tax Exempt,,358.5
07/31/2026,5127,Register Audit,766.5,
07/31/2026,5127,Sales Tax,,312.71
07/31/2026,5127,In-Store Credit Card,2639.33,
07/31/2026,5127,Online Credit card,1487.7,
07/31/2026,5127,Online Credit Card Tips,,60
07/31/2026,5127,In-Store Credit Card Tips,,160.97
07/31/2026,5127,3rd Party - DoorDash,168.56,
07/31/2026,5127,3rd Party - UberEats,25.68,
07/31/2026,5127,Cash Over/Short Adjustment,0.25,
07/31/2026,6021,Subject to Tax,,4251.01
07/31/2026,6021,Non-Taxable Sales,,15
07/31/2026,6021,3rd Party Tax Exempt,,56.32
07/31/2026,6021,Register Audit,240,
07/31/2026,6021,Sales Tax,,403.93
07/31/2026,6021,In-Store Credit Card,2382.95,
07/31/2026,6021,Online Credit card,1381.08,
07/31/2026,6021,Online Gift Card,24.11,
07/31/2026,6021,Online Credit Card Tips,,76
07/31/2026,6021,In-Store Credit Card Tips,,145.82
07/31/2026,6021,Gift Card,25,
07/31/2026,6021,3rd Party - DoorDash,793.72,
07/31/2026,6021,3rd Party - GrubHub,45.86,
07/31/2026,6021,3rd Party - UberEats,56.32,
07/31/2026,6021,Cash Over/Short Adjustment,,0.96
07/31/2026,6026,Subject to Tax,,3068
07/31/2026,6026,Non-Taxable Sales,,25.5
07/31/2026,6026,3rd Party Tax Exempt,,196.26
07/31/2026,6026,Register Audit,211,
07/31/2026,6026,Sales Tax,,184.08
07/31/2026,6026,In-Store Credit Card,1796.36,
07/31/2026,6026,Online Credit card,842.78,
07/31/2026,6026,Online Gift Card,27.65,
07/31/2026,6026,Online Credit Card Tips,,15
07/31/2026,6026,In-Store Credit Card Tips,,105.56
07/31/2026,6026,3rd Party - DoorDash,494.81,
07/31/2026,6026,3rd Party - GrubHub,13.99,
07/31/2026,6026,3rd Party - UberEats,196.26,
07/31/2026,6026,Cash Over/Short Adjustment,0.21,
07/31/2026,6032,Subject to Tax,,4389.37
07/31/2026,6032,Non-Taxable Sales,,36
07/31/2026,6032,3rd Party Tax Exempt,,191.77
07/31/2026,6032,Sales Tax,,263.36
07/31/2026,6032,In-Store Credit Card,2245.45,
07/31/2026,6032,Online Credit card,1798.93,
07/31/2026,6032,Online Credit Card Tips,,60
07/31/2026,6032,In-Store Credit Card Tips,,167.29
07/31/2026,6032,Gift Card,7.9,
07/31/2026,6032,3rd Party - DoorDash,513.71,
07/31/2026,6032,3rd Party - UberEats,191.77,
07/31/2026,6032,Cash Over/Short Adjustment,0.53,
07/31/2026,6032,Register Audit Adjustment,188,
07/31/2026,6037,Subject to Tax,,4437.86
07/31/2026,6037,Non-Taxable Sales,,6
07/31/2026,6037,Register Audit,375,
07/31/2026,6037,Sales Tax,,488.26
07/31/2026,6037,In-Store Credit Card,2612.58,
07/31/2026,6037,Online Credit card,2019.14,
07/31/2026,6037,Online Gift Card,30.2,
07/31/2026,6037,Online Credit Card Tips,,73
07/31/2026,6037,In-Store Credit Card Tips,,157.31
07/31/2026,6037,Gift Card,7.13,
07/31/2026,6037,3rd Party - GrubHub,52.81,
07/31/2026,6037,3rd Party - UberEats,65.64,
07/31/2026,6037,Cash Over/Short Adjustment,,0.07
07/31/2026,6039,Subject to Tax,,3561.78
07/31/2026,6039,Non-Taxable Sales,,17
07/31/2026,6039,3rd Party Tax Exempt,,269.54
07/31/2026,6039,Sales Tax,,213.73
07/31/2026,6039,In-Store Credit Card,2057.03,
07/31/2026,6039,Payout,19.91,
07/31/2026,6039,Online Credit card,1349.79,
07/31/2026,6039,Online Gift Card,15,
07/31/2026,6039,Online Credit Card Tips,,41
07/31/2026,6039,In-Store Credit Card Tips,,118.51
07/31/2026,6039,Gift Card,23.61,
07/31/2026,6039,3rd Party - DoorDash,321.68,
07/31/2026,6039,3rd Party - UberEats,269.54,
07/31/2026,6039,Register Audit Adjustment,165,
07/31/2026,6044,Subject to Tax,,5421.84
07/31/2026,6044,Non-Taxable Sales,,16
07/31/2026,6044,Sales Tax,,612.74
07/31/2026,6044,In-Store Credit Card,2836.83,
07/31/2026,6044,Online Credit card,1880.48,
07/31/2026,6044,Online Gift Card,24.89,
07/31/2026,6044,Online Credit Card Tips,,56
07/31/2026,6044,In-Store Credit Card Tips,,157.96
07/31/2026,6044,Gift Card,61.15,
07/31/2026,6044,3rd Party - DoorDash,606.8,
07/31/2026,6044,Cash Over/Short Adjustment,0.39,
07/31/2026,6044,Register Audit Adjustment,854,
07/31/2026,6065,Subject to Tax,,4059.61
07/31/2026,6065,Non-Taxable Sales,,11
07/31/2026,6065,3rd Party Tax Exempt,,162.22
07/31/2026,6065,Sales Tax,,406.21
07/31/2026,6065,In-Store Credit Card,2603.35,
07/31/2026,6065,Online Credit card,1337.4,
07/31/2026,6065,Online Credit Card Tips,,51
07/31/2026,6065,In-Store Credit Card Tips,,188.44
07/31/2026,6065,Gift Card,58.08,
07/31/2026,6065,3rd Party - DoorDash,384.57,
07/31/2026,6065,3rd Party - GrubHub,79.06,
07/31/2026,6065,3rd Party - UberEats,162.22,
07/31/2026,6065,Cash Over/Short Adjustment,0.8,
07/31/2026,6065,Register Audit Adjustment,253,
07/31/2026,6067,Subject to Tax,,3737.55
07/31/2026,6067,Non-Taxable Sales,,7.5
07/31/2026,6067,3rd Party Tax Exempt,,21.84
07/31/2026,6067,Sales Tax,,422.4
07/31/2026,6067,In-Store Credit Card,2465.72,
07/31/2026,6067,Online Credit card,808.95,
07/31/2026,6067,Online Credit Card Tips,,26.52
07/31/2026,6067,In-Store Credit Card Tips,,135
07/31/2026,6067,Gift Card,27.16,
07/31/2026,6067,3rd Party - DoorDash,544.47,
07/31/2026,6067,3rd Party - UberEats,21.84,
07/31/2026,6067,Cash Over/Short Adjustment,0.67,
07/31/2026,6067,Register Audit Adjustment,482,
07/31/2026,6072,Subject to Tax,,5937.43
07/31/2026,6072,Non-Taxable Sales,,39.5
07/31/2026,6072,3rd Party Tax Exempt,,142.32
07/31/2026,6072,Register Audit,863,
07/31/2026,6072,Sales Tax,,700.55
07/31/2026,6072,In-Store Credit Card,2952.71,
07/31/2026,6072,Online Credit card,1996.46,
07/31/2026,6072,Online Gift Card,43,
07/31/2026,6072,Online Credit Card Tips,,54
07/31/2026,6072,In-Store Credit Card Tips,,168.08
07/31/2026,6072,Gift Card,73.63,
07/31/2026,6072,3rd Party - DoorDash,939.91,
07/31/2026,6072,3rd Party - GrubHub,31,
07/31/2026,6072,3rd Party - UberEats,142.32,
07/31/2026,6072,Cash Over/Short Adjustment,,0.15
07/31/2026,6076,Subject to Tax,,2515.41
07/31/2026,6076,Non-Taxable Sales,,25.5
07/31/2026,6076,3rd Party Tax Exempt,,87.96
07/31/2026,6076,Sales Tax,,226.4
07/31/2026,6076,In-Store Credit Card,1394.14,
07/31/2026,6076,Payout,14.12,
07/31/2026,6076,Online Credit card,960.97,
07/31/2026,6076,Online Credit Card Tips,,25.53
07/31/2026,6076,In-Store Credit Card Tips,,77.76
07/31/2026,6076,3rd Party - DoorDash,373.95,
07/31/2026,6076,3rd Party - UberEats,87.96,
07/31/2026,6076,Cash Over/Short Adjustment,0.31,
07/31/2026,6076,Register Audit Adjustment,110,
07/31/2026,6083,Subject to Tax,,3108.26
07/31/2026,6083,Non-Taxable Sales,,20.5
07/31/2026,6083,Register Audit,121,
07/31/2026,6083,Sales Tax,,279.7
07/31/2026,6083,In-Store Credit Card,1754.45,
07/31/2026,6083,Online Credit card,1348.38,
07/31/2026,6083,Online Gift Card,7.98,
07/31/2026,6083,Online Credit Card Tips,,24
07/31/2026,6083,In-Store Credit Card Tips,,99.86
07/31/2026,6083,Online Gift Card Tips,,5
07/31/2026,6083,Gift Card,10.9,
07/31/2026,6083,3rd Party - DoorDash,170.45,
07/31/2026,6083,3rd Party - GrubHub,124.23,
07/31/2026,6083,Cash Over/Short Adjustment,,0.07
07/31/2026,6088,Subject to Tax,,3563.45
07/31/2026,6088,Non-Taxable Sales,,15
07/31/2026,6088,3rd Party Tax Exempt,,41.87
07/31/2026,6088,Register Audit,167,
07/31/2026,6088,Sales Tax,,356.58
07/31/2026,6088,In-Store Credit Card,2003.17,
07/31/2026,6088,Online Credit card,1463.84,
07/31/2026,6088,Online Gift Card,23.65,
07/31/2026,6088,Online Credit Card Tips,,44.47
07/31/2026,6088,In-Store Credit Card Tips,,108.53
07/31/2026,6088,3rd Party - DoorDash,413.31,
07/31/2026,6088,3rd Party - GrubHub,16.62,
07/31/2026,6088,3rd Party - UberEats,41.87,
07/31/2026,6088,Cash Over/Short Adjustment,0.44,
07/31/2026,6093,Subject to Tax,,3639.93
07/31/2026,6093,Non-Taxable Sales,,11.5
07/31/2026,6093,Register Audit,398,
07/31/2026,6093,Sales Tax,,411.29
07/31/2026,6093,In-Store Credit Card,2862.57,
07/31/2026,6093,Online Credit card,859.15,
07/31/2026,6093,Online Gift Card,15,
07/31/2026,6093,Online Credit Card Tips,,27
07/31/2026,6093,In-Store Credit Card Tips,,208.43
07/31/2026,6093,Gift Card,47.47,
07/31/2026,6093,3rd Party - DoorDash,116.05,
07/31/2026,6093,Cash Over/Short Adjustment,,0.09
07/31/2026,6094,Subject to Tax,,2110.85
07/31/2026,6094,Non-Taxable Sales,,15.5
07/31/2026,6094,3rd Party Tax Exempt,,93.42
07/31/2026,6094,Register Audit,187,
07/31/2026,6094,Sales Tax,,211.22
07/31/2026,6094,In-Store Credit Card,1203.38,
07/31/2026,6094,Online Credit card,761.55,
07/31/2026,6094,Online Credit Card Tips,,22
07/31/2026,6094,In-Store Credit Card Tips,,83.91
07/31/2026,6094,3rd Party - DoorDash,183.55,
07/31/2026,6094,3rd Party - GrubHub,107.27,
07/31/2026,6094,3rd Party - UberEats,93.42,
07/31/2026,6094,Cash Over/Short Adjustment,0.73,
07/31/2026,6102,Subject to Tax,,3865.11
07/31/2026,6102,Non-Taxable Sales,,20.5
07/31/2026,6102,Sales Tax,,386.79
07/31/2026,6102,In-Store Credit Card,1902.21,
07/31/2026,6102,Online Credit card,1116.58,
07/31/2026,6102,Online Gift Card,11.77,
07/31/2026,6102,Online Credit Card Tips,,26.18
07/31/2026,6102,In-Store Credit Card Tips,,110.01
07/31/2026,6102,3rd Party - DoorDash,765.29,
07/31/2026,6102,3rd Party - UberEats,274.23,
07/31/2026,6102,Cash Over/Short Adjustment,0.51,
07/31/2026,6102,Register Audit Adjustment,338,
07/31/2026,7024,Subject to Tax,,4049.8
07/31/2026,7024,3rd Party Tax Exempt,,572.75
07/31/2026,7024,Sales Tax,,349.39
07/31/2026,7024,In-Store Credit Card,2802.78,
07/31/2026,7024,Online Credit card,1511.05,
07/31/2026,7024,Online Gift Card,18.79,
07/31/2026,7024,Online Credit Card Tips,,73.98
07/31/2026,7024,In-Store Credit Card Tips,,199.38
07/31/2026,7024,Online Gift Card Tips,,1
07/31/2026,7024,Gift Card,62.41,
07/31/2026,7024,3rd Party - DoorDash,541.97,
07/31/2026,7024,3rd Party - GrubHub,30.78,
07/31/2026,7024,Cash Over/Short Adjustment,0.52,
07/31/2026,7024,Register Audit Adjustment,278,
07/31/2026,7032,Subject to Tax,,3307.5
07/31/2026,7032,3rd Party Tax Exempt,,455.34
07/31/2026,7032,Sales Tax,,287.85
07/31/2026,7032,In-Store Credit Card,2272.17,
07/31/2026,7032,Online Credit card,832.88,
07/31/2026,7032,Online Gift Card,22.57,
07/31/2026,7032,Online Credit Card Tips,,25
07/31/2026,7032,In-Store Credit Card Tips,,103.19
07/31/2026,7032,3rd Party - DoorDash,455.34,
07/31/2026,7032,Cash Over/Short Adjustment,0.92,
07/31/2026,7032,Register Audit Adjustment,595,
07/31/2026,7039,Subject to Tax,,2229.45
07/31/2026,7039,3rd Party Tax Exempt,,298.13
07/31/2026,7039,Sales Tax,,194.04
07/31/2026,7039,In-Store Credit Card,1442.69,
07/31/2026,7039,Payout,22.47,
07/31/2026,7039,Online Credit card,633.11,
07/31/2026,7039,Online Credit Card Tips,,22
07/31/2026,7039,In-Store Credit Card Tips,,96.66
07/31/2026,7039,3rd Party - DoorDash,241.67,
07/31/2026,7039,3rd Party - UberEats,56.46,
07/31/2026,7039,Cash Over/Short Adjustment,0.95,
07/31/2026,7039,Register Audit Adjustment,443,
07/31/2026,7049,Subject to Tax,,4041.05
07/31/2026,7049,3rd Party Tax Exempt,,986.7
07/31/2026,7049,Sales Tax,,349.69
07/31/2026,7049,In-Store Credit Card,2937.3,
07/31/2026,7049,Online Credit card,1305.14,
07/31/2026,7049,Online Credit Card Tips,,65
07/31/2026,7049,In-Store Credit Card Tips,,184.06
07/31/2026,7049,Gift Card Sold,,20
07/31/2026,7049,3rd Party - DoorDash,846.1,
07/31/2026,7049,3rd Party - GrubHub,16.19,
07/31/2026,7049,3rd Party - UberEats,124.41,
07/31/2026,7049,Cash Over/Short Adjustment,0.36,
07/31/2026,7049,Register Audit Adjustment,417,
07/31/2026,7066,Subject to Tax,,2709.05
07/31/2026,7066,3rd Party Tax Exempt,,515.77
07/31/2026,7066,Sales Tax,,235.55
07/31/2026,7066,In-Store Credit Card,1625.49,
07/31/2026,7066,Payout,17.2,
07/31/2026,7066,Online Credit card,804.78,
07/31/2026,7066,Online Credit Card Tips,,45.12
07/31/2026,7066,In-Store Credit Card Tips,,66.46
07/31/2026,7066,3rd Party - DoorDash,503.89,
07/31/2026,7066,3rd Party - UberEats,11.88,
07/31/2026,7066,Cash Over/Short Adjustment,0.71,
07/31/2026,7066,Register Audit Adjustment,608,
07/31/2026,13026,Subject to Tax,,2643.36
07/31/2026,13026,Non-Taxable Sales,,37.88
07/31/2026,13026,3rd Party Tax Exempt,,842.81
07/31/2026,13026,Register Audit,268,
07/31/2026,13026,Sales Tax,,198.36
07/31/2026,13026,In-Store Credit Card,1735.47,
07/31/2026,13026,Online Credit card,849.11,
07/31/2026,13026,Online Gift Card,71.82,
07/31/2026,13026,Online Credit Card Tips,,11.32
07/31/2026,13026,In-Store Credit Card Tips,,80.69
07/31/2026,13026,Online Gift Card Tips,,1
07/31/2026,13026,Gift Card,19.46,
07/31/2026,13026,3rd Party - DoorDash,508.77,
07/31/2026,13026,3rd Party - GrubHub,15.92,
07/31/2026,13026,3rd Party - UberEats,346.22,
07/31/2026,13026,Cash Over/Short Adjustment,0.65,
07/31/2026,13062,Subject to Tax,,2924.53
07/31/2026,13062,Non-Taxable Sales,,26.53
07/31/2026,13062,3rd Party Tax Exempt,,695.64
07/31/2026,13062,Sales Tax,,204.74
07/31/2026,13062,In-Store Credit Card,1876.8,
07/31/2026,13062,Payout,183.61,
07/31/2026,13062,Online Credit card,1036.2,
07/31/2026,13062,Online Gift Card,28.78,
07/31/2026,13062,Online Credit Card Tips,,34
07/31/2026,13062,In-Store Credit Card Tips,,113.69
07/31/2026,13062,Gift Card,20.59,
07/31/2026,13062,3rd Party - DoorDash,445.48,
07/31/2026,13062,3rd Party - GrubHub,31.33,
07/31/2026,13062,3rd Party - UberEats,261.14,
07/31/2026,13062,Cash Over/Short Adjustment,0.2,
07/31/2026,13062,Register Audit Adjustment,115,
07/31/2026,13082,Subject to Tax,,2288.47
07/31/2026,13082,Non-Taxable Sales,,20.28
07/31/2026,13082,3rd Party Tax Exempt,,300.78
07/31/2026,13082,Register Audit,548,
07/31/2026,13082,Sales Tax,,160.2
07/31/2026,13082,In-Store Credit Card,1349.75,
07/31/2026,13082,Online Credit card,638.48,
07/31/2026,13082,Online Credit Card Tips,,25
07/31/2026,13082,In-Store Credit Card Tips,,110.33
07/31/2026,13082,Gift Card,40.87,
07/31/2026,13082,3rd Party - DoorDash,211.49,
07/31/2026,13082,3rd Party - GrubHub,15.85,
07/31/2026,13082,3rd Party - UberEats,101.47,
07/31/2026,13082,Cash Over/Short Adjustment,,0.85
07/31/2026,13106,Subject to Tax,,1607.45
07/31/2026,13106,Non-Taxable Sales,,16.25
07/31/2026,13106,3rd Party Tax Exempt,,419.67
07/31/2026,13106,Sales Tax,,120.63
07/31/2026,13106,In-Store Credit Card,1141.12,
07/31/2026,13106,Payout,35.79,
07/31/2026,13106,Online Credit card,621.94,
07/31/2026,13106,Online Credit Card Tips,,16
07/31/2026,13106,In-Store Credit Card Tips,,74.91
07/31/2026,13106,3rd Party - DoorDash,291.65,
07/31/2026,13106,3rd Party - UberEats,129.72,
07/31/2026,13106,Cash Over/Short Adjustment,0.69,
07/31/2026,13106,Register Audit Adjustment,34,
07/31/2026,13138,Subject to Tax,,2856.2
07/31/2026,13138,Non-Taxable Sales,,12.9
07/31/2026,13138,3rd Party Tax Exempt,,185.73
07/31/2026,13138,Register Audit,424,
07/31/2026,13138,Sales Tax,,199.9
07/31/2026,13138,In-Store Credit Card,2012.67,
07/31/2026,13138,Online Credit card,765.13,
07/31/2026,13138,Online Credit Card Tips,,23
07/31/2026,13138,In-Store Credit Card Tips,,140.25
07/31/2026,13138,Gift Card,25.67,
07/31/2026,13138,3rd Party - DoorDash,145.65,
07/31/2026,13138,3rd Party - UberEats,45.36,
07/31/2026,13138,Cash Over/Short Adjustment,,0.5
07/31/2026,13148,Subject to Tax,,4062.38
07/31/2026,13148,Non-Taxable Sales,,44.06
07/31/2026,13148,3rd Party Tax Exempt,,362.51
07/31/2026,13148,Sales Tax,,264.12
07/31/2026,13148,In-Store Credit Card,2495.42,
07/31/2026,13148,Online Credit card,1815.28,
07/31/2026,13148,Online Gift Card,50,
07/31/2026,13148,Online Credit Card Tips,,81.15
07/31/2026,13148,In-Store Credit Card Tips,,211.28
07/31/2026,13148,3rd Party - DoorDash,283.7,
07/31/2026,13148,3rd Party - GrubHub,41.92,
07/31/2026,13148,3rd Party - UberEats,96.27,
07/31/2026,13148,Cash Over/Short Adjustment,0.91,
07/31/2026,13148,Register Audit Adjustment,242,
07/31/2026,13160,Subject to Tax,,3457.44
07/31/2026,13160,Non-Taxable Sales,,19.9
07/31/2026,13160,3rd Party Tax Exempt,,286.47
07/31/2026,13160,Register Audit,408,
07/31/2026,13160,Sales Tax,,242.06
07/31/2026,13160,In-Store Credit Card,2455.9,
07/31/2026,13160,Online Credit card,1068.66,
07/31/2026,13160,Online Credit Card Tips,,41
07/31/2026,13160,In-Store Credit Card Tips,,174.74
07/31/2026,13160,Gift Card,33.22,
07/31/2026,13160,Gift Card Sold,,100
07/31/2026,13160,3rd Party - DoorDash,274.59,
07/31/2026,13160,3rd Party - GrubHub,63.5,
07/31/2026,13160,3rd Party - UberEats,17.58,
07/31/2026,13160,Cash Over/Short Adjustment,0.16,
07/31/2026,13162,Subject to Tax,,3585.91
07/31/2026,13162,Non-Taxable Sales,,57.8
07/31/2026,13162,3rd Party Tax Exempt,,1152.64
07/31/2026,13162,Sales Tax,,251.04
07/31/2026,13162,In-Store Credit Card,2491.5,
07/31/2026,13162,Online Credit card,1338.67,
07/31/2026,13162,Online Gift Card,9.58,
07/31/2026,13162,Online Credit Card Tips,,34.5
07/31/2026,13162,In-Store Credit Card Tips,,156.79
07/31/2026,13162,3rd Party - DoorDash,890.33,
07/31/2026,13162,3rd Party - UberEats,291.72,
07/31/2026,13162,Cash Over/Short Adjustment,0.88,
07/31/2026,13162,Register Audit Adjustment,216,
07/31/2026,13219,Subject to Tax,,2620.55
07/31/2026,13219,Non-Taxable Sales,,14.33
07/31/2026,13219,3rd Party Tax Exempt,,460.72
07/31/2026,13219,Sales Tax,,183.47
07/31/2026,13219,In-Store Credit Card,1615.74,
07/31/2026,13219,Online Credit card,771.69,
07/31/2026,13219,Online Credit Card Tips,,27
07/31/2026,13219,In-Store Credit Card Tips,,96.65
07/31/2026,13219,3rd Party - DoorDash,407.26,
07/31/2026,13219,3rd Party - GrubHub,90.78,
07/31/2026,13219,3rd Party - UberEats,62.4,
07/31/2026,13219,Cash Over/Short Adjustment,0.85,
07/31/2026,13219,Register Audit Adjustment,454,
07/31/2026,37001,Subject to Tax,,6972.51
07/31/2026,37001,Non-Taxable Sales,,833.54
07/31/2026,37001,Register Audit,967.15,
07/31/2026,37001,Sales Tax,,592.73
07/31/2026,37001,In-Store Credit Card,3993.34,
07/31/2026,37001,Online Credit card,2947.46,
07/31/2026,37001,Online Gift Card,14.14,
07/31/2026,37001,Online Credit Card Tips,,98.5
07/31/2026,37001,In-Store Credit Card Tips,,245.72
07/31/2026,37001,Gift Card,50.87,
07/31/2026,37001,3rd Party - DoorDash,537.02,
07/31/2026,37001,3rd Party - GrubHub,170.62,
07/31/2026,37001,3rd Party - UberEats,59.35,
07/31/2026,37001,Cash Over/Short Adjustment,0.05,
07/31/2026,37001,Register Audit Adjustment,3,
07/31/2026,37002,Subject to Tax,,5811.59
07/31/2026,37002,Non-Taxable Sales,,719.18
07/31/2026,37002,Sales Tax,,494.06
07/31/2026,37002,In-Store Credit Card,2526.25,
07/31/2026,37002,Online Credit card,3060.28,
07/31/2026,37002,Online Gift Card,9.26,
07/31/2026,37002,Online Credit Card Tips,,76.52
07/31/2026,37002,In-Store Credit Card Tips,,178.93
07/31/2026,37002,Gift Card,50.71,
07/31/2026,37002,3rd Party - DoorDash,899.05,
07/31/2026,37002,3rd Party - GrubHub,83.65,
07/31/2026,37002,3rd Party - UberEats,124.2,
07/31/2026,37002,Cash Over/Short Adjustment,0.88,
07/31/2026,37002,Register Audit Adjustment,526,
07/31/2026,37004,Subject to Tax,,2747.58
07/31/2026,37004,Non-Taxable Sales,,343.46
07/31/2026,37004,Register Audit,244,
07/31/2026,37004,Sales Tax,,233.61
07/31/2026,37004,In-Store Credit Card,1550.67,
07/31/2026,37004,Online Credit card,1601.85,
07/31/2026,37004,Online Credit Card Tips,,62.82
07/31/2026,37004,In-Store Credit Card Tips,,101.63
07/31/2026,37004,3rd Party - DoorDash,96.02,
07/31/2026,37004,Cash Over/Short Adjustment,,0.44
07/31/2026,37004,Register Audit Adjustment,,3
07/31/2026,37006,Subject to Tax,,5061.2
07/31/2026,37006,Non-Taxable Sales,,527.48
07/31/2026,37006,Sales Tax,,430.27
07/31/2026,37006,In-Store Credit Card,3040.42,
07/31/2026,37006,Online Credit card,1903.21,
07/31/2026,37006,Online Gift Card,24.27,
07/31/2026,37006,Online Credit Card Tips,,76.27
07/31/2026,37006,In-Store Credit Card Tips,,169.75
07/31/2026,37006,Gift Card,15,
07/31/2026,37006,3rd Party - DoorDash,309.04,
07/31/2026,37006,3rd Party - UberEats,53.82,
07/31/2026,37006,Cash Over/Short Adjustment,0.21,
07/31/2026,37006,Register Audit Adjustment,919,
07/31/2026,37007,Subject to Tax,,7282.94
07/31/2026,37007,Non-Taxable Sales,,715.67
07/31/2026,37007,Sales Tax,,619.11
07/31/2026,37007,In-Store Credit Card,3178.71,
07/31/2026,37007,Online Credit card,2528.92,
07/31/2026,37007,Online Gift Card,52.06,
07/31/2026,37007,Online Credit Card Tips,,61
07/31/2026,37007,In-Store Credit Card Tips,,195.63
07/31/2026,37007,Online Gift Card Tips,,3
07/31/2026,37007,Gift Card,34.02,
07/31/2026,37007,3rd Party - DoorDash,1972.81,
07/31/2026,37007,3rd Party - GrubHub,61.39,
07/31/2026,37007,3rd Party - UberEats,115.18,
07/31/2026,37007,Cash Over/Short Adjustment,0.26,
07/31/2026,37007,Register Audit Adjustment,934,
07/31/2026,37009,Subject to Tax,,4912.38
07/31/2026,37009,Non-Taxable Sales,,508.76
07/31/2026,37009,Register Audit,494,
07/31/2026,37009,Sales Tax,,417.71
07/31/2026,37009,In-Store Credit Card,2722.5,
07/31/2026,37009,Online Credit card,2063.81,
07/31/2026,37009,Online Gift Card,14.35,
07/31/2026,37009,Online Credit Card Tips,,69
07/31/2026,37009,In-Store Credit Card Tips,,186.35
07/31/2026,37009,Online Gift Card Tips,,3
07/31/2026,37009,Gift Card,21.33,
07/31/2026,37009,3rd Party - DoorDash,721.7,
07/31/2026,37009,3rd Party - UberEats,59.04,
07/31/2026,37009,Cash Over/Short Adjustment,0.47,
07/31/2026,37010,Subject to Tax,,8357.92
07/31/2026,37010,Non-Taxable Sales,,835.02
07/31/2026,37010,Register Audit,860,
07/31/2026,37010,Sales Tax,,710.6
07/31/2026,37010,In-Store Credit Card,5483.92,
07/31/2026,37010,Online Credit card,3253.49,
07/31/2026,37010,Online Gift Card,66.16,
07/31/2026,37010,Online Credit Card Tips,,137.64
07/31/2026,37010,In-Store Credit Card Tips,,399.65
07/31/2026,37010,Online Gift Card Tips,,1
07/31/2026,37010,Gift Card,64.58,
07/31/2026,37010,Gift Card Sold,,60
07/31/2026,37010,3rd Party - DoorDash,738.7,
07/31/2026,37010,3rd Party - UberEats,43.37,
07/31/2026,37010,Cash Over/Short Adjustment,,0.39
07/31/2026,37010,Register Audit Adjustment,,8
07/31/2026,37013,Subject to Tax,,3755.73
07/31/2026,37013,Non-Taxable Sales,,369.28
07/31/2026,37013,Register Audit,452,
07/31/2026,37013,Sales Tax,,319.3
07/31/2026,37013,In-Store Credit Card,1784.69,
07/31/2026,37013,Online Credit card,2250.63,
07/31/2026,37013,Online Gift Card,29.43,
07/31/2026,37013,Online Credit Card Tips,,84
07/31/2026,37013,In-Store Credit Card Tips,,116.7
07/31/2026,37013,Online Gift Card Tips,,1
07/31/2026,37013,3rd Party - DoorDash,131.44,
07/31/2026,37013,Cash Over/Short Adjustment,,0.18
07/31/2026,37013,Register Audit Adjustment,,2
07/31/2026,37014,Subject to Tax,,4497.02
07/31/2026,37014,Non-Taxable Sales,,555.25
07/31/2026,37014,Register Audit,527,
07/31/2026,37014,Sales Tax,,382.22
07/31/2026,37014,In-Store Credit Card,2669.29,
07/31/2026,37014,Online Credit card,1613.89,
07/31/2026,37014,Online Gift Card,46.06,
07/31/2026,37014,Online Credit Card Tips,,63.63
07/31/2026,37014,In-Store Credit Card Tips,,170.97
07/31/2026,37014,Online Gift Card Tips,,4
07/31/2026,37014,Gift Card,24.5,
07/31/2026,37014,3rd Party - DoorDash,792.16,
07/31/2026,37014,Cash Over/Short Adjustment,0.19,
07/31/2026,37016,Subject to Tax,,3244.88
07/31/2026,37016,Non-Taxable Sales,,386.29
07/31/2026,37016,Register Audit,645,
07/31/2026,37016,Sales Tax,,275.84
07/31/2026,37016,In-Store Credit Card,1717.75,
07/31/2026,37016,Payout,29,
07/31/2026,37016,Online Credit card,1664.99,
07/31/2026,37016,Online Credit Card Tips,,83.5
07/31/2026,37016,In-Store Credit Card Tips,,124.76
07/31/2026,37016,Gift Card,19.1,
07/31/2026,37016,3rd Party - DoorDash,49.34,
07/31/2026,37016,Cash Over/Short Adjustment,,0.91
07/31/2026,37016,Register Audit Adjustment,,9
07/31/2026,49001,Subject to Tax,,5987.85
07/31/2026,49001,3rd Party Tax Exempt,,918.68
07/31/2026,49001,Sales Tax,,478.56
07/31/2026,49001,In-Store Credit Card,3041.71,
07/31/2026,49001,Online Credit card,3143.32,
07/31/2026,49001,Online Credit Card Tips,,115.2
07/31/2026,49001,In-Store Credit Card Tips,,234.86
07/31/2026,49001,Gift Card,64.29,
07/31/2026,49001,3rd Party - DoorDash,859.16,
07/31/2026,49001,3rd Party - UberEats,59.52,
07/31/2026,49001,Cash Over/Short Adjustment,0.15,
07/31/2026,49001,Register Audit Adjustment,567,
07/31/2026,49002,Subject to Tax,,4271.75
07/31/2026,49002,3rd Party Tax Exempt,,798.25
07/31/2026,49002,Sales Tax,,341.65
07/31/2026,49002,In-Store Credit Card,2259.12,
07/31/2026,49002,Online Credit card,2114.35,
07/31/2026,49002,Online Credit Card Tips,,88.6
07/31/2026,49002,In-Store Credit Card Tips,,120.96
07/31/2026,49002,3rd Party - DoorDash,724.88,
07/31/2026,49002,3rd Party - UberEats,73.37,
07/31/2026,49002,Cash Over/Short Adjustment,0.49,
07/31/2026,49002,Register Audit Adjustment,449,
07/31/2026,49003,Subject to Tax,,4410.26
07/31/2026,49003,3rd Party Tax Exempt,,270.77
07/31/2026,49003,Sales Tax,,352.85
07/31/2026,49003,In-Store Credit Card,2887.79,
07/31/2026,49003,Online Credit card,1398.98,
07/31/2026,49003,Online Gift Card,30,
07/31/2026,49003,Online Credit Card Tips,,50
07/31/2026,49003,In-Store Credit Card Tips,,215.72
07/31/2026,49003,Gift Card,39.96,
07/31/2026,49003,3rd Party - DoorDash,230.81,
07/31/2026,49003,3rd Party - GrubHub,39.96,
07/31/2026,49003,Cash Over/Short Adjustment,0.1,
07/31/2026,49003,Register Audit Adjustment,672,
07/31/2026,49004,Subject to Tax,,5307.15
07/31/2026,49004,3rd Party Tax Exempt,,680.36
07/31/2026,49004,Sales Tax,,424.59
07/31/2026,49004,In-Store Credit Card,2990.96,
07/31/2026,49004,Online Credit card,2401.49,
07/31/2026,49004,Online Gift Card,72.23,
07/31/2026,49004,Online Credit Card Tips,,73.01
07/31/2026,49004,In-Store Credit Card Tips,,174.29
07/31/2026,49004,Online Gift Card Tips,,3.99
07/31/2026,49004,Gift Card,1.13,
07/31/2026,49004,3rd Party - DoorDash,557.18,
07/31/2026,49004,3rd Party - UberEats,123.18,
07/31/2026,49004,Cash Over/Short Adjustment,0.22,
07/31/2026,49004,Register Audit Adjustment,517,
07/31/2026,49005,Subject to Tax,,5207.8
07/31/2026,49005,3rd Party Tax Exempt,,246.03
07/31/2026,49005,Sales Tax,,416.58
07/31/2026,49005,In-Store Credit Card,2983.47,
07/31/2026,49005,Online Credit card,2234.14,
07/31/2026,49005,Online Gift Card,14.8,
07/31/2026,49005,Online Credit Card Tips,,61
07/31/2026,49005,In-Store Credit Card Tips,,194.69
07/31/2026,49005,Online Gift Card Tips,,1.25
07/31/2026,49005,Gift Card,65.45,
07/31/2026,49005,3rd Party - DoorDash,199.13,
07/31/2026,49005,3rd Party - UberEats,46.9,
07/31/2026,49005,Cash Over/Short Adjustment,0.46,
07/31/2026,49005,Register Audit Adjustment,583,
07/31/2026,49006,Subject to Tax,,6797.15
07/31/2026,49006,3rd Party Tax Exempt,,828.48
07/31/2026,49006,Sales Tax,,543.03
07/31/2026,49006,In-Store Credit Card,3728.76,
07/31/2026,49006,Payout,61.62,
07/31/2026,49006,Online Credit card,3088.19,
07/31/2026,49006,Online Gift Card,11.56,
07/31/2026,49006,Online Credit Card Tips,,83.41
07/31/2026,49006,In-Store Credit Card Tips,,223.75
07/31/2026,49006,Gift Card,76.02,
07/31/2026,49006,3rd Party - DoorDash,801.72,
07/31/2026,49006,3rd Party - UberEats,26.76,
07/31/2026,49006,Cash Over/Short Adjustment,0.19,
07/31/2026,49006,Register Audit Adjustment,681,
07/31/2026,49007,Subject to Tax,,3490
07/31/2026,49007,3rd Party Tax Exempt,,137.45
07/31/2026,49007,Sales Tax,,278.66
07/31/2026,49007,In-Store Credit Card,2105.02,
07/31/2026,49007,Online Credit card,1440.41,
07/31/2026,49007,Online Gift Card,3.88,
07/31/2026,49007,Online Credit Card Tips,,32
07/31/2026,49007,In-Store Credit Card Tips,,143.39
07/31/2026,49007,Online Gift Card Tips,,3
07/31/2026,49007,3rd Party - UberEats,137.45,
07/31/2026,49007,Cash Over/Short Adjustment,0.74,
07/31/2026,49007,Register Audit Adjustment,397,
07/31/2026,49008,Subject to Tax,,4720.55
07/31/2026,49008,3rd Party Tax Exempt,,644.11
07/31/2026,49008,Sales Tax,,377.72
07/31/2026,49008,In-Store Credit Card,2952.6,
07/31/2026,49008,Payout,30,
07/31/2026,49008,Online Credit card,1561.29,
07/31/2026,49008,Online Gift Card,26.56,
07/31/2026,49008,Online Credit Card Tips,,43.04
07/31/2026,49008,In-Store Credit Card Tips,,132.56
07/31/2026,49008,Online Gift Card Tips,,2
07/31/2026,49008,Gift Card,23.14,
07/31/2026,49008,Gift Card Sold,,15
07/31/2026,49008,3rd Party - DoorDash,543.61,
07/31/2026,49008,3rd Party - GrubHub,67.08,
07/31/2026,49008,3rd Party - UberEats,33.42,
07/31/2026,49008,Cash Over/Short Adjustment,0.28,
07/31/2026,49008,Register Audit Adjustment,697,
07/31/2026,49009,Subject to Tax,,4746.35
07/31/2026,49009,3rd Party Tax Exempt,,399.85
07/31/2026,49009,Register Audit,344,
07/31/2026,49009,Sales Tax,,379.3
07/31/2026,49009,In-Store Credit Card,2900.51,
07/31/2026,49009,Payout,128,
07/31/2026,49009,Online Credit card,1978.06,
07/31/2026,49009,Online Credit Card Tips,,76.33
07/31/2026,49009,In-Store Credit Card Tips,,170.09
07/31/2026,49009,Gift Card,21.32,
07/31/2026,49009,3rd Party - DoorDash,399.85,
07/31/2026,49009,Cash Over/Short Adjustment,,0.87
07/31/2026,49009,Register Audit Adjustment,,1
07/31/2026,49010,Subject to Tax,,3644.5
07/31/2026,49010,3rd Party Tax Exempt,,527.67
07/31/2026,49010,Sales Tax,,291.79
07/31/2026,49010,In-Store Credit Card,1967.95,
07/31/2026,49010,Online Credit card,1936.3,
07/31/2026,49010,Online Gift Card,41.46,
07/31/2026,49010,Online Credit Card Tips,,78
07/31/2026,49010,In-Store Credit Card Tips,,125.66
07/31/2026,49010,Gift Card,0.54,
07/31/2026,49010,Gift Card Sold,,35
07/31/2026,49010,3rd Party - DoorDash,459.89,
07/31/2026,49010,3rd Party - UberEats,67.78,
07/31/2026,49010,Cash Over/Short Adjustment,0.7,
07/31/2026,49010,Register Audit Adjustment,228,
07/31/2026,49011,Subject to Tax,,4500.8
07/31/2026,49011,3rd Party Tax Exempt,,371.1
07/31/2026,49011,Register Audit,475,
07/31/2026,49011,Sales Tax,,360.1
07/31/2026,49011,In-Store Credit Card,2533.21,
07/31/2026,49011,Online Credit card,2017.19,
07/31/2026,49011,Online Gift Card,43.12,
07/31/2026,49011,Online Credit Card Tips,,68.33
07/31/2026,49011,In-Store Credit Card Tips,,164.06
07/31/2026,49011,Gift Card,23.86,
07/31/2026,49011,3rd Party - DoorDash,244.26,
07/31/2026,49011,3rd Party - UberEats,126.84,
07/31/2026,49011,Cash Over/Short Adjustment,0.91,
08/01/2026,2006,Subject to Tax,,112.7
08/01/2026,2006,Non-Taxable Sales,,3580.74
08/01/2026,2006,3rd Party Tax Exempt,,10.18
08/01/2026,2006,Register Audit,262,
08/01/2026,2006,Sales Tax,,7.77
08/01/2026,2006,In-Store Credit Card,1893.67,
08/01/2026,2006,Online Credit card,1289.01,
08/01/2026,2006,Online Credit Card Tips,,42
08/01/2026,2006,In-Store Credit Card Tips,,114.36
08/01/2026,2006,Gift Card,25,
08/01/2026,2006,3rd Party - DoorDash,283.46,
08/01/2026,2006,3rd Party - UberEats,114.26,
08/01/2026,2006,Cash Over/Short Adjustment,0.35,
08/01/2026,2016,Subject to Tax,,70.3
08/01/2026,2016,Non-Taxable Sales,,3233.2
08/01/2026,2016,3rd Party Tax Exempt,,29.76
08/01/2026,2016,Register Audit,191,
08/01/2026,2016,Sales Tax,,4.76
08/01/2026,2016,In-Store Credit Card,1581.94,
08/01/2026,2016,Online Credit card,1109.7,
08/01/2026,2016,Online Gift Card,47,
08/01/2026,2016,Online Credit Card Tips,,17
08/01/2026,2016,In-Store Credit Card Tips,,84.16
08/01/2026,2016,Online Gift Card Tips,,3
08/01/2026,2016,Gift Card,18.99,
08/01/2026,2016,3rd Party - DoorDash,425.95,
08/01/2026,2016,3rd Party - UberEats,67.61,
08/01/2026,2016,Cash Over/Short Adjustment,,0.01
08/01/2026,2017,Subject to Tax,,115.82
08/01/2026,2017,Non-Taxable Sales,,2935.56
08/01/2026,2017,3rd Party Tax Exempt,,7.44
08/01/2026,2017,Register Audit,235,
08/01/2026,2017,Sales Tax,,7.79
08/01/2026,2017,In-Store Credit Card,1416.35,
08/01/2026,2017,Online Credit card,1069.56,
08/01/2026,2017,Online Gift Card,39.25,
08/01/2026,2017,Online Credit Card Tips,,34
08/01/2026,2017,In-Store Credit Card Tips,,89.24
08/01/2026,2017,Gift Card,42.65,
08/01/2026,2017,3rd Party - DoorDash,350.19,
08/01/2026,2017,3rd Party - UberEats,37.62,
08/01/2026,2017,Cash Over/Short Adjustment,,0.77
08/01/2026,2020,Subject to Tax,,199.08
08/01/2026,2020,Non-Taxable Sales,,2758.96
08/01/2026,2020,3rd Party Tax Exempt,,30.24
08/01/2026,2020,Register Audit,319,
08/01/2026,2020,Sales Tax,,13.92
08/01/2026,2020,In-Store Credit Card,1331.67,
08/01/2026,2020,Online Credit card,1077.46,
08/01/2026,2020,Online Gift Card,24.85,
08/01/2026,2020,Online Credit Card Tips,,9
08/01/2026,2020,In-Store Credit Card Tips,,65.38
08/01/2026,2020,Gift Card,47.51,
08/01/2026,2020,Gift Card Sold,,25
08/01/2026,2020,3rd Party - DoorDash,266.5,
08/01/2026,2020,3rd Party - UberEats,34.68,
08/01/2026,2020,Cash Over/Short Adjustment,,0.09
08/01/2026,2023,Subject to Tax,,123.18
08/01/2026,2023,Non-Taxable Sales,,3720.51
08/01/2026,2023,3rd Party Tax Exempt,,32.4
08/01/2026,2023,Register Audit,309,
08/01/2026,2023,Sales Tax,,8.56
08/01/2026,2023,In-Store Credit Card,1641.54,
08/01/2026,2023,Payout,104.56,
08/01/2026,2023,Online Credit card,1202.81,
08/01/2026,2023,Online Gift Card,20,
08/01/2026,2023,Online Credit Card Tips,,22
08/01/2026,2023,In-Store Credit Card Tips,,129.34
08/01/2026,2023,Gift Card,58.55,
08/01/2026,2023,3rd Party - DoorDash,464.36,
08/01/2026,2023,3rd Party - GrubHub,49.01,
08/01/2026,2023,3rd Party - UberEats,185.7,
08/01/2026,2023,Cash Over/Short Adjustment,0.46,
08/01/2026,2024,Subject to Tax,,216.5
08/01/2026,2024,Non-Taxable Sales,,2961.96
08/01/2026,2024,3rd Party Tax Exempt,,21.84
08/01/2026,2024,Register Audit,154,
08/01/2026,2024,Sales Tax,,17.31
08/01/2026,2024,In-Store Credit Card,2017.52,
08/01/2026,2024,Online Credit card,734.54,
08/01/2026,2024,Online Gift Card,24.41,
08/01/2026,2024,Online Credit Card Tips,,17
08/01/2026,2024,In-Store Credit Card Tips,,106.77
08/01/2026,2024,Gift Card,30.8,
08/01/2026,2024,3rd Party - DoorDash,330.98,
08/01/2026,2024,3rd Party - UberEats,49.32,
08/01/2026,2024,Cash Over/Short Adjustment,,0.19
08/01/2026,2047,Subject to Tax,,193.7
08/01/2026,2047,Non-Taxable Sales,,2675.11
08/01/2026,2047,3rd Party Tax Exempt,,11.16
08/01/2026,2047,Register Audit,269,
08/01/2026,2047,Sales Tax,,14
08/01/2026,2047,In-Store Credit Card,1559.64,
08/01/2026,2047,Online Credit card,723.4,
08/01/2026,2047,Online Gift Card,9.9,
08/01/2026,2047,Online Credit Card Tips,,12
08/01/2026,2047,In-Store Credit Card Tips,,94.8
08/01/2026,2047,Gift Card,15.88,
08/01/2026,2047,3rd Party - DoorDash,357.26,
08/01/2026,2047,3rd Party - UberEats,66.06,
08/01/2026,2047,Cash Over/Short Adjustment,,0.37
08/01/2026,4003,Subject to Tax,,3829.36
08/01/2026,4003,Register Audit,236,
08/01/2026,4003,Sales Tax,,373.38
08/01/2026,4003,In-Store Credit Card,1836.77,
08/01/2026,4003,Online Credit card,1292.58,
08/01/2026,4003,Online Credit Card Tips,,31.21
08/01/2026,4003,In-Store Credit Card Tips,,112.27
08/01/2026,4003,Gift Card,13.61,
08/01/2026,4003,3rd Party - DoorDash,656.16,
08/01/2026,4003,3rd Party - UberEats,311.18,
08/01/2026,4003,Cash Over/Short Adjustment,,0.08
08/01/2026,4004,Subject to Tax,,3053.05
08/01/2026,4004,Register Audit,262,
08/01/2026,4004,Sales Tax,,297.68
08/01/2026,4004,In-Store Credit Card,1273.94,
08/01/2026,4004,Online Credit card,427.44,
08/01/2026,4004,Online Gift Card,27.66,
08/01/2026,4004,Online Credit Card Tips,,8
08/01/2026,4004,In-Store Credit Card Tips,,66.77
08/01/2026,4004,Gift Card,10,
08/01/2026,4004,3rd Party - DoorDash,940.21,
08/01/2026,4004,3rd Party - UberEats,485.12,
08/01/2026,4004,Cash Over/Short Adjustment,,0.87
08/01/2026,4005,Subject to Tax,,4405.8
08/01/2026,4005,Register Audit,231,
08/01/2026,4005,Sales Tax,,429.61
08/01/2026,4005,In-Store Credit Card,3194.01,
08/01/2026,4005,Payout,20.26,
08/01/2026,4005,Online Credit card,993.74,
08/01/2026,4005,In-Store Credit Card Tips,,160.31
08/01/2026,4005,3rd Party - DoorDash,297.98,
08/01/2026,4005,3rd Party - UberEats,257.93,
08/01/2026,4005,Cash Over/Short Adjustment,0.8,
08/01/2026,4008,Subject to Tax,,3396.1
08/01/2026,4008,Register Audit,237,
08/01/2026,4008,Sales Tax,,331.11
08/01/2026,4008,In-Store Credit Card,1514.63,
08/01/2026,4008,Online Credit card,1323.63,
08/01/2026,4008,Online Credit Card Tips,,28
08/01/2026,4008,In-Store Credit Card Tips,,103.42
08/01/2026,4008,3rd Party - DoorDash,275.24,
08/01/2026,4008,3rd Party - GrubHub,57.22,
08/01/2026,4008,3rd Party - UberEats,451.63,
08/01/2026,4008,Cash Over/Short Adjustment,,0.72
08/01/2026,4009,Subject to Tax,,2061.91
08/01/2026,4009,Register Audit,158,
08/01/2026,4009,Sales Tax,,200.86
08/01/2026,4009,In-Store Credit Card,1129.33,
08/01/2026,4009,Payout,23.72,
08/01/2026,4009,Online Credit card,618.4,
08/01/2026,4009,Online Gift Card,5.89,
08/01/2026,4009,Online Credit Card Tips,,15
08/01/2026,4009,In-Store Credit Card Tips,,65.93
08/01/2026,4009,Gift Card,11.74,
08/01/2026,4009,3rd Party - DoorDash,335.57,
08/01/2026,4009,3rd Party - UberEats,61.07,
08/01/2026,4009,Cash Over/Short Adjustment,,0.02
08/01/2026,4010,Subject to Tax,,3045.69
08/01/2026,4010,Register Audit,134,
08/01/2026,4010,Sales Tax,,296.98
08/01/2026,4010,In-Store Credit Card,1528.53,
08/01/2026,4010,Payout,13.16,
08/01/2026,4010,Online Credit card,908.51,
08/01/2026,4010,Online Gift Card,39.95,
08/01/2026,4010,In-Store Credit Card Tips,,100
08/01/2026,4010,Gift Card,10,
08/01/2026,4010,3rd Party - DoorDash,583.82,
08/01/2026,4010,3rd Party - UberEats,223.79,
08/01/2026,4010,Cash Over/Short Adjustment,0.91,
08/01/2026,4015,Subject to Tax,,3320.4
08/01/2026,4015,Register Audit,227,
08/01/2026,4015,Sales Tax,,323.81
08/01/2026,4015,In-Store Credit Card,2255.88,
08/01/2026,4015,Online Credit card,482.88,
08/01/2026,4015,Online Gift Card,25,
08/01/2026,4015,Online Credit Card Tips,,12
08/01/2026,4015,In-Store Credit Card Tips,,158.58
08/01/2026,4015,Gift Card,41.6,
08/01/2026,4015,3rd Party - DoorDash,563.29,
08/01/2026,4015,3rd Party - UberEats,219.06,
08/01/2026,4015,Cash Over/Short Adjustment,0.08,
08/01/2026,4021,Subject to Tax,,3054.42
08/01/2026,4021,Register Audit,203,
08/01/2026,4021,Sales Tax,,297.76
08/01/2026,4021,In-Store Credit Card,1919.6,
08/01/2026,4021,Online Credit card,710.85,
08/01/2026,4021,Online Credit Card Tips,,14
08/01/2026,4021,In-Store Credit Card Tips,,149.93
08/01/2026,4021,3rd Party - DoorDash,501.2,
08/01/2026,4021,3rd Party - UberEats,181.31,
08/01/2026,4021,Cash Over/Short Adjustment,0.15,
08/01/2026,4025,Subject to Tax,,3027.55
08/01/2026,4025,Register Audit,274,
08/01/2026,4025,Sales Tax,,295.21
08/01/2026,4025,In-Store Credit Card,1671.64,
08/01/2026,4025,Online Credit card,865.4,
08/01/2026,4025,Online Credit Card Tips,,26.9
08/01/2026,4025,In-Store Credit Card Tips,,96.8
08/01/2026,4025,Gift Card,28.57,
08/01/2026,4025,3rd Party - DoorDash,296.21,
08/01/2026,4025,3rd Party - GrubHub,13.76,
08/01/2026,4025,3rd Party - UberEats,296.99,
08/01/2026,4025,Cash Over/Short Adjustment,,0.11
08/01/2026,4027,Subject to Tax,,3770.25
08/01/2026,4027,Sales Tax,,367.53
08/01/2026,4027,In-Store Credit Card,1673.63,
08/01/2026,4027,Online Credit card,849.34,
08/01/2026,4027,Online Credit Card Tips,,-2
08/01/2026,4027,In-Store Credit Card Tips,,102.28
08/01/2026,4027,Gift Card,20,
08/01/2026,4027,3rd Party - DoorDash,861.16,
08/01/2026,4027,3rd Party - GrubHub,28.18,
08/01/2026,4027,3rd Party - UberEats,410.46,
08/01/2026,4027,Cash Over/Short Adjustment,0.29,
08/01/2026,4027,Register Audit Adjustment,395,
08/01/2026,4034,Subject to Tax,,3201.99
08/01/2026,4034,Register Audit,302,
08/01/2026,4034,Sales Tax,,312.22
08/01/2026,4034,In-Store Credit Card,1897.72,
08/01/2026,4034,Online Credit card,1065.77,
08/01/2026,4034,Online Credit Card Tips,,26
08/01/2026,4034,In-Store Credit Card Tips,,98.86
08/01/2026,4034,Gift Card,30.73,
08/01/2026,4034,3rd Party - DoorDash,343.13,
08/01/2026,4034,Cash Over/Short Adjustment,,0.28
08/01/2026,4036,Subject to Tax,,4457.25
08/01/2026,4036,Register Audit,210,
08/01/2026,4036,Sales Tax,,434.62
08/01/2026,4036,In-Store Credit Card,2881.91,
08/01/2026,4036,Payout,3.94,
08/01/2026,4036,Online Credit card,1025.61,
08/01/2026,4036,Online Gift Card,27,
08/01/2026,4036,Online Credit Card Tips,,19
08/01/2026,4036,In-Store Credit Card Tips,,108.16
08/01/2026,4036,Gift Card,51.75,
08/01/2026,4036,3rd Party - DoorDash,500.34,
08/01/2026,4036,3rd Party - GrubHub,23.97,
08/01/2026,4036,3rd Party - UberEats,293.56,
08/01/2026,4036,Cash Over/Short Adjustment,0.95,
08/01/2026,4042,Subject to Tax,,5358.34
08/01/2026,4042,Sales Tax,,522.4
08/01/2026,4042,In-Store Credit Card,2937.73,
08/01/2026,4042,Payout,91.14,
08/01/2026,4042,Online Credit card,1844.7,
08/01/2026,4042,Online Gift Card,12.74,
08/01/2026,4042,Online Credit Card Tips,,66.94
08/01/2026,4042,In-Store Credit Card Tips,,183.67
08/01/2026,4042,Online Gift Card Tips,,1
08/01/2026,4042,Gift Card,74.91,
08/01/2026,4042,3rd Party - DoorDash,830.12,
08/01/2026,4042,3rd Party - GrubHub,23.97,
08/01/2026,4042,3rd Party - UberEats,153.4,
08/01/2026,4042,Cash Over/Short Adjustment,0.64,
08/01/2026,4042,Register Audit Adjustment,163,
08/01/2026,4052,Subject to Tax,,4864.73
08/01/2026,4052,Register Audit,765,
08/01/2026,4052,Sales Tax,,474.23
08/01/2026,4052,In-Store Credit Card,2452.77,
08/01/2026,4052,Payout,7.4,
08/01/2026,4052,Online Credit card,1456.01,
08/01/2026,4052,Online Credit Card Tips,,45.39
08/01/2026,4052,In-Store Credit Card Tips,,135.73
08/01/2026,4052,Gift Card,31.75,
08/01/2026,4052,3rd Party - DoorDash,702.29,
08/01/2026,4052,3rd Party - UberEats,107.83,
08/01/2026,4052,Cash Over/Short Adjustment,,0.97
08/01/2026,4052,Register Audit Adjustment,,2
08/01/2026,4061,Subject to Tax,,3768.87
08/01/2026,4061,Register Audit,411,
08/01/2026,4061,Sales Tax,,367.49
08/01/2026,4061,In-Store Credit Card,2286.42,
08/01/2026,4061,Online Credit card,887.76,
08/01/2026,4061,Online Gift Card,22.53,
08/01/2026,4061,Online Credit Card Tips,,19
08/01/2026,4061,In-Store Credit Card Tips,,131.15
08/01/2026,4061,Gift Card,47.63,
08/01/2026,4061,3rd Party - DoorDash,349.61,
08/01/2026,4061,3rd Party - GrubHub,15.53,
08/01/2026,4061,3rd Party - UberEats,266.49,
08/01/2026,4061,Cash Over/Short Adjustment,,0.46
08/01/2026,4074,Subject to Tax,,3044.9
08/01/2026,4074,Register Audit,65,
08/01/2026,4074,Sales Tax,,296.89
08/01/2026,4074,In-Store Credit Card,1854.99,
08/01/2026,4074,Online Credit card,1063.21,
08/01/2026,4074,Online Credit Card Tips,,45.2
08/01/2026,4074,In-Store Credit Card Tips,,137.05
08/01/2026,4074,Gift Card,72.6,
08/01/2026,4074,3rd Party - DoorDash,146.78,
08/01/2026,4074,3rd Party - UberEats,321.6,
08/01/2026,4074,Cash Over/Short Adjustment,,0.14
08/01/2026,5042,Subject to Tax,,4168.33
08/01/2026,5042,Non-Taxable Sales,,6.5
08/01/2026,5042,3rd Party Tax Exempt,,776.12
08/01/2026,5042,Register Audit,343,
08/01/2026,5042,Sales Tax,,287.63
08/01/2026,5042,In-Store Credit Card,2688.88,
08/01/2026,5042,Payout,31.8,
08/01/2026,5042,Online Credit card,1656.34,
08/01/2026,5042,Online Credit Card Tips,,86
08/01/2026,5042,In-Store Credit Card Tips,,202.64
08/01/2026,5042,Gift Card,31.81,
08/01/2026,5042,3rd Party - DoorDash,543.02,
08/01/2026,5042,3rd Party - UberEats,233.1,
08/01/2026,5042,Cash Over/Short Adjustment,,0.73
08/01/2026,5043,Subject to Tax,,5644.15
08/01/2026,5043,Non-Taxable Sales,,10
08/01/2026,5043,3rd Party Tax Exempt,,1194.18
08/01/2026,5043,Register Audit,535,
08/01/2026,5043,Sales Tax,,388.53
08/01/2026,5043,In-Store Credit Card,3529.16,
08/01/2026,5043,Online Credit card,2195.17,
08/01/2026,5043,Online Gift Card,33.91,
08/01/2026,5043,Online Credit Card Tips,,61
08/01/2026,5043,In-Store Credit Card Tips,,189.04
08/01/2026,5043,3rd Party - DoorDash,906.71,
08/01/2026,5043,3rd Party - GrubHub,23.4,
08/01/2026,5043,3rd Party - UberEats,264.07,
08/01/2026,5043,Cash Over/Short Adjustment,,0.52
08/01/2026,5049,Subject to Tax,,2291.55
08/01/2026,5049,Non-Taxable Sales,,12
08/01/2026,5049,3rd Party Tax Exempt,,387.13
08/01/2026,5049,Register Audit,30,
08/01/2026,5049,Sales Tax,,187
08/01/2026,5049,In-Store Credit Card,1819.06,
08/01/2026,5049,Payout,136.21,
08/01/2026,5049,Online Credit card,522.79,
08/01/2026,5049,Online Gift Card,17,
08/01/2026,5049,Online Credit Card Tips,,20.34
08/01/2026,5049,In-Store Credit Card Tips,,104.41
08/01/2026,5049,Gift Card,90.88,
08/01/2026,5049,3rd Party - DoorDash,279.39,
08/01/2026,5049,3rd Party - UberEats,107.74,
08/01/2026,5049,Cash Over/Short Adjustment,,0.64
08/01/2026,5051,Subject to Tax,,3651.4
08/01/2026,5051,Non-Taxable Sales,,10
08/01/2026,5051,3rd Party Tax Exempt,,733.86
08/01/2026,5051,Register Audit,391,
08/01/2026,5051,Sales Tax,,253.69
08/01/2026,5051,In-Store Credit Card,2820.73,
08/01/2026,5051,Online Credit card,884.37,
08/01/2026,5051,Online Credit Card Tips,,25
08/01/2026,5051,In-Store Credit Card Tips,,156.27
08/01/2026,5051,Gift Card,1.08,
08/01/2026,5051,3rd Party - DoorDash,608.6,
08/01/2026,5051,3rd Party - UberEats,125.26,
08/01/2026,5051,Cash Over/Short Adjustment,,0.82
08/01/2026,5057,Subject to Tax,,2705.3
08/01/2026,5057,Non-Taxable Sales,,27
08/01/2026,5057,3rd Party Tax Exempt,,557.69
08/01/2026,5057,Register Audit,268,
08/01/2026,5057,Sales Tax,,213.8
08/01/2026,5057,In-Store Credit Card,2072.2,
08/01/2026,5057,Payout,6.9,
08/01/2026,5057,Online Credit card,848.47,
08/01/2026,5057,Online Credit Card Tips,,18
08/01/2026,5057,In-Store Credit Card Tips,,130.55
08/01/2026,5057,Gift Card Sold,,100
08/01/2026,5057,3rd Party - DoorDash,405.84,
08/01/2026,5057,3rd Party - UberEats,151.85,
08/01/2026,5057,Cash Over/Short Adjustment,,0.92
08/01/2026,5059,Subject to Tax,,2911.75
08/01/2026,5059,Non-Taxable Sales,,15
08/01/2026,5059,3rd Party Tax Exempt,,265.26
08/01/2026,5059,Sales Tax,,202.23
08/01/2026,5059,In-Store Credit Card,2051.96,
08/01/2026,5059,Online Credit card,899.16,
08/01/2026,5059,Online Credit Card Tips,,16
08/01/2026,5059,In-Store Credit Card Tips,,86.74
08/01/2026,5059,Gift Card,38.41,
08/01/2026,5059,3rd Party - DoorDash,265.26,
08/01/2026,5059,Cash Over/Short Adjustment,0.19,
08/01/2026,5059,Register Audit Adjustment,242,
08/01/2026,5062,Subject to Tax,,2326.2
08/01/2026,5062,Non-Taxable Sales,,5
08/01/2026,5062,3rd Party Tax Exempt,,463.54
08/01/2026,5062,Sales Tax,,161.82
08/01/2026,5062,In-Store Credit Card,1750.56,
08/01/2026,5062,Online Credit card,697,
08/01/2026,5062,Online Credit Card Tips,,21
08/01/2026,5062,In-Store Credit Card Tips,,126.93
08/01/2026,5062,Gift Card,40.61,
08/01/2026,5062,3rd Party - DoorDash,218.46,
08/01/2026,5062,3rd Party - UberEats,245.08,
08/01/2026,5062,Cash Over/Short Adjustment,0.78,
08/01/2026,5062,Register Audit Adjustment,152,
08/01/2026,5101,Subject to Tax,,2805.05
08/01/2026,5101,Non-Taxable Sales,,6
08/01/2026,5101,3rd Party Tax Exempt,,398.92
08/01/2026,5101,Register Audit,226,
08/01/2026,5101,Sales Tax,,193.43
08/01/2026,5101,In-Store Credit Card,2090.49,
08/01/2026,5101,Online Credit card,812.73,
08/01/2026,5101,Online Credit Card Tips,,25.53
08/01/2026,5101,In-Store Credit Card Tips,,133.92
08/01/2026,5101,Gift Card,35,
08/01/2026,5101,3rd Party - DoorDash,260.77,
08/01/2026,5101,3rd Party - GrubHub,15.11,
08/01/2026,5101,3rd Party - UberEats,123.04,
08/01/2026,5101,Cash Over/Short Adjustment,,0.29
08/01/2026,5112,Subject to Tax,,2785.8
08/01/2026,5112,Non-Taxable Sales,,7
08/01/2026,5112,3rd Party Tax Exempt,,535.33
08/01/2026,5112,Register Audit,102,
08/01/2026,5112,Sales Tax,,220.68
08/01/2026,5112,In-Store Credit Card,1817.21,
08/01/2026,5112,Online Credit card,1186.02,
08/01/2026,5112,Online Gift Card,23.38,
08/01/2026,5112,Online Credit Card Tips,,21
08/01/2026,5112,In-Store Credit Card Tips,,111.93
08/01/2026,5112,Online Gift Card Tips,,2
08/01/2026,5112,Gift Card,20,
08/01/2026,5112,3rd Party - DoorDash,496.23,
08/01/2026,5112,3rd Party - UberEats,39.1,
08/01/2026,5112,Cash Over/Short Adjustment,,0.2
08/01/2026,5127,Subject to Tax,,2930.35
08/01/2026,5127,3rd Party Tax Exempt,,213.27
08/01/2026,5127,Register Audit,291,
08/01/2026,5127,Sales Tax,,230.96
08/01/2026,5127,In-Store Credit Card,2193.94,
08/01/2026,5127,Online Credit card,841.58,
08/01/2026,5127,Online Credit Card Tips,,45
08/01/2026,5127,In-Store Credit Card Tips,,140.37
08/01/2026,5127,Gift Card,20,
08/01/2026,5127,3rd Party - DoorDash,85.13,
08/01/2026,5127,3rd Party - UberEats,128.14,
08/01/2026,5127,Cash Over/Short Adjustment,0.16,
08/01/2026,6021,Subject to Tax,,3735.52
08/01/2026,6021,Non-Taxable Sales,,20
08/01/2026,6021,3rd Party Tax Exempt,,110.34
08/01/2026,6021,Register Audit,275,
08/01/2026,6021,Sales Tax,,354.87
08/01/2026,6021,In-Store Credit Card,1759.96,
08/01/2026,6021,Online Credit card,1359.63,
08/01/2026,6021,Online Credit Card Tips,,33
08/01/2026,6021,In-Store Credit Card Tips,,124.92
08/01/2026,6021,Gift Card,22.56,
08/01/2026,6021,3rd Party - DoorDash,810.92,
08/01/2026,6021,3rd Party - GrubHub,40.4,
08/01/2026,6021,3rd Party - UberEats,110.34,
08/01/2026,6021,Cash Over/Short Adjustment,,0.16
08/01/2026,6026,Subject to Tax,,2230.53
08/01/2026,6026,Non-Taxable Sales,,25.5
08/01/2026,6026,3rd Party Tax Exempt,,188.24
08/01/2026,6026,Sales Tax,,133.77
08/01/2026,6026,In-Store Credit Card,1314.76,
08/01/2026,6026,Online Credit card,859.03,
08/01/2026,6026,Online Credit Card Tips,,22
08/01/2026,6026,In-Store Credit Card Tips,,94.95
08/01/2026,6026,Gift Card,19.29,
08/01/2026,6026,3rd Party - DoorDash,154.97,
08/01/2026,6026,3rd Party - GrubHub,17.04,
08/01/2026,6026,3rd Party - UberEats,188.24,
08/01/2026,6026,Cash Over/Short Adjustment,0.66,
08/01/2026,6026,Register Audit Adjustment,141,
08/01/2026,6032,Subject to Tax,,4138.94
08/01/2026,6032,Non-Taxable Sales,,25.5
08/01/2026,6032,3rd Party Tax Exempt,,103.34
08/01/2026,6032,Register Audit,301,
08/01/2026,6032,Sales Tax,,248.38
08/01/2026,6032,In-Store Credit Card,2492.81,
08/01/2026,6032,Online Credit card,1131.59,
08/01/2026,6032,Online Gift Card,11.52,
08/01/2026,6032,Online Credit Card Tips,,34.2
08/01/2026,6032,In-Store Credit Card Tips,,155.02
08/01/2026,6032,Gift Card,13.46,
08/01/2026,6032,3rd Party - DoorDash,606,
08/01/2026,6032,3rd Party - GrubHub,31.79,
08/01/2026,6032,3rd Party - UberEats,103.34,
08/01/2026,6032,Cash Over/Short Adjustment,0.51,
08/01/2026,6037,Subject to Tax,,3863.81
08/01/2026,6037,Non-Taxable Sales,,6
08/01/2026,6037,Register Audit,154,
08/01/2026,6037,Sales Tax,,425.12
08/01/2026,6037,In-Store Credit Card,2682.18,
08/01/2026,6037,Payout,10.05,
08/01/2026,6037,Online Credit card,1402.83,
08/01/2026,6037,Online Gift Card,25,
08/01/2026,6037,Online Credit Card Tips,,50.05
08/01/2026,6037,In-Store Credit Card Tips,,167.15
08/01/2026,6037,Online Gift Card Tips,,3
08/01/2026,6037,Gift Card,53.33,
08/01/2026,6037,3rd Party - UberEats,187.76,
08/01/2026,6037,Cash Over/Short Adjustment,,0.02
08/01/2026,6039,Subject to Tax,,2963.29
08/01/2026,6039,Non-Taxable Sales,,6.5
08/01/2026,6039,3rd Party Tax Exempt,,207.6
08/01/2026,6039,Sales Tax,,177.78
08/01/2026,6039,In-Store Credit Card,1962.31,
08/01/2026,6039,Payout,39.14,
08/01/2026,6039,Online Credit card,990.69,
08/01/2026,6039,Online Credit Card Tips,,40
08/01/2026,6039,In-Store Credit Card Tips,,149.5
08/01/2026,6039,3rd Party - DoorDash,269.83,
08/01/2026,6039,3rd Party - GrubHub,27.22,
08/01/2026,6039,3rd Party - UberEats,207.6,
08/01/2026,6039,Cash Over/Short Adjustment,0.88,
08/01/2026,6039,Register Audit Adjustment,47,
08/01/2026,6044,Subject to Tax,,3117.2
08/01/2026,6044,3rd Party Tax Exempt,,25.44
08/01/2026,6044,Tax Exempt,,10.7
08/01/2026,6044,Sales Tax,,352.23
08/01/2026,6044,In-Store Credit Card,1723.05,
08/01/2026,6044,Online Credit card,1217.26,
08/01/2026,6044,Online Credit Card Tips,,38.49
08/01/2026,6044,In-Store Credit Card Tips,,79.41
08/01/2026,6044,Gift Card,8.61,
08/01/2026,6044,3rd Party - DoorDash,320.93,
08/01/2026,6044,3rd Party - UberEats,25.44,
08/01/2026,6044,Cash Over/Short Adjustment,0.18,
08/01/2026,6044,Register Audit Adjustment,328,
08/01/2026,6065,Subject to Tax,,3347
08/01/2026,6065,Non-Taxable Sales,,15
08/01/2026,6065,3rd Party Tax Exempt,,134.92
08/01/2026,6065,Sales Tax,,334.9
08/01/2026,6065,In-Store Credit Card,2027.47,
08/01/2026,6065,Online Credit card,1371.86,
08/01/2026,6065,Online Credit Card Tips,,59.23
08/01/2026,6065,In-Store Credit Card Tips,,118.77
08/01/2026,6065,3rd Party - DoorDash,241.19,
08/01/2026,6065,3rd Party - GrubHub,13.85,
08/01/2026,6065,3rd Party - UberEats,134.92,
08/01/2026,6065,Cash Over/Short Adjustment,0.53,
08/01/2026,6065,Register Audit Adjustment,220,
08/01/2026,6067,Subject to Tax,,4063.98
08/01/2026,6067,Non-Taxable Sales,,13
08/01/2026,6067,3rd Party Tax Exempt,,92.4
08/01/2026,6067,Sales Tax,,459.22
08/01/2026,6067,In-Store Credit Card,2715.43,
08/01/2026,6067,Payout,9.2,
08/01/2026,6067,Online Credit card,1439.43,
08/01/2026,6067,Online Gift Card,30.61,
08/01/2026,6067,Online Credit Card Tips,,47
08/01/2026,6067,In-Store Credit Card Tips,,188.92
08/01/2026,6067,Gift Card,47.71,
08/01/2026,6067,3rd Party - DoorDash,270.49,
08/01/2026,6067,3rd Party - UberEats,92.4,
08/01/2026,6067,Cash Over/Short Adjustment,0.25,
08/01/2026,6067,Register Audit Adjustment,259,
08/01/2026,6072,Subject to Tax,,5370.56
08/01/2026,6072,3rd Party Tax Exempt,,217
08/01/2026,6072,Register Audit,475,
08/01/2026,6072,Sales Tax,,633.63
08/01/2026,6072,In-Store Credit Card,3292.49,
08/01/2026,6072,Online Credit card,1559,
08/01/2026,6072,Online Gift Card,7,
08/01/2026,6072,Online Credit Card Tips,,18.9
08/01/2026,6072,In-Store Credit Card Tips,,198.03
08/01/2026,6072,Gift Card,45.49,
08/01/2026,6072,3rd Party - DoorDash,842.77,
08/01/2026,6072,3rd Party - UberEats,217,
08/01/2026,6072,Cash Over/Short Adjustment,,0.63
08/01/2026,6074,Subject to Tax,,2717.31
08/01/2026,6074,Non-Taxable Sales,,5
08/01/2026,6074,3rd Party Tax Exempt,,76.62
08/01/2026,6074,Sales Tax,,244.58
08/01/2026,6074,In-Store Credit Card,2239.05,
08/01/2026,6074,Online Credit card,778.25,
08/01/2026,6074,Online Credit Card Tips,,33
08/01/2026,6074,In-Store Credit Card Tips,,149.87
08/01/2026,6074,3rd Party - GrubHub,25.9,
08/01/2026,6074,3rd Party - UberEats,76.62,
08/01/2026,6074,Cash Over/Short Adjustment,0.56,
08/01/2026,6074,Register Audit Adjustment,106,
08/01/2026,6076,Subject to Tax,,2080.7
08/01/2026,6076,Non-Taxable Sales,,5
08/01/2026,6076,3rd Party Tax Exempt,,67.13
08/01/2026,6076,Sales Tax,,187.25
08/01/2026,6076,In-Store Credit Card,1365.59,
08/01/2026,6076,Online Credit card,636.29,
08/01/2026,6076,Online Credit Card Tips,,30
08/01/2026,6076,In-Store Credit Card Tips,,83.33
08/01/2026,6076,Gift Card,35.21,
08/01/2026,6076,3rd Party - DoorDash,245.7,
08/01/2026,6076,3rd Party - UberEats,67.13,
08/01/2026,6076,Cash Over/Short Adjustment,0.49,
08/01/2026,6076,Register Audit Adjustment,103,
08/01/2026,6083,Subject to Tax,,2368.08
08/01/2026,6083,Non-Taxable Sales,,10
08/01/2026,6083,3rd Party Tax Exempt,,27.42
08/01/2026,6083,Sales Tax,,213.06
08/01/2026,6083,In-Store Credit Card,1280.31,
08/01/2026,6083,Online Credit card,1026.46,
08/01/2026,6083,Online Credit Card Tips,,35
08/01/2026,6083,In-Store Credit Card Tips,,62.65
08/01/2026,6083,Gift Card,22.18,
08/01/2026,6083,3rd Party - DoorDash,271.82,
08/01/2026,6083,3rd Party - GrubHub,19.02,
08/01/2026,6083,3rd Party - UberEats,27.42,
08/01/2026,6083,Register Audit Adjustment,69,
08/01/2026,6088,Subject to Tax,,3335.56
08/01/2026,6088,Non-Taxable Sales,,15
08/01/2026,6088,3rd Party Tax Exempt,,162.09
08/01/2026,6088,Register Audit,122,
08/01/2026,6088,Sales Tax,,333.7
08/01/2026,6088,In-Store Credit Card,1940.37,
08/01/2026,6088,Online Credit card,1413.42,
08/01/2026,6088,Online Gift Card,30.91,
08/01/2026,6088,Online Credit Card Tips,,39
08/01/2026,6088,In-Store Credit Card Tips,,116.36
08/01/2026,6088,3rd Party - DoorDash,304.01,
08/01/2026,6088,3rd Party - GrubHub,28.64,
08/01/2026,6088,3rd Party - UberEats,162.09,
08/01/2026,6088,Cash Over/Short Adjustment,0.27,
08/01/2026,6093,Subject to Tax,,3284.82
08/01/2026,6093,Non-Taxable Sales,,10
08/01/2026,6093,Register Audit,352,
08/01/2026,6093,Sales Tax,,371.24
08/01/2026,6093,In-Store Credit Card,2588.52,
08/01/2026,6093,Payout,24.2,
08/01/2026,6093,Online Credit card,787.94,
08/01/2026,6093,Online Credit Card Tips,,24
08/01/2026,6093,In-Store Credit Card Tips,,153.88
08/01/2026,6093,Gift Card,15.14,
08/01/2026,6093,3rd Party - DoorDash,77.04,
08/01/2026,6093,Cash Over/Short Adjustment,,0.9
08/01/2026,6094,Subject to Tax,,2336.03
08/01/2026,6094,Non-Taxable Sales,,15
08/01/2026,6094,3rd Party Tax Exempt,,37.53
08/01/2026,6094,Sales Tax,,233.71
08/01/2026,6094,In-Store Credit Card,1325.38,
08/01/2026,6094,Online Credit card,987.71,
08/01/2026,6094,Online Credit Card Tips,,34
08/01/2026,6094,In-Store Credit Card Tips,,61.96
08/01/2026,6094,3rd Party - DoorDash,284.8,
08/01/2026,6094,3rd Party - GrubHub,28.24,
08/01/2026,6094,3rd Party - UberEats,37.53,
08/01/2026,6094,Cash Over/Short Adjustment,0.57,
08/01/2026,6094,Register Audit Adjustment,54,
08/01/2026,6102,Subject to Tax,,3199.63
08/01/2026,6102,Non-Taxable Sales,,17
08/01/2026,6102,Sales Tax,,320.09
08/01/2026,6102,In-Store Credit Card,1816.01,
08/01/2026,6102,Online Credit card,980.24,
08/01/2026,6102,Online Credit Card Tips,,23
08/01/2026,6102,In-Store Credit Card Tips,,109.4
08/01/2026,6102,Gift Card,3.06,
08/01/2026,6102,3rd Party - DoorDash,350.65,
08/01/2026,6102,3rd Party - GrubHub,38.09,
08/01/2026,6102,3rd Party - UberEats,276.02,
08/01/2026,6102,Cash Over/Short Adjustment,0.05,
08/01/2026,6102,Register Audit Adjustment,205,
08/01/2026,7024,Subject to Tax,,3638.85
08/01/2026,7024,3rd Party Tax Exempt,,765.14
08/01/2026,7024,Sales Tax,,314.76
08/01/2026,7024,In-Store Credit Card,2287.38,
08/01/2026,7024,Online Credit card,1239.47,
08/01/2026,7024,Online Credit Card Tips,,62
08/01/2026,7024,In-Store Credit Card Tips,,164.73
08/01/2026,7024,Gift Card,8.6,
08/01/2026,7024,3rd Party - DoorDash,628.05,
08/01/2026,7024,3rd Party - GrubHub,51.24,
08/01/2026,7024,3rd Party - UberEats,85.85,
08/01/2026,7024,Cash Over/Short Adjustment,0.37,
08/01/2026,7024,Register Audit Adjustment,645,
08/01/2026,7032,Subject to Tax,,3348.5
08/01/2026,7032,3rd Party Tax Exempt,,593.13
08/01/2026,7032,Sales Tax,,291.1
08/01/2026,7032,In-Store Credit Card,2200.2,
08/01/2026,7032,Payout,53.81,
08/01/2026,7032,Online Credit card,972.89,
08/01/2026,7032,Online Credit Card Tips,,25
08/01/2026,7032,In-Store Credit Card Tips,,86.28
08/01/2026,7032,3rd Party - DoorDash,529.29,
08/01/2026,7032,3rd Party - UberEats,63.84,
08/01/2026,7032,Cash Over/Short Adjustment,0.98,
08/01/2026,7032,Register Audit Adjustment,523,
08/01/2026,7039,Subject to Tax,,2710.5
08/01/2026,7039,3rd Party Tax Exempt,,234.49
08/01/2026,7039,Sales Tax,,235.58
08/01/2026,7039,In-Store Credit Card,2160.06,
08/01/2026,7039,Online Credit card,672.96,
08/01/2026,7039,Online Gift Card,75.42,
08/01/2026,7039,Online Credit Card Tips,,23
08/01/2026,7039,In-Store Credit Card Tips,,140.25
08/01/2026,7039,Online Gift Card Tips,,3
08/01/2026,7039,3rd Party - DoorDash,216.62,
08/01/2026,7039,3rd Party - UberEats,17.87,
08/01/2026,7039,Cash Over/Short Adjustment,0.89,
08/01/2026,7039,Register Audit Adjustment,203,
08/01/2026,7049,Subject to Tax,,5178.84
08/01/2026,7049,3rd Party Tax Exempt,,1098.33
08/01/2026,7049,Sales Tax,,445.78
08/01/2026,7049,In-Store Credit Card,3196.16,
08/01/2026,7049,Online Credit card,2109.89,
08/01/2026,7049,Online Credit Card Tips,,94.75
08/01/2026,7049,In-Store Credit Card Tips,,176.11
08/01/2026,7049,Gift Card,60.79,
08/01/2026,7049,3rd Party - DoorDash,844.68,
08/01/2026,7049,3rd Party - GrubHub,11.88,
08/01/2026,7049,3rd Party - UberEats,241.77,
08/01/2026,7049,Cash Over/Short Adjustment,0.64,
08/01/2026,7049,Register Audit Adjustment,528,
08/01/2026,7066,Subject to Tax,,2839
08/01/2026,7066,3rd Party Tax Exempt,,120.67
08/01/2026,7066,Register Audit,477,
08/01/2026,7066,Sales Tax,,246.53
08/01/2026,7066,In-Store Credit Card,1883.27,
08/01/2026,7066,Online Credit card,865.19,
08/01/2026,7066,Online Credit Card Tips,,26.79
08/01/2026,7066,In-Store Credit Card Tips,,112.85
08/01/2026,7066,3rd Party - DoorDash,120.67,
08/01/2026,7066,Cash Over/Short Adjustment,,0.29
08/01/2026,13026,Subject to Tax,,2673.35
08/01/2026,13026,Non-Taxable Sales,,34.76
08/01/2026,13026,3rd Party Tax Exempt,,459.05
08/01/2026,13026,Register Audit,214.2,
08/01/2026,13026,Sales Tax,,200.62
08/01/2026,13026,In-Store Credit Card,1689.21,
08/01/2026,13026,Online Credit card,1137.57,
08/01/2026,13026,Online Credit Card Tips,,35.65
08/01/2026,13026,In-Store Credit Card Tips,,108.36
08/01/2026,13026,3rd Party - DoorDash,324.81,
08/01/2026,13026,3rd Party - UberEats,146,
08/01/2026,13062,Subject to Tax,,2279.98
08/01/2026,13062,Non-Taxable Sales,,17.85
08/01/2026,13062,3rd Party Tax Exempt,,405.73
08/01/2026,13062,Sales Tax,,159.61
08/01/2026,13062,In-Store Credit Card,1592.61,
08/01/2026,13062,Online Credit card,510.55,
08/01/2026,13062,Online Credit Card Tips,,9.86
08/01/2026,13062,In-Store Credit Card Tips,,89.31
08/01/2026,13062,Gift Card,21.45,
08/01/2026,13062,3rd Party - DoorDash,273.65,
08/01/2026,13062,3rd Party - GrubHub,56.76,
08/01/2026,13062,3rd Party - UberEats,143.48,
08/01/2026,13062,Cash Over/Short Adjustment,0.84,
08/01/2026,13062,Register Audit Adjustment,363,
08/01/2026,13082,Subject to Tax,,1955.9
08/01/2026,13082,Non-Taxable Sales,,6.79
08/01/2026,13082,3rd Party Tax Exempt,,403.27
08/01/2026,13082,Register Audit,353,
08/01/2026,13082,Sales Tax,,136.89
08/01/2026,13082,In-Store Credit Card,1268.94,
08/01/2026,13082,Online Credit card,538.79,
08/01/2026,13082,Online Gift Card,11.45,
08/01/2026,13082,Online Credit Card Tips,,16
08/01/2026,13082,In-Store Credit Card Tips,,85.23
08/01/2026,13082,3rd Party - DoorDash,241.97,
08/01/2026,13082,3rd Party - GrubHub,28.88,
08/01/2026,13082,3rd Party - UberEats,161.3,
08/01/2026,13082,Cash Over/Short Adjustment,,0.25
08/01/2026,13106,Subject to Tax,,1868.52
08/01/2026,13106,Non-Taxable Sales,,15.33
08/01/2026,13106,3rd Party Tax Exempt,,316.18
08/01/2026,13106,Sales Tax,,140.2
08/01/2026,13106,In-Store Credit Card,1263.57,
08/01/2026,13106,Online Credit card,681.01,
08/01/2026,13106,Online Credit Card Tips,,28
08/01/2026,13106,In-Store Credit Card Tips,,80.05
08/01/2026,13106,3rd Party - DoorDash,257.52,
08/01/2026,13106,3rd Party - GrubHub,55.69,
08/01/2026,13106,3rd Party - UberEats,67.6,
08/01/2026,13106,Cash Over/Short Adjustment,0.89,
08/01/2026,13106,Register Audit Adjustment,122,
08/01/2026,13116,Subject to Tax,,2359.34
08/01/2026,13116,Non-Taxable Sales,,30.31
08/01/2026,13116,3rd Party Tax Exempt,,566
08/01/2026,13116,Sales Tax,,165.15
08/01/2026,13116,In-Store Credit Card,1597.36,
08/01/2026,13116,Online Credit card,655.11,
08/01/2026,13116,In-Store Credit Card Tips,,91.03
08/01/2026,13116,Gift Card,29.68,
08/01/2026,13116,3rd Party - DoorDash,492.68,
08/01/2026,13116,3rd Party - GrubHub,31.33,
08/01/2026,13116,3rd Party - UberEats,88.74,
08/01/2026,13116,Cash Over/Short Adjustment,0.93,
08/01/2026,13116,Register Audit Adjustment,316,
08/01/2026,13138,Subject to Tax,,2059.41
08/01/2026,13138,Non-Taxable Sales,,17.08
08/01/2026,13138,3rd Party Tax Exempt,,130.34
08/01/2026,13138,Register Audit,430,
08/01/2026,13138,Sales Tax,,144.16
08/01/2026,13138,In-Store Credit Card,1430.93,
08/01/2026,13138,Online Credit card,471.19,
08/01/2026,13138,Online Gift Card,4.96,
08/01/2026,13138,Online Credit Card Tips,,19.3
08/01/2026,13138,In-Store Credit Card Tips,,110.39
08/01/2026,13138,Gift Card,10.59,
08/01/2026,13138,3rd Party - DoorDash,133.58,
08/01/2026,13138,Cash Over/Short Adjustment,,0.57
08/01/2026,13148,Subject to Tax,,3526.34
08/01/2026,13148,Non-Taxable Sales,,25
08/01/2026,13148,3rd Party Tax Exempt,,280.46
08/01/2026,13148,Sales Tax,,229.16
08/01/2026,13148,In-Store Credit Card,2294.13,
08/01/2026,13148,Online Credit card,1510.4,
08/01/2026,13148,Online Gift Card,19.38,
08/01/2026,13148,Online Credit Card Tips,,52.44
08/01/2026,13148,In-Store Credit Card Tips,,154.01
08/01/2026,13148,Gift Card,10.48,
08/01/2026,13148,3rd Party - DoorDash,122.69,
08/01/2026,13148,3rd Party - UberEats,161.01,
08/01/2026,13148,Cash Over/Short Adjustment,0.32,
08/01/2026,13148,Register Audit Adjustment,149,
08/01/2026,13160,Subject to Tax,,2718
08/01/2026,13160,Non-Taxable Sales,,21.63
08/01/2026,13160,3rd Party Tax Exempt,,178.88
08/01/2026,13160,Register Audit,591,
08/01/2026,13160,Sales Tax,,190.28
08/01/2026,13160,In-Store Credit Card,1704.4,
08/01/2026,13160,Online Credit card,728.24,
08/01/2026,13160,Online Gift Card,23.29,
08/01/2026,13160,Online Credit Card Tips,,24.53
08/01/2026,13160,In-Store Credit Card Tips,,125.95
08/01/2026,13160,Online Gift Card Tips,,1
08/01/2026,13160,Gift Card,13.17,
08/01/2026,13160,3rd Party - DoorDash,141.62,
08/01/2026,13160,3rd Party - GrubHub,15.14,
08/01/2026,13160,3rd Party - UberEats,43.74,
08/01/2026,13160,Cash Over/Short Adjustment,,0.33
08/01/2026,13162,Subject to Tax,,2765.79
08/01/2026,13162,Non-Taxable Sales,,45.28
08/01/2026,13162,3rd Party Tax Exempt,,844.84
08/01/2026,13162,Sales Tax,,193.59
08/01/2026,13162,In-Store Credit Card,2130.37,
08/01/2026,13162,Payout,5.35,
08/01/2026,13162,Online Credit card,747.44,
08/01/2026,13162,Online Gift Card,10,
08/01/2026,13162,Online Credit Card Tips,,17
08/01/2026,13162,In-Store Credit Card Tips,,125.17
08/01/2026,13162,Online Gift Card Tips,,2
08/01/2026,13162,Gift Card,28.07,
08/01/2026,13162,Gift Card Sold,,60
08/01/2026,13162,3rd Party - DoorDash,665.56,
08/01/2026,13162,3rd Party - UberEats,193.5,
08/01/2026,13162,Cash Over/Short Adjustment,0.38,
08/01/2026,13162,Register Audit Adjustment,273,
08/01/2026,13219,Subject to Tax,,2491.14
08/01/2026,13219,Non-Taxable Sales,,7.06
08/01/2026,13219,3rd Party Tax Exempt,,187.38
08/01/2026,13219,Sales Tax,,174.34
08/01/2026,13219,In-Store Credit Card,1329.09,
08/01/2026,13219,Online Credit card,816.6,
08/01/2026,13219,Online Credit Card Tips,,26
08/01/2026,13219,In-Store Credit Card Tips,,102.55
08/01/2026,13219,3rd Party - DoorDash,161.7,
08/01/2026,13219,3rd Party - GrubHub,16.69,
08/01/2026,13219,3rd Party - UberEats,25.68,
08/01/2026,13219,Cash Over/Short Adjustment,0.71,
08/01/2026,13219,Register Audit Adjustment,638,
08/01/2026,37001,Subject to Tax,,6677.19
08/01/2026,37001,Non-Taxable Sales,,712.21
08/01/2026,37001,Sales Tax,,567.7
08/01/2026,37001,In-Store Credit Card,3519.84,
08/01/2026,37001,Payout,43.24,
08/01/2026,37001,Online Credit card,2881.27,
08/01/2026,37001,Online Credit Card Tips,,77
08/01/2026,37001,In-Store Credit Card Tips,,240.45
08/01/2026,37001,Gift Card,23.17,
08/01/2026,37001,3rd Party - DoorDash,774.74,
08/01/2026,37001,3rd Party - UberEats,76.36,
08/01/2026,37001,Cash Over/Short Adjustment,0.93,
08/01/2026,37001,Register Audit Adjustment,955,
08/01/2026,37002,Subject to Tax,,4714.48
08/01/2026,37002,Non-Taxable Sales,,530.41
08/01/2026,37002,Sales Tax,,400.73
08/01/2026,37002,In-Store Credit Card,2395.43,
08/01/2026,37002,Payout,60,
08/01/2026,37002,Online Credit card,1956.68,
08/01/2026,37002,Online Credit Card Tips,,46.5
08/01/2026,37002,In-Store Credit Card Tips,,124.39
08/01/2026,37002,Gift Card,71.27,
08/01/2026,37002,3rd Party - DoorDash,694.12,
08/01/2026,37002,3rd Party - UberEats,117.32,
08/01/2026,37002,Cash Over/Short Adjustment,0.69,
08/01/2026,37002,Register Audit Adjustment,521,
08/01/2026,37004,Subject to Tax,,2796.56
08/01/2026,37004,Non-Taxable Sales,,326.09
08/01/2026,37004,Sales Tax,,237.74
08/01/2026,37004,In-Store Credit Card,1420.23,
08/01/2026,37004,Online Credit card,1214.31,
08/01/2026,37004,Online Credit Card Tips,,55
08/01/2026,37004,In-Store Credit Card Tips,,95.67
08/01/2026,37004,Gift Card,19.57,
08/01/2026,37004,3rd Party - DoorDash,311.09,
08/01/2026,37004,Cash Over/Short Adjustment,0.86,
08/01/2026,37004,Register Audit Adjustment,545,
08/01/2026,37006,Subject to Tax,,5516.4
08/01/2026,37006,Non-Taxable Sales,,658.17
08/01/2026,37006,Sales Tax,,468.92
08/01/2026,37006,In-Store Credit Card,3043.18,
08/01/2026,37006,Online Credit card,2634.83,
08/01/2026,37006,Online Credit Card Tips,,92.31
08/01/2026,37006,In-Store Credit Card Tips,,186.55
08/01/2026,37006,Gift Card,56.61,
08/01/2026,37006,3rd Party - DoorDash,351.98,
08/01/2026,37006,3rd Party - GrubHub,41.47,
08/01/2026,37006,Cash Over/Short Adjustment,0.28,
08/01/2026,37006,Register Audit Adjustment,794,
08/01/2026,37007,Subject to Tax,,5678.79
08/01/2026,37007,Non-Taxable Sales,,602.42
08/01/2026,37007,Sales Tax,,482.73
08/01/2026,37007,In-Store Credit Card,2794.54,
08/01/2026,37007,Online Credit card,2095.66,
08/01/2026,37007,Online Gift Card,17.44,
08/01/2026,37007,Online Credit Card Tips,,46
08/01/2026,37007,In-Store Credit Card Tips,,146.57
08/01/2026,37007,Online Gift Card Tips,,3
08/01/2026,37007,Gift Card,73.89,
08/01/2026,37007,3rd Party - DoorDash,1314.42,
08/01/2026,37007,3rd Party - GrubHub,22.65,
08/01/2026,37007,3rd Party - UberEats,151.05,
08/01/2026,37007,Cash Over/Short Adjustment,0.86,
08/01/2026,37007,Register Audit Adjustment,489,
08/01/2026,37009,Subject to Tax,,4165.33
08/01/2026,37009,Non-Taxable Sales,,410.67
08/01/2026,37009,Sales Tax,,354.14
08/01/2026,37009,In-Store Credit Card,2219.09,
08/01/2026,37009,Online Credit card,1913,
08/01/2026,37009,Online Gift Card,91.17,
08/01/2026,37009,Online Credit Card Tips,,66
08/01/2026,37009,In-Store Credit Card Tips,,181.47
08/01/2026,37009,Online Gift Card Tips,,2
08/01/2026,37009,Gift Card,29.26,
08/01/2026,37009,3rd Party - DoorDash,585.04,
08/01/2026,37009,3rd Party - GrubHub,29.28,
08/01/2026,37009,3rd Party - UberEats,38.6,
08/01/2026,37009,Cash Over/Short Adjustment,0.17,
08/01/2026,37009,Register Audit Adjustment,274,
08/01/2026,37010,Subject to Tax,,7149.96
08/01/2026,37010,Non-Taxable Sales,,797.41
08/01/2026,37010,Register Audit,1208,
08/01/2026,37010,Sales Tax,,607.89
08/01/2026,37010,In-Store Credit Card,4176.32,
08/01/2026,37010,Online Credit card,3211.38,
08/01/2026,37010,Online Gift Card,28.1,
08/01/2026,37010,Online Credit Card Tips,,97.68
08/01/2026,37010,In-Store Credit Card Tips,,289.54
08/01/2026,37010,Gift Card,52.67,
08/01/2026,37010,Gift Card Sold,,50
08/01/2026,37010,3rd Party - DoorDash,227.62,
08/01/2026,37010,3rd Party - UberEats,85.54,
08/01/2026,37010,Donation,,1
08/01/2026,37010,Cash Over/Short Adjustment,0.75,
08/01/2026,37013,Subject to Tax,,3654.85
08/01/2026,37013,Non-Taxable Sales,,347.77
08/01/2026,37013,Register Audit,594,
08/01/2026,37013,Sales Tax,,310.68
08/01/2026,37013,In-Store Credit Card,1964.26,
08/01/2026,37013,Online Credit card,1802.7,
08/01/2026,37013,Online Gift Card,9.35,
08/01/2026,37013,Online Credit Card Tips,,49
08/01/2026,37013,In-Store Credit Card Tips,,126.94
08/01/2026,37013,Online Gift Card Tips,,1
08/01/2026,37013,Gift Card,17.22,
08/01/2026,37013,3rd Party - DoorDash,102.69,
08/01/2026,37013,Cash Over/Short Adjustment,0.02,
08/01/2026,37014,Subject to Tax,,3951.82
08/01/2026,37014,Non-Taxable Sales,,479.13
08/01/2026,37014,Register Audit,223,
08/01/2026,37014,Sales Tax,,335.93
08/01/2026,37014,In-Store Credit Card,2483.93,
08/01/2026,37014,Online Credit card,1647.22,
08/01/2026,37014,Online Gift Card,16.61,
08/01/2026,37014,Online Credit Card Tips,,63
08/01/2026,37014,In-Store Credit Card Tips,,145.21
08/01/2026,37014,3rd Party - DoorDash,573.79,
08/01/2026,37014,3rd Party - UberEats,30.34,
08/01/2026,37014,Cash Over/Short Adjustment,0.2,
08/01/2026,37016,Subject to Tax,,4341.33
08/01/2026,37016,Non-Taxable Sales,,453.36
08/01/2026,37016,Register Audit,698,
08/01/2026,37016,Sales Tax,,368.98
08/01/2026,37016,In-Store Credit Card,2651.09,
08/01/2026,37016,Payout,19,
08/01/2026,37016,Online Credit card,1651.9,
08/01/2026,37016,Online Gift Card,39.56,
08/01/2026,37016,Online Credit Card Tips,,23
08/01/2026,37016,In-Store Credit Card Tips,,179.8
08/01/2026,37016,Gift Card,20,
08/01/2026,37016,3rd Party - DoorDash,265.27,
08/01/2026,37016,Cash Over/Short Adjustment,0.65,
08/01/2026,37016,Register Audit Adjustment,21,
08/01/2026,37020,Subject to Tax,,3769.97
08/01/2026,37020,Non-Taxable Sales,,440.43
08/01/2026,37020,Sales Tax,,320.48
08/01/2026,37020,In-Store Credit Card,1680.18,
08/01/2026,37020,Payout,50,
08/01/2026,37020,Online Credit card,2135.11,
08/01/2026,37020,Online Gift Card,45,
08/01/2026,37020,Online Credit Card Tips,,60
08/01/2026,37020,In-Store Credit Card Tips,,111.85
08/01/2026,37020,Gift Card,22.95,
08/01/2026,37020,3rd Party - DoorDash,103.08,
08/01/2026,37020,Cash Over/Short Adjustment,0.41,
08/01/2026,37020,Register Audit Adjustment,666,
08/01/2026,49001,Subject to Tax,,4796
08/01/2026,49001,3rd Party Tax Exempt,,942.32
08/01/2026,49001,Tax Exempt,,10.7
08/01/2026,49001,Sales Tax,,383.43
08/01/2026,49001,In-Store Credit Card,3126.38,
08/01/2026,49001,Online Credit card,1894.23,
08/01/2026,49001,Online Credit Card Tips,,57
08/01/2026,49001,In-Store Credit Card Tips,,143.08
08/01/2026,49001,Gift Card,37.92,
08/01/2026,49001,3rd Party - DoorDash,902.66,
08/01/2026,49001,3rd Party - UberEats,39.66,
08/01/2026,49001,Cash Over/Short Adjustment,0.68,
08/01/2026,49001,Register Audit Adjustment,331,
08/01/2026,49002,Subject to Tax,,6019.2
08/01/2026,49002,3rd Party Tax Exempt,,395.96
08/01/2026,49002,Sales Tax,,481.43
08/01/2026,49002,In-Store Credit Card,3516.52,
08/01/2026,49002,Payout,134.68,
08/01/2026,49002,Online Credit card,2833.22,
08/01/2026,49002,Online Gift Card,15,
08/01/2026,49002,Online Credit Card Tips,,87.3
08/01/2026,49002,In-Store Credit Card Tips,,188.42
08/01/2026,49002,Gift Card,72.57,
08/01/2026,49002,3rd Party - DoorDash,395.96,
08/01/2026,49002,Cash Over/Short Adjustment,0.36,
08/01/2026,49002,Register Audit Adjustment,204,
08/01/2026,49003,Subject to Tax,,3958.08
08/01/2026,49003,3rd Party Tax Exempt,,216.17
08/01/2026,49003,Sales Tax,,316.82
08/01/2026,49003,In-Store Credit Card,2288.34,
08/01/2026,49003,Online Credit card,1758.91,
08/01/2026,49003,Online Credit Card Tips,,42
08/01/2026,49003,In-Store Credit Card Tips,,138.71
08/01/2026,49003,3rd Party - DoorDash,143.33,
08/01/2026,49003,3rd Party - UberEats,72.84,
08/01/2026,49003,Cash Over/Short Adjustment,0.36,
08/01/2026,49003,Register Audit Adjustment,408,
08/01/2026,49004,Subject to Tax,,5465
08/01/2026,49004,3rd Party Tax Exempt,,1171.24
08/01/2026,49004,Register Audit,857,
08/01/2026,49004,Sales Tax,,437.09
08/01/2026,49004,In-Store Credit Card,2796.58,
08/01/2026,49004,Online Credit card,2470.41,
08/01/2026,49004,Online Credit Card Tips,,66
08/01/2026,49004,In-Store Credit Card Tips,,158.17
08/01/2026,49004,Gift Card,2.13,
08/01/2026,49004,3rd Party - DoorDash,1095.1,
08/01/2026,49004,3rd Party - GrubHub,34.5,
08/01/2026,49004,3rd Party - UberEats,41.64,
08/01/2026,49004,Cash Over/Short Adjustment,0.14,
08/01/2026,49005,Subject to Tax,,3518.25
08/01/2026,49005,3rd Party Tax Exempt,,209.23
08/01/2026,49005,Sales Tax,,281.41
08/01/2026,49005,In-Store Credit Card,2284.6,
08/01/2026,49005,Online Credit card,1252.67,
08/01/2026,49005,Online Gift Card,34.05,
08/01/2026,49005,Online Credit Card Tips,,57
08/01/2026,49005,In-Store Credit Card Tips,,169.25
08/01/2026,49005,Online Gift Card Tips,,3
08/01/2026,49005,3rd Party - DoorDash,187.39,
08/01/2026,49005,3rd Party - UberEats,21.84,
08/01/2026,49005,Cash Over/Short Adjustment,0.59,
08/01/2026,49005,Register Audit Adjustment,457,
08/01/2026,49006,Subject to Tax,,7532.3
08/01/2026,49006,3rd Party Tax Exempt,,1250.29
08/01/2026,49006,Sales Tax,,602.16
08/01/2026,49006,In-Store Credit Card,4256.75,
08/01/2026,49006,Payout,30.89,
08/01/2026,49006,Online Credit card,3208.83,
08/01/2026,49006,Online Gift Card,16.26,
08/01/2026,49006,Online Credit Card Tips,,78
08/01/2026,49006,In-Store Credit Card Tips,,227.11
08/01/2026,49006,Gift Card,59.04,
08/01/2026,49006,3rd Party - DoorDash,1051.66,
08/01/2026,49006,3rd Party - GrubHub,65.2,
08/01/2026,49006,3rd Party - UberEats,133.43,
08/01/2026,49006,Cash Over/Short Adjustment,0.8,
08/01/2026,49006,Register Audit Adjustment,867,
08/01/2026,49007,Subject to Tax,,3128.65
08/01/2026,49007,3rd Party Tax Exempt,,56.35
08/01/2026,49007,Register Audit,391.51,
08/01/2026,49007,Sales Tax,,250.22
08/01/2026,49007,In-Store Credit Card,2186.91,
08/01/2026,49007,Online Credit card,955.33,
08/01/2026,49007,Online Gift Card,16.96,
08/01/2026,49007,Online Credit Card Tips,,25
08/01/2026,49007,In-Store Credit Card Tips,,155.91
08/01/2026,49007,Gift Card,9.07,
08/01/2026,49007,3rd Party - UberEats,56.35,
08/01/2026,49008,Subject to Tax,,3835.6
08/01/2026,49008,3rd Party Tax Exempt,,684.46
08/01/2026,49008,Sales Tax,,306.66
08/01/2026,49008,In-Store Credit Card,2401.98,
08/01/2026,49008,Online Credit card,1387.72,
08/01/2026,49008,Online Credit Card Tips,,41.75
08/01/2026,49008,In-Store Credit Card Tips,,150.28
08/01/2026,49008,Gift Card,59.48,
08/01/2026,49008,3rd Party - DoorDash,649.25,
08/01/2026,49008,3rd Party - UberEats,35.21,
08/01/2026,49008,Cash Over/Short Adjustment,0.11,
08/01/2026,49008,Register Audit Adjustment,485,
08/01/2026,49009,Subject to Tax,,4636.4
08/01/2026,49009,3rd Party Tax Exempt,,779.96
08/01/2026,49009,Register Audit,423,
08/01/2026,49009,Sales Tax,,370.96
08/01/2026,49009,In-Store Credit Card,2590.7,
08/01/2026,49009,Online Credit card,2164.87,
08/01/2026,49009,Online Credit Card Tips,,47.86
08/01/2026,49009,In-Store Credit Card Tips,,172.18
08/01/2026,49009,Gift Card,42.93,
08/01/2026,49009,3rd Party - DoorDash,691.41,
08/01/2026,49009,3rd Party - GrubHub,51.05,
08/01/2026,49009,3rd Party - UberEats,37.5,
08/01/2026,49009,Cash Over/Short Adjustment,,0.49
08/01/2026,49009,Register Audit Adjustment,,13
08/01/2026,49010,Subject to Tax,,3680.7
08/01/2026,49010,3rd Party Tax Exempt,,473.47
08/01/2026,49010,Sales Tax,,294.49
08/01/2026,49010,In-Store Credit Card,2387.59,
08/01/2026,49010,Online Credit card,1587.15,
08/01/2026,49010,Online Gift Card,6.23,
08/01/2026,49010,Online Credit Card Tips,,66
08/01/2026,49010,In-Store Credit Card Tips,,170.14
08/01/2026,49010,Online Gift Card Tips,,2
08/01/2026,49010,Gift Card,31.46,
08/01/2026,49010,3rd Party - DoorDash,414.62,
08/01/2026,49010,3rd Party - UberEats,58.85,
08/01/2026,49010,Cash Over/Short Adjustment,0.9,
08/01/2026,49010,Register Audit Adjustment,200,
08/01/2026,49011,Subject to Tax,,4959.6
08/01/2026,49011,3rd Party Tax Exempt,,578.27
08/01/2026,49011,Register Audit,835,
08/01/2026,49011,Sales Tax,,396.59
08/01/2026,49011,In-Store Credit Card,2283.44,
08/01/2026,49011,Online Credit card,2456.07,
08/01/2026,49011,Online Gift Card,5.12,
08/01/2026,49011,Online Credit Card Tips,,83
08/01/2026,49011,In-Store Credit Card Tips,,137.76
08/01/2026,49011,Online Gift Card Tips,,3
08/01/2026,49011,3rd Party - DoorDash,436.56,
08/01/2026,49011,3rd Party - UberEats,141.71,
08/01/2026,49011,Cash Over/Short Adjustment,0.33,
08/02/2026,2006,Subject to Tax,,179.37
08/02/2026,2006,Non-Taxable Sales,,3035.48
08/02/2026,2006,3rd Party Tax Exempt,,22.18
08/02/2026,2006,Register Audit,150,
08/02/2026,2006,Sales Tax,,12.49
08/02/2026,2006,In-Store Credit Card,1570.3,
08/02/2026,2006,Payout,30.72,
08/02/2026,2006,Online Credit card,1078.33,
08/02/2026,2006,Online Gift Card,37.6,
08/02/2026,2006,Online Credit Card Tips,,28.1
08/02/2026,2006,In-Store Credit Card Tips,,89.24
08/02/2026,2006,Online Gift Card Tips,,2
08/02/2026,2006,Gift Card,9.9,
08/02/2026,2006,3rd Party - DoorDash,478.89,
08/02/2026,2006,3rd Party - UberEats,12.84,
08/02/2026,2006,Cash Over/Short Adjustment,0.28,
08/02/2026,2016,Subject to Tax,,120.8
08/02/2026,2016,Non-Taxable Sales,,3107.95
08/02/2026,2016,3rd Party Tax Exempt,,14.88
08/02/2026,2016,Register Audit,264,
08/02/2026,2016,Sales Tax,,7.58
08/02/2026,2016,In-Store Credit Card,1603.4,
08/02/2026,2016,Payout,18.14,
08/02/2026,2016,Online Credit card,822.89,
08/02/2026,2016,Online Credit Card Tips,,18
08/02/2026,2016,In-Store Credit Card Tips,,116.64
08/02/2026,2016,Gift Card,106.31,
08/02/2026,2016,3rd Party - DoorDash,447.06,
08/02/2026,2016,3rd Party - GrubHub,49.61,
08/02/2026,2016,3rd Party - UberEats,74.63,
08/02/2026,2016,Cash Over/Short Adjustment,,0.19
08/02/2026,2017,Subject to Tax,,130.37
08/02/2026,2017,Non-Taxable Sales,,2877.05
08/02/2026,2017,3rd Party Tax Exempt,,3.72
08/02/2026,2017,Register Audit,171,
08/02/2026,2017,Sales Tax,,8.94
08/02/2026,2017,In-Store Credit Card,1528.18,
08/02/2026,2017,Online Credit card,907.59,
08/02/2026,2017,Online Gift Card,35.1,
08/02/2026,2017,Online Credit Card Tips,,24
08/02/2026,2017,In-Store Credit Card Tips,,97.4
08/02/2026,2017,Gift Card,16,
08/02/2026,2017,3rd Party - DoorDash,315.08,
08/02/2026,2017,3rd Party - GrubHub,43.68,
08/02/2026,2017,3rd Party - UberEats,125.81,
08/02/2026,2017,Cash Over/Short Adjustment,,0.96
08/02/2026,2020,Subject to Tax,,592.67
08/02/2026,2020,Non-Taxable Sales,,3267.58
08/02/2026,2020,3rd Party Tax Exempt,,36.36
08/02/2026,2020,Register Audit,518,
08/02/2026,2020,Sales Tax,,42.02
08/02/2026,2020,In-Store Credit Card,1754.37,
08/02/2026,2020,Online Credit card,988.99,
08/02/2026,2020,Online Credit Card Tips,,12
08/02/2026,2020,In-Store Credit Card Tips,,98.59
08/02/2026,2020,Gift Card,5.7,
08/02/2026,2020,3rd Party - DoorDash,687.42,
08/02/2026,2020,3rd Party - GrubHub,25.68,
08/02/2026,2020,3rd Party - UberEats,69.36,
08/02/2026,2020,Cash Over/Short Adjustment,,0.3
08/02/2026,2023,Subject to Tax,,212.45
08/02/2026,2023,Non-Taxable Sales,,3660.14
08/02/2026,2023,3rd Party Tax Exempt,,10.44
08/02/2026,2023,Register Audit,258,
08/02/2026,2023,Sales Tax,,14.41
08/02/2026,2023,In-Store Credit Card,1606.63,
08/02/2026,2023,Online Credit card,1204.83,
08/02/2026,2023,Online Gift Card,54.66,
08/02/2026,2023,Online Credit Card Tips,,41
08/02/2026,2023,In-Store Credit Card Tips,,108.05
08/02/2026,2023,Gift Card,29.4,
08/02/2026,2023,3rd Party - DoorDash,654.1,
08/02/2026,2023,3rd Party - UberEats,238.93,
08/02/2026,2023,Cash Over/Short Adjustment,,0.06
08/02/2026,2024,Subject to Tax,,268.49
08/02/2026,2024,Non-Taxable Sales,,3727
08/02/2026,2024,3rd Party Tax Exempt,,21.54
08/02/2026,2024,Register Audit,350,
08/02/2026,2024,Sales Tax,,21.08
08/02/2026,2024,In-Store Credit Card,2252.97,
08/02/2026,2024,Online Credit card,820.38,
08/02/2026,2024,Online Credit Card Tips,,18
08/02/2026,2024,In-Store Credit Card Tips,,104.1
08/02/2026,2024,Gift Card,29.55,
08/02/2026,2024,3rd Party - DoorDash,587.83,
08/02/2026,2024,3rd Party - UberEats,120.38,
08/02/2026,2024,Cash Over/Short Adjustment,,0.9
08/02/2026,2047,Subject to Tax,,195.89
08/02/2026,2047,Non-Taxable Sales,,3607.57
08/02/2026,2047,3rd Party Tax Exempt,,10.8
08/02/2026,2047,Register Audit,265,
08/02/2026,2047,Sales Tax,,13.57
08/02/2026,2047,In-Store Credit Card,2120.15,
08/02/2026,2047,Online Credit card,895.21,
08/02/2026,2047,Online Gift Card,23.1,
08/02/2026,2047,Online Credit Card Tips,,12
08/02/2026,2047,In-Store Credit Card Tips,,119.02
08/02/2026,2047,Gift Card,75.4,
08/02/2026,2047,3rd Party - DoorDash,485.58,
08/02/2026,2047,3rd Party - GrubHub,52.19,
08/02/2026,2047,3rd Party - UberEats,42.6,
08/02/2026,2047,Cash Over/Short Adjustment,,0.38
08/02/2026,4003,Subject to Tax,,4363.28
08/02/2026,4003,Register Audit,199,
08/02/2026,4003,Sales Tax,,425.43
08/02/2026,4003,In-Store Credit Card,2459.49,
08/02/2026,4003,Online Credit card,1234.09,
08/02/2026,4003,Online Credit Card Tips,,54
08/02/2026,4003,In-Store Credit Card Tips,,145.26
08/02/2026,4003,Gift Card,82.58,
08/02/2026,4003,3rd Party - DoorDash,514.22,
08/02/2026,4003,3rd Party - GrubHub,26.08,
08/02/2026,4003,3rd Party - UberEats,473.59,
08/02/2026,4003,Cash Over/Short Adjustment,,0.08
08/02/2026,4003,Register Audit Adjustment,,1
08/02/2026,4004,Subject to Tax,,3313.44
08/02/2026,4004,Register Audit,138,
08/02/2026,4004,Sales Tax,,323.11
08/02/2026,4004,In-Store Credit Card,1673.38,
08/02/2026,4004,Payout,24.59,
08/02/2026,4004,Online Credit card,679.35,
08/02/2026,4004,Online Credit Card Tips,,22
08/02/2026,4004,In-Store Credit Card Tips,,90.76
08/02/2026,4004,3rd Party - DoorDash,594.31,
08/02/2026,4004,3rd Party - UberEats,640.42,
08/02/2026,4004,Cash Over/Short Adjustment,,0.74
08/02/2026,4005,Subject to Tax,,4352.83
08/02/2026,4005,Register Audit,143,
08/02/2026,4005,Sales Tax,,424.44
08/02/2026,4005,In-Store Credit Card,3178.11,
08/02/2026,4005,Online Credit card,1158.5,
08/02/2026,4005,Online Gift Card,5.01,
08/02/2026,4005,In-Store Credit Card Tips,,235.77
08/02/2026,4005,3rd Party - DoorDash,263.92,
08/02/2026,4005,3rd Party - UberEats,263.95,
08/02/2026,4005,Cash Over/Short Adjustment,0.55,
08/02/2026,4008,Subject to Tax,,3152.3
08/02/2026,4008,Register Audit,287,
08/02/2026,4008,Sales Tax,,307.31
08/02/2026,4008,In-Store Credit Card,2013.99,
08/02/2026,4008,Online Credit card,729.18,
08/02/2026,4008,Online Credit Card Tips,,24
08/02/2026,4008,In-Store Credit Card Tips,,128.63
08/02/2026,4008,Gift Card,19.32,
08/02/2026,4008,3rd Party - DoorDash,348.97,
08/02/2026,4008,3rd Party - GrubHub,26.21,
08/02/2026,4008,3rd Party - UberEats,187.66,
08/02/2026,4008,Cash Over/Short Adjustment,,0.09
08/02/2026,4009,Subject to Tax,,1860.09
08/02/2026,4009,Register Audit,162,
08/02/2026,4009,Sales Tax,,181.28
08/02/2026,4009,In-Store Credit Card,1154.16,
08/02/2026,4009,Payout,40,
08/02/2026,4009,Online Credit card,328.57,
08/02/2026,4009,Online Credit Card Tips,,8
08/02/2026,4009,In-Store Credit Card Tips,,48.5
08/02/2026,4009,3rd Party - DoorDash,364.6,
08/02/2026,4009,3rd Party - UberEats,48.38,
08/02/2026,4009,Cash Over/Short Adjustment,0.16,
08/02/2026,4010,Subject to Tax,,3159.78
08/02/2026,4010,Register Audit,126,
08/02/2026,4010,Sales Tax,,308.08
08/02/2026,4010,In-Store Credit Card,1943.36,
08/02/2026,4010,Online Credit card,691.9,
08/02/2026,4010,In-Store Credit Card Tips,,168.26
08/02/2026,4010,Gift Card,0.68,
08/02/2026,4010,3rd Party - DoorDash,454.24,
08/02/2026,4010,3rd Party - UberEats,418.95,
08/02/2026,4010,Cash Over/Short Adjustment,0.99,
08/02/2026,4015,Subject to Tax,,3334.89
08/02/2026,4015,Register Audit,251,
08/02/2026,4015,Sales Tax,,325.17
08/02/2026,4015,In-Store Credit Card,2270.42,
08/02/2026,4015,Online Credit card,776.47,
08/02/2026,4015,Online Credit Card Tips,,18
08/02/2026,4015,In-Store Credit Card Tips,,144.67
08/02/2026,4015,3rd Party - DoorDash,412.54,
08/02/2026,4015,3rd Party - UberEats,112.28,
08/02/2026,4015,Cash Over/Short Adjustment,0.02,
08/02/2026,4021,Subject to Tax,,3360.32
08/02/2026,4021,Register Audit,178,
08/02/2026,4021,Sales Tax,,327.54
08/02/2026,4021,In-Store Credit Card,2341.08,
08/02/2026,4021,Payout,40.97,
08/02/2026,4021,Online Credit card,749.93,
08/02/2026,4021,Online Credit Card Tips,,15
08/02/2026,4021,In-Store Credit Card Tips,,164.81
08/02/2026,4021,3rd Party - DoorDash,298.88,
08/02/2026,4021,3rd Party - GrubHub,18.49,
08/02/2026,4021,3rd Party - UberEats,243.43,
08/02/2026,4021,Cash Over/Short Adjustment,,0.11
08/02/2026,4021,Register Audit Adjustment,,3
08/02/2026,4025,Subject to Tax,,3595.94
08/02/2026,4025,Register Audit,363,
08/02/2026,4025,Sales Tax,,350.63
08/02/2026,4025,In-Store Credit Card,1824.42,
08/02/2026,4025,Online Credit card,1196.01,
08/02/2026,4025,Online Credit Card Tips,,32.44
08/02/2026,4025,In-Store Credit Card Tips,,130.81
08/02/2026,4025,3rd Party - DoorDash,395.85,
08/02/2026,4025,3rd Party - GrubHub,51.47,
08/02/2026,4025,3rd Party - UberEats,279.29,
08/02/2026,4025,Cash Over/Short Adjustment,,0.22
08/02/2026,4027,Subject to Tax,,3578.26
08/02/2026,4027,Sales Tax,,348.83
08/02/2026,4027,In-Store Credit Card,1975.16,
08/02/2026,4027,Online Credit card,918.2,
08/02/2026,4027,In-Store Credit Card Tips,,121.34
08/02/2026,4027,Gift Card,14.13,
08/02/2026,4027,3rd Party - DoorDash,492.78,
08/02/2026,4027,3rd Party - GrubHub,29.29,
08/02/2026,4027,3rd Party - UberEats,403.28,
08/02/2026,4027,Cash Over/Short Adjustment,0.59,
08/02/2026,4027,Register Audit Adjustment,215,
08/02/2026,4034,Subject to Tax,,3797.71
08/02/2026,4034,Register Audit,315,
08/02/2026,4034,Sales Tax,,370.33
08/02/2026,4034,In-Store Credit Card,2131.21,
08/02/2026,4034,Online Credit card,1139.41,
08/02/2026,4034,Online Gift Card,43.07,
08/02/2026,4034,Online Credit Card Tips,,27
08/02/2026,4034,In-Store Credit Card Tips,,107.65
08/02/2026,4034,Online Gift Card Tips,,2
08/02/2026,4034,Gift Card,31.75,
08/02/2026,4034,3rd Party - DoorDash,644.81,
08/02/2026,4034,Cash Over/Short Adjustment,,0.56
08/02/2026,4036,Subject to Tax,,3573.02
08/02/2026,4036,Tax Exempt,,762
08/02/2026,4036,Register Audit,288,
08/02/2026,4036,Sales Tax,,348.35
08/02/2026,4036,In-Store Credit Card,2558.46,
08/02/2026,4036,Payout,7.97,
08/02/2026,4036,Online Credit card,1030.18,
08/02/2026,4036,Online Gift Card,17.63,
08/02/2026,4036,Online Credit Card Tips,,13
08/02/2026,4036,In-Store Credit Card Tips,,114.16
08/02/2026,4036,Online Gift Card Tips,,1
08/02/2026,4036,Gift Card,12.46,
08/02/2026,4036,3rd Party - DoorDash,594.03,
08/02/2026,4036,3rd Party - UberEats,302.45,
08/02/2026,4036,Cash Over/Short Adjustment,0.35,
08/02/2026,4042,Subject to Tax,,6159.22
08/02/2026,4042,Sales Tax,,600.55
08/02/2026,4042,In-Store Credit Card,3215.44,
08/02/2026,4042,Online Credit card,2068.2,
08/02/2026,4042,Online Gift Card,42,
08/02/2026,4042,Online Credit Card Tips,,59
08/02/2026,4042,In-Store Credit Card Tips,,186.8
08/02/2026,4042,Online Gift Card Tips,,1
08/02/2026,4042,3rd Party - DoorDash,1150.49,
08/02/2026,4042,3rd Party - UberEats,223.21,
08/02/2026,4042,Cash Over/Short Adjustment,0.23,
08/02/2026,4042,Register Audit Adjustment,307,
08/02/2026,4052,Subject to Tax,,5405.05
08/02/2026,4052,Register Audit,540,
08/02/2026,4052,Sales Tax,,526.97
08/02/2026,4052,In-Store Credit Card,2573.57,
08/02/2026,4052,Online Credit card,2202.74,
08/02/2026,4052,Online Gift Card,50,
08/02/2026,4052,Online Credit Card Tips,,68
08/02/2026,4052,In-Store Credit Card Tips,,133.75
08/02/2026,4052,Online Gift Card Tips,,3
08/02/2026,4052,Gift Card,11.96,
08/02/2026,4052,3rd Party - DoorDash,650.49,
08/02/2026,4052,3rd Party - UberEats,108.5,
08/02/2026,4052,Cash Over/Short Adjustment,,0.49
08/02/2026,4061,Subject to Tax,,4143.65
08/02/2026,4061,Register Audit,143,
08/02/2026,4061,Sales Tax,,403.91
08/02/2026,4061,In-Store Credit Card,2482.9,
08/02/2026,4061,Online Credit card,1412.35,
08/02/2026,4061,Online Credit Card Tips,,42.59
08/02/2026,4061,In-Store Credit Card Tips,,134.08
08/02/2026,4061,Gift Card,50,
08/02/2026,4061,3rd Party - DoorDash,378.58,
08/02/2026,4061,3rd Party - GrubHub,73.73,
08/02/2026,4061,3rd Party - UberEats,183.89,
08/02/2026,4061,Cash Over/Short Adjustment,,0.22
08/02/2026,4074,Subject to Tax,,3795.54
08/02/2026,4074,Register Audit,108,
08/02/2026,4074,Sales Tax,,370
08/02/2026,4074,In-Store Credit Card,2220.12,
08/02/2026,4074,Online Credit card,1429.98,
08/02/2026,4074,Online Credit Card Tips,,48
08/02/2026,4074,In-Store Credit Card Tips,,169.43
08/02/2026,4074,Gift Card,25,
08/02/2026,4074,3rd Party - DoorDash,278.83,
08/02/2026,4074,3rd Party - UberEats,321.29,
08/02/2026,4074,Cash Over/Short Adjustment,,0.25
08/02/2026,5042,Subject to Tax,,2688.1
08/02/2026,5042,3rd Party Tax Exempt,,787.17
08/02/2026,5042,Register Audit,258,
08/02/2026,5042,Sales Tax,,186.78
08/02/2026,5042,In-Store Credit Card,1710.54,
08/02/2026,5042,Payout,70.67,
08/02/2026,5042,Online Credit card,949.31,
08/02/2026,5042,Online Gift Card,30,
08/02/2026,5042,Online Credit Card Tips,,27
08/02/2026,5042,In-Store Credit Card Tips,,113.43
08/02/2026,5042,Online Gift Card Tips,,3
08/02/2026,5042,3rd Party - DoorDash,347.95,
08/02/2026,5042,3rd Party - GrubHub,34.38,
08/02/2026,5042,3rd Party - UberEats,404.84,
08/02/2026,5042,Cash Over/Short Adjustment,,0.21
08/02/2026,5043,Subject to Tax,,4654.2
08/02/2026,5043,Non-Taxable Sales,,20.5
08/02/2026,5043,3rd Party Tax Exempt,,972.6
08/02/2026,5043,Register Audit,556,
08/02/2026,5043,Sales Tax,,321.67
08/02/2026,5043,In-Store Credit Card,2589,
08/02/2026,5043,Online Credit card,2133.27,
08/02/2026,5043,Online Gift Card,10,
08/02/2026,5043,Online Credit Card Tips,,75.41
08/02/2026,5043,In-Store Credit Card Tips,,182.95
08/02/2026,5043,Online Gift Card Tips,,10
08/02/2026,5043,Gift Card,5.53,
08/02/2026,5043,Gift Card Sold,,30
08/02/2026,5043,3rd Party - DoorDash,626.79,
08/02/2026,5043,3rd Party - GrubHub,53.38,
08/02/2026,5043,3rd Party - UberEats,292.43,
08/02/2026,5043,Cash Over/Short Adjustment,0.93,
08/02/2026,5049,Subject to Tax,,2550.15
08/02/2026,5049,Non-Taxable Sales,,10.5
08/02/2026,5049,3rd Party Tax Exempt,,603.28
08/02/2026,5049,Register Audit,250,
08/02/2026,5049,Sales Tax,,208.96
08/02/2026,5049,In-Store Credit Card,1758.41,
08/02/2026,5049,Online Credit card,858.05,
08/02/2026,5049,Online Gift Card,2.78,
08/02/2026,5049,Online Credit Card Tips,,9
08/02/2026,5049,In-Store Credit Card Tips,,90.54
08/02/2026,5049,3rd Party - DoorDash,581.08,
08/02/2026,5049,3rd Party - UberEats,22.2,
08/02/2026,5049,Cash Over/Short Adjustment,,0.09
08/02/2026,5051,Subject to Tax,,2984.75
08/02/2026,5051,Non-Taxable Sales,,11.5
08/02/2026,5051,3rd Party Tax Exempt,,900.86
08/02/2026,5051,Register Audit,421,
08/02/2026,5051,Sales Tax,,206.98
08/02/2026,5051,In-Store Credit Card,2141.35,
08/02/2026,5051,Online Credit card,734.46,
08/02/2026,5051,Online Credit Card Tips,,16
08/02/2026,5051,In-Store Credit Card Tips,,106.22
08/02/2026,5051,Gift Card,29.35,
08/02/2026,5051,3rd Party - DoorDash,598.44,
08/02/2026,5051,3rd Party - GrubHub,41.86,
08/02/2026,5051,3rd Party - UberEats,260.56,
08/02/2026,5051,Cash Over/Short Adjustment,,0.71
08/02/2026,5057,Subject to Tax,,3011.1
08/02/2026,5057,Non-Taxable Sales,,20
08/02/2026,5057,3rd Party Tax Exempt,,1065.49
08/02/2026,5057,Register Audit,417,
08/02/2026,5057,Sales Tax,,236.11
08/02/2026,5057,In-Store Credit Card,1981.9,
08/02/2026,5057,Payout,6.47,
08/02/2026,5057,Online Credit card,976.33,
08/02/2026,5057,Online Gift Card,31,
08/02/2026,5057,Online Credit Card Tips,,25
08/02/2026,5057,In-Store Credit Card Tips,,119.68
08/02/2026,5057,3rd Party - DoorDash,612.57,
08/02/2026,5057,3rd Party - GrubHub,183.48,
08/02/2026,5057,3rd Party - UberEats,269.44,
08/02/2026,5057,Cash Over/Short Adjustment,,0.81
08/02/2026,5059,Subject to Tax,,2824.25
08/02/2026,5059,Non-Taxable Sales,,21.5
08/02/2026,5059,3rd Party Tax Exempt,,396.19
08/02/2026,5059,Sales Tax,,195.35
08/02/2026,5059,In-Store Credit Card,2166.66,
08/02/2026,5059,Payout,30,
08/02/2026,5059,Online Credit card,763.75,
08/02/2026,5059,Online Credit Card Tips,,9
08/02/2026,5059,In-Store Credit Card Tips,,115.81
08/02/2026,5059,3rd Party - DoorDash,309.2,
08/02/2026,5059,3rd Party - UberEats,86.99,
08/02/2026,5059,Cash Over/Short Adjustment,0.5,
08/02/2026,5059,Register Audit Adjustment,205,
08/02/2026,5062,Subject to Tax,,2185.4
08/02/2026,5062,3rd Party Tax Exempt,,335.45
08/02/2026,5062,Sales Tax,,151.62
08/02/2026,5062,In-Store Credit Card,1747.99,
08/02/2026,5062,Online Credit card,631.77,
08/02/2026,5062,Online Credit Card Tips,,41
08/02/2026,5062,In-Store Credit Card Tips,,114.91
08/02/2026,5062,Gift Card,30.99,
08/02/2026,5062,3rd Party - DoorDash,247.1,
08/02/2026,5062,3rd Party - UberEats,88.35,
08/02/2026,5062,Cash Over/Short Adjustment,0.18,
08/02/2026,5062,Register Audit Adjustment,82,
08/02/2026,5101,Subject to Tax,,3154.4
08/02/2026,5101,Non-Taxable Sales,,12
08/02/2026,5101,3rd Party Tax Exempt,,393.65
08/02/2026,5101,Register Audit,266,
08/02/2026,5101,Sales Tax,,218.99
08/02/2026,5101,In-Store Credit Card,2477.33,
08/02/2026,5101,Online Credit card,772.43,
08/02/2026,5101,Online Credit Card Tips,,19
08/02/2026,5101,In-Store Credit Card Tips,,145.06
08/02/2026,5101,Gift Card,34.37,
08/02/2026,5101,3rd Party - DoorDash,365.93,
08/02/2026,5101,3rd Party - UberEats,27.72,
08/02/2026,5101,Cash Over/Short Adjustment,,0.68
08/02/2026,5112,Subject to Tax,,2472.2
08/02/2026,5112,3rd Party Tax Exempt,,724.19
08/02/2026,5112,Register Audit,356,
08/02/2026,5112,Sales Tax,,195.58
08/02/2026,5112,In-Store Credit Card,1616.74,
08/02/2026,5112,Online Credit card,801.75,
08/02/2026,5112,Online Credit Card Tips,,19
08/02/2026,5112,In-Store Credit Card Tips,,100.37
08/02/2026,5112,Gift Card,12.74,
08/02/2026,5112,3rd Party - DoorDash,711.06,
08/02/2026,5112,3rd Party - UberEats,13.13,
08/02/2026,5112,Cash Over/Short Adjustment,,0.08
08/02/2026,5127,Subject to Tax,,3965.1
08/02/2026,5127,3rd Party Tax Exempt,,108.38
08/02/2026,5127,Register Audit,536,
08/02/2026,5127,Sales Tax,,311.76
08/02/2026,5127,In-Store Credit Card,2579.09,
08/02/2026,5127,Online Credit card,1332.69,
08/02/2026,5127,Online Credit Card Tips,,53
08/02/2026,5127,In-Store Credit Card Tips,,190.16
08/02/2026,5127,Gift Card,72.58,
08/02/2026,5127,3rd Party - DoorDash,62.12,
08/02/2026,5127,3rd Party - UberEats,46.26,
08/02/2026,5127,Cash Over/Short Adjustment,,0.34
08/02/2026,6021,Subject to Tax,,3351.77
08/02/2026,6021,Non-Taxable Sales,,10
08/02/2026,6021,3rd Party Tax Exempt,,111.99
08/02/2026,6021,Register Audit,204,
08/02/2026,6021,Sales Tax,,318.39
08/02/2026,6021,In-Store Credit Card,1923.83,
08/02/2026,6021,Online Credit card,1156.11,
08/02/2026,6021,Online Credit Card Tips,,26
08/02/2026,6021,In-Store Credit Card Tips,,139.13
08/02/2026,6021,3rd Party - DoorDash,561.26,
08/02/2026,6021,3rd Party - UberEats,111.99,
08/02/2026,6021,Cash Over/Short Adjustment,0.09,
08/02/2026,6026,Subject to Tax,,2258.51
08/02/2026,6026,Non-Taxable Sales,,5
08/02/2026,6026,3rd Party Tax Exempt,,327.18
08/02/2026,6026,Sales Tax,,135.52
08/02/2026,6026,In-Store Credit Card,1651.01,
08/02/2026,6026,Online Credit card,491.39,
08/02/2026,6026,Online Credit Card Tips,,12
08/02/2026,6026,In-Store Credit Card Tips,,101.85
08/02/2026,6026,Gift Card,15.37,
08/02/2026,6026,3rd Party - DoorDash,238.45,
08/02/2026,6026,3rd Party - GrubHub,42.73,
08/02/2026,6026,3rd Party - UberEats,327.18,
08/02/2026,6026,Cash Over/Short Adjustment,0.93,
08/02/2026,6026,Register Audit Adjustment,73,
08/02/2026,6032,Subject to Tax,,3239.73
08/02/2026,6032,Non-Taxable Sales,,20.5
08/02/2026,6032,3rd Party Tax Exempt,,79.92
08/02/2026,6032,Register Audit,89,
08/02/2026,6032,Sales Tax,,194.35
08/02/2026,6032,In-Store Credit Card,1436.55,
08/02/2026,6032,Online Credit card,1292.24,
08/02/2026,6032,Online Credit Card Tips,,35
08/02/2026,6032,In-Store Credit Card Tips,,114.62
08/02/2026,6032,Gift Card,5.16,
08/02/2026,6032,3rd Party - DoorDash,669.23,
08/02/2026,6032,3rd Party - GrubHub,111.03,
08/02/2026,6032,3rd Party - UberEats,79.92,
08/02/2026,6032,Cash Over/Short Adjustment,0.99,
08/02/2026,6037,Subject to Tax,,3605.26
08/02/2026,6037,Register Audit,112,
08/02/2026,6037,Sales Tax,,396.68
08/02/2026,6037,In-Store Credit Card,2298.29,
08/02/2026,6037,Payout,38.1,
08/02/2026,6037,Online Credit card,1597.07,
08/02/2026,6037,Online Credit Card Tips,,78
08/02/2026,6037,In-Store Credit Card Tips,,169.74
08/02/2026,6037,3rd Party - UberEats,204.24,
08/02/2026,6037,Cash Over/Short Adjustment,,0.02
08/02/2026,6039,Subject to Tax,,2994.41
08/02/2026,6039,Non-Taxable Sales,,13
08/02/2026,6039,3rd Party Tax Exempt,,161.23
08/02/2026,6039,Sales Tax,,179.64
08/02/2026,6039,In-Store Credit Card,1546.31,
08/02/2026,6039,Online Credit card,1011.3,
08/02/2026,6039,Online Credit Card Tips,,24
08/02/2026,6039,In-Store Credit Card Tips,,84.78
08/02/2026,6039,Gift Card,32.02,
08/02/2026,6039,3rd Party - DoorDash,479.91,
08/02/2026,6039,3rd Party - GrubHub,27.66,
08/02/2026,6039,3rd Party - UberEats,161.23,
08/02/2026,6039,Cash Over/Short Adjustment,0.63,
08/02/2026,6039,Register Audit Adjustment,198,
08/02/2026,6044,Subject to Tax,,3829.98
08/02/2026,6044,3rd Party Tax Exempt,,18.47
08/02/2026,6044,Sales Tax,,432.81
08/02/2026,6044,In-Store Credit Card,2472.27,
08/02/2026,6044,Online Credit card,1174.45,
08/02/2026,6044,Online Credit Card Tips,,26.98
08/02/2026,6044,In-Store Credit Card Tips,,143.11
08/02/2026,6044,3rd Party - DoorDash,570.56,
08/02/2026,6044,3rd Party - UberEats,18.47,
08/02/2026,6044,Cash Over/Short Adjustment,0.6,
08/02/2026,6044,Register Audit Adjustment,215,
08/02/2026,6065,Subject to Tax,,2507.16
08/02/2026,6065,Non-Taxable Sales,,31
08/02/2026,6065,3rd Party Tax Exempt,,254.7
08/02/2026,6065,Sales Tax,,250.8
08/02/2026,6065,In-Store Credit Card,1476.88,
08/02/2026,6065,Online Credit card,1038.58,
08/02/2026,6065,Online Gift Card,20,
08/02/2026,6065,Online Credit Card Tips,,20
08/02/2026,6065,In-Store Credit Card Tips,,111.96
08/02/2026,6065,3rd Party - DoorDash,274.25,
08/02/2026,6065,3rd Party - UberEats,254.7,
08/02/2026,6065,Cash Over/Short Adjustment,0.21,
08/02/2026,6065,Register Audit Adjustment,111,
08/02/2026,6067,Subject to Tax,,2766.3
08/02/2026,6067,3rd Party Tax Exempt,,88.67
08/02/2026,6067,Sales Tax,,312.59
08/02/2026,6067,In-Store Credit Card,1793.5,
08/02/2026,6067,Online Credit card,906.56,
08/02/2026,6067,Online Gift Card,10,
08/02/2026,6067,Online Credit Card Tips,,29.86
08/02/2026,6067,In-Store Credit Card Tips,,127.76
08/02/2026,6067,3rd Party - DoorDash,366.62,
08/02/2026,6067,3rd Party - UberEats,88.67,
08/02/2026,6067,Cash Over/Short Adjustment,0.83,
08/02/2026,6067,Register Audit Adjustment,159,
08/02/2026,6072,Subject to Tax,,5218.91
08/02/2026,6072,Non-Taxable Sales,,31
08/02/2026,6072,3rd Party Tax Exempt,,113.75
08/02/2026,6072,Register Audit,423,
08/02/2026,6072,Sales Tax,,615.79
08/02/2026,6072,In-Store Credit Card,3405,
08/02/2026,6072,Online Credit card,1152.23,
08/02/2026,6072,Online Gift Card,50,
08/02/2026,6072,Online Credit Card Tips,,14
08/02/2026,6072,In-Store Credit Card Tips,,220.29
08/02/2026,6072,Gift Card,38.04,
08/02/2026,6072,3rd Party - DoorDash,1032.19,
08/02/2026,6072,3rd Party - UberEats,113.75,
08/02/2026,6072,Cash Over/Short Adjustment,,0.47
08/02/2026,6074,Subject to Tax,,2940.35
08/02/2026,6074,3rd Party Tax Exempt,,188.59
08/02/2026,6074,Sales Tax,,264.61
08/02/2026,6074,In-Store Credit Card,2023.27,
08/02/2026,6074,Online Credit card,968.77,
08/02/2026,6074,Online Gift Card,80.39,
08/02/2026,6074,Online Credit Card Tips,,32.24
08/02/2026,6074,In-Store Credit Card Tips,,123.89
08/02/2026,6074,Online Gift Card Tips,,3
08/02/2026,6074,Gift Card,53.6,
08/02/2026,6074,3rd Party - UberEats,188.59,
08/02/2026,6074,Cash Over/Short Adjustment,0.06,
08/02/2026,6074,Register Audit Adjustment,238,
08/02/2026,6076,Subject to Tax,,2406.26
08/02/2026,6076,Non-Taxable Sales,,30
08/02/2026,6076,3rd Party Tax Exempt,,182.14
08/02/2026,6076,Sales Tax,,216.57
08/02/2026,6076,In-Store Credit Card,1375.93,
08/02/2026,6076,Payout,74,
08/02/2026,6076,Online Credit card,813.81,
08/02/2026,6076,Online Credit Card Tips,,30
08/02/2026,6076,In-Store Credit Card Tips,,80.41
08/02/2026,6076,Gift Card,44.77,
08/02/2026,6076,3rd Party - DoorDash,495.22,
08/02/2026,6076,3rd Party - UberEats,182.14,
08/02/2026,6076,Cash Over/Short Adjustment,,0.49
08/02/2026,6076,Register Audit Adjustment,,40
08/02/2026,6083,Subject to Tax,,3094.82
08/02/2026,6083,3rd Party Tax Exempt,,237.46
08/02/2026,6083,Register Audit,101,
08/02/2026,6083,Sales Tax,,278.54
08/02/2026,6083,In-Store Credit Card,1858.48,
08/02/2026,6083,Online Credit card,961.37,
08/02/2026,6083,Online Credit Card Tips,,25
08/02/2026,6083,In-Store Credit Card Tips,,107.35
08/02/2026,6083,Gift Card,29.92,
08/02/2026,6083,3rd Party - DoorDash,531.82,
08/02/2026,6083,3rd Party - GrubHub,23.02,
08/02/2026,6083,3rd Party - UberEats,237.46,
08/02/2026,6083,Cash Over/Short Adjustment,0.1,
08/02/2026,6088,Subject to Tax,,2879.79
08/02/2026,6088,Non-Taxable Sales,,20
08/02/2026,6088,3rd Party Tax Exempt,,59.22
08/02/2026,6088,Register Audit,115,
08/02/2026,6088,Sales Tax,,288.13
08/02/2026,6088,In-Store Credit Card,1370.37,
08/02/2026,6088,Online Credit card,1393.3,
08/02/2026,6088,Online Credit Card Tips,,30
08/02/2026,6088,In-Store Credit Card Tips,,67.94
08/02/2026,6088,3rd Party - DoorDash,290.63,
08/02/2026,6088,3rd Party - GrubHub,116.16,
08/02/2026,6088,3rd Party - UberEats,59.22,
08/02/2026,6088,Cash Over/Short Adjustment,0.4,
08/02/2026,6093,Subject to Tax,,2438.05
08/02/2026,6093,Non-Taxable Sales,,10.5
08/02/2026,6093,3rd Party Tax Exempt,,49.2
08/02/2026,6093,Register Audit,227,
08/02/2026,6093,Sales Tax,,275.52
08/02/2026,6093,In-Store Credit Card,1758.24,
08/02/2026,6093,Payout,29.35,
08/02/2026,6093,Online Credit card,666.42,
08/02/2026,6093,Online Credit Card Tips,,15
08/02/2026,6093,In-Store Credit Card Tips,,101.79
08/02/2026,6093,Gift Card,18.81,
08/02/2026,6093,3rd Party - DoorDash,141.4,
08/02/2026,6093,3rd Party - UberEats,49.2,
08/02/2026,6093,Cash Over/Short Adjustment,,0.36
08/02/2026,6094,Subject to Tax,,2072.94
08/02/2026,6094,Non-Taxable Sales,,10.5
08/02/2026,6094,Sales Tax,,207.36
08/02/2026,6094,In-Store Credit Card,1111.81,
08/02/2026,6094,Online Credit card,835.34,
08/02/2026,6094,Online Credit Card Tips,,28.45
08/02/2026,6094,In-Store Credit Card Tips,,96.59
08/02/2026,6094,3rd Party - DoorDash,274.77,
08/02/2026,6094,3rd Party - GrubHub,156.79,
08/02/2026,6094,Cash Over/Short Adjustment,0.13,
08/02/2026,6094,Register Audit Adjustment,37,
08/02/2026,6102,Subject to Tax,,2484.8
08/02/2026,6102,Non-Taxable Sales,,27.5
08/02/2026,6102,Sales Tax,,248.56
08/02/2026,6102,In-Store Credit Card,1524.11,
08/02/2026,6102,Online Credit card,787.69,
08/02/2026,6102,Online Gift Card,18.9,
08/02/2026,6102,Online Credit Card Tips,,17
08/02/2026,6102,In-Store Credit Card Tips,,58.4
08/02/2026,6102,Online Gift Card Tips,,5
08/02/2026,6102,3rd Party - DoorDash,263.61,
08/02/2026,6102,3rd Party - GrubHub,45.93,
08/02/2026,6102,3rd Party - UberEats,91.07,
08/02/2026,6102,Cash Over/Short Adjustment,0.95,
08/02/2026,6102,Register Audit Adjustment,109,
08/02/2026,7024,Subject to Tax,,2902.55
08/02/2026,7024,3rd Party Tax Exempt,,493.74
08/02/2026,7024,Sales Tax,,249.85
08/02/2026,7024,In-Store Credit Card,1766.33,
08/02/2026,7024,Online Credit card,1091.95,
08/02/2026,7024,Online Credit Card Tips,,27
08/02/2026,7024,In-Store Credit Card Tips,,115.52
08/02/2026,7024,Gift Card,58.2,
08/02/2026,7024,3rd Party - DoorDash,332.21,
08/02/2026,7024,3rd Party - GrubHub,29.26,
08/02/2026,7024,3rd Party - UberEats,132.27,
08/02/2026,7024,Cash Over/Short Adjustment,0.44,
08/02/2026,7024,Register Audit Adjustment,378,
08/02/2026,7032,Subject to Tax,,2477.9
08/02/2026,7032,3rd Party Tax Exempt,,731.38
08/02/2026,7032,Sales Tax,,215.02
08/02/2026,7032,In-Store Credit Card,1773.64,
08/02/2026,7032,Payout,82.48,
08/02/2026,7032,Online Credit card,769.03,
08/02/2026,7032,Online Credit Card Tips,,18
08/02/2026,7032,In-Store Credit Card Tips,,111.45
08/02/2026,7032,3rd Party - DoorDash,731.38,
08/02/2026,7032,Cash Over/Short Adjustment,0.22,
08/02/2026,7032,Register Audit Adjustment,197,
08/02/2026,7039,Subject to Tax,,2663.3
08/02/2026,7039,3rd Party Tax Exempt,,334.97
08/02/2026,7039,Sales Tax,,229.07
08/02/2026,7039,In-Store Credit Card,1759.87,
08/02/2026,7039,Online Credit card,996.63,
08/02/2026,7039,Online Credit Card Tips,,30
08/02/2026,7039,In-Store Credit Card Tips,,110.98
08/02/2026,7039,3rd Party - DoorDash,245.17,
08/02/2026,7039,3rd Party - UberEats,89.8,
08/02/2026,7039,Cash Over/Short Adjustment,0.85,
08/02/2026,7039,Register Audit Adjustment,276,
08/02/2026,7049,Subject to Tax,,3772.5
08/02/2026,7049,3rd Party Tax Exempt,,1051.25
08/02/2026,7049,Sales Tax,,325.43
08/02/2026,7049,In-Store Credit Card,2626.68,
08/02/2026,7049,Online Credit card,1269.55,
08/02/2026,7049,Online Credit Card Tips,,43
08/02/2026,7049,In-Store Credit Card Tips,,173.24
08/02/2026,7049,Gift Card,22.29,
08/02/2026,7049,3rd Party - DoorDash,898.18,
08/02/2026,7049,3rd Party - GrubHub,29.92,
08/02/2026,7049,3rd Party - UberEats,123.15,
08/02/2026,7049,Cash Over/Short Adjustment,0.65,
08/02/2026,7049,Register Audit Adjustment,395,
08/02/2026,7066,Subject to Tax,,2164.06
08/02/2026,7066,3rd Party Tax Exempt,,262.73
08/02/2026,7066,Sales Tax,,185.63
08/02/2026,7066,In-Store Credit Card,1162.58,
08/02/2026,7066,Online Credit card,875.02,
08/02/2026,7066,Online Credit Card Tips,,28.09
08/02/2026,7066,In-Store Credit Card Tips,,64.05
08/02/2026,7066,3rd Party - DoorDash,224.21,
08/02/2026,7066,3rd Party - UberEats,38.52,
08/02/2026,7066,Cash Over/Short Adjustment,0.23,
08/02/2026,7066,Register Audit Adjustment,404,
08/02/2026,13026,Subject to Tax,,2112.91
08/02/2026,13026,Non-Taxable Sales,,27.16
08/02/2026,13026,3rd Party Tax Exempt,,838.55
08/02/2026,13026,Register Audit,143,
08/02/2026,13026,Sales Tax,,158.56
08/02/2026,13026,In-Store Credit Card,1400.6,
08/02/2026,13026,Online Credit card,788.35,
08/02/2026,13026,Online Gift Card,22.12,
08/02/2026,13026,Online Credit Card Tips,,11
08/02/2026,13026,In-Store Credit Card Tips,,62.81
08/02/2026,13026,Online Gift Card Tips,,1
08/02/2026,13026,3rd Party - DoorDash,566.24,
08/02/2026,13026,3rd Party - UberEats,291.03,
08/02/2026,13026,Cash Over/Short Adjustment,0.65,
08/02/2026,13062,Subject to Tax,,2492.38
08/02/2026,13062,Non-Taxable Sales,,29.66
08/02/2026,13062,3rd Party Tax Exempt,,592.57
08/02/2026,13062,Sales Tax,,174.47
08/02/2026,13062,In-Store Credit Card,1504.76,
08/02/2026,13062,Online Credit card,833.99,
08/02/2026,13062,Online Credit Card Tips,,18
08/02/2026,13062,In-Store Credit Card Tips,,66
08/02/2026,13062,Gift Card,47.94,
08/02/2026,13062,3rd Party - DoorDash,366.75,
08/02/2026,13062,3rd Party - GrubHub,37.11,
08/02/2026,13062,3rd Party - UberEats,243.28,
08/02/2026,13062,Cash Over/Short Adjustment,0.25,
08/02/2026,13062,Register Audit Adjustment,339,
08/02/2026,13082,Subject to Tax,,2335.45
08/02/2026,13082,Non-Taxable Sales,,12.15
08/02/2026,13082,3rd Party Tax Exempt,,208.62
08/02/2026,13082,Register Audit,448,
08/02/2026,13082,Sales Tax,,163.49
08/02/2026,13082,In-Store Credit Card,1527.26,
08/02/2026,13082,Payout,18.99,
08/02/2026,13082,Online Credit card,645.77,
08/02/2026,13082,Online Credit Card Tips,,29
08/02/2026,13082,In-Store Credit Card Tips,,105.34
08/02/2026,13082,3rd Party - DoorDash,120.43,
08/02/2026,13082,3rd Party - UberEats,93.89,
08/02/2026,13082,Cash Over/Short Adjustment,,0.29
08/02/2026,13106,Subject to Tax,,1805.42
08/02/2026,13106,Non-Taxable Sales,,19.71
08/02/2026,13106,3rd Party Tax Exempt,,526.48
08/02/2026,13106,Sales Tax,,135.48
08/02/2026,13106,In-Store Credit Card,1285.69,
08/02/2026,13106,Online Credit card,613.34,
08/02/2026,13106,Online Credit Card Tips,,14
08/02/2026,13106,In-Store Credit Card Tips,,80.95
08/02/2026,13106,Gift Card,25,
08/02/2026,13106,3rd Party - DoorDash,427.12,
08/02/2026,13106,3rd Party - GrubHub,21.25,
08/02/2026,13106,3rd Party - UberEats,107.88,
08/02/2026,13106,Cash Over/Short Adjustment,0.76,
08/02/2026,13106,Register Audit Adjustment,101,
08/02/2026,13116,Subject to Tax,,2419.56
08/02/2026,13116,Non-Taxable Sales,,30.96
08/02/2026,13116,3rd Party Tax Exempt,,803.45
08/02/2026,13116,Sales Tax,,169.37
08/02/2026,13116,In-Store Credit Card,1593.36,
08/02/2026,13116,Online Credit card,636.87,
08/02/2026,13116,Online Gift Card,21.99,
08/02/2026,13116,In-Store Credit Card Tips,,77.34
08/02/2026,13116,3rd Party - DoorDash,577.9,
08/02/2026,13116,3rd Party - GrubHub,49.18,
08/02/2026,13116,3rd Party - UberEats,238.51,
08/02/2026,13116,Cash Over/Short Adjustment,0.87,
08/02/2026,13116,Register Audit Adjustment,382,
08/02/2026,13138,Subject to Tax,,1645.55
08/02/2026,13138,Non-Taxable Sales,,7.44
08/02/2026,13138,3rd Party Tax Exempt,,309.34
08/02/2026,13138,Sales Tax,,115.19
08/02/2026,13138,In-Store Credit Card,886.07,
08/02/2026,13138,Online Credit card,574.72,
08/02/2026,13138,Online Credit Card Tips,,31
08/02/2026,13138,In-Store Credit Card Tips,,29.89
08/02/2026,13138,Gift Card,25.67,
08/02/2026,13138,3rd Party - DoorDash,273.34,
08/02/2026,13138,3rd Party - GrubHub,27.16,
08/02/2026,13138,3rd Party - UberEats,38.04,
08/02/2026,13138,Cash Over/Short Adjustment,0.41,
08/02/2026,13138,Register Audit Adjustment,313,
08/02/2026,13148,Subject to Tax,,3760.58
08/02/2026,13148,Non-Taxable Sales,,45.06
08/02/2026,13148,3rd Party Tax Exempt,,336
08/02/2026,13148,Sales Tax,,244.51
08/02/2026,13148,In-Store Credit Card,2244.87,
08/02/2026,13148,Online Credit card,1688.07,
08/02/2026,13148,Online Credit Card Tips,,57
08/02/2026,13148,In-Store Credit Card Tips,,157.73
08/02/2026,13148,Gift Card,33.39,
08/02/2026,13148,3rd Party - DoorDash,197.55,
08/02/2026,13148,3rd Party - GrubHub,29.96,
08/02/2026,13148,3rd Party - UberEats,158.37,
08/02/2026,13148,Cash Over/Short Adjustment,0.67,
08/02/2026,13148,Register Audit Adjustment,248,
08/02/2026,13160,Subject to Tax,,3076.9
08/02/2026,13160,Non-Taxable Sales,,7.1
08/02/2026,13160,3rd Party Tax Exempt,,314.33
08/02/2026,13160,Register Audit,576,
08/02/2026,13160,Sales Tax,,215.39
08/02/2026,13160,In-Store Credit Card,2021.85,
08/02/2026,13160,Online Credit card,833.92,
08/02/2026,13160,Online Credit Card Tips,,34
08/02/2026,13160,In-Store Credit Card Tips,,125.85
08/02/2026,13160,Gift Card,27.1,
08/02/2026,13160,3rd Party - DoorDash,262.62,
08/02/2026,13160,3rd Party - UberEats,51.71,
08/02/2026,13160,Cash Over/Short Adjustment,0.37,
08/02/2026,13162,Subject to Tax,,2840.63
08/02/2026,13162,Non-Taxable Sales,,38.83
08/02/2026,13162,3rd Party Tax Exempt,,673.98
08/02/2026,13162,Sales Tax,,198.81
08/02/2026,13162,In-Store Credit Card,1892.83,
08/02/2026,13162,Online Credit card,961.74,
08/02/2026,13162,Online Gift Card,12.37,
08/02/2026,13162,Online Credit Card Tips,,31
08/02/2026,13162,In-Store Credit Card Tips,,108.3
08/02/2026,13162,Gift Card,5.61,
08/02/2026,13162,3rd Party - DoorDash,525.79,
08/02/2026,13162,3rd Party - UberEats,164.45,
08/02/2026,13162,Cash Over/Short Adjustment,0.76,
08/02/2026,13162,Register Audit Adjustment,328,
08/02/2026,13219,Subject to Tax,,2612.7
08/02/2026,13219,Non-Taxable Sales,,9.39
08/02/2026,13219,3rd Party Tax Exempt,,295.23
08/02/2026,13219,Sales Tax,,182.84
08/02/2026,13219,In-Store Credit Card,1572.48,
08/02/2026,13219,Online Credit card,829.41,
08/02/2026,13219,Online Credit Card Tips,,35.1
08/02/2026,13219,In-Store Credit Card Tips,,81.98
08/02/2026,13219,Gift Card,18.3,
08/02/2026,13219,3rd Party - DoorDash,210.15,
08/02/2026,13219,3rd Party - UberEats,90.78,
08/02/2026,13219,Cash Over/Short Adjustment,0.12,
08/02/2026,13219,Register Audit Adjustment,496,
08/02/2026,37001,Subject to Tax,,6264.66
08/02/2026,37001,Non-Taxable Sales,,733.99
08/02/2026,37001,Sales Tax,,532.58
08/02/2026,37001,In-Store Credit Card,4155.82,
08/02/2026,37001,Online Credit card,2167.31,
08/02/2026,37001,Online Gift Card,60.37,
08/02/2026,37001,Online Credit Card Tips,,69
08/02/2026,37001,In-Store Credit Card Tips,,210.49
08/02/2026,37001,Gift Card,62.99,
08/02/2026,37001,3rd Party - DoorDash,605.16,
08/02/2026,37001,3rd Party - UberEats,29.1,
08/02/2026,37001,Cash Over/Short Adjustment,0.97,
08/02/2026,37001,Register Audit Adjustment,729,
08/02/2026,37002,Subject to Tax,,4891.93
08/02/2026,37002,Non-Taxable Sales,,506.67
08/02/2026,37002,Register Audit,530,
08/02/2026,37002,Sales Tax,,415.83
08/02/2026,37002,In-Store Credit Card,2357.68,
08/02/2026,37002,Online Credit card,2284.95,
08/02/2026,37002,Online Credit Card Tips,,52
08/02/2026,37002,In-Store Credit Card Tips,,144.86
08/02/2026,37002,Gift Card,42.44,
08/02/2026,37002,3rd Party - DoorDash,681.58,
08/02/2026,37002,3rd Party - UberEats,114.56,
08/02/2026,37002,Cash Over/Short Adjustment,0.08,
08/02/2026,37004,Subject to Tax,,2707.31
08/02/2026,37004,Non-Taxable Sales,,337.02
08/02/2026,37004,Sales Tax,,230.18
08/02/2026,37004,In-Store Credit Card,1906.7,
08/02/2026,37004,Online Credit card,1018.67,
08/02/2026,37004,Online Credit Card Tips,,39.39
08/02/2026,37004,In-Store Credit Card Tips,,172.44
08/02/2026,37004,3rd Party - DoorDash,129.36,
08/02/2026,37004,3rd Party - GrubHub,22.65,
08/02/2026,37004,3rd Party - UberEats,47.97,
08/02/2026,37004,Cash Over/Short Adjustment,0.99,
08/02/2026,37004,Register Audit Adjustment,360,
08/02/2026,37006,Subject to Tax,,4498.64
08/02/2026,37006,Non-Taxable Sales,,610.05
08/02/2026,37006,Register Audit,612.55,
08/02/2026,37006,Sales Tax,,382.45
08/02/2026,37006,In-Store Credit Card,3021.88,
08/02/2026,37006,Online Credit card,1513.74,
08/02/2026,37006,Online Gift Card,8.08,
08/02/2026,37006,Online Credit Card Tips,,47.92
08/02/2026,37006,In-Store Credit Card Tips,,192.85
08/02/2026,37006,Gift Card,27.58,
08/02/2026,37006,Gift Card Sold,,20
08/02/2026,37006,3rd Party - DoorDash,470.24,
08/02/2026,37006,3rd Party - GrubHub,73.06,
08/02/2026,37006,3rd Party - UberEats,23.64,
08/02/2026,37006,Cash Over/Short Adjustment,0.14,
08/02/2026,37006,Register Audit Adjustment,1,
08/02/2026,37007,Subject to Tax,,5297.18
08/02/2026,37007,Non-Taxable Sales,,600.74
08/02/2026,37007,Sales Tax,,450.28
08/02/2026,37007,In-Store Credit Card,2804.84,
08/02/2026,37007,Online Credit card,1928.43,
08/02/2026,37007,Online Credit Card Tips,,57
08/02/2026,37007,In-Store Credit Card Tips,,166.83
08/02/2026,37007,Gift Card,31.88,
08/02/2026,37007,3rd Party - DoorDash,1182.42,
08/02/2026,37007,3rd Party - GrubHub,76.17,
08/02/2026,37007,3rd Party - UberEats,127.49,
08/02/2026,37007,Cash Over/Short Adjustment,0.8,
08/02/2026,37007,Register Audit Adjustment,420,
08/02/2026,37009,Subject to Tax,,3902.4
08/02/2026,37009,Non-Taxable Sales,,492.8
08/02/2026,37009,Register Audit,364,
08/02/2026,37009,Sales Tax,,331.73
08/02/2026,37009,In-Store Credit Card,2055.67,
08/02/2026,37009,Online Credit card,1460.82,
08/02/2026,37009,Online Gift Card,59.51,
08/02/2026,37009,Online Credit Card Tips,,59
08/02/2026,37009,In-Store Credit Card Tips,,134.15
08/02/2026,37009,Online Gift Card Tips,,2
08/02/2026,37009,Gift Card,56.64,
08/02/2026,37009,Gift Card Sold,,25
08/02/2026,37009,3rd Party - DoorDash,821.99,
08/02/2026,37009,3rd Party - GrubHub,17.45,
08/02/2026,37009,3rd Party - UberEats,110.86,
08/02/2026,37009,Cash Over/Short Adjustment,0.14,
08/02/2026,37010,Subject to Tax,,6711.4
08/02/2026,37010,Non-Taxable Sales,,801.47
08/02/2026,37010,Register Audit,860.46,
08/02/2026,37010,Sales Tax,,570.55
08/02/2026,37010,In-Store Credit Card,4130.99,
08/02/2026,37010,Payout,38.97,
08/02/2026,37010,Online Credit card,3075.93,
08/02/2026,37010,Online Credit Card Tips,,95.78
08/02/2026,37010,In-Store Credit Card Tips,,284.42
08/02/2026,37010,Gift Card,21.92,
08/02/2026,37010,3rd Party - DoorDash,363.22,
08/02/2026,37010,3rd Party - GrubHub,15.16,
08/02/2026,37010,3rd Party - UberEats,136.97,
08/02/2026,37010,Register Audit Adjustment,,180
08/02/2026,37013,Subject to Tax,,3435.03
08/02/2026,37013,Non-Taxable Sales,,434.24
08/02/2026,37013,Register Audit,641,
08/02/2026,37013,Sales Tax,,292.05
08/02/2026,37013,In-Store Credit Card,2259.21,
08/02/2026,37013,Online Credit card,1294.12,
08/02/2026,37013,Online Gift Card,6.3,
08/02/2026,37013,Online Credit Card Tips,,45.73
08/02/2026,37013,In-Store Credit Card Tips,,130.66
08/02/2026,37013,Online Gift Card Tips,,1
08/02/2026,37013,Gift Card,22.87,
08/02/2026,37013,3rd Party - DoorDash,114.25,
08/02/2026,37013,Cash Over/Short Adjustment,0.96,
08/02/2026,37014,Subject to Tax,,3652.72
08/02/2026,37014,Non-Taxable Sales,,448.91
08/02/2026,37014,Register Audit,431,
08/02/2026,37014,Sales Tax,,310.54
08/02/2026,37014,In-Store Credit Card,2109.18,
08/02/2026,37014,Online Credit card,1286.12,
08/02/2026,37014,Online Gift Card,38.22,
08/02/2026,37014,Online Credit Card Tips,,30
08/02/2026,37014,In-Store Credit Card Tips,,167.34
08/02/2026,37014,Online Gift Card Tips,,3
08/02/2026,37014,Gift Card,22.52,
08/02/2026,37014,Gift Card Sold,,20
08/02/2026,37014,3rd Party - DoorDash,691.44,
08/02/2026,37014,3rd Party - GrubHub,27.86,
08/02/2026,37014,3rd Party - UberEats,27.86,
08/02/2026,37014,Cash Over/Short Adjustment,,0.69
08/02/2026,37014,Register Audit Adjustment,,1
08/02/2026,37016,Subject to Tax,,3382.02
08/02/2026,37016,Non-Taxable Sales,,527.79
08/02/2026,37016,Register Audit,530,
08/02/2026,37016,Sales Tax,,287.54
08/02/2026,37016,In-Store Credit Card,2742.36,
08/02/2026,37016,Payout,5,
08/02/2026,37016,Online Credit card,963.29,
08/02/2026,37016,Online Gift Card,25,
08/02/2026,37016,Online Credit Card Tips,,18
08/02/2026,37016,In-Store Credit Card Tips,,168.8
08/02/2026,37016,Gift Card,11.34,
08/02/2026,37016,Gift Card Sold,,30
08/02/2026,37016,3rd Party - DoorDash,136.67,
08/02/2026,37016,Cash Over/Short Adjustment,0.49,
08/02/2026,37020,Subject to Tax,,3502.84
08/02/2026,37020,Non-Taxable Sales,,362.61
08/02/2026,37020,Sales Tax,,297.82
08/02/2026,37020,In-Store Credit Card,1518.76,
08/02/2026,37020,Online Credit card,2141.49,
08/02/2026,37020,Online Credit Card Tips,,68
08/02/2026,37020,In-Store Credit Card Tips,,88.4
08/02/2026,37020,Gift Card,73.77,
08/02/2026,37020,3rd Party - DoorDash,222.55,
08/02/2026,37020,Cash Over/Short Adjustment,0.1,
08/02/2026,37020,Register Audit Adjustment,363,
08/02/2026,49001,Subject to Tax,,6009.85
08/02/2026,49001,3rd Party Tax Exempt,,748.33
08/02/2026,49001,Tax Exempt,,124.25
08/02/2026,49001,Sales Tax,,480.47
08/02/2026,49001,In-Store Credit Card,3884.58,
08/02/2026,49001,Online Credit card,2176.84,
08/02/2026,49001,Online Gift Card,114.43,
08/02/2026,49001,Online Credit Card Tips,,67.62
08/02/2026,49001,In-Store Credit Card Tips,,218.55
08/02/2026,49001,Online Gift Card Tips,,5
08/02/2026,49001,Gift Card,31.92,
08/02/2026,49001,3rd Party - DoorDash,609.45,
08/02/2026,49001,3rd Party - GrubHub,95.57,
08/02/2026,49001,3rd Party - UberEats,43.31,
08/02/2026,49001,Cash Over/Short Adjustment,0.97,
08/02/2026,49001,Register Audit Adjustment,697,
08/02/2026,49002,Subject to Tax,,5077.85
08/02/2026,49002,3rd Party Tax Exempt,,244
08/02/2026,49002,Sales Tax,,406.47
08/02/2026,49002,In-Store Credit Card,3122.49,
08/02/2026,49002,Online Credit card,2131.5,
08/02/2026,49002,Online Gift Card,36.56,
08/02/2026,49002,Online Credit Card Tips,,79.5
08/02/2026,49002,In-Store Credit Card Tips,,230.86
08/02/2026,49002,Online Gift Card Tips,,1.89
08/02/2026,49002,Gift Card,80.07,
08/02/2026,49002,Gift Card Sold,,40
08/02/2026,49002,3rd Party - DoorDash,227.8,
08/02/2026,49002,3rd Party - UberEats,16.2,
08/02/2026,49002,Cash Over/Short Adjustment,0.95,
08/02/2026,49002,Register Audit Adjustment,465,
08/02/2026,49003,Subject to Tax,,4129.9
08/02/2026,49003,3rd Party Tax Exempt,,218.22
08/02/2026,49003,Sales Tax,,330.32
08/02/2026,49003,In-Store Credit Card,2438.37,
08/02/2026,49003,Online Credit card,1515.6,
08/02/2026,49003,Online Credit Card Tips,,67
08/02/2026,49003,In-Store Credit Card Tips,,154.08
08/02/2026,49003,Gift Card,67.52,
08/02/2026,49003,3rd Party - DoorDash,147.72,
08/02/2026,49003,3rd Party - UberEats,70.5,
08/02/2026,49003,Cash Over/Short Adjustment,0.81,
08/02/2026,49003,Register Audit Adjustment,659,
08/02/2026,49004,Subject to Tax,,5335.9
08/02/2026,49004,3rd Party Tax Exempt,,1055.3
08/02/2026,49004,Register Audit,735,
08/02/2026,49004,Sales Tax,,426.83
08/02/2026,49004,In-Store Credit Card,2381.02,
08/02/2026,49004,Online Credit card,2727.7,
08/02/2026,49004,Online Gift Card,41.29,
08/02/2026,49004,Online Credit Card Tips,,62
08/02/2026,49004,In-Store Credit Card Tips,,137.52
08/02/2026,49004,Gift Card,76.68,
08/02/2026,49004,3rd Party - DoorDash,824.87,
08/02/2026,49004,3rd Party - UberEats,230.43,
08/02/2026,49004,Cash Over/Short Adjustment,0.56,
08/02/2026,49005,Subject to Tax,,3859
08/02/2026,49005,3rd Party Tax Exempt,,492.11
08/02/2026,49005,Sales Tax,,308
08/02/2026,49005,In-Store Credit Card,1909.85,
08/02/2026,49005,Online Credit card,1715.9,
08/02/2026,49005,Online Credit Card Tips,,55
08/02/2026,49005,In-Store Credit Card Tips,,128.76
08/02/2026,49005,Gift Card,35.27,
08/02/2026,49005,3rd Party - DoorDash,340.5,
08/02/2026,49005,3rd Party - UberEats,151.61,
08/02/2026,49005,Cash Over/Short Adjustment,0.74,
08/02/2026,49005,Register Audit Adjustment,689,
08/02/2026,49006,Subject to Tax,,7371.8
08/02/2026,49006,3rd Party Tax Exempt,,1184.46
08/02/2026,49006,Register Audit,1107,
08/02/2026,49006,Sales Tax,,589.07
08/02/2026,49006,In-Store Credit Card,4070.95,
08/02/2026,49006,Online Credit card,3027.77,
08/02/2026,49006,Online Credit Card Tips,,87.5
08/02/2026,49006,In-Store Credit Card Tips,,247.44
08/02/2026,49006,Gift Card,75,
08/02/2026,49006,3rd Party - DoorDash,956.81,
08/02/2026,49006,3rd Party - UberEats,227.65,
08/02/2026,49006,Cash Over/Short Adjustment,,0.23
08/02/2026,49006,Register Audit Adjustment,,24
08/02/2026,49007,Subject to Tax,,3158.35
08/02/2026,49007,3rd Party Tax Exempt,,146.35
08/02/2026,49007,Register Audit,175.42,
08/02/2026,49007,Sales Tax,,252.37
08/02/2026,49007,In-Store Credit Card,2050.7,
08/02/2026,49007,Online Credit card,1377.55,
08/02/2026,49007,Online Gift Card,8.44,
08/02/2026,49007,Online Credit Card Tips,,65
08/02/2026,49007,In-Store Credit Card Tips,,136.39
08/02/2026,49007,3rd Party - UberEats,146.35,
08/02/2026,49008,Subject to Tax,,3880.1
08/02/2026,49008,3rd Party Tax Exempt,,730.59
08/02/2026,49008,Sales Tax,,310.34
08/02/2026,49008,In-Store Credit Card,2598.68,
08/02/2026,49008,Payout,44.27,
08/02/2026,49008,Online Credit card,782.27,
08/02/2026,49008,Online Credit Card Tips,,13
08/02/2026,49008,In-Store Credit Card Tips,,156.95
08/02/2026,49008,Gift Card,23.11,
08/02/2026,49008,3rd Party - DoorDash,560.83,
08/02/2026,49008,3rd Party - UberEats,169.76,
08/02/2026,49008,Cash Over/Short Adjustment,0.06,
08/02/2026,49008,Register Audit Adjustment,912,
08/02/2026,49009,Subject to Tax,,4512.2
08/02/2026,49009,3rd Party Tax Exempt,,940.19
08/02/2026,49009,Register Audit,462,
08/02/2026,49009,Sales Tax,,361.06
08/02/2026,49009,In-Store Credit Card,2889.74,
08/02/2026,49009,Online Credit card,1678.86,
08/02/2026,49009,Online Credit Card Tips,,30.83
08/02/2026,49009,In-Store Credit Card Tips,,171.25
08/02/2026,49009,Gift Card,44.66,
08/02/2026,49009,3rd Party - DoorDash,902.75,
08/02/2026,49009,3rd Party - GrubHub,37.44,
08/02/2026,49009,Cash Over/Short Adjustment,,0.1
08/02/2026,49009,Register Audit Adjustment,,329
08/02/2026,49010,Subject to Tax,,3192.35
08/02/2026,49010,3rd Party Tax Exempt,,365.74
08/02/2026,49010,Sales Tax,,255.41
08/02/2026,49010,In-Store Credit Card,1889.91,
08/02/2026,49010,Online Credit card,1546.28,
08/02/2026,49010,Online Credit Card Tips,,62
08/02/2026,49010,In-Store Credit Card Tips,,130.37
08/02/2026,49010,Gift Card,24.61,
08/02/2026,49010,3rd Party - DoorDash,286.24,
08/02/2026,49010,3rd Party - UberEats,79.5,
08/02/2026,49010,Cash Over/Short Adjustment,0.33,
08/02/2026,49010,Register Audit Adjustment,179,
08/02/2026,49011,Subject to Tax,,4462.5
08/02/2026,49011,3rd Party Tax Exempt,,283.25
08/02/2026,49011,Register Audit,737,
08/02/2026,49011,Sales Tax,,357.04
08/02/2026,49011,In-Store Credit Card,2042.19,
08/02/2026,49011,Online Credit card,2091.14,
08/02/2026,49011,Online Gift Card,106.35,
08/02/2026,49011,Online Credit Card Tips,,44.71
08/02/2026,49011,In-Store Credit Card Tips,,126.24
08/02/2026,49011,Online Gift Card Tips,,1
08/02/2026,49011,Gift Card,14.58,
08/02/2026,49011,3rd Party - DoorDash,270.71,
08/02/2026,49011,3rd Party - GrubHub,12.54,
08/02/2026,49011,Cash Over/Short Adjustment,0.23,
07/27/2026,2017,Subject to Tax,,167.28
07/27/2026,2017,Non-Taxable Sales,,2891.2
07/27/2026,2017,3rd Party Tax Exempt,,10.8
07/27/2026,2017,Register Audit,168,
07/27/2026,2017,Sales Tax,,11.65
07/27/2026,2017,In-Store Credit Card,2103.71,
07/27/2026,2017,Payout,20,
07/27/2026,2017,Online Credit card,660.43,
07/27/2026,2017,Online Credit Card Tips,,30
07/27/2026,2017,In-Store Credit Card Tips,,156.62
07/27/2026,2017,Gift Card,10,
07/27/2026,2017,3rd Party - DoorDash,217.39,
07/27/2026,2017,3rd Party - GrubHub,33.35,
07/27/2026,2017,3rd Party - UberEats,54.77,
07/27/2026,2017,Cash Over/Short Adjustment,,0.1
07/27/2026,4034,Subject to Tax,,3484.06
07/27/2026,4034,Register Audit,296,
07/27/2026,4034,Sales Tax,,339.67
07/27/2026,4034,In-Store Credit Card,2063.6,
07/27/2026,4034,Payout,10.76,
07/27/2026,4034,Online Credit card,936.65,
07/27/2026,4034,Online Credit Card Tips,,34
07/27/2026,4034,In-Store Credit Card Tips,,110.71
07/27/2026,4034,3rd Party - DoorDash,589.45,
07/27/2026,4034,3rd Party - UberEats,72.31,
07/27/2026,4034,Cash Over/Short Adjustment,,0.33
07/27/2026,4036,Subject to Tax,,3602.53
07/27/2026,4036,Register Audit,124,
07/27/2026,4036,Sales Tax,,351.23
07/27/2026,4036,In-Store Credit Card,2144.73,
07/27/2026,4036,Payout,167.01,
07/27/2026,4036,Online Credit card,852.88,
07/27/2026,4036,Online Gift Card,59.8,
07/27/2026,4036,Online Credit Card Tips,,27
07/27/2026,4036,In-Store Credit Card Tips,,132.85
07/27/2026,4036,Gift Card,52.24,
07/27/2026,4036,3rd Party - DoorDash,483.41,
07/27/2026,4036,3rd Party - UberEats,228.93,
07/27/2026,4036,Cash Over/Short Adjustment,0.61,
07/27/2026,6021,Subject to Tax,,3388.16
07/27/2026,6021,Non-Taxable Sales,,10
07/27/2026,6021,3rd Party Tax Exempt,,82.02
07/27/2026,6021,Register Audit,168,
07/27/2026,6021,Sales Tax,,321.9
07/27/2026,6021,In-Store Credit Card,2098.78,
07/27/2026,6021,Online Credit card,729.39,
07/27/2026,6021,Online Credit Card Tips,,20.5
07/27/2026,6021,In-Store Credit Card Tips,,129.95
07/27/2026,6021,Gift Card,64.69,
07/27/2026,6021,3rd Party - DoorDash,761.45,
07/27/2026,6021,3rd Party - GrubHub,48.93,
07/27/2026,6021,3rd Party - UberEats,82.02,
07/27/2026,6021,Cash Over/Short Adjustment,,0.73
07/31/2026,4005,Subject to Tax,,4558.87
07/31/2026,4005,Register Audit,137,
07/31/2026,4005,Sales Tax,,444.55
07/31/2026,4005,In-Store Credit Card,2776,
07/31/2026,4005,Payout,23.01,
07/31/2026,4005,Online Credit card,1464.66,
07/31/2026,4005,In-Store Credit Card Tips,,180.76
07/31/2026,4005,3rd Party - DoorDash,393.66,
07/31/2026,4005,3rd Party - UberEats,389.56,
07/31/2026,4005,Cash Over/Short Adjustment,0.29,
07/31/2026,6074,Subject to Tax,,3635.22
07/31/2026,6074,Non-Taxable Sales,,10
07/31/2026,6074,3rd Party Tax Exempt,,65.57
07/31/2026,6074,Register Audit,298,
07/31/2026,6074,Sales Tax,,327.22
07/31/2026,6074,In-Store Credit Card,2375.42,
07/31/2026,6074,Online Credit card,1419.55,
07/31/2026,6074,Online Credit Card Tips,,40.04
07/31/2026,6074,In-Store Credit Card Tips,,115.97
07/31/2026,6074,Gift Card,8.58,
07/31/2026,6074,3rd Party - GrubHub,26.95,
07/31/2026,6074,3rd Party - UberEats,65.57,
07/31/2026,6074,Cash Over/Short Adjustment,,0.05
07/31/2026,13116,Subject to Tax,,2785.76
07/31/2026,13116,Non-Taxable Sales,,29.16
07/31/2026,13116,3rd Party Tax Exempt,,844.03
07/31/2026,13116,Sales Tax,,194.97
07/31/2026,13116,In-Store Credit Card,1869.23,
07/31/2026,13116,Online Credit card,787.07,
07/31/2026,13116,In-Store Credit Card Tips,,92.08
07/31/2026,13116,Gift Card,30.92,
07/31/2026,13116,3rd Party - DoorDash,701.72,
07/31/2026,13116,3rd Party - GrubHub,30.56,
07/31/2026,13116,3rd Party - UberEats,171.47,
07/31/2026,13116,Cash Over/Short Adjustment,0.03,
07/31/2026,13116,Register Audit Adjustment,355,
07/31/2026,37020,Subject to Tax,,3771.6
07/31/2026,37020,Non-Taxable Sales,,461.25
07/31/2026,37020,Sales Tax,,320.62
07/31/2026,37020,In-Store Credit Card,1939.59,
07/31/2026,37020,Payout,40,
07/31/2026,37020,Online Credit card,2057.82,
07/31/2026,37020,Online Gift Card,51.78,
07/31/2026,37020,Online Credit Card Tips,,64
07/31/2026,37020,In-Store Credit Card Tips,,106.49
07/31/2026,37020,Online Gift Card Tips,,2
07/31/2026,37020,3rd Party - DoorDash,85.23,
07/31/2026,37020,Cash Over/Short Adjustment,0.54,
07/31/2026,37020,Register Audit Adjustment,551,
